case_id,primary_parcel_id,split_group_id,scenario_family,expected_outcome,difficulty
SYN-CASE-000001,SYN-PARCEL-000001,GRP-00001,FULL_MATCH,MATCH,EASY
SYN-CASE-000002,SYN-PARCEL-000002,GRP-00001,FULL_MATCH,MATCH,EASY
SYN-CASE-000003,SYN-PARCEL-000003,GRP-00001,FULL_MATCH,MATCH,EASY
SYN-CASE-000004,SYN-PARCEL-000004,GRP-00001,FULL_MATCH,MATCH,EASY
SYN-CASE-000005,SYN-PARCEL-000005,GRP-00001,FULL_MATCH,MATCH,EASY
SYN-CASE-000011,SYN-PARCEL-000011,GRP-00003,FULL_MATCH,MATCH,EASY
SYN-CASE-000012,SYN-PARCEL-000012,GRP-00003,FULL_MATCH,MATCH,EASY
SYN-CASE-000013,SYN-PARCEL-000013,GRP-00003,FULL_MATCH,MATCH,EASY
SYN-CASE-000014,SYN-PARCEL-000014,GRP-00003,FULL_MATCH,MATCH,EASY
SYN-CASE-000015,SYN-PARCEL-000015,GRP-00003,FULL_MATCH,MATCH,EASY
SYN-CASE-000016,SYN-PARCEL-000016,GRP-00004,FULL_MATCH,MATCH,EASY
SYN-CASE-000017,SYN-PARCEL-000017,GRP-00004,FULL_MATCH,MATCH,EASY
SYN-CASE-000018,SYN-PARCEL-000018,GRP-00004,FULL_MATCH,MATCH,EASY
SYN-CASE-000019,SYN-PARCEL-000019,GRP-00004,FULL_MATCH,MATCH,EASY
SYN-CASE-000020,SYN-PARCEL-000020,GRP-00004,FULL_MATCH,MATCH,EASY
SYN-CASE-000021,SYN-PARCEL-000021,GRP-00005,FULL_MATCH,MATCH,EASY
SYN-CASE-000022,SYN-PARCEL-000022,GRP-00005,FULL_MATCH,MATCH,EASY
SYN-CASE-000023,SYN-PARCEL-000023,GRP-00005,FULL_MATCH,MATCH,EASY
SYN-CASE-000024,SYN-PARCEL-000024,GRP-00005,FULL_MATCH,MATCH,EASY
SYN-CASE-000025,SYN-PARCEL-000025,GRP-00005,FULL_MATCH,MATCH,EASY
SYN-CASE-000036,SYN-PARCEL-000036,GRP-00008,FULL_MATCH,MATCH,EASY
SYN-CASE-000037,SYN-PARCEL-000037,GRP-00008,FULL_MATCH,MATCH,EASY
SYN-CASE-000038,SYN-PARCEL-000038,GRP-00008,FULL_MATCH,MATCH,EASY
SYN-CASE-000039,SYN-PARCEL-000039,GRP-00008,FULL_MATCH,MATCH,EASY
SYN-CASE-000040,SYN-PARCEL-000040,GRP-00008,FULL_MATCH,MATCH,EASY
SYN-CASE-000041,SYN-PARCEL-000041,GRP-00009,FULL_MATCH,MATCH,EASY
SYN-CASE-000042,SYN-PARCEL-000042,GRP-00009,FULL_MATCH,MATCH,EASY
SYN-CASE-000043,SYN-PARCEL-000043,GRP-00009,FULL_MATCH,MATCH,EASY
SYN-CASE-000044,SYN-PARCEL-000044,GRP-00009,FULL_MATCH,MATCH,EASY
SYN-CASE-000045,SYN-PARCEL-000045,GRP-00009,FULL_MATCH,MATCH,EASY
SYN-CASE-000046,SYN-PARCEL-000046,GRP-00010,FULL_MATCH,MATCH,EASY
SYN-CASE-000047,SYN-PARCEL-000047,GRP-00010,FULL_MATCH,MATCH,EASY
SYN-CASE-000048,SYN-PARCEL-000048,GRP-00010,FULL_MATCH,MATCH,EASY
SYN-CASE-000049,SYN-PARCEL-000049,GRP-00010,FULL_MATCH,MATCH,EASY
SYN-CASE-000050,SYN-PARCEL-000050,GRP-00010,FULL_MATCH,MATCH,EASY
SYN-CASE-000051,SYN-PARCEL-000051,GRP-00011,FULL_MATCH,MATCH,EASY
SYN-CASE-000052,SYN-PARCEL-000052,GRP-00011,FULL_MATCH,MATCH,EASY
SYN-CASE-000053,SYN-PARCEL-000053,GRP-00011,FULL_MATCH,MATCH,EASY
SYN-CASE-000054,SYN-PARCEL-000054,GRP-00011,FULL_MATCH,MATCH,EASY
SYN-CASE-000055,SYN-PARCEL-000055,GRP-00011,FULL_MATCH,MATCH,EASY
SYN-CASE-000056,SYN-PARCEL-000056,GRP-00012,FULL_MATCH,MATCH,EASY
SYN-CASE-000057,SYN-PARCEL-000057,GRP-00012,FULL_MATCH,MATCH,EASY
SYN-CASE-000058,SYN-PARCEL-000058,GRP-00012,FULL_MATCH,MATCH,EASY
SYN-CASE-000059,SYN-PARCEL-000059,GRP-00012,FULL_MATCH,MATCH,EASY
SYN-CASE-000060,SYN-PARCEL-000060,GRP-00012,FULL_MATCH,MATCH,EASY
SYN-CASE-000061,SYN-PARCEL-000061,GRP-00013,FULL_MATCH,MATCH,EASY
SYN-CASE-000062,SYN-PARCEL-000062,GRP-00013,FULL_MATCH,MATCH,EASY
SYN-CASE-000063,SYN-PARCEL-000063,GRP-00013,FULL_MATCH,MATCH,EASY
SYN-CASE-000064,SYN-PARCEL-000064,GRP-00013,FULL_MATCH,MATCH,EASY
SYN-CASE-000065,SYN-PARCEL-000065,GRP-00013,FULL_MATCH,MATCH,EASY
SYN-CASE-000066,SYN-PARCEL-000066,GRP-00014,FULL_MATCH,MATCH,EASY
SYN-CASE-000067,SYN-PARCEL-000067,GRP-00014,FULL_MATCH,MATCH,EASY
SYN-CASE-000068,SYN-PARCEL-000068,GRP-00014,FULL_MATCH,MATCH,EASY
SYN-CASE-000069,SYN-PARCEL-000069,GRP-00014,FULL_MATCH,MATCH,EASY
SYN-CASE-000070,SYN-PARCEL-000070,GRP-00014,FULL_MATCH,MATCH,EASY
SYN-CASE-000071,SYN-PARCEL-000071,GRP-00015,FULL_MATCH,MATCH,EASY
SYN-CASE-000072,SYN-PARCEL-000072,GRP-00015,FULL_MATCH,MATCH,EASY
SYN-CASE-000073,SYN-PARCEL-000073,GRP-00015,FULL_MATCH,MATCH,EASY
SYN-CASE-000074,SYN-PARCEL-000074,GRP-00015,FULL_MATCH,MATCH,EASY
SYN-CASE-000075,SYN-PARCEL-000075,GRP-00015,FULL_MATCH,MATCH,EASY
SYN-CASE-000076,SYN-PARCEL-000076,GRP-00016,FULL_MATCH,MATCH,EASY
SYN-CASE-000077,SYN-PARCEL-000077,GRP-00016,FULL_MATCH,MATCH,EASY
SYN-CASE-000078,SYN-PARCEL-000078,GRP-00016,FULL_MATCH,MATCH,EASY
SYN-CASE-000079,SYN-PARCEL-000079,GRP-00016,FULL_MATCH,MATCH,EASY
SYN-CASE-000080,SYN-PARCEL-000080,GRP-00016,FULL_MATCH,MATCH,EASY
SYN-CASE-000086,SYN-PARCEL-000086,GRP-00018,FULL_MATCH,MATCH,EASY
SYN-CASE-000087,SYN-PARCEL-000087,GRP-00018,FULL_MATCH,MATCH,EASY
SYN-CASE-000088,SYN-PARCEL-000088,GRP-00018,FULL_MATCH,MATCH,EASY
SYN-CASE-000089,SYN-PARCEL-000089,GRP-00018,FULL_MATCH,MATCH,EASY
SYN-CASE-000090,SYN-PARCEL-000090,GRP-00018,FULL_MATCH,MATCH,EASY
SYN-CASE-000091,SYN-PARCEL-000091,GRP-00019,FULL_MATCH,MATCH,EASY
SYN-CASE-000092,SYN-PARCEL-000092,GRP-00019,FULL_MATCH,MATCH,EASY
SYN-CASE-000093,SYN-PARCEL-000093,GRP-00019,FULL_MATCH,MATCH,EASY
SYN-CASE-000094,SYN-PARCEL-000094,GRP-00019,FULL_MATCH,MATCH,EASY
SYN-CASE-000095,SYN-PARCEL-000095,GRP-00019,FULL_MATCH,MATCH,EASY
SYN-CASE-000096,SYN-PARCEL-000096,GRP-00020,FULL_MATCH,MATCH,EASY
SYN-CASE-000097,SYN-PARCEL-000097,GRP-00020,FULL_MATCH,MATCH,EASY
SYN-CASE-000098,SYN-PARCEL-000098,GRP-00020,FULL_MATCH,MATCH,EASY
SYN-CASE-000099,SYN-PARCEL-000099,GRP-00020,FULL_MATCH,MATCH,EASY
SYN-CASE-000100,SYN-PARCEL-000100,GRP-00020,FULL_MATCH,MATCH,EASY
SYN-CASE-000101,SYN-PARCEL-000101,GRP-00021,FULL_MATCH,MATCH,EASY
SYN-CASE-000102,SYN-PARCEL-000102,GRP-00021,FULL_MATCH,MATCH,EASY
SYN-CASE-000103,SYN-PARCEL-000103,GRP-00021,FULL_MATCH,MATCH,EASY
SYN-CASE-000104,SYN-PARCEL-000104,GRP-00021,FULL_MATCH,MATCH,EASY
SYN-CASE-000105,SYN-PARCEL-000105,GRP-00021,FULL_MATCH,MATCH,EASY
SYN-CASE-000106,SYN-PARCEL-000106,GRP-00022,FULL_MATCH,MATCH,EASY
SYN-CASE-000107,SYN-PARCEL-000107,GRP-00022,FULL_MATCH,MATCH,EASY
SYN-CASE-000108,SYN-PARCEL-000108,GRP-00022,FULL_MATCH,MATCH,EASY
SYN-CASE-000109,SYN-PARCEL-000109,GRP-00022,FULL_MATCH,MATCH,EASY
SYN-CASE-000110,SYN-PARCEL-000110,GRP-00022,FULL_MATCH,MATCH,EASY
SYN-CASE-000111,SYN-PARCEL-000111,GRP-00023,FULL_MATCH,MATCH,EASY
SYN-CASE-000112,SYN-PARCEL-000112,GRP-00023,FULL_MATCH,MATCH,EASY
SYN-CASE-000113,SYN-PARCEL-000113,GRP-00023,FULL_MATCH,MATCH,EASY
SYN-CASE-000114,SYN-PARCEL-000114,GRP-00023,FULL_MATCH,MATCH,EASY
SYN-CASE-000115,SYN-PARCEL-000115,GRP-00023,FULL_MATCH,MATCH,EASY
SYN-CASE-000116,SYN-PARCEL-000116,GRP-00024,FULL_MATCH,MATCH,EASY
SYN-CASE-000117,SYN-PARCEL-000117,GRP-00024,FULL_MATCH,MATCH,EASY
SYN-CASE-000118,SYN-PARCEL-000118,GRP-00024,FULL_MATCH,MATCH,EASY
SYN-CASE-000119,SYN-PARCEL-000119,GRP-00024,FULL_MATCH,MATCH,EASY
SYN-CASE-000120,SYN-PARCEL-000120,GRP-00024,FULL_MATCH,MATCH,EASY
SYN-CASE-000131,SYN-PARCEL-000131,GRP-00027,FULL_MATCH,MATCH,EASY
SYN-CASE-000132,SYN-PARCEL-000132,GRP-00027,FULL_MATCH,MATCH,EASY
SYN-CASE-000133,SYN-PARCEL-000133,GRP-00027,FULL_MATCH,MATCH,EASY
SYN-CASE-000134,SYN-PARCEL-000134,GRP-00027,FULL_MATCH,MATCH,EASY
SYN-CASE-000135,SYN-PARCEL-000135,GRP-00027,FULL_MATCH,MATCH,EASY
SYN-CASE-000146,SYN-PARCEL-000146,GRP-00030,FULL_MATCH,MATCH,EASY
SYN-CASE-000147,SYN-PARCEL-000147,GRP-00030,FULL_MATCH,MATCH,EASY
SYN-CASE-000148,SYN-PARCEL-000148,GRP-00030,FULL_MATCH,MATCH,EASY
SYN-CASE-000149,SYN-PARCEL-000149,GRP-00030,FULL_MATCH,MATCH,EASY
SYN-CASE-000150,SYN-PARCEL-000150,GRP-00030,FULL_MATCH,MATCH,EASY
SYN-CASE-000156,SYN-PARCEL-000156,GRP-00032,FULL_MATCH,MATCH,EASY
SYN-CASE-000157,SYN-PARCEL-000157,GRP-00032,FULL_MATCH,MATCH,EASY
SYN-CASE-000158,SYN-PARCEL-000158,GRP-00032,FULL_MATCH,MATCH,EASY
SYN-CASE-000159,SYN-PARCEL-000159,GRP-00032,FULL_MATCH,MATCH,EASY
SYN-CASE-000160,SYN-PARCEL-000160,GRP-00032,FULL_MATCH,MATCH,EASY
SYN-CASE-000171,SYN-PARCEL-000171,GRP-00035,FULL_MATCH,MATCH,EASY
SYN-CASE-000172,SYN-PARCEL-000172,GRP-00035,FULL_MATCH,MATCH,EASY
SYN-CASE-000173,SYN-PARCEL-000173,GRP-00035,FULL_MATCH,MATCH,EASY
SYN-CASE-000174,SYN-PARCEL-000174,GRP-00035,FULL_MATCH,MATCH,EASY
SYN-CASE-000175,SYN-PARCEL-000175,GRP-00035,FULL_MATCH,MATCH,EASY
SYN-CASE-000176,SYN-PARCEL-000176,GRP-00036,FULL_MATCH,MATCH,EASY
SYN-CASE-000177,SYN-PARCEL-000177,GRP-00036,FULL_MATCH,MATCH,EASY
SYN-CASE-000178,SYN-PARCEL-000178,GRP-00036,FULL_MATCH,MATCH,EASY
SYN-CASE-000179,SYN-PARCEL-000179,GRP-00036,FULL_MATCH,MATCH,EASY
SYN-CASE-000180,SYN-PARCEL-000180,GRP-00036,FULL_MATCH,MATCH,EASY
SYN-CASE-000181,SYN-PARCEL-000181,GRP-00037,FULL_MATCH,MATCH,EASY
SYN-CASE-000182,SYN-PARCEL-000182,GRP-00037,FULL_MATCH,MATCH,EASY
SYN-CASE-000183,SYN-PARCEL-000183,GRP-00037,FULL_MATCH,MATCH,EASY
SYN-CASE-000184,SYN-PARCEL-000184,GRP-00037,FULL_MATCH,MATCH,EASY
SYN-CASE-000185,SYN-PARCEL-000185,GRP-00037,FULL_MATCH,MATCH,EASY
SYN-CASE-000186,SYN-PARCEL-000186,GRP-00038,FULL_MATCH,MATCH,EASY
SYN-CASE-000187,SYN-PARCEL-000187,GRP-00038,FULL_MATCH,MATCH,EASY
SYN-CASE-000188,SYN-PARCEL-000188,GRP-00038,FULL_MATCH,MATCH,EASY
SYN-CASE-000189,SYN-PARCEL-000189,GRP-00038,FULL_MATCH,MATCH,EASY
SYN-CASE-000190,SYN-PARCEL-000190,GRP-00038,FULL_MATCH,MATCH,EASY
SYN-CASE-000191,SYN-PARCEL-000191,GRP-00039,FULL_MATCH,MATCH,EASY
SYN-CASE-000192,SYN-PARCEL-000192,GRP-00039,FULL_MATCH,MATCH,EASY
SYN-CASE-000193,SYN-PARCEL-000193,GRP-00039,FULL_MATCH,MATCH,EASY
SYN-CASE-000194,SYN-PARCEL-000194,GRP-00039,FULL_MATCH,MATCH,EASY
SYN-CASE-000195,SYN-PARCEL-000195,GRP-00039,FULL_MATCH,MATCH,EASY
SYN-CASE-000196,SYN-PARCEL-000196,GRP-00040,FULL_MATCH,MATCH,EASY
SYN-CASE-000197,SYN-PARCEL-000197,GRP-00040,FULL_MATCH,MATCH,EASY
SYN-CASE-000198,SYN-PARCEL-000198,GRP-00040,FULL_MATCH,MATCH,EASY
SYN-CASE-000199,SYN-PARCEL-000199,GRP-00040,FULL_MATCH,MATCH,EASY
SYN-CASE-000200,SYN-PARCEL-000200,GRP-00040,FULL_MATCH,MATCH,EASY
SYN-CASE-000201,SYN-PARCEL-000201,GRP-00041,FULL_MATCH,MATCH,EASY
SYN-CASE-000202,SYN-PARCEL-000202,GRP-00041,FULL_MATCH,MATCH,EASY
SYN-CASE-000203,SYN-PARCEL-000203,GRP-00041,FULL_MATCH,MATCH,EASY
SYN-CASE-000204,SYN-PARCEL-000204,GRP-00041,FULL_MATCH,MATCH,EASY
SYN-CASE-000205,SYN-PARCEL-000205,GRP-00041,FULL_MATCH,MATCH,EASY
SYN-CASE-000206,SYN-PARCEL-000206,GRP-00042,FULL_MATCH,MATCH,EASY
SYN-CASE-000207,SYN-PARCEL-000207,GRP-00042,FULL_MATCH,MATCH,EASY
SYN-CASE-000208,SYN-PARCEL-000208,GRP-00042,FULL_MATCH,MATCH,EASY
SYN-CASE-000209,SYN-PARCEL-000209,GRP-00042,FULL_MATCH,MATCH,EASY
SYN-CASE-000210,SYN-PARCEL-000210,GRP-00042,FULL_MATCH,MATCH,EASY
SYN-CASE-000211,SYN-PARCEL-000211,GRP-00043,FULL_MATCH,MATCH,EASY
SYN-CASE-000212,SYN-PARCEL-000212,GRP-00043,FULL_MATCH,MATCH,EASY
SYN-CASE-000213,SYN-PARCEL-000213,GRP-00043,FULL_MATCH,MATCH,EASY
SYN-CASE-000214,SYN-PARCEL-000214,GRP-00043,FULL_MATCH,MATCH,EASY
SYN-CASE-000215,SYN-PARCEL-000215,GRP-00043,FULL_MATCH,MATCH,EASY
SYN-CASE-000216,SYN-PARCEL-000216,GRP-00044,FULL_MATCH,MATCH,EASY
SYN-CASE-000217,SYN-PARCEL-000217,GRP-00044,FULL_MATCH,MATCH,EASY
SYN-CASE-000218,SYN-PARCEL-000218,GRP-00044,FULL_MATCH,MATCH,EASY
SYN-CASE-000219,SYN-PARCEL-000219,GRP-00044,FULL_MATCH,MATCH,EASY
SYN-CASE-000220,SYN-PARCEL-000220,GRP-00044,FULL_MATCH,MATCH,EASY
SYN-CASE-000226,SYN-PARCEL-000226,GRP-00046,FULL_MATCH,MATCH,EASY
SYN-CASE-000227,SYN-PARCEL-000227,GRP-00046,FULL_MATCH,MATCH,EASY
SYN-CASE-000228,SYN-PARCEL-000228,GRP-00046,FULL_MATCH,MATCH,EASY
SYN-CASE-000229,SYN-PARCEL-000229,GRP-00046,FULL_MATCH,MATCH,EASY
SYN-CASE-000230,SYN-PARCEL-000230,GRP-00046,FULL_MATCH,MATCH,EASY
SYN-CASE-000236,SYN-PARCEL-000236,GRP-00048,FULL_MATCH,MATCH,EASY
SYN-CASE-000237,SYN-PARCEL-000237,GRP-00048,FULL_MATCH,MATCH,EASY
SYN-CASE-000238,SYN-PARCEL-000238,GRP-00048,FULL_MATCH,MATCH,EASY
SYN-CASE-000239,SYN-PARCEL-000239,GRP-00048,FULL_MATCH,MATCH,EASY
SYN-CASE-000240,SYN-PARCEL-000240,GRP-00048,FULL_MATCH,MATCH,EASY
SYN-CASE-000241,SYN-PARCEL-000241,GRP-00049,FULL_MATCH,MATCH,EASY
SYN-CASE-000242,SYN-PARCEL-000242,GRP-00049,FULL_MATCH,MATCH,EASY
SYN-CASE-000243,SYN-PARCEL-000243,GRP-00049,FULL_MATCH,MATCH,EASY
SYN-CASE-000244,SYN-PARCEL-000244,GRP-00049,FULL_MATCH,MATCH,EASY
SYN-CASE-000245,SYN-PARCEL-000245,GRP-00049,FULL_MATCH,MATCH,EASY
SYN-CASE-000246,SYN-PARCEL-000246,GRP-00050,FULL_MATCH,MATCH,EASY
SYN-CASE-000247,SYN-PARCEL-000247,GRP-00050,FULL_MATCH,MATCH,EASY
SYN-CASE-000248,SYN-PARCEL-000248,GRP-00050,FULL_MATCH,MATCH,EASY
SYN-CASE-000249,SYN-PARCEL-000249,GRP-00050,FULL_MATCH,MATCH,EASY
SYN-CASE-000250,SYN-PARCEL-000250,GRP-00050,FULL_MATCH,MATCH,EASY
SYN-CASE-000251,SYN-PARCEL-000251,GRP-00051,FULL_MATCH,MATCH,EASY
SYN-CASE-000252,SYN-PARCEL-000252,GRP-00051,FULL_MATCH,MATCH,EASY
SYN-CASE-000253,SYN-PARCEL-000253,GRP-00051,FULL_MATCH,MATCH,EASY
SYN-CASE-000254,SYN-PARCEL-000254,GRP-00051,FULL_MATCH,MATCH,EASY
SYN-CASE-000255,SYN-PARCEL-000255,GRP-00051,FULL_MATCH,MATCH,EASY
SYN-CASE-000256,SYN-PARCEL-000256,GRP-00052,FULL_MATCH,MATCH,EASY
SYN-CASE-000257,SYN-PARCEL-000257,GRP-00052,FULL_MATCH,MATCH,EASY
SYN-CASE-000258,SYN-PARCEL-000258,GRP-00052,FULL_MATCH,MATCH,EASY
SYN-CASE-000259,SYN-PARCEL-000259,GRP-00052,FULL_MATCH,MATCH,EASY
SYN-CASE-000260,SYN-PARCEL-000260,GRP-00052,FULL_MATCH,MATCH,EASY
SYN-CASE-000261,SYN-PARCEL-000261,GRP-00053,FULL_MATCH,MATCH,EASY
SYN-CASE-000262,SYN-PARCEL-000262,GRP-00053,FULL_MATCH,MATCH,EASY
SYN-CASE-000263,SYN-PARCEL-000263,GRP-00053,FULL_MATCH,MATCH,EASY
SYN-CASE-000264,SYN-PARCEL-000264,GRP-00053,FULL_MATCH,MATCH,EASY
SYN-CASE-000265,SYN-PARCEL-000265,GRP-00053,FULL_MATCH,MATCH,EASY
SYN-CASE-000266,SYN-PARCEL-000266,GRP-00054,FULL_MATCH,MATCH,EASY
SYN-CASE-000267,SYN-PARCEL-000267,GRP-00054,FULL_MATCH,MATCH,EASY
SYN-CASE-000268,SYN-PARCEL-000268,GRP-00054,FULL_MATCH,MATCH,EASY
SYN-CASE-000269,SYN-PARCEL-000269,GRP-00054,FULL_MATCH,MATCH,EASY
SYN-CASE-000270,SYN-PARCEL-000270,GRP-00054,FULL_MATCH,MATCH,EASY
SYN-CASE-000276,SYN-PARCEL-000276,GRP-00056,FULL_MATCH,MATCH,EASY
SYN-CASE-000277,SYN-PARCEL-000277,GRP-00056,FULL_MATCH,MATCH,EASY
SYN-CASE-000278,SYN-PARCEL-000278,GRP-00056,FULL_MATCH,MATCH,EASY
SYN-CASE-000279,SYN-PARCEL-000279,GRP-00056,FULL_MATCH,MATCH,EASY
SYN-CASE-000280,SYN-PARCEL-000280,GRP-00056,FULL_MATCH,MATCH,EASY
SYN-CASE-000296,SYN-PARCEL-000296,GRP-00060,FULL_MATCH,MATCH,EASY
SYN-CASE-000297,SYN-PARCEL-000297,GRP-00060,FULL_MATCH,MATCH,EASY
SYN-CASE-000298,SYN-PARCEL-000298,GRP-00060,FULL_MATCH,MATCH,EASY
SYN-CASE-000299,SYN-PARCEL-000299,GRP-00060,FULL_MATCH,MATCH,EASY
SYN-CASE-000300,SYN-PARCEL-000300,GRP-00060,FULL_MATCH,MATCH,EASY
SYN-CASE-000301,SYN-PARCEL-000301,GRP-00061,FULL_MATCH,MATCH,EASY
SYN-CASE-000302,SYN-PARCEL-000302,GRP-00061,FULL_MATCH,MATCH,EASY
SYN-CASE-000303,SYN-PARCEL-000303,GRP-00061,FULL_MATCH,MATCH,EASY
SYN-CASE-000304,SYN-PARCEL-000304,GRP-00061,FULL_MATCH,MATCH,EASY
SYN-CASE-000305,SYN-PARCEL-000305,GRP-00061,FULL_MATCH,MATCH,EASY
SYN-CASE-000306,SYN-PARCEL-000306,GRP-00062,FULL_MATCH,MATCH,EASY
SYN-CASE-000307,SYN-PARCEL-000307,GRP-00062,FULL_MATCH,MATCH,EASY
SYN-CASE-000308,SYN-PARCEL-000308,GRP-00062,FULL_MATCH,MATCH,EASY
SYN-CASE-000309,SYN-PARCEL-000309,GRP-00062,FULL_MATCH,MATCH,EASY
SYN-CASE-000310,SYN-PARCEL-000310,GRP-00062,FULL_MATCH,MATCH,EASY
SYN-CASE-000311,SYN-PARCEL-000311,GRP-00063,FULL_MATCH,MATCH,EASY
SYN-CASE-000312,SYN-PARCEL-000312,GRP-00063,FULL_MATCH,MATCH,EASY
SYN-CASE-000313,SYN-PARCEL-000313,GRP-00063,FULL_MATCH,MATCH,EASY
SYN-CASE-000314,SYN-PARCEL-000314,GRP-00063,FULL_MATCH,MATCH,EASY
SYN-CASE-000315,SYN-PARCEL-000315,GRP-00063,FULL_MATCH,MATCH,EASY
SYN-CASE-000316,SYN-PARCEL-000316,GRP-00064,FULL_MATCH,MATCH,EASY
SYN-CASE-000317,SYN-PARCEL-000317,GRP-00064,FULL_MATCH,MATCH,EASY
SYN-CASE-000318,SYN-PARCEL-000318,GRP-00064,FULL_MATCH,MATCH,EASY
SYN-CASE-000319,SYN-PARCEL-000319,GRP-00064,FULL_MATCH,MATCH,EASY
SYN-CASE-000320,SYN-PARCEL-000320,GRP-00064,FULL_MATCH,MATCH,EASY
SYN-CASE-000321,SYN-PARCEL-000321,GRP-00065,FULL_MATCH,MATCH,EASY
SYN-CASE-000322,SYN-PARCEL-000322,GRP-00065,FULL_MATCH,MATCH,EASY
SYN-CASE-000323,SYN-PARCEL-000323,GRP-00065,FULL_MATCH,MATCH,EASY
SYN-CASE-000324,SYN-PARCEL-000324,GRP-00065,FULL_MATCH,MATCH,EASY
SYN-CASE-000325,SYN-PARCEL-000325,GRP-00065,FULL_MATCH,MATCH,EASY
SYN-CASE-000326,SYN-PARCEL-000326,GRP-00066,FULL_MATCH,MATCH,EASY
SYN-CASE-000327,SYN-PARCEL-000327,GRP-00066,FULL_MATCH,MATCH,EASY
SYN-CASE-000328,SYN-PARCEL-000328,GRP-00066,FULL_MATCH,MATCH,EASY
SYN-CASE-000329,SYN-PARCEL-000329,GRP-00066,FULL_MATCH,MATCH,EASY
SYN-CASE-000330,SYN-PARCEL-000330,GRP-00066,FULL_MATCH,MATCH,EASY
SYN-CASE-000331,SYN-PARCEL-000331,GRP-00067,FULL_MATCH,MATCH,EASY
SYN-CASE-000332,SYN-PARCEL-000332,GRP-00067,FULL_MATCH,MATCH,EASY
SYN-CASE-000333,SYN-PARCEL-000333,GRP-00067,FULL_MATCH,MATCH,EASY
SYN-CASE-000334,SYN-PARCEL-000334,GRP-00067,FULL_MATCH,MATCH,EASY
SYN-CASE-000335,SYN-PARCEL-000335,GRP-00067,FULL_MATCH,MATCH,EASY
SYN-CASE-000336,SYN-PARCEL-000336,GRP-00068,FULL_MATCH,MATCH,EASY
SYN-CASE-000337,SYN-PARCEL-000337,GRP-00068,FULL_MATCH,MATCH,EASY
SYN-CASE-000338,SYN-PARCEL-000338,GRP-00068,FULL_MATCH,MATCH,EASY
SYN-CASE-000339,SYN-PARCEL-000339,GRP-00068,FULL_MATCH,MATCH,EASY
SYN-CASE-000340,SYN-PARCEL-000340,GRP-00068,FULL_MATCH,MATCH,EASY
SYN-CASE-000341,SYN-PARCEL-000341,GRP-00069,FULL_MATCH,MATCH,EASY
SYN-CASE-000342,SYN-PARCEL-000342,GRP-00069,FULL_MATCH,MATCH,EASY
SYN-CASE-000343,SYN-PARCEL-000343,GRP-00069,FULL_MATCH,MATCH,EASY
SYN-CASE-000344,SYN-PARCEL-000344,GRP-00069,FULL_MATCH,MATCH,EASY
SYN-CASE-000345,SYN-PARCEL-000345,GRP-00069,FULL_MATCH,MATCH,EASY
SYN-CASE-000346,SYN-PARCEL-000346,GRP-00070,FULL_MATCH,MATCH,EASY
SYN-CASE-000347,SYN-PARCEL-000347,GRP-00070,FULL_MATCH,MATCH,EASY
SYN-CASE-000348,SYN-PARCEL-000348,GRP-00070,FULL_MATCH,MATCH,EASY
SYN-CASE-000349,SYN-PARCEL-000349,GRP-00070,FULL_MATCH,MATCH,EASY
SYN-CASE-000350,SYN-PARCEL-000350,GRP-00070,FULL_MATCH,MATCH,EASY
SYN-CASE-000361,SYN-PARCEL-000361,GRP-00073,FULL_MATCH,MATCH,EASY
SYN-CASE-000362,SYN-PARCEL-000362,GRP-00073,FULL_MATCH,MATCH,EASY
SYN-CASE-000363,SYN-PARCEL-000363,GRP-00073,FULL_MATCH,MATCH,EASY
SYN-CASE-000364,SYN-PARCEL-000364,GRP-00073,FULL_MATCH,MATCH,EASY
SYN-CASE-000365,SYN-PARCEL-000365,GRP-00073,FULL_MATCH,MATCH,EASY
SYN-CASE-000371,SYN-PARCEL-000371,GRP-00075,FULL_MATCH,MATCH,EASY
SYN-CASE-000372,SYN-PARCEL-000372,GRP-00075,FULL_MATCH,MATCH,EASY
SYN-CASE-000373,SYN-PARCEL-000373,GRP-00075,FULL_MATCH,MATCH,EASY
SYN-CASE-000374,SYN-PARCEL-000374,GRP-00075,FULL_MATCH,MATCH,EASY
SYN-CASE-000375,SYN-PARCEL-000375,GRP-00075,FULL_MATCH,MATCH,EASY
SYN-CASE-000376,SYN-PARCEL-000376,GRP-00076,FULL_MATCH,MATCH,EASY
SYN-CASE-000377,SYN-PARCEL-000377,GRP-00076,FULL_MATCH,MATCH,EASY
SYN-CASE-000378,SYN-PARCEL-000378,GRP-00076,FULL_MATCH,MATCH,EASY
SYN-CASE-000379,SYN-PARCEL-000379,GRP-00076,FULL_MATCH,MATCH,EASY
SYN-CASE-000380,SYN-PARCEL-000380,GRP-00076,FULL_MATCH,MATCH,EASY
SYN-CASE-000381,SYN-PARCEL-000381,GRP-00077,FULL_MATCH,MATCH,EASY
SYN-CASE-000382,SYN-PARCEL-000382,GRP-00077,FULL_MATCH,MATCH,EASY
SYN-CASE-000383,SYN-PARCEL-000383,GRP-00077,FULL_MATCH,MATCH,EASY
SYN-CASE-000384,SYN-PARCEL-000384,GRP-00077,FULL_MATCH,MATCH,EASY
SYN-CASE-000385,SYN-PARCEL-000385,GRP-00077,FULL_MATCH,MATCH,EASY
SYN-CASE-000386,SYN-PARCEL-000386,GRP-00078,FULL_MATCH,MATCH,EASY
SYN-CASE-000387,SYN-PARCEL-000387,GRP-00078,FULL_MATCH,MATCH,EASY
SYN-CASE-000388,SYN-PARCEL-000388,GRP-00078,FULL_MATCH,MATCH,EASY
SYN-CASE-000389,SYN-PARCEL-000389,GRP-00078,FULL_MATCH,MATCH,EASY
SYN-CASE-000390,SYN-PARCEL-000390,GRP-00078,FULL_MATCH,MATCH,EASY
SYN-CASE-000396,SYN-PARCEL-000396,GRP-00080,FULL_MATCH,MATCH,EASY
SYN-CASE-000397,SYN-PARCEL-000397,GRP-00080,FULL_MATCH,MATCH,EASY
SYN-CASE-000398,SYN-PARCEL-000398,GRP-00080,FULL_MATCH,MATCH,EASY
SYN-CASE-000399,SYN-PARCEL-000399,GRP-00080,FULL_MATCH,MATCH,EASY
SYN-CASE-000400,SYN-PARCEL-000400,GRP-00080,FULL_MATCH,MATCH,EASY
SYN-CASE-000411,SYN-PARCEL-000411,GRP-00083,OWNER_NAME_VARIATION,PARTIAL_MATCH,MEDIUM
SYN-CASE-000412,SYN-PARCEL-000412,GRP-00083,OWNER_NAME_VARIATION,PARTIAL_MATCH,MEDIUM
SYN-CASE-000413,SYN-PARCEL-000413,GRP-00083,OWNER_NAME_VARIATION,PARTIAL_MATCH,MEDIUM
SYN-CASE-000414,SYN-PARCEL-000414,GRP-00083,OWNER_NAME_VARIATION,PARTIAL_MATCH,MEDIUM
SYN-CASE-000415,SYN-PARCEL-000415,GRP-00083,OWNER_NAME_VARIATION,PARTIAL_MATCH,MEDIUM
SYN-CASE-000416,SYN-PARCEL-000416,GRP-00084,OWNER_NAME_VARIATION,PARTIAL_MATCH,MEDIUM
SYN-CASE-000417,SYN-PARCEL-000417,GRP-00084,OWNER_NAME_VARIATION,PARTIAL_MATCH,MEDIUM
SYN-CASE-000418,SYN-PARCEL-000418,GRP-00084,OWNER_NAME_VARIATION,PARTIAL_MATCH,MEDIUM
SYN-CASE-000419,SYN-PARCEL-000419,GRP-00084,OWNER_NAME_VARIATION,PARTIAL_MATCH,MEDIUM
SYN-CASE-000420,SYN-PARCEL-000420,GRP-00084,OWNER_NAME_VARIATION,PARTIAL_MATCH,MEDIUM
SYN-CASE-000421,SYN-PARCEL-000421,GRP-00085,OWNER_NAME_VARIATION,PARTIAL_MATCH,MEDIUM
SYN-CASE-000422,SYN-PARCEL-000422,GRP-00085,OWNER_NAME_VARIATION,PARTIAL_MATCH,MEDIUM
SYN-CASE-000423,SYN-PARCEL-000423,GRP-00085,OWNER_NAME_VARIATION,PARTIAL_MATCH,MEDIUM
SYN-CASE-000424,SYN-PARCEL-000424,GRP-00085,OWNER_NAME_VARIATION,PARTIAL_MATCH,MEDIUM
SYN-CASE-000425,SYN-PARCEL-000425,GRP-00085,OWNER_NAME_VARIATION,PARTIAL_MATCH,MEDIUM
SYN-CASE-000426,SYN-PARCEL-000426,GRP-00086,OWNER_NAME_VARIATION,PARTIAL_MATCH,MEDIUM
SYN-CASE-000427,SYN-PARCEL-000427,GRP-00086,OWNER_NAME_VARIATION,PARTIAL_MATCH,MEDIUM
SYN-CASE-000428,SYN-PARCEL-000428,GRP-00086,OWNER_NAME_VARIATION,PARTIAL_MATCH,MEDIUM
SYN-CASE-000429,SYN-PARCEL-000429,GRP-00086,OWNER_NAME_VARIATION,PARTIAL_MATCH,MEDIUM
SYN-CASE-000430,SYN-PARCEL-000430,GRP-00086,OWNER_NAME_VARIATION,PARTIAL_MATCH,MEDIUM
SYN-CASE-000431,SYN-PARCEL-000431,GRP-00087,OWNER_NAME_VARIATION,PARTIAL_MATCH,MEDIUM
SYN-CASE-000432,SYN-PARCEL-000432,GRP-00087,OWNER_NAME_VARIATION,PARTIAL_MATCH,MEDIUM
SYN-CASE-000433,SYN-PARCEL-000433,GRP-00087,OWNER_NAME_VARIATION,PARTIAL_MATCH,MEDIUM
SYN-CASE-000434,SYN-PARCEL-000434,GRP-00087,OWNER_NAME_VARIATION,PARTIAL_MATCH,MEDIUM
SYN-CASE-000435,SYN-PARCEL-000435,GRP-00087,OWNER_NAME_VARIATION,PARTIAL_MATCH,MEDIUM
SYN-CASE-000436,SYN-PARCEL-000436,GRP-00088,OWNER_NAME_VARIATION,PARTIAL_MATCH,MEDIUM
SYN-CASE-000437,SYN-PARCEL-000437,GRP-00088,OWNER_NAME_VARIATION,PARTIAL_MATCH,MEDIUM
SYN-CASE-000438,SYN-PARCEL-000438,GRP-00088,OWNER_NAME_VARIATION,PARTIAL_MATCH,MEDIUM
SYN-CASE-000439,SYN-PARCEL-000439,GRP-00088,OWNER_NAME_VARIATION,PARTIAL_MATCH,MEDIUM
SYN-CASE-000440,SYN-PARCEL-000440,GRP-00088,OWNER_NAME_VARIATION,PARTIAL_MATCH,MEDIUM
SYN-CASE-000441,SYN-PARCEL-000441,GRP-00089,OWNER_NAME_VARIATION,PARTIAL_MATCH,MEDIUM
SYN-CASE-000442,SYN-PARCEL-000442,GRP-00089,OWNER_NAME_VARIATION,PARTIAL_MATCH,MEDIUM
SYN-CASE-000443,SYN-PARCEL-000443,GRP-00089,OWNER_NAME_VARIATION,PARTIAL_MATCH,MEDIUM
SYN-CASE-000444,SYN-PARCEL-000444,GRP-00089,OWNER_NAME_VARIATION,PARTIAL_MATCH,MEDIUM
SYN-CASE-000445,SYN-PARCEL-000445,GRP-00089,OWNER_NAME_VARIATION,PARTIAL_MATCH,MEDIUM
SYN-CASE-000451,SYN-PARCEL-000451,GRP-00091,OWNER_NAME_VARIATION,PARTIAL_MATCH,MEDIUM
SYN-CASE-000452,SYN-PARCEL-000452,GRP-00091,OWNER_NAME_VARIATION,PARTIAL_MATCH,MEDIUM
SYN-CASE-000453,SYN-PARCEL-000453,GRP-00091,OWNER_NAME_VARIATION,PARTIAL_MATCH,MEDIUM
SYN-CASE-000454,SYN-PARCEL-000454,GRP-00091,OWNER_NAME_VARIATION,PARTIAL_MATCH,MEDIUM
SYN-CASE-000455,SYN-PARCEL-000455,GRP-00091,OWNER_NAME_VARIATION,PARTIAL_MATCH,MEDIUM
SYN-CASE-000461,SYN-PARCEL-000461,GRP-00093,OWNER_NAME_VARIATION,PARTIAL_MATCH,MEDIUM
SYN-CASE-000462,SYN-PARCEL-000462,GRP-00093,OWNER_NAME_VARIATION,PARTIAL_MATCH,MEDIUM
SYN-CASE-000463,SYN-PARCEL-000463,GRP-00093,OWNER_NAME_VARIATION,PARTIAL_MATCH,MEDIUM
SYN-CASE-000464,SYN-PARCEL-000464,GRP-00093,OWNER_NAME_VARIATION,PARTIAL_MATCH,MEDIUM
SYN-CASE-000465,SYN-PARCEL-000465,GRP-00093,OWNER_NAME_VARIATION,PARTIAL_MATCH,MEDIUM
SYN-CASE-000466,SYN-PARCEL-000466,GRP-00094,OWNER_NAME_VARIATION,PARTIAL_MATCH,MEDIUM
SYN-CASE-000467,SYN-PARCEL-000467,GRP-00094,OWNER_NAME_VARIATION,PARTIAL_MATCH,MEDIUM
SYN-CASE-000468,SYN-PARCEL-000468,GRP-00094,OWNER_NAME_VARIATION,PARTIAL_MATCH,MEDIUM
SYN-CASE-000469,SYN-PARCEL-000469,GRP-00094,OWNER_NAME_VARIATION,PARTIAL_MATCH,MEDIUM
SYN-CASE-000470,SYN-PARCEL-000470,GRP-00094,OWNER_NAME_VARIATION,PARTIAL_MATCH,MEDIUM
SYN-CASE-000481,SYN-PARCEL-000481,GRP-00097,OWNER_NAME_VARIATION,PARTIAL_MATCH,MEDIUM
SYN-CASE-000482,SYN-PARCEL-000482,GRP-00097,OWNER_NAME_VARIATION,PARTIAL_MATCH,MEDIUM
SYN-CASE-000483,SYN-PARCEL-000483,GRP-00097,OWNER_NAME_VARIATION,PARTIAL_MATCH,MEDIUM
SYN-CASE-000484,SYN-PARCEL-000484,GRP-00097,OWNER_NAME_VARIATION,PARTIAL_MATCH,MEDIUM
SYN-CASE-000485,SYN-PARCEL-000485,GRP-00097,OWNER_NAME_VARIATION,PARTIAL_MATCH,MEDIUM
SYN-CASE-000486,SYN-PARCEL-000486,GRP-00098,OWNER_NAME_VARIATION,PARTIAL_MATCH,MEDIUM
SYN-CASE-000487,SYN-PARCEL-000487,GRP-00098,OWNER_NAME_VARIATION,PARTIAL_MATCH,MEDIUM
SYN-CASE-000488,SYN-PARCEL-000488,GRP-00098,OWNER_NAME_VARIATION,PARTIAL_MATCH,MEDIUM
SYN-CASE-000489,SYN-PARCEL-000489,GRP-00098,OWNER_NAME_VARIATION,PARTIAL_MATCH,MEDIUM
SYN-CASE-000490,SYN-PARCEL-000490,GRP-00098,OWNER_NAME_VARIATION,PARTIAL_MATCH,MEDIUM
SYN-CASE-000491,SYN-PARCEL-000491,GRP-00099,OWNER_NAME_VARIATION,PARTIAL_MATCH,MEDIUM
SYN-CASE-000492,SYN-PARCEL-000492,GRP-00099,OWNER_NAME_VARIATION,PARTIAL_MATCH,MEDIUM
SYN-CASE-000493,SYN-PARCEL-000493,GRP-00099,OWNER_NAME_VARIATION,PARTIAL_MATCH,MEDIUM
SYN-CASE-000494,SYN-PARCEL-000494,GRP-00099,OWNER_NAME_VARIATION,PARTIAL_MATCH,MEDIUM
SYN-CASE-000495,SYN-PARCEL-000495,GRP-00099,OWNER_NAME_VARIATION,PARTIAL_MATCH,MEDIUM
SYN-CASE-000501,SYN-PARCEL-000501,GRP-00101,OWNER_NAME_MISMATCH,MISMATCH,MEDIUM
SYN-CASE-000502,SYN-PARCEL-000502,GRP-00101,OWNER_NAME_MISMATCH,MISMATCH,MEDIUM
SYN-CASE-000503,SYN-PARCEL-000503,GRP-00101,OWNER_NAME_MISMATCH,MISMATCH,MEDIUM
SYN-CASE-000504,SYN-PARCEL-000504,GRP-00101,OWNER_NAME_MISMATCH,MISMATCH,MEDIUM
SYN-CASE-000505,SYN-PARCEL-000505,GRP-00101,OWNER_NAME_MISMATCH,MISMATCH,MEDIUM
SYN-CASE-000511,SYN-PARCEL-000511,GRP-00103,OWNER_NAME_MISMATCH,MISMATCH,MEDIUM
SYN-CASE-000512,SYN-PARCEL-000512,GRP-00103,OWNER_NAME_MISMATCH,MISMATCH,MEDIUM
SYN-CASE-000513,SYN-PARCEL-000513,GRP-00103,OWNER_NAME_MISMATCH,MISMATCH,MEDIUM
SYN-CASE-000514,SYN-PARCEL-000514,GRP-00103,OWNER_NAME_MISMATCH,MISMATCH,MEDIUM
SYN-CASE-000515,SYN-PARCEL-000515,GRP-00103,OWNER_NAME_MISMATCH,MISMATCH,MEDIUM
SYN-CASE-000526,SYN-PARCEL-000526,GRP-00106,OWNER_NAME_MISMATCH,MISMATCH,MEDIUM
SYN-CASE-000527,SYN-PARCEL-000527,GRP-00106,OWNER_NAME_MISMATCH,MISMATCH,MEDIUM
SYN-CASE-000528,SYN-PARCEL-000528,GRP-00106,OWNER_NAME_MISMATCH,MISMATCH,MEDIUM
SYN-CASE-000529,SYN-PARCEL-000529,GRP-00106,OWNER_NAME_MISMATCH,MISMATCH,MEDIUM
SYN-CASE-000530,SYN-PARCEL-000530,GRP-00106,OWNER_NAME_MISMATCH,MISMATCH,MEDIUM
SYN-CASE-000531,SYN-PARCEL-000531,GRP-00107,OWNER_NAME_MISMATCH,MISMATCH,MEDIUM
SYN-CASE-000532,SYN-PARCEL-000532,GRP-00107,OWNER_NAME_MISMATCH,MISMATCH,MEDIUM
SYN-CASE-000533,SYN-PARCEL-000533,GRP-00107,OWNER_NAME_MISMATCH,MISMATCH,MEDIUM
SYN-CASE-000534,SYN-PARCEL-000534,GRP-00107,OWNER_NAME_MISMATCH,MISMATCH,MEDIUM
SYN-CASE-000535,SYN-PARCEL-000535,GRP-00107,OWNER_NAME_MISMATCH,MISMATCH,MEDIUM
SYN-CASE-000536,SYN-PARCEL-000536,GRP-00108,OWNER_NAME_MISMATCH,MISMATCH,MEDIUM
SYN-CASE-000537,SYN-PARCEL-000537,GRP-00108,OWNER_NAME_MISMATCH,MISMATCH,MEDIUM
SYN-CASE-000538,SYN-PARCEL-000538,GRP-00108,OWNER_NAME_MISMATCH,MISMATCH,MEDIUM
SYN-CASE-000539,SYN-PARCEL-000539,GRP-00108,OWNER_NAME_MISMATCH,MISMATCH,MEDIUM
SYN-CASE-000540,SYN-PARCEL-000540,GRP-00108,OWNER_NAME_MISMATCH,MISMATCH,MEDIUM
SYN-CASE-000546,SYN-PARCEL-000546,GRP-00110,OWNER_NAME_MISMATCH,MISMATCH,MEDIUM
SYN-CASE-000547,SYN-PARCEL-000547,GRP-00110,OWNER_NAME_MISMATCH,MISMATCH,MEDIUM
SYN-CASE-000548,SYN-PARCEL-000548,GRP-00110,OWNER_NAME_MISMATCH,MISMATCH,MEDIUM
SYN-CASE-000549,SYN-PARCEL-000549,GRP-00110,OWNER_NAME_MISMATCH,MISMATCH,MEDIUM
SYN-CASE-000550,SYN-PARCEL-000550,GRP-00110,OWNER_NAME_MISMATCH,MISMATCH,MEDIUM
SYN-CASE-000551,SYN-PARCEL-000551,GRP-00111,OWNER_NAME_MISMATCH,MISMATCH,MEDIUM
SYN-CASE-000552,SYN-PARCEL-000552,GRP-00111,OWNER_NAME_MISMATCH,MISMATCH,MEDIUM
SYN-CASE-000553,SYN-PARCEL-000553,GRP-00111,OWNER_NAME_MISMATCH,MISMATCH,MEDIUM
SYN-CASE-000554,SYN-PARCEL-000554,GRP-00111,OWNER_NAME_MISMATCH,MISMATCH,MEDIUM
SYN-CASE-000555,SYN-PARCEL-000555,GRP-00111,OWNER_NAME_MISMATCH,MISMATCH,MEDIUM
SYN-CASE-000556,SYN-PARCEL-000556,GRP-00112,OWNER_NAME_MISMATCH,MISMATCH,MEDIUM
SYN-CASE-000557,SYN-PARCEL-000557,GRP-00112,OWNER_NAME_MISMATCH,MISMATCH,MEDIUM
SYN-CASE-000558,SYN-PARCEL-000558,GRP-00112,OWNER_NAME_MISMATCH,MISMATCH,MEDIUM
SYN-CASE-000559,SYN-PARCEL-000559,GRP-00112,OWNER_NAME_MISMATCH,MISMATCH,MEDIUM
SYN-CASE-000560,SYN-PARCEL-000560,GRP-00112,OWNER_NAME_MISMATCH,MISMATCH,MEDIUM
SYN-CASE-000566,SYN-PARCEL-000566,GRP-00114,OWNER_NAME_MISMATCH,MISMATCH,MEDIUM
SYN-CASE-000567,SYN-PARCEL-000567,GRP-00114,OWNER_NAME_MISMATCH,MISMATCH,MEDIUM
SYN-CASE-000568,SYN-PARCEL-000568,GRP-00114,OWNER_NAME_MISMATCH,MISMATCH,MEDIUM
SYN-CASE-000569,SYN-PARCEL-000569,GRP-00114,OWNER_NAME_MISMATCH,MISMATCH,MEDIUM
SYN-CASE-000570,SYN-PARCEL-000570,GRP-00114,OWNER_NAME_MISMATCH,MISMATCH,MEDIUM
SYN-CASE-000576,SYN-PARCEL-000576,GRP-00116,OWNER_NAME_MISMATCH,MISMATCH,MEDIUM
SYN-CASE-000577,SYN-PARCEL-000577,GRP-00116,OWNER_NAME_MISMATCH,MISMATCH,MEDIUM
SYN-CASE-000578,SYN-PARCEL-000578,GRP-00116,OWNER_NAME_MISMATCH,MISMATCH,MEDIUM
SYN-CASE-000579,SYN-PARCEL-000579,GRP-00116,OWNER_NAME_MISMATCH,MISMATCH,MEDIUM
SYN-CASE-000580,SYN-PARCEL-000580,GRP-00116,OWNER_NAME_MISMATCH,MISMATCH,MEDIUM
SYN-CASE-000581,SYN-PARCEL-000581,GRP-00117,OWNER_NAME_MISMATCH,MISMATCH,MEDIUM
SYN-CASE-000582,SYN-PARCEL-000582,GRP-00117,OWNER_NAME_MISMATCH,MISMATCH,MEDIUM
SYN-CASE-000583,SYN-PARCEL-000583,GRP-00117,OWNER_NAME_MISMATCH,MISMATCH,MEDIUM
SYN-CASE-000584,SYN-PARCEL-000584,GRP-00117,OWNER_NAME_MISMATCH,MISMATCH,MEDIUM
SYN-CASE-000585,SYN-PARCEL-000585,GRP-00117,OWNER_NAME_MISMATCH,MISMATCH,MEDIUM
SYN-CASE-000591,SYN-PARCEL-000591,GRP-00119,OWNER_NAME_MISMATCH,MISMATCH,MEDIUM
SYN-CASE-000592,SYN-PARCEL-000592,GRP-00119,OWNER_NAME_MISMATCH,MISMATCH,MEDIUM
SYN-CASE-000593,SYN-PARCEL-000593,GRP-00119,OWNER_NAME_MISMATCH,MISMATCH,MEDIUM
SYN-CASE-000594,SYN-PARCEL-000594,GRP-00119,OWNER_NAME_MISMATCH,MISMATCH,MEDIUM
SYN-CASE-000595,SYN-PARCEL-000595,GRP-00119,OWNER_NAME_MISMATCH,MISMATCH,MEDIUM
SYN-CASE-000596,SYN-PARCEL-000596,GRP-00120,OWNER_NAME_MISMATCH,MISMATCH,MEDIUM
SYN-CASE-000597,SYN-PARCEL-000597,GRP-00120,OWNER_NAME_MISMATCH,MISMATCH,MEDIUM
SYN-CASE-000598,SYN-PARCEL-000598,GRP-00120,OWNER_NAME_MISMATCH,MISMATCH,MEDIUM
SYN-CASE-000599,SYN-PARCEL-000599,GRP-00120,OWNER_NAME_MISMATCH,MISMATCH,MEDIUM
SYN-CASE-000600,SYN-PARCEL-000600,GRP-00120,OWNER_NAME_MISMATCH,MISMATCH,MEDIUM
SYN-CASE-000601,SYN-PARCEL-000601,GRP-00121,AREA_MISMATCH,MISMATCH,MEDIUM
SYN-CASE-000602,SYN-PARCEL-000602,GRP-00121,AREA_MISMATCH,MISMATCH,MEDIUM
SYN-CASE-000603,SYN-PARCEL-000603,GRP-00121,AREA_MISMATCH,MISMATCH,MEDIUM
SYN-CASE-000604,SYN-PARCEL-000604,GRP-00121,AREA_MISMATCH,MISMATCH,MEDIUM
SYN-CASE-000605,SYN-PARCEL-000605,GRP-00121,AREA_MISMATCH,MISMATCH,MEDIUM
SYN-CASE-000606,SYN-PARCEL-000606,GRP-00122,AREA_MISMATCH,MISMATCH,MEDIUM
SYN-CASE-000607,SYN-PARCEL-000607,GRP-00122,AREA_MISMATCH,MISMATCH,MEDIUM
SYN-CASE-000608,SYN-PARCEL-000608,GRP-00122,AREA_MISMATCH,MISMATCH,MEDIUM
SYN-CASE-000609,SYN-PARCEL-000609,GRP-00122,AREA_MISMATCH,MISMATCH,MEDIUM
SYN-CASE-000610,SYN-PARCEL-000610,GRP-00122,AREA_MISMATCH,MISMATCH,MEDIUM
SYN-CASE-000611,SYN-PARCEL-000611,GRP-00123,AREA_MISMATCH,MISMATCH,MEDIUM
SYN-CASE-000612,SYN-PARCEL-000612,GRP-00123,AREA_MISMATCH,MISMATCH,MEDIUM
SYN-CASE-000613,SYN-PARCEL-000613,GRP-00123,AREA_MISMATCH,MISMATCH,MEDIUM
SYN-CASE-000614,SYN-PARCEL-000614,GRP-00123,AREA_MISMATCH,MISMATCH,MEDIUM
SYN-CASE-000615,SYN-PARCEL-000615,GRP-00123,AREA_MISMATCH,MISMATCH,MEDIUM
SYN-CASE-000616,SYN-PARCEL-000616,GRP-00124,AREA_MISMATCH,MISMATCH,MEDIUM
SYN-CASE-000617,SYN-PARCEL-000617,GRP-00124,AREA_MISMATCH,MISMATCH,MEDIUM
SYN-CASE-000618,SYN-PARCEL-000618,GRP-00124,AREA_MISMATCH,MISMATCH,MEDIUM
SYN-CASE-000619,SYN-PARCEL-000619,GRP-00124,AREA_MISMATCH,MISMATCH,MEDIUM
SYN-CASE-000620,SYN-PARCEL-000620,GRP-00124,AREA_MISMATCH,MISMATCH,MEDIUM
SYN-CASE-000621,SYN-PARCEL-000621,GRP-00125,AREA_MISMATCH,MISMATCH,MEDIUM
SYN-CASE-000622,SYN-PARCEL-000622,GRP-00125,AREA_MISMATCH,MISMATCH,MEDIUM
SYN-CASE-000623,SYN-PARCEL-000623,GRP-00125,AREA_MISMATCH,MISMATCH,MEDIUM
SYN-CASE-000624,SYN-PARCEL-000624,GRP-00125,AREA_MISMATCH,MISMATCH,MEDIUM
SYN-CASE-000625,SYN-PARCEL-000625,GRP-00125,AREA_MISMATCH,MISMATCH,MEDIUM
SYN-CASE-000626,SYN-PARCEL-000626,GRP-00126,AREA_MISMATCH,MISMATCH,MEDIUM
SYN-CASE-000627,SYN-PARCEL-000627,GRP-00126,AREA_MISMATCH,MISMATCH,MEDIUM
SYN-CASE-000628,SYN-PARCEL-000628,GRP-00126,AREA_MISMATCH,MISMATCH,MEDIUM
SYN-CASE-000629,SYN-PARCEL-000629,GRP-00126,AREA_MISMATCH,MISMATCH,MEDIUM
SYN-CASE-000630,SYN-PARCEL-000630,GRP-00126,AREA_MISMATCH,MISMATCH,MEDIUM
SYN-CASE-000646,SYN-PARCEL-000646,GRP-00130,AREA_MISMATCH,MISMATCH,MEDIUM
SYN-CASE-000647,SYN-PARCEL-000647,GRP-00130,AREA_MISMATCH,MISMATCH,MEDIUM
SYN-CASE-000648,SYN-PARCEL-000648,GRP-00130,AREA_MISMATCH,MISMATCH,MEDIUM
SYN-CASE-000649,SYN-PARCEL-000649,GRP-00130,AREA_MISMATCH,MISMATCH,MEDIUM
SYN-CASE-000650,SYN-PARCEL-000650,GRP-00130,AREA_MISMATCH,MISMATCH,MEDIUM
SYN-CASE-000651,SYN-PARCEL-000651,GRP-00131,AREA_MISMATCH,MISMATCH,MEDIUM
SYN-CASE-000652,SYN-PARCEL-000652,GRP-00131,AREA_MISMATCH,MISMATCH,MEDIUM
SYN-CASE-000653,SYN-PARCEL-000653,GRP-00131,AREA_MISMATCH,MISMATCH,MEDIUM
SYN-CASE-000654,SYN-PARCEL-000654,GRP-00131,AREA_MISMATCH,MISMATCH,MEDIUM
SYN-CASE-000655,SYN-PARCEL-000655,GRP-00131,AREA_MISMATCH,MISMATCH,MEDIUM
SYN-CASE-000656,SYN-PARCEL-000656,GRP-00132,AREA_MISMATCH,MISMATCH,MEDIUM
SYN-CASE-000657,SYN-PARCEL-000657,GRP-00132,AREA_MISMATCH,MISMATCH,MEDIUM
SYN-CASE-000658,SYN-PARCEL-000658,GRP-00132,AREA_MISMATCH,MISMATCH,MEDIUM
SYN-CASE-000659,SYN-PARCEL-000659,GRP-00132,AREA_MISMATCH,MISMATCH,MEDIUM
SYN-CASE-000660,SYN-PARCEL-000660,GRP-00132,AREA_MISMATCH,MISMATCH,MEDIUM
SYN-CASE-000661,SYN-PARCEL-000661,GRP-00133,AREA_MISMATCH,MISMATCH,MEDIUM
SYN-CASE-000662,SYN-PARCEL-000662,GRP-00133,AREA_MISMATCH,MISMATCH,MEDIUM
SYN-CASE-000663,SYN-PARCEL-000663,GRP-00133,AREA_MISMATCH,MISMATCH,MEDIUM
SYN-CASE-000664,SYN-PARCEL-000664,GRP-00133,AREA_MISMATCH,MISMATCH,MEDIUM
SYN-CASE-000665,SYN-PARCEL-000665,GRP-00133,AREA_MISMATCH,MISMATCH,MEDIUM
SYN-CASE-000666,SYN-PARCEL-000666,GRP-00134,AREA_MISMATCH,MISMATCH,MEDIUM
SYN-CASE-000667,SYN-PARCEL-000667,GRP-00134,AREA_MISMATCH,MISMATCH,MEDIUM
SYN-CASE-000668,SYN-PARCEL-000668,GRP-00134,AREA_MISMATCH,MISMATCH,MEDIUM
SYN-CASE-000669,SYN-PARCEL-000669,GRP-00134,AREA_MISMATCH,MISMATCH,MEDIUM
SYN-CASE-000670,SYN-PARCEL-000670,GRP-00134,AREA_MISMATCH,MISMATCH,MEDIUM
SYN-CASE-000696,SYN-PARCEL-000696,GRP-00140,AREA_MISMATCH,MISMATCH,MEDIUM
SYN-CASE-000697,SYN-PARCEL-000697,GRP-00140,AREA_MISMATCH,MISMATCH,MEDIUM
SYN-CASE-000698,SYN-PARCEL-000698,GRP-00140,AREA_MISMATCH,MISMATCH,MEDIUM
SYN-CASE-000699,SYN-PARCEL-000699,GRP-00140,AREA_MISMATCH,MISMATCH,MEDIUM
SYN-CASE-000700,SYN-PARCEL-000700,GRP-00140,AREA_MISMATCH,MISMATCH,MEDIUM
SYN-CASE-000701,SYN-PARCEL-000701,GRP-00141,AREA_MISMATCH,MISMATCH,MEDIUM
SYN-CASE-000702,SYN-PARCEL-000702,GRP-00141,AREA_MISMATCH,MISMATCH,MEDIUM
SYN-CASE-000703,SYN-PARCEL-000703,GRP-00141,AREA_MISMATCH,MISMATCH,MEDIUM
SYN-CASE-000704,SYN-PARCEL-000704,GRP-00141,AREA_MISMATCH,MISMATCH,MEDIUM
SYN-CASE-000705,SYN-PARCEL-000705,GRP-00141,AREA_MISMATCH,MISMATCH,MEDIUM
SYN-CASE-000706,SYN-PARCEL-000706,GRP-00142,AREA_MISMATCH,MISMATCH,MEDIUM
SYN-CASE-000707,SYN-PARCEL-000707,GRP-00142,AREA_MISMATCH,MISMATCH,MEDIUM
SYN-CASE-000708,SYN-PARCEL-000708,GRP-00142,AREA_MISMATCH,MISMATCH,MEDIUM
SYN-CASE-000709,SYN-PARCEL-000709,GRP-00142,AREA_MISMATCH,MISMATCH,MEDIUM
SYN-CASE-000710,SYN-PARCEL-000710,GRP-00142,AREA_MISMATCH,MISMATCH,MEDIUM
SYN-CASE-000716,SYN-PARCEL-000716,GRP-00144,AREA_MISMATCH,MISMATCH,MEDIUM
SYN-CASE-000717,SYN-PARCEL-000717,GRP-00144,AREA_MISMATCH,MISMATCH,MEDIUM
SYN-CASE-000718,SYN-PARCEL-000718,GRP-00144,AREA_MISMATCH,MISMATCH,MEDIUM
SYN-CASE-000719,SYN-PARCEL-000719,GRP-00144,AREA_MISMATCH,MISMATCH,MEDIUM
SYN-CASE-000720,SYN-PARCEL-000720,GRP-00144,AREA_MISMATCH,MISMATCH,MEDIUM
SYN-CASE-000721,SYN-PARCEL-000721,GRP-00145,UNIT_CONVERSION_AMBIGUITY,REVIEW_REQUIRED,HARD
SYN-CASE-000722,SYN-PARCEL-000722,GRP-00145,UNIT_CONVERSION_AMBIGUITY,REVIEW_REQUIRED,HARD
SYN-CASE-000723,SYN-PARCEL-000723,GRP-00145,UNIT_CONVERSION_AMBIGUITY,REVIEW_REQUIRED,HARD
SYN-CASE-000724,SYN-PARCEL-000724,GRP-00145,UNIT_CONVERSION_AMBIGUITY,REVIEW_REQUIRED,HARD
SYN-CASE-000725,SYN-PARCEL-000725,GRP-00145,UNIT_CONVERSION_AMBIGUITY,REVIEW_REQUIRED,HARD
SYN-CASE-000726,SYN-PARCEL-000726,GRP-00146,UNIT_CONVERSION_AMBIGUITY,REVIEW_REQUIRED,HARD
SYN-CASE-000727,SYN-PARCEL-000727,GRP-00146,UNIT_CONVERSION_AMBIGUITY,REVIEW_REQUIRED,HARD
SYN-CASE-000728,SYN-PARCEL-000728,GRP-00146,UNIT_CONVERSION_AMBIGUITY,REVIEW_REQUIRED,HARD
SYN-CASE-000729,SYN-PARCEL-000729,GRP-00146,UNIT_CONVERSION_AMBIGUITY,REVIEW_REQUIRED,HARD
SYN-CASE-000730,SYN-PARCEL-000730,GRP-00146,UNIT_CONVERSION_AMBIGUITY,REVIEW_REQUIRED,HARD
SYN-CASE-000731,SYN-PARCEL-000731,GRP-00147,UNIT_CONVERSION_AMBIGUITY,REVIEW_REQUIRED,HARD
SYN-CASE-000732,SYN-PARCEL-000732,GRP-00147,UNIT_CONVERSION_AMBIGUITY,REVIEW_REQUIRED,HARD
SYN-CASE-000733,SYN-PARCEL-000733,GRP-00147,UNIT_CONVERSION_AMBIGUITY,REVIEW_REQUIRED,HARD
SYN-CASE-000734,SYN-PARCEL-000734,GRP-00147,UNIT_CONVERSION_AMBIGUITY,REVIEW_REQUIRED,HARD
SYN-CASE-000735,SYN-PARCEL-000735,GRP-00147,UNIT_CONVERSION_AMBIGUITY,REVIEW_REQUIRED,HARD
SYN-CASE-000736,SYN-PARCEL-000736,GRP-00148,UNIT_CONVERSION_AMBIGUITY,REVIEW_REQUIRED,HARD
SYN-CASE-000737,SYN-PARCEL-000737,GRP-00148,UNIT_CONVERSION_AMBIGUITY,REVIEW_REQUIRED,HARD
SYN-CASE-000738,SYN-PARCEL-000738,GRP-00148,UNIT_CONVERSION_AMBIGUITY,REVIEW_REQUIRED,HARD
SYN-CASE-000739,SYN-PARCEL-000739,GRP-00148,UNIT_CONVERSION_AMBIGUITY,REVIEW_REQUIRED,HARD
SYN-CASE-000740,SYN-PARCEL-000740,GRP-00148,UNIT_CONVERSION_AMBIGUITY,REVIEW_REQUIRED,HARD
SYN-CASE-000741,SYN-PARCEL-000741,GRP-00149,UNIT_CONVERSION_AMBIGUITY,REVIEW_REQUIRED,HARD
SYN-CASE-000742,SYN-PARCEL-000742,GRP-00149,UNIT_CONVERSION_AMBIGUITY,REVIEW_REQUIRED,HARD
SYN-CASE-000743,SYN-PARCEL-000743,GRP-00149,UNIT_CONVERSION_AMBIGUITY,REVIEW_REQUIRED,HARD
SYN-CASE-000744,SYN-PARCEL-000744,GRP-00149,UNIT_CONVERSION_AMBIGUITY,REVIEW_REQUIRED,HARD
SYN-CASE-000745,SYN-PARCEL-000745,GRP-00149,UNIT_CONVERSION_AMBIGUITY,REVIEW_REQUIRED,HARD
SYN-CASE-000746,SYN-PARCEL-000746,GRP-00150,UNIT_CONVERSION_AMBIGUITY,REVIEW_REQUIRED,HARD
SYN-CASE-000747,SYN-PARCEL-000747,GRP-00150,UNIT_CONVERSION_AMBIGUITY,REVIEW_REQUIRED,HARD
SYN-CASE-000748,SYN-PARCEL-000748,GRP-00150,UNIT_CONVERSION_AMBIGUITY,REVIEW_REQUIRED,HARD
SYN-CASE-000749,SYN-PARCEL-000749,GRP-00150,UNIT_CONVERSION_AMBIGUITY,REVIEW_REQUIRED,HARD
SYN-CASE-000750,SYN-PARCEL-000750,GRP-00150,UNIT_CONVERSION_AMBIGUITY,REVIEW_REQUIRED,HARD
SYN-CASE-000756,SYN-PARCEL-000756,GRP-00152,UNIT_CONVERSION_AMBIGUITY,REVIEW_REQUIRED,HARD
SYN-CASE-000757,SYN-PARCEL-000757,GRP-00152,UNIT_CONVERSION_AMBIGUITY,REVIEW_REQUIRED,HARD
SYN-CASE-000758,SYN-PARCEL-000758,GRP-00152,UNIT_CONVERSION_AMBIGUITY,REVIEW_REQUIRED,HARD
SYN-CASE-000759,SYN-PARCEL-000759,GRP-00152,UNIT_CONVERSION_AMBIGUITY,REVIEW_REQUIRED,HARD
SYN-CASE-000760,SYN-PARCEL-000760,GRP-00152,UNIT_CONVERSION_AMBIGUITY,REVIEW_REQUIRED,HARD
SYN-CASE-000766,SYN-PARCEL-000766,GRP-00154,UNIT_CONVERSION_AMBIGUITY,REVIEW_REQUIRED,HARD
SYN-CASE-000767,SYN-PARCEL-000767,GRP-00154,UNIT_CONVERSION_AMBIGUITY,REVIEW_REQUIRED,HARD
SYN-CASE-000768,SYN-PARCEL-000768,GRP-00154,UNIT_CONVERSION_AMBIGUITY,REVIEW_REQUIRED,HARD
SYN-CASE-000769,SYN-PARCEL-000769,GRP-00154,UNIT_CONVERSION_AMBIGUITY,REVIEW_REQUIRED,HARD
SYN-CASE-000770,SYN-PARCEL-000770,GRP-00154,UNIT_CONVERSION_AMBIGUITY,REVIEW_REQUIRED,HARD
SYN-CASE-000771,SYN-PARCEL-000771,GRP-00155,UNIT_CONVERSION_AMBIGUITY,REVIEW_REQUIRED,HARD
SYN-CASE-000772,SYN-PARCEL-000772,GRP-00155,UNIT_CONVERSION_AMBIGUITY,REVIEW_REQUIRED,HARD
SYN-CASE-000773,SYN-PARCEL-000773,GRP-00155,UNIT_CONVERSION_AMBIGUITY,REVIEW_REQUIRED,HARD
SYN-CASE-000774,SYN-PARCEL-000774,GRP-00155,UNIT_CONVERSION_AMBIGUITY,REVIEW_REQUIRED,HARD
SYN-CASE-000775,SYN-PARCEL-000775,GRP-00155,UNIT_CONVERSION_AMBIGUITY,REVIEW_REQUIRED,HARD
SYN-CASE-000776,SYN-PARCEL-000776,GRP-00156,UNIT_CONVERSION_AMBIGUITY,REVIEW_REQUIRED,HARD
SYN-CASE-000777,SYN-PARCEL-000777,GRP-00156,UNIT_CONVERSION_AMBIGUITY,REVIEW_REQUIRED,HARD
SYN-CASE-000778,SYN-PARCEL-000778,GRP-00156,UNIT_CONVERSION_AMBIGUITY,REVIEW_REQUIRED,HARD
SYN-CASE-000779,SYN-PARCEL-000779,GRP-00156,UNIT_CONVERSION_AMBIGUITY,REVIEW_REQUIRED,HARD
SYN-CASE-000780,SYN-PARCEL-000780,GRP-00156,UNIT_CONVERSION_AMBIGUITY,REVIEW_REQUIRED,HARD
SYN-CASE-000781,SYN-PARCEL-000781,GRP-00157,UNIT_CONVERSION_AMBIGUITY,REVIEW_REQUIRED,HARD
SYN-CASE-000782,SYN-PARCEL-000782,GRP-00157,UNIT_CONVERSION_AMBIGUITY,REVIEW_REQUIRED,HARD
SYN-CASE-000783,SYN-PARCEL-000783,GRP-00157,UNIT_CONVERSION_AMBIGUITY,REVIEW_REQUIRED,HARD
SYN-CASE-000784,SYN-PARCEL-000784,GRP-00157,UNIT_CONVERSION_AMBIGUITY,REVIEW_REQUIRED,HARD
SYN-CASE-000785,SYN-PARCEL-000785,GRP-00157,UNIT_CONVERSION_AMBIGUITY,REVIEW_REQUIRED,HARD
SYN-CASE-000786,SYN-PARCEL-000786,GRP-00158,UNIT_CONVERSION_AMBIGUITY,REVIEW_REQUIRED,HARD
SYN-CASE-000787,SYN-PARCEL-000787,GRP-00158,UNIT_CONVERSION_AMBIGUITY,REVIEW_REQUIRED,HARD
SYN-CASE-000788,SYN-PARCEL-000788,GRP-00158,UNIT_CONVERSION_AMBIGUITY,REVIEW_REQUIRED,HARD
SYN-CASE-000789,SYN-PARCEL-000789,GRP-00158,UNIT_CONVERSION_AMBIGUITY,REVIEW_REQUIRED,HARD
SYN-CASE-000790,SYN-PARCEL-000790,GRP-00158,UNIT_CONVERSION_AMBIGUITY,REVIEW_REQUIRED,HARD
SYN-CASE-000791,SYN-PARCEL-000791,GRP-00159,UNIT_CONVERSION_AMBIGUITY,REVIEW_REQUIRED,HARD
SYN-CASE-000792,SYN-PARCEL-000792,GRP-00159,UNIT_CONVERSION_AMBIGUITY,REVIEW_REQUIRED,HARD
SYN-CASE-000793,SYN-PARCEL-000793,GRP-00159,UNIT_CONVERSION_AMBIGUITY,REVIEW_REQUIRED,HARD
SYN-CASE-000794,SYN-PARCEL-000794,GRP-00159,UNIT_CONVERSION_AMBIGUITY,REVIEW_REQUIRED,HARD
SYN-CASE-000795,SYN-PARCEL-000795,GRP-00159,UNIT_CONVERSION_AMBIGUITY,REVIEW_REQUIRED,HARD
SYN-CASE-000801,SYN-PARCEL-000801,GRP-00161,SURVEY_NUMBER_MISMATCH,MISMATCH,MEDIUM
SYN-CASE-000802,SYN-PARCEL-000802,GRP-00161,SURVEY_NUMBER_MISMATCH,MISMATCH,MEDIUM
SYN-CASE-000803,SYN-PARCEL-000803,GRP-00161,SURVEY_NUMBER_MISMATCH,MISMATCH,MEDIUM
SYN-CASE-000804,SYN-PARCEL-000804,GRP-00161,SURVEY_NUMBER_MISMATCH,MISMATCH,MEDIUM
SYN-CASE-000805,SYN-PARCEL-000805,GRP-00161,SURVEY_NUMBER_MISMATCH,MISMATCH,MEDIUM
SYN-CASE-000811,SYN-PARCEL-000811,GRP-00163,SURVEY_NUMBER_MISMATCH,MISMATCH,MEDIUM
SYN-CASE-000812,SYN-PARCEL-000812,GRP-00163,SURVEY_NUMBER_MISMATCH,MISMATCH,MEDIUM
SYN-CASE-000813,SYN-PARCEL-000813,GRP-00163,SURVEY_NUMBER_MISMATCH,MISMATCH,MEDIUM
SYN-CASE-000814,SYN-PARCEL-000814,GRP-00163,SURVEY_NUMBER_MISMATCH,MISMATCH,MEDIUM
SYN-CASE-000815,SYN-PARCEL-000815,GRP-00163,SURVEY_NUMBER_MISMATCH,MISMATCH,MEDIUM
SYN-CASE-000821,SYN-PARCEL-000821,GRP-00165,SURVEY_NUMBER_MISMATCH,MISMATCH,MEDIUM
SYN-CASE-000822,SYN-PARCEL-000822,GRP-00165,SURVEY_NUMBER_MISMATCH,MISMATCH,MEDIUM
SYN-CASE-000823,SYN-PARCEL-000823,GRP-00165,SURVEY_NUMBER_MISMATCH,MISMATCH,MEDIUM
SYN-CASE-000824,SYN-PARCEL-000824,GRP-00165,SURVEY_NUMBER_MISMATCH,MISMATCH,MEDIUM
SYN-CASE-000825,SYN-PARCEL-000825,GRP-00165,SURVEY_NUMBER_MISMATCH,MISMATCH,MEDIUM
SYN-CASE-000826,SYN-PARCEL-000826,GRP-00166,SURVEY_NUMBER_MISMATCH,MISMATCH,MEDIUM
SYN-CASE-000827,SYN-PARCEL-000827,GRP-00166,SURVEY_NUMBER_MISMATCH,MISMATCH,MEDIUM
SYN-CASE-000828,SYN-PARCEL-000828,GRP-00166,SURVEY_NUMBER_MISMATCH,MISMATCH,MEDIUM
SYN-CASE-000829,SYN-PARCEL-000829,GRP-00166,SURVEY_NUMBER_MISMATCH,MISMATCH,MEDIUM
SYN-CASE-000830,SYN-PARCEL-000830,GRP-00166,SURVEY_NUMBER_MISMATCH,MISMATCH,MEDIUM
SYN-CASE-000841,SYN-PARCEL-000841,GRP-00169,SURVEY_NUMBER_MISMATCH,MISMATCH,MEDIUM
SYN-CASE-000842,SYN-PARCEL-000842,GRP-00169,SURVEY_NUMBER_MISMATCH,MISMATCH,MEDIUM
SYN-CASE-000843,SYN-PARCEL-000843,GRP-00169,SURVEY_NUMBER_MISMATCH,MISMATCH,MEDIUM
SYN-CASE-000844,SYN-PARCEL-000844,GRP-00169,SURVEY_NUMBER_MISMATCH,MISMATCH,MEDIUM
SYN-CASE-000845,SYN-PARCEL-000845,GRP-00169,SURVEY_NUMBER_MISMATCH,MISMATCH,MEDIUM
SYN-CASE-000846,SYN-PARCEL-000846,GRP-00170,SURVEY_NUMBER_MISMATCH,MISMATCH,MEDIUM
SYN-CASE-000847,SYN-PARCEL-000847,GRP-00170,SURVEY_NUMBER_MISMATCH,MISMATCH,MEDIUM
SYN-CASE-000848,SYN-PARCEL-000848,GRP-00170,SURVEY_NUMBER_MISMATCH,MISMATCH,MEDIUM
SYN-CASE-000849,SYN-PARCEL-000849,GRP-00170,SURVEY_NUMBER_MISMATCH,MISMATCH,MEDIUM
SYN-CASE-000850,SYN-PARCEL-000850,GRP-00170,SURVEY_NUMBER_MISMATCH,MISMATCH,MEDIUM
SYN-CASE-000851,SYN-PARCEL-000851,GRP-00171,SURVEY_NUMBER_MISMATCH,MISMATCH,MEDIUM
SYN-CASE-000852,SYN-PARCEL-000852,GRP-00171,SURVEY_NUMBER_MISMATCH,MISMATCH,MEDIUM
SYN-CASE-000853,SYN-PARCEL-000853,GRP-00171,SURVEY_NUMBER_MISMATCH,MISMATCH,MEDIUM
SYN-CASE-000854,SYN-PARCEL-000854,GRP-00171,SURVEY_NUMBER_MISMATCH,MISMATCH,MEDIUM
SYN-CASE-000855,SYN-PARCEL-000855,GRP-00171,SURVEY_NUMBER_MISMATCH,MISMATCH,MEDIUM
SYN-CASE-000856,SYN-PARCEL-000856,GRP-00172,SURVEY_NUMBER_MISMATCH,MISMATCH,MEDIUM
SYN-CASE-000857,SYN-PARCEL-000857,GRP-00172,SURVEY_NUMBER_MISMATCH,MISMATCH,MEDIUM
SYN-CASE-000858,SYN-PARCEL-000858,GRP-00172,SURVEY_NUMBER_MISMATCH,MISMATCH,MEDIUM
SYN-CASE-000859,SYN-PARCEL-000859,GRP-00172,SURVEY_NUMBER_MISMATCH,MISMATCH,MEDIUM
SYN-CASE-000860,SYN-PARCEL-000860,GRP-00172,SURVEY_NUMBER_MISMATCH,MISMATCH,MEDIUM
SYN-CASE-000861,SYN-PARCEL-000861,GRP-00173,SURVEY_NUMBER_MISMATCH,MISMATCH,MEDIUM
SYN-CASE-000862,SYN-PARCEL-000862,GRP-00173,SURVEY_NUMBER_MISMATCH,MISMATCH,MEDIUM
SYN-CASE-000863,SYN-PARCEL-000863,GRP-00173,SURVEY_NUMBER_MISMATCH,MISMATCH,MEDIUM
SYN-CASE-000864,SYN-PARCEL-000864,GRP-00173,SURVEY_NUMBER_MISMATCH,MISMATCH,MEDIUM
SYN-CASE-000865,SYN-PARCEL-000865,GRP-00173,SURVEY_NUMBER_MISMATCH,MISMATCH,MEDIUM
SYN-CASE-000866,SYN-PARCEL-000866,GRP-00174,SURVEY_NUMBER_MISMATCH,MISMATCH,MEDIUM
SYN-CASE-000867,SYN-PARCEL-000867,GRP-00174,SURVEY_NUMBER_MISMATCH,MISMATCH,MEDIUM
SYN-CASE-000868,SYN-PARCEL-000868,GRP-00174,SURVEY_NUMBER_MISMATCH,MISMATCH,MEDIUM
SYN-CASE-000869,SYN-PARCEL-000869,GRP-00174,SURVEY_NUMBER_MISMATCH,MISMATCH,MEDIUM
SYN-CASE-000870,SYN-PARCEL-000870,GRP-00174,SURVEY_NUMBER_MISMATCH,MISMATCH,MEDIUM
SYN-CASE-000881,SYN-PARCEL-000881,GRP-00177,SURVEY_NUMBER_MISMATCH,MISMATCH,MEDIUM
SYN-CASE-000882,SYN-PARCEL-000882,GRP-00177,SURVEY_NUMBER_MISMATCH,MISMATCH,MEDIUM
SYN-CASE-000883,SYN-PARCEL-000883,GRP-00177,SURVEY_NUMBER_MISMATCH,MISMATCH,MEDIUM
SYN-CASE-000884,SYN-PARCEL-000884,GRP-00177,SURVEY_NUMBER_MISMATCH,MISMATCH,MEDIUM
SYN-CASE-000885,SYN-PARCEL-000885,GRP-00177,SURVEY_NUMBER_MISMATCH,MISMATCH,MEDIUM
SYN-CASE-000886,SYN-PARCEL-000886,GRP-00178,SURVEY_NUMBER_MISMATCH,MISMATCH,MEDIUM
SYN-CASE-000887,SYN-PARCEL-000887,GRP-00178,SURVEY_NUMBER_MISMATCH,MISMATCH,MEDIUM
SYN-CASE-000888,SYN-PARCEL-000888,GRP-00178,SURVEY_NUMBER_MISMATCH,MISMATCH,MEDIUM
SYN-CASE-000889,SYN-PARCEL-000889,GRP-00178,SURVEY_NUMBER_MISMATCH,MISMATCH,MEDIUM
SYN-CASE-000890,SYN-PARCEL-000890,GRP-00178,SURVEY_NUMBER_MISMATCH,MISMATCH,MEDIUM
SYN-CASE-000891,SYN-PARCEL-000891,GRP-00179,SUBDIVISION_MISMATCH,MISMATCH,MEDIUM
SYN-CASE-000892,SYN-PARCEL-000892,GRP-00179,SUBDIVISION_MISMATCH,MISMATCH,MEDIUM
SYN-CASE-000893,SYN-PARCEL-000893,GRP-00179,SUBDIVISION_MISMATCH,MISMATCH,MEDIUM
SYN-CASE-000894,SYN-PARCEL-000894,GRP-00179,SUBDIVISION_MISMATCH,MISMATCH,MEDIUM
SYN-CASE-000895,SYN-PARCEL-000895,GRP-00179,SUBDIVISION_MISMATCH,MISMATCH,MEDIUM
SYN-CASE-000896,SYN-PARCEL-000896,GRP-00180,SUBDIVISION_MISMATCH,MISMATCH,MEDIUM
SYN-CASE-000897,SYN-PARCEL-000897,GRP-00180,SUBDIVISION_MISMATCH,MISMATCH,MEDIUM
SYN-CASE-000898,SYN-PARCEL-000898,GRP-00180,SUBDIVISION_MISMATCH,MISMATCH,MEDIUM
SYN-CASE-000899,SYN-PARCEL-000899,GRP-00180,SUBDIVISION_MISMATCH,MISMATCH,MEDIUM
SYN-CASE-000900,SYN-PARCEL-000900,GRP-00180,SUBDIVISION_MISMATCH,MISMATCH,MEDIUM
SYN-CASE-000901,SYN-PARCEL-000901,GRP-00181,SUBDIVISION_MISMATCH,MISMATCH,MEDIUM
SYN-CASE-000902,SYN-PARCEL-000902,GRP-00181,SUBDIVISION_MISMATCH,MISMATCH,MEDIUM
SYN-CASE-000903,SYN-PARCEL-000903,GRP-00181,SUBDIVISION_MISMATCH,MISMATCH,MEDIUM
SYN-CASE-000904,SYN-PARCEL-000904,GRP-00181,SUBDIVISION_MISMATCH,MISMATCH,MEDIUM
SYN-CASE-000905,SYN-PARCEL-000905,GRP-00181,SUBDIVISION_MISMATCH,MISMATCH,MEDIUM
SYN-CASE-000906,SYN-PARCEL-000906,GRP-00182,SUBDIVISION_MISMATCH,MISMATCH,MEDIUM
SYN-CASE-000907,SYN-PARCEL-000907,GRP-00182,SUBDIVISION_MISMATCH,MISMATCH,MEDIUM
SYN-CASE-000908,SYN-PARCEL-000908,GRP-00182,SUBDIVISION_MISMATCH,MISMATCH,MEDIUM
SYN-CASE-000909,SYN-PARCEL-000909,GRP-00182,SUBDIVISION_MISMATCH,MISMATCH,MEDIUM
SYN-CASE-000910,SYN-PARCEL-000910,GRP-00182,SUBDIVISION_MISMATCH,MISMATCH,MEDIUM
SYN-CASE-000911,SYN-PARCEL-000911,GRP-00183,SUBDIVISION_MISMATCH,MISMATCH,MEDIUM
SYN-CASE-000912,SYN-PARCEL-000912,GRP-00183,SUBDIVISION_MISMATCH,MISMATCH,MEDIUM
SYN-CASE-000913,SYN-PARCEL-000913,GRP-00183,SUBDIVISION_MISMATCH,MISMATCH,MEDIUM
SYN-CASE-000914,SYN-PARCEL-000914,GRP-00183,SUBDIVISION_MISMATCH,MISMATCH,MEDIUM
SYN-CASE-000915,SYN-PARCEL-000915,GRP-00183,SUBDIVISION_MISMATCH,MISMATCH,MEDIUM
SYN-CASE-000916,SYN-PARCEL-000916,GRP-00184,SUBDIVISION_MISMATCH,MISMATCH,MEDIUM
SYN-CASE-000917,SYN-PARCEL-000917,GRP-00184,SUBDIVISION_MISMATCH,MISMATCH,MEDIUM
SYN-CASE-000918,SYN-PARCEL-000918,GRP-00184,SUBDIVISION_MISMATCH,MISMATCH,MEDIUM
SYN-CASE-000919,SYN-PARCEL-000919,GRP-00184,SUBDIVISION_MISMATCH,MISMATCH,MEDIUM
SYN-CASE-000920,SYN-PARCEL-000920,GRP-00184,SUBDIVISION_MISMATCH,MISMATCH,MEDIUM
SYN-CASE-000921,SYN-PARCEL-000921,GRP-00185,SUBDIVISION_MISMATCH,MISMATCH,MEDIUM
SYN-CASE-000922,SYN-PARCEL-000922,GRP-00185,SUBDIVISION_MISMATCH,MISMATCH,MEDIUM
SYN-CASE-000923,SYN-PARCEL-000923,GRP-00185,SUBDIVISION_MISMATCH,MISMATCH,MEDIUM
SYN-CASE-000924,SYN-PARCEL-000924,GRP-00185,SUBDIVISION_MISMATCH,MISMATCH,MEDIUM
SYN-CASE-000925,SYN-PARCEL-000925,GRP-00185,SUBDIVISION_MISMATCH,MISMATCH,MEDIUM
SYN-CASE-000931,SYN-PARCEL-000931,GRP-00187,SUBDIVISION_MISMATCH,MISMATCH,MEDIUM
SYN-CASE-000932,SYN-PARCEL-000932,GRP-00187,SUBDIVISION_MISMATCH,MISMATCH,MEDIUM
SYN-CASE-000933,SYN-PARCEL-000933,GRP-00187,SUBDIVISION_MISMATCH,MISMATCH,MEDIUM
SYN-CASE-000934,SYN-PARCEL-000934,GRP-00187,SUBDIVISION_MISMATCH,MISMATCH,MEDIUM
SYN-CASE-000935,SYN-PARCEL-000935,GRP-00187,SUBDIVISION_MISMATCH,MISMATCH,MEDIUM
SYN-CASE-000936,SYN-PARCEL-000936,GRP-00188,SUBDIVISION_MISMATCH,MISMATCH,MEDIUM
SYN-CASE-000937,SYN-PARCEL-000937,GRP-00188,SUBDIVISION_MISMATCH,MISMATCH,MEDIUM
SYN-CASE-000938,SYN-PARCEL-000938,GRP-00188,SUBDIVISION_MISMATCH,MISMATCH,MEDIUM
SYN-CASE-000939,SYN-PARCEL-000939,GRP-00188,SUBDIVISION_MISMATCH,MISMATCH,MEDIUM
SYN-CASE-000940,SYN-PARCEL-000940,GRP-00188,SUBDIVISION_MISMATCH,MISMATCH,MEDIUM
SYN-CASE-000941,SYN-PARCEL-000941,GRP-00189,SUBDIVISION_MISMATCH,MISMATCH,MEDIUM
SYN-CASE-000942,SYN-PARCEL-000942,GRP-00189,SUBDIVISION_MISMATCH,MISMATCH,MEDIUM
SYN-CASE-000943,SYN-PARCEL-000943,GRP-00189,SUBDIVISION_MISMATCH,MISMATCH,MEDIUM
SYN-CASE-000944,SYN-PARCEL-000944,GRP-00189,SUBDIVISION_MISMATCH,MISMATCH,MEDIUM
SYN-CASE-000945,SYN-PARCEL-000945,GRP-00189,SUBDIVISION_MISMATCH,MISMATCH,MEDIUM
SYN-CASE-000946,SYN-PARCEL-000946,GRP-00190,SUBDIVISION_MISMATCH,MISMATCH,MEDIUM
SYN-CASE-000947,SYN-PARCEL-000947,GRP-00190,SUBDIVISION_MISMATCH,MISMATCH,MEDIUM
SYN-CASE-000948,SYN-PARCEL-000948,GRP-00190,SUBDIVISION_MISMATCH,MISMATCH,MEDIUM
SYN-CASE-000949,SYN-PARCEL-000949,GRP-00190,SUBDIVISION_MISMATCH,MISMATCH,MEDIUM
SYN-CASE-000950,SYN-PARCEL-000950,GRP-00190,SUBDIVISION_MISMATCH,MISMATCH,MEDIUM
SYN-CASE-000951,SYN-PARCEL-000951,GRP-00191,SUBDIVISION_MISMATCH,MISMATCH,MEDIUM
SYN-CASE-000952,SYN-PARCEL-000952,GRP-00191,SUBDIVISION_MISMATCH,MISMATCH,MEDIUM
SYN-CASE-000953,SYN-PARCEL-000953,GRP-00191,SUBDIVISION_MISMATCH,MISMATCH,MEDIUM
SYN-CASE-000954,SYN-PARCEL-000954,GRP-00191,SUBDIVISION_MISMATCH,MISMATCH,MEDIUM
SYN-CASE-000955,SYN-PARCEL-000955,GRP-00191,SUBDIVISION_MISMATCH,MISMATCH,MEDIUM
SYN-CASE-000956,SYN-PARCEL-000956,GRP-00192,SUBDIVISION_MISMATCH,MISMATCH,MEDIUM
SYN-CASE-000957,SYN-PARCEL-000957,GRP-00192,SUBDIVISION_MISMATCH,MISMATCH,MEDIUM
SYN-CASE-000958,SYN-PARCEL-000958,GRP-00192,SUBDIVISION_MISMATCH,MISMATCH,MEDIUM
SYN-CASE-000959,SYN-PARCEL-000959,GRP-00192,SUBDIVISION_MISMATCH,MISMATCH,MEDIUM
SYN-CASE-000960,SYN-PARCEL-000960,GRP-00192,SUBDIVISION_MISMATCH,MISMATCH,MEDIUM
SYN-CASE-000961,SYN-PARCEL-000961,GRP-00193,PLOT_MISMATCH,MISMATCH,EASY
SYN-CASE-000962,SYN-PARCEL-000962,GRP-00193,PLOT_MISMATCH,MISMATCH,EASY
SYN-CASE-000963,SYN-PARCEL-000963,GRP-00193,PLOT_MISMATCH,MISMATCH,EASY
SYN-CASE-000964,SYN-PARCEL-000964,GRP-00193,PLOT_MISMATCH,MISMATCH,EASY
SYN-CASE-000965,SYN-PARCEL-000965,GRP-00193,PLOT_MISMATCH,MISMATCH,EASY
SYN-CASE-000966,SYN-PARCEL-000966,GRP-00194,PLOT_MISMATCH,MISMATCH,EASY
SYN-CASE-000967,SYN-PARCEL-000967,GRP-00194,PLOT_MISMATCH,MISMATCH,EASY
SYN-CASE-000968,SYN-PARCEL-000968,GRP-00194,PLOT_MISMATCH,MISMATCH,EASY
SYN-CASE-000969,SYN-PARCEL-000969,GRP-00194,PLOT_MISMATCH,MISMATCH,EASY
SYN-CASE-000970,SYN-PARCEL-000970,GRP-00194,PLOT_MISMATCH,MISMATCH,EASY
SYN-CASE-000991,SYN-PARCEL-000991,GRP-00199,PLOT_MISMATCH,MISMATCH,EASY
SYN-CASE-000992,SYN-PARCEL-000992,GRP-00199,PLOT_MISMATCH,MISMATCH,EASY
SYN-CASE-000993,SYN-PARCEL-000993,GRP-00199,PLOT_MISMATCH,MISMATCH,EASY
SYN-CASE-000994,SYN-PARCEL-000994,GRP-00199,PLOT_MISMATCH,MISMATCH,EASY
SYN-CASE-000995,SYN-PARCEL-000995,GRP-00199,PLOT_MISMATCH,MISMATCH,EASY
SYN-CASE-000996,SYN-PARCEL-000996,GRP-00200,PLOT_MISMATCH,MISMATCH,EASY
SYN-CASE-000997,SYN-PARCEL-000997,GRP-00200,PLOT_MISMATCH,MISMATCH,EASY
SYN-CASE-000998,SYN-PARCEL-000998,GRP-00200,PLOT_MISMATCH,MISMATCH,EASY
SYN-CASE-000999,SYN-PARCEL-000999,GRP-00200,PLOT_MISMATCH,MISMATCH,EASY
SYN-CASE-001000,SYN-PARCEL-001000,GRP-00200,PLOT_MISMATCH,MISMATCH,EASY
SYN-CASE-001001,SYN-PARCEL-001001,GRP-00201,PLOT_MISMATCH,MISMATCH,EASY
SYN-CASE-001002,SYN-PARCEL-001002,GRP-00201,PLOT_MISMATCH,MISMATCH,EASY
SYN-CASE-001003,SYN-PARCEL-001003,GRP-00201,PLOT_MISMATCH,MISMATCH,EASY
SYN-CASE-001004,SYN-PARCEL-001004,GRP-00201,PLOT_MISMATCH,MISMATCH,EASY
SYN-CASE-001005,SYN-PARCEL-001005,GRP-00201,PLOT_MISMATCH,MISMATCH,EASY
SYN-CASE-001006,SYN-PARCEL-001006,GRP-00202,PLOT_MISMATCH,MISMATCH,EASY
SYN-CASE-001007,SYN-PARCEL-001007,GRP-00202,PLOT_MISMATCH,MISMATCH,EASY
SYN-CASE-001008,SYN-PARCEL-001008,GRP-00202,PLOT_MISMATCH,MISMATCH,EASY
SYN-CASE-001009,SYN-PARCEL-001009,GRP-00202,PLOT_MISMATCH,MISMATCH,EASY
SYN-CASE-001010,SYN-PARCEL-001010,GRP-00202,PLOT_MISMATCH,MISMATCH,EASY
SYN-CASE-001031,SYN-PARCEL-001031,GRP-00207,VILLAGE_MISMATCH,MISMATCH,EASY
SYN-CASE-001032,SYN-PARCEL-001032,GRP-00207,VILLAGE_MISMATCH,MISMATCH,EASY
SYN-CASE-001033,SYN-PARCEL-001033,GRP-00207,VILLAGE_MISMATCH,MISMATCH,EASY
SYN-CASE-001034,SYN-PARCEL-001034,GRP-00207,VILLAGE_MISMATCH,MISMATCH,EASY
SYN-CASE-001035,SYN-PARCEL-001035,GRP-00207,VILLAGE_MISMATCH,MISMATCH,EASY
SYN-CASE-001036,SYN-PARCEL-001036,GRP-00208,VILLAGE_MISMATCH,MISMATCH,EASY
SYN-CASE-001037,SYN-PARCEL-001037,GRP-00208,VILLAGE_MISMATCH,MISMATCH,EASY
SYN-CASE-001038,SYN-PARCEL-001038,GRP-00208,VILLAGE_MISMATCH,MISMATCH,EASY
SYN-CASE-001039,SYN-PARCEL-001039,GRP-00208,VILLAGE_MISMATCH,MISMATCH,EASY
SYN-CASE-001040,SYN-PARCEL-001040,GRP-00208,VILLAGE_MISMATCH,MISMATCH,EASY
SYN-CASE-001041,SYN-PARCEL-001041,GRP-00209,VILLAGE_MISMATCH,MISMATCH,EASY
SYN-CASE-001042,SYN-PARCEL-001042,GRP-00209,VILLAGE_MISMATCH,MISMATCH,EASY
SYN-CASE-001043,SYN-PARCEL-001043,GRP-00209,VILLAGE_MISMATCH,MISMATCH,EASY
SYN-CASE-001044,SYN-PARCEL-001044,GRP-00209,VILLAGE_MISMATCH,MISMATCH,EASY
SYN-CASE-001045,SYN-PARCEL-001045,GRP-00209,VILLAGE_MISMATCH,MISMATCH,EASY
SYN-CASE-001046,SYN-PARCEL-001046,GRP-00210,VILLAGE_MISMATCH,MISMATCH,EASY
SYN-CASE-001047,SYN-PARCEL-001047,GRP-00210,VILLAGE_MISMATCH,MISMATCH,EASY
SYN-CASE-001048,SYN-PARCEL-001048,GRP-00210,VILLAGE_MISMATCH,MISMATCH,EASY
SYN-CASE-001049,SYN-PARCEL-001049,GRP-00210,VILLAGE_MISMATCH,MISMATCH,EASY
SYN-CASE-001050,SYN-PARCEL-001050,GRP-00210,VILLAGE_MISMATCH,MISMATCH,EASY
SYN-CASE-001051,SYN-PARCEL-001051,GRP-00211,MISSING_FIELD,MISSING,EASY
SYN-CASE-001052,SYN-PARCEL-001052,GRP-00211,MISSING_FIELD,MISSING,EASY
SYN-CASE-001053,SYN-PARCEL-001053,GRP-00211,MISSING_FIELD,MISSING,EASY
SYN-CASE-001054,SYN-PARCEL-001054,GRP-00211,MISSING_FIELD,MISSING,EASY
SYN-CASE-001055,SYN-PARCEL-001055,GRP-00211,MISSING_FIELD,MISSING,EASY
SYN-CASE-001056,SYN-PARCEL-001056,GRP-00212,MISSING_FIELD,MISSING,EASY
SYN-CASE-001057,SYN-PARCEL-001057,GRP-00212,MISSING_FIELD,MISSING,EASY
SYN-CASE-001058,SYN-PARCEL-001058,GRP-00212,MISSING_FIELD,MISSING,EASY
SYN-CASE-001059,SYN-PARCEL-001059,GRP-00212,MISSING_FIELD,MISSING,EASY
SYN-CASE-001060,SYN-PARCEL-001060,GRP-00212,MISSING_FIELD,MISSING,EASY
SYN-CASE-001061,SYN-PARCEL-001061,GRP-00213,MISSING_FIELD,MISSING,EASY
SYN-CASE-001062,SYN-PARCEL-001062,GRP-00213,MISSING_FIELD,MISSING,EASY
SYN-CASE-001063,SYN-PARCEL-001063,GRP-00213,MISSING_FIELD,MISSING,EASY
SYN-CASE-001064,SYN-PARCEL-001064,GRP-00213,MISSING_FIELD,MISSING,EASY
SYN-CASE-001065,SYN-PARCEL-001065,GRP-00213,MISSING_FIELD,MISSING,EASY
SYN-CASE-001066,SYN-PARCEL-001066,GRP-00214,MISSING_FIELD,MISSING,EASY
SYN-CASE-001067,SYN-PARCEL-001067,GRP-00214,MISSING_FIELD,MISSING,EASY
SYN-CASE-001068,SYN-PARCEL-001068,GRP-00214,MISSING_FIELD,MISSING,EASY
SYN-CASE-001069,SYN-PARCEL-001069,GRP-00214,MISSING_FIELD,MISSING,EASY
SYN-CASE-001070,SYN-PARCEL-001070,GRP-00214,MISSING_FIELD,MISSING,EASY
SYN-CASE-001076,SYN-PARCEL-001076,GRP-00216,MISSING_FIELD,MISSING,EASY
SYN-CASE-001077,SYN-PARCEL-001077,GRP-00216,MISSING_FIELD,MISSING,EASY
SYN-CASE-001078,SYN-PARCEL-001078,GRP-00216,MISSING_FIELD,MISSING,EASY
SYN-CASE-001079,SYN-PARCEL-001079,GRP-00216,MISSING_FIELD,MISSING,EASY
SYN-CASE-001080,SYN-PARCEL-001080,GRP-00216,MISSING_FIELD,MISSING,EASY
SYN-CASE-001086,SYN-PARCEL-001086,GRP-00218,MISSING_FIELD,MISSING,EASY
SYN-CASE-001087,SYN-PARCEL-001087,GRP-00218,MISSING_FIELD,MISSING,EASY
SYN-CASE-001088,SYN-PARCEL-001088,GRP-00218,MISSING_FIELD,MISSING,EASY
SYN-CASE-001089,SYN-PARCEL-001089,GRP-00218,MISSING_FIELD,MISSING,EASY
SYN-CASE-001090,SYN-PARCEL-001090,GRP-00218,MISSING_FIELD,MISSING,EASY
SYN-CASE-001091,SYN-PARCEL-001091,GRP-00219,MISSING_FIELD,MISSING,EASY
SYN-CASE-001092,SYN-PARCEL-001092,GRP-00219,MISSING_FIELD,MISSING,EASY
SYN-CASE-001093,SYN-PARCEL-001093,GRP-00219,MISSING_FIELD,MISSING,EASY
SYN-CASE-001094,SYN-PARCEL-001094,GRP-00219,MISSING_FIELD,MISSING,EASY
SYN-CASE-001095,SYN-PARCEL-001095,GRP-00219,MISSING_FIELD,MISSING,EASY
SYN-CASE-001106,SYN-PARCEL-001106,GRP-00222,MISSING_FIELD,MISSING,EASY
SYN-CASE-001107,SYN-PARCEL-001107,GRP-00222,MISSING_FIELD,MISSING,EASY
SYN-CASE-001108,SYN-PARCEL-001108,GRP-00222,MISSING_FIELD,MISSING,EASY
SYN-CASE-001109,SYN-PARCEL-001109,GRP-00222,MISSING_FIELD,MISSING,EASY
SYN-CASE-001110,SYN-PARCEL-001110,GRP-00222,MISSING_FIELD,MISSING,EASY
SYN-CASE-001121,SYN-PARCEL-001121,GRP-00225,MISSING_FIELD,MISSING,EASY
SYN-CASE-001122,SYN-PARCEL-001122,GRP-00225,MISSING_FIELD,MISSING,EASY
SYN-CASE-001123,SYN-PARCEL-001123,GRP-00225,MISSING_FIELD,MISSING,EASY
SYN-CASE-001124,SYN-PARCEL-001124,GRP-00225,MISSING_FIELD,MISSING,EASY
SYN-CASE-001125,SYN-PARCEL-001125,GRP-00225,MISSING_FIELD,MISSING,EASY
SYN-CASE-001131,SYN-PARCEL-001131,GRP-00227,DUPLICATE_DOCUMENT,MATCH,EASY
SYN-CASE-001132,SYN-PARCEL-001132,GRP-00227,DUPLICATE_DOCUMENT,MATCH,EASY
SYN-CASE-001133,SYN-PARCEL-001133,GRP-00227,DUPLICATE_DOCUMENT,MATCH,EASY
SYN-CASE-001134,SYN-PARCEL-001134,GRP-00227,DUPLICATE_DOCUMENT,MATCH,EASY
SYN-CASE-001135,SYN-PARCEL-001135,GRP-00227,DUPLICATE_DOCUMENT,MATCH,EASY
SYN-CASE-001136,SYN-PARCEL-001136,GRP-00228,DUPLICATE_DOCUMENT,MATCH,EASY
SYN-CASE-001137,SYN-PARCEL-001137,GRP-00228,DUPLICATE_DOCUMENT,MATCH,EASY
SYN-CASE-001138,SYN-PARCEL-001138,GRP-00228,DUPLICATE_DOCUMENT,MATCH,EASY
SYN-CASE-001139,SYN-PARCEL-001139,GRP-00228,DUPLICATE_DOCUMENT,MATCH,EASY
SYN-CASE-001140,SYN-PARCEL-001140,GRP-00228,DUPLICATE_DOCUMENT,MATCH,EASY
SYN-CASE-001146,SYN-PARCEL-001146,GRP-00230,DUPLICATE_DOCUMENT,MATCH,EASY
SYN-CASE-001147,SYN-PARCEL-001147,GRP-00230,DUPLICATE_DOCUMENT,MATCH,EASY
SYN-CASE-001148,SYN-PARCEL-001148,GRP-00230,DUPLICATE_DOCUMENT,MATCH,EASY
SYN-CASE-001149,SYN-PARCEL-001149,GRP-00230,DUPLICATE_DOCUMENT,MATCH,EASY
SYN-CASE-001150,SYN-PARCEL-001150,GRP-00230,DUPLICATE_DOCUMENT,MATCH,EASY
SYN-CASE-001151,SYN-PARCEL-001151,GRP-00231,DUPLICATE_DOCUMENT,MATCH,EASY
SYN-CASE-001152,SYN-PARCEL-001152,GRP-00231,DUPLICATE_DOCUMENT,MATCH,EASY
SYN-CASE-001153,SYN-PARCEL-001153,GRP-00231,DUPLICATE_DOCUMENT,MATCH,EASY
SYN-CASE-001154,SYN-PARCEL-001154,GRP-00231,DUPLICATE_DOCUMENT,MATCH,EASY
SYN-CASE-001155,SYN-PARCEL-001155,GRP-00231,DUPLICATE_DOCUMENT,MATCH,EASY
SYN-CASE-001156,SYN-PARCEL-001156,GRP-00232,DUPLICATE_DOCUMENT,MATCH,EASY
SYN-CASE-001157,SYN-PARCEL-001157,GRP-00232,DUPLICATE_DOCUMENT,MATCH,EASY
SYN-CASE-001158,SYN-PARCEL-001158,GRP-00232,DUPLICATE_DOCUMENT,MATCH,EASY
SYN-CASE-001159,SYN-PARCEL-001159,GRP-00232,DUPLICATE_DOCUMENT,MATCH,EASY
SYN-CASE-001160,SYN-PARCEL-001160,GRP-00232,DUPLICATE_DOCUMENT,MATCH,EASY
SYN-CASE-001176,SYN-PARCEL-001176,GRP-00236,DUPLICATE_DOCUMENT,MATCH,EASY
SYN-CASE-001177,SYN-PARCEL-001177,GRP-00236,DUPLICATE_DOCUMENT,MATCH,EASY
SYN-CASE-001178,SYN-PARCEL-001178,GRP-00236,DUPLICATE_DOCUMENT,MATCH,EASY
SYN-CASE-001179,SYN-PARCEL-001179,GRP-00236,DUPLICATE_DOCUMENT,MATCH,EASY
SYN-CASE-001180,SYN-PARCEL-001180,GRP-00236,DUPLICATE_DOCUMENT,MATCH,EASY
SYN-CASE-001186,SYN-PARCEL-001186,GRP-00238,STALE_RECORD,REVIEW_REQUIRED,MEDIUM
SYN-CASE-001187,SYN-PARCEL-001187,GRP-00238,STALE_RECORD,REVIEW_REQUIRED,MEDIUM
SYN-CASE-001188,SYN-PARCEL-001188,GRP-00238,STALE_RECORD,REVIEW_REQUIRED,MEDIUM
SYN-CASE-001189,SYN-PARCEL-001189,GRP-00238,STALE_RECORD,REVIEW_REQUIRED,MEDIUM
SYN-CASE-001190,SYN-PARCEL-001190,GRP-00238,STALE_RECORD,REVIEW_REQUIRED,MEDIUM
SYN-CASE-001201,SYN-PARCEL-001201,GRP-00241,STALE_RECORD,REVIEW_REQUIRED,MEDIUM
SYN-CASE-001202,SYN-PARCEL-001202,GRP-00241,STALE_RECORD,REVIEW_REQUIRED,MEDIUM
SYN-CASE-001203,SYN-PARCEL-001203,GRP-00241,STALE_RECORD,REVIEW_REQUIRED,MEDIUM
SYN-CASE-001204,SYN-PARCEL-001204,GRP-00241,STALE_RECORD,REVIEW_REQUIRED,MEDIUM
SYN-CASE-001205,SYN-PARCEL-001205,GRP-00241,STALE_RECORD,REVIEW_REQUIRED,MEDIUM
SYN-CASE-001206,SYN-PARCEL-001206,GRP-00242,STALE_RECORD,REVIEW_REQUIRED,MEDIUM
SYN-CASE-001207,SYN-PARCEL-001207,GRP-00242,STALE_RECORD,REVIEW_REQUIRED,MEDIUM
SYN-CASE-001208,SYN-PARCEL-001208,GRP-00242,STALE_RECORD,REVIEW_REQUIRED,MEDIUM
SYN-CASE-001209,SYN-PARCEL-001209,GRP-00242,STALE_RECORD,REVIEW_REQUIRED,MEDIUM
SYN-CASE-001210,SYN-PARCEL-001210,GRP-00242,STALE_RECORD,REVIEW_REQUIRED,MEDIUM
SYN-CASE-001211,SYN-PARCEL-001211,GRP-00243,STALE_RECORD,REVIEW_REQUIRED,MEDIUM
SYN-CASE-001212,SYN-PARCEL-001212,GRP-00243,STALE_RECORD,REVIEW_REQUIRED,MEDIUM
SYN-CASE-001213,SYN-PARCEL-001213,GRP-00243,STALE_RECORD,REVIEW_REQUIRED,MEDIUM
SYN-CASE-001214,SYN-PARCEL-001214,GRP-00243,STALE_RECORD,REVIEW_REQUIRED,MEDIUM
SYN-CASE-001215,SYN-PARCEL-001215,GRP-00243,STALE_RECORD,REVIEW_REQUIRED,MEDIUM
SYN-CASE-001216,SYN-PARCEL-001216,GRP-00244,STALE_RECORD,REVIEW_REQUIRED,MEDIUM
SYN-CASE-001217,SYN-PARCEL-001217,GRP-00244,STALE_RECORD,REVIEW_REQUIRED,MEDIUM
SYN-CASE-001218,SYN-PARCEL-001218,GRP-00244,STALE_RECORD,REVIEW_REQUIRED,MEDIUM
SYN-CASE-001219,SYN-PARCEL-001219,GRP-00244,STALE_RECORD,REVIEW_REQUIRED,MEDIUM
SYN-CASE-001220,SYN-PARCEL-001220,GRP-00244,STALE_RECORD,REVIEW_REQUIRED,MEDIUM
SYN-CASE-001221,SYN-PARCEL-001221,GRP-00245,CO_OWNERSHIP_INCONSISTENCY,REVIEW_REQUIRED,HARD
SYN-CASE-001222,SYN-PARCEL-001222,GRP-00245,CO_OWNERSHIP_INCONSISTENCY,REVIEW_REQUIRED,HARD
SYN-CASE-001223,SYN-PARCEL-001223,GRP-00245,CO_OWNERSHIP_INCONSISTENCY,REVIEW_REQUIRED,HARD
SYN-CASE-001224,SYN-PARCEL-001224,GRP-00245,CO_OWNERSHIP_INCONSISTENCY,REVIEW_REQUIRED,HARD
SYN-CASE-001225,SYN-PARCEL-001225,GRP-00245,CO_OWNERSHIP_INCONSISTENCY,REVIEW_REQUIRED,HARD
SYN-CASE-001226,SYN-PARCEL-001226,GRP-00246,CO_OWNERSHIP_INCONSISTENCY,REVIEW_REQUIRED,HARD
SYN-CASE-001227,SYN-PARCEL-001227,GRP-00246,CO_OWNERSHIP_INCONSISTENCY,REVIEW_REQUIRED,HARD
SYN-CASE-001228,SYN-PARCEL-001228,GRP-00246,CO_OWNERSHIP_INCONSISTENCY,REVIEW_REQUIRED,HARD
SYN-CASE-001229,SYN-PARCEL-001229,GRP-00246,CO_OWNERSHIP_INCONSISTENCY,REVIEW_REQUIRED,HARD
SYN-CASE-001230,SYN-PARCEL-001230,GRP-00246,CO_OWNERSHIP_INCONSISTENCY,REVIEW_REQUIRED,HARD
SYN-CASE-001231,SYN-PARCEL-001231,GRP-00247,CO_OWNERSHIP_INCONSISTENCY,REVIEW_REQUIRED,HARD
SYN-CASE-001232,SYN-PARCEL-001232,GRP-00247,CO_OWNERSHIP_INCONSISTENCY,REVIEW_REQUIRED,HARD
SYN-CASE-001233,SYN-PARCEL-001233,GRP-00247,CO_OWNERSHIP_INCONSISTENCY,REVIEW_REQUIRED,HARD
SYN-CASE-001234,SYN-PARCEL-001234,GRP-00247,CO_OWNERSHIP_INCONSISTENCY,REVIEW_REQUIRED,HARD
SYN-CASE-001235,SYN-PARCEL-001235,GRP-00247,CO_OWNERSHIP_INCONSISTENCY,REVIEW_REQUIRED,HARD
SYN-CASE-001236,SYN-PARCEL-001236,GRP-00248,CO_OWNERSHIP_INCONSISTENCY,REVIEW_REQUIRED,HARD
SYN-CASE-001237,SYN-PARCEL-001237,GRP-00248,CO_OWNERSHIP_INCONSISTENCY,REVIEW_REQUIRED,HARD
SYN-CASE-001238,SYN-PARCEL-001238,GRP-00248,CO_OWNERSHIP_INCONSISTENCY,REVIEW_REQUIRED,HARD
SYN-CASE-001239,SYN-PARCEL-001239,GRP-00248,CO_OWNERSHIP_INCONSISTENCY,REVIEW_REQUIRED,HARD
SYN-CASE-001240,SYN-PARCEL-001240,GRP-00248,CO_OWNERSHIP_INCONSISTENCY,REVIEW_REQUIRED,HARD
SYN-CASE-001241,SYN-PARCEL-001241,GRP-00249,CO_OWNERSHIP_INCONSISTENCY,REVIEW_REQUIRED,HARD
SYN-CASE-001242,SYN-PARCEL-001242,GRP-00249,CO_OWNERSHIP_INCONSISTENCY,REVIEW_REQUIRED,HARD
SYN-CASE-001243,SYN-PARCEL-001243,GRP-00249,CO_OWNERSHIP_INCONSISTENCY,REVIEW_REQUIRED,HARD
SYN-CASE-001244,SYN-PARCEL-001244,GRP-00249,CO_OWNERSHIP_INCONSISTENCY,REVIEW_REQUIRED,HARD
SYN-CASE-001245,SYN-PARCEL-001245,GRP-00249,CO_OWNERSHIP_INCONSISTENCY,REVIEW_REQUIRED,HARD
SYN-CASE-001246,SYN-PARCEL-001246,GRP-00250,CO_OWNERSHIP_INCONSISTENCY,REVIEW_REQUIRED,HARD
SYN-CASE-001247,SYN-PARCEL-001247,GRP-00250,CO_OWNERSHIP_INCONSISTENCY,REVIEW_REQUIRED,HARD
SYN-CASE-001248,SYN-PARCEL-001248,GRP-00250,CO_OWNERSHIP_INCONSISTENCY,REVIEW_REQUIRED,HARD
SYN-CASE-001249,SYN-PARCEL-001249,GRP-00250,CO_OWNERSHIP_INCONSISTENCY,REVIEW_REQUIRED,HARD
SYN-CASE-001250,SYN-PARCEL-001250,GRP-00250,CO_OWNERSHIP_INCONSISTENCY,REVIEW_REQUIRED,HARD
SYN-CASE-001256,SYN-PARCEL-001256,GRP-00252,CO_OWNERSHIP_INCONSISTENCY,REVIEW_REQUIRED,HARD
SYN-CASE-001257,SYN-PARCEL-001257,GRP-00252,CO_OWNERSHIP_INCONSISTENCY,REVIEW_REQUIRED,HARD
SYN-CASE-001258,SYN-PARCEL-001258,GRP-00252,CO_OWNERSHIP_INCONSISTENCY,REVIEW_REQUIRED,HARD
SYN-CASE-001259,SYN-PARCEL-001259,GRP-00252,CO_OWNERSHIP_INCONSISTENCY,REVIEW_REQUIRED,HARD
SYN-CASE-001260,SYN-PARCEL-001260,GRP-00252,CO_OWNERSHIP_INCONSISTENCY,REVIEW_REQUIRED,HARD
SYN-CASE-001266,SYN-PARCEL-001266,GRP-00254,CO_OWNERSHIP_INCONSISTENCY,REVIEW_REQUIRED,HARD
SYN-CASE-001267,SYN-PARCEL-001267,GRP-00254,CO_OWNERSHIP_INCONSISTENCY,REVIEW_REQUIRED,HARD
SYN-CASE-001268,SYN-PARCEL-001268,GRP-00254,CO_OWNERSHIP_INCONSISTENCY,REVIEW_REQUIRED,HARD
SYN-CASE-001269,SYN-PARCEL-001269,GRP-00254,CO_OWNERSHIP_INCONSISTENCY,REVIEW_REQUIRED,HARD
SYN-CASE-001270,SYN-PARCEL-001270,GRP-00254,CO_OWNERSHIP_INCONSISTENCY,REVIEW_REQUIRED,HARD
SYN-CASE-001271,SYN-PARCEL-001271,GRP-00255,CO_OWNERSHIP_INCONSISTENCY,REVIEW_REQUIRED,HARD
SYN-CASE-001272,SYN-PARCEL-001272,GRP-00255,CO_OWNERSHIP_INCONSISTENCY,REVIEW_REQUIRED,HARD
SYN-CASE-001273,SYN-PARCEL-001273,GRP-00255,CO_OWNERSHIP_INCONSISTENCY,REVIEW_REQUIRED,HARD
SYN-CASE-001274,SYN-PARCEL-001274,GRP-00255,CO_OWNERSHIP_INCONSISTENCY,REVIEW_REQUIRED,HARD
SYN-CASE-001275,SYN-PARCEL-001275,GRP-00255,CO_OWNERSHIP_INCONSISTENCY,REVIEW_REQUIRED,HARD
SYN-CASE-001286,SYN-PARCEL-001286,GRP-00258,CO_OWNERSHIP_INCONSISTENCY,REVIEW_REQUIRED,HARD
SYN-CASE-001287,SYN-PARCEL-001287,GRP-00258,CO_OWNERSHIP_INCONSISTENCY,REVIEW_REQUIRED,HARD
SYN-CASE-001288,SYN-PARCEL-001288,GRP-00258,CO_OWNERSHIP_INCONSISTENCY,REVIEW_REQUIRED,HARD
SYN-CASE-001289,SYN-PARCEL-001289,GRP-00258,CO_OWNERSHIP_INCONSISTENCY,REVIEW_REQUIRED,HARD
SYN-CASE-001290,SYN-PARCEL-001290,GRP-00258,CO_OWNERSHIP_INCONSISTENCY,REVIEW_REQUIRED,HARD
SYN-CASE-001291,SYN-PARCEL-001291,GRP-00259,INHERITANCE_COMPETING_CLAIM,REVIEW_REQUIRED,HARD
SYN-CASE-001292,SYN-PARCEL-001292,GRP-00259,INHERITANCE_COMPETING_CLAIM,REVIEW_REQUIRED,HARD
SYN-CASE-001293,SYN-PARCEL-001293,GRP-00259,INHERITANCE_COMPETING_CLAIM,REVIEW_REQUIRED,HARD
SYN-CASE-001294,SYN-PARCEL-001294,GRP-00259,INHERITANCE_COMPETING_CLAIM,REVIEW_REQUIRED,HARD
SYN-CASE-001295,SYN-PARCEL-001295,GRP-00259,INHERITANCE_COMPETING_CLAIM,REVIEW_REQUIRED,HARD
SYN-CASE-001306,SYN-PARCEL-001306,GRP-00262,INHERITANCE_COMPETING_CLAIM,REVIEW_REQUIRED,HARD
SYN-CASE-001307,SYN-PARCEL-001307,GRP-00262,INHERITANCE_COMPETING_CLAIM,REVIEW_REQUIRED,HARD
SYN-CASE-001308,SYN-PARCEL-001308,GRP-00262,INHERITANCE_COMPETING_CLAIM,REVIEW_REQUIRED,HARD
SYN-CASE-001309,SYN-PARCEL-001309,GRP-00262,INHERITANCE_COMPETING_CLAIM,REVIEW_REQUIRED,HARD
SYN-CASE-001310,SYN-PARCEL-001310,GRP-00262,INHERITANCE_COMPETING_CLAIM,REVIEW_REQUIRED,HARD
SYN-CASE-001311,SYN-PARCEL-001311,GRP-00263,INHERITANCE_COMPETING_CLAIM,REVIEW_REQUIRED,HARD
SYN-CASE-001312,SYN-PARCEL-001312,GRP-00263,INHERITANCE_COMPETING_CLAIM,REVIEW_REQUIRED,HARD
SYN-CASE-001313,SYN-PARCEL-001313,GRP-00263,INHERITANCE_COMPETING_CLAIM,REVIEW_REQUIRED,HARD
SYN-CASE-001314,SYN-PARCEL-001314,GRP-00263,INHERITANCE_COMPETING_CLAIM,REVIEW_REQUIRED,HARD
SYN-CASE-001315,SYN-PARCEL-001315,GRP-00263,INHERITANCE_COMPETING_CLAIM,REVIEW_REQUIRED,HARD
SYN-CASE-001316,SYN-PARCEL-001316,GRP-00264,INHERITANCE_COMPETING_CLAIM,REVIEW_REQUIRED,HARD
SYN-CASE-001317,SYN-PARCEL-001317,GRP-00264,INHERITANCE_COMPETING_CLAIM,REVIEW_REQUIRED,HARD
SYN-CASE-001318,SYN-PARCEL-001318,GRP-00264,INHERITANCE_COMPETING_CLAIM,REVIEW_REQUIRED,HARD
SYN-CASE-001319,SYN-PARCEL-001319,GRP-00264,INHERITANCE_COMPETING_CLAIM,REVIEW_REQUIRED,HARD
SYN-CASE-001320,SYN-PARCEL-001320,GRP-00264,INHERITANCE_COMPETING_CLAIM,REVIEW_REQUIRED,HARD
SYN-CASE-001321,SYN-PARCEL-001321,GRP-00265,INHERITANCE_COMPETING_CLAIM,REVIEW_REQUIRED,HARD
SYN-CASE-001322,SYN-PARCEL-001322,GRP-00265,INHERITANCE_COMPETING_CLAIM,REVIEW_REQUIRED,HARD
SYN-CASE-001323,SYN-PARCEL-001323,GRP-00265,INHERITANCE_COMPETING_CLAIM,REVIEW_REQUIRED,HARD
SYN-CASE-001324,SYN-PARCEL-001324,GRP-00265,INHERITANCE_COMPETING_CLAIM,REVIEW_REQUIRED,HARD
SYN-CASE-001325,SYN-PARCEL-001325,GRP-00265,INHERITANCE_COMPETING_CLAIM,REVIEW_REQUIRED,HARD
SYN-CASE-001326,SYN-PARCEL-001326,GRP-00266,INHERITANCE_COMPETING_CLAIM,REVIEW_REQUIRED,HARD
SYN-CASE-001327,SYN-PARCEL-001327,GRP-00266,INHERITANCE_COMPETING_CLAIM,REVIEW_REQUIRED,HARD
SYN-CASE-001328,SYN-PARCEL-001328,GRP-00266,INHERITANCE_COMPETING_CLAIM,REVIEW_REQUIRED,HARD
SYN-CASE-001329,SYN-PARCEL-001329,GRP-00266,INHERITANCE_COMPETING_CLAIM,REVIEW_REQUIRED,HARD
SYN-CASE-001330,SYN-PARCEL-001330,GRP-00266,INHERITANCE_COMPETING_CLAIM,REVIEW_REQUIRED,HARD
SYN-CASE-001331,SYN-PARCEL-001331,GRP-00267,INHERITANCE_COMPETING_CLAIM,REVIEW_REQUIRED,HARD
SYN-CASE-001332,SYN-PARCEL-001332,GRP-00267,INHERITANCE_COMPETING_CLAIM,REVIEW_REQUIRED,HARD
SYN-CASE-001333,SYN-PARCEL-001333,GRP-00267,INHERITANCE_COMPETING_CLAIM,REVIEW_REQUIRED,HARD
SYN-CASE-001334,SYN-PARCEL-001334,GRP-00267,INHERITANCE_COMPETING_CLAIM,REVIEW_REQUIRED,HARD
SYN-CASE-001335,SYN-PARCEL-001335,GRP-00267,INHERITANCE_COMPETING_CLAIM,REVIEW_REQUIRED,HARD
SYN-CASE-001336,SYN-PARCEL-001336,GRP-00268,INHERITANCE_COMPETING_CLAIM,REVIEW_REQUIRED,HARD
SYN-CASE-001337,SYN-PARCEL-001337,GRP-00268,INHERITANCE_COMPETING_CLAIM,REVIEW_REQUIRED,HARD
SYN-CASE-001338,SYN-PARCEL-001338,GRP-00268,INHERITANCE_COMPETING_CLAIM,REVIEW_REQUIRED,HARD
SYN-CASE-001339,SYN-PARCEL-001339,GRP-00268,INHERITANCE_COMPETING_CLAIM,REVIEW_REQUIRED,HARD
SYN-CASE-001340,SYN-PARCEL-001340,GRP-00268,INHERITANCE_COMPETING_CLAIM,REVIEW_REQUIRED,HARD
SYN-CASE-001341,SYN-PARCEL-001341,GRP-00269,INHERITANCE_COMPETING_CLAIM,REVIEW_REQUIRED,HARD
SYN-CASE-001342,SYN-PARCEL-001342,GRP-00269,INHERITANCE_COMPETING_CLAIM,REVIEW_REQUIRED,HARD
SYN-CASE-001343,SYN-PARCEL-001343,GRP-00269,INHERITANCE_COMPETING_CLAIM,REVIEW_REQUIRED,HARD
SYN-CASE-001344,SYN-PARCEL-001344,GRP-00269,INHERITANCE_COMPETING_CLAIM,REVIEW_REQUIRED,HARD
SYN-CASE-001345,SYN-PARCEL-001345,GRP-00269,INHERITANCE_COMPETING_CLAIM,REVIEW_REQUIRED,HARD
SYN-CASE-001346,SYN-PARCEL-001346,GRP-00270,INHERITANCE_COMPETING_CLAIM,REVIEW_REQUIRED,HARD
SYN-CASE-001347,SYN-PARCEL-001347,GRP-00270,INHERITANCE_COMPETING_CLAIM,REVIEW_REQUIRED,HARD
SYN-CASE-001348,SYN-PARCEL-001348,GRP-00270,INHERITANCE_COMPETING_CLAIM,REVIEW_REQUIRED,HARD
SYN-CASE-001349,SYN-PARCEL-001349,GRP-00270,INHERITANCE_COMPETING_CLAIM,REVIEW_REQUIRED,HARD
SYN-CASE-001350,SYN-PARCEL-001350,GRP-00270,INHERITANCE_COMPETING_CLAIM,REVIEW_REQUIRED,HARD
SYN-CASE-001356,SYN-PARCEL-001356,GRP-00272,MUTATION_PENDING_UNAPPROVED,REVIEW_REQUIRED,MEDIUM
SYN-CASE-001357,SYN-PARCEL-001357,GRP-00272,MUTATION_PENDING_UNAPPROVED,REVIEW_REQUIRED,MEDIUM
SYN-CASE-001358,SYN-PARCEL-001358,GRP-00272,MUTATION_PENDING_UNAPPROVED,REVIEW_REQUIRED,MEDIUM
SYN-CASE-001359,SYN-PARCEL-001359,GRP-00272,MUTATION_PENDING_UNAPPROVED,REVIEW_REQUIRED,MEDIUM
SYN-CASE-001360,SYN-PARCEL-001360,GRP-00272,MUTATION_PENDING_UNAPPROVED,REVIEW_REQUIRED,MEDIUM
SYN-CASE-001361,SYN-PARCEL-001361,GRP-00273,MUTATION_PENDING_UNAPPROVED,REVIEW_REQUIRED,MEDIUM
SYN-CASE-001362,SYN-PARCEL-001362,GRP-00273,MUTATION_PENDING_UNAPPROVED,REVIEW_REQUIRED,MEDIUM
SYN-CASE-001363,SYN-PARCEL-001363,GRP-00273,MUTATION_PENDING_UNAPPROVED,REVIEW_REQUIRED,MEDIUM
SYN-CASE-001364,SYN-PARCEL-001364,GRP-00273,MUTATION_PENDING_UNAPPROVED,REVIEW_REQUIRED,MEDIUM
SYN-CASE-001365,SYN-PARCEL-001365,GRP-00273,MUTATION_PENDING_UNAPPROVED,REVIEW_REQUIRED,MEDIUM
SYN-CASE-001381,SYN-PARCEL-001381,GRP-00277,MUTATION_PENDING_UNAPPROVED,REVIEW_REQUIRED,MEDIUM
SYN-CASE-001382,SYN-PARCEL-001382,GRP-00277,MUTATION_PENDING_UNAPPROVED,REVIEW_REQUIRED,MEDIUM
SYN-CASE-001383,SYN-PARCEL-001383,GRP-00277,MUTATION_PENDING_UNAPPROVED,REVIEW_REQUIRED,MEDIUM
SYN-CASE-001384,SYN-PARCEL-001384,GRP-00277,MUTATION_PENDING_UNAPPROVED,REVIEW_REQUIRED,MEDIUM
SYN-CASE-001385,SYN-PARCEL-001385,GRP-00277,MUTATION_PENDING_UNAPPROVED,REVIEW_REQUIRED,MEDIUM
SYN-CASE-001386,SYN-PARCEL-001386,GRP-00278,MUTATION_PENDING_UNAPPROVED,REVIEW_REQUIRED,MEDIUM
SYN-CASE-001387,SYN-PARCEL-001387,GRP-00278,MUTATION_PENDING_UNAPPROVED,REVIEW_REQUIRED,MEDIUM
SYN-CASE-001388,SYN-PARCEL-001388,GRP-00278,MUTATION_PENDING_UNAPPROVED,REVIEW_REQUIRED,MEDIUM
SYN-CASE-001389,SYN-PARCEL-001389,GRP-00278,MUTATION_PENDING_UNAPPROVED,REVIEW_REQUIRED,MEDIUM
SYN-CASE-001390,SYN-PARCEL-001390,GRP-00278,MUTATION_PENDING_UNAPPROVED,REVIEW_REQUIRED,MEDIUM
SYN-CASE-001391,SYN-PARCEL-001391,GRP-00279,MUTATION_PENDING_UNAPPROVED,REVIEW_REQUIRED,MEDIUM
SYN-CASE-001392,SYN-PARCEL-001392,GRP-00279,MUTATION_PENDING_UNAPPROVED,REVIEW_REQUIRED,MEDIUM
SYN-CASE-001393,SYN-PARCEL-001393,GRP-00279,MUTATION_PENDING_UNAPPROVED,REVIEW_REQUIRED,MEDIUM
SYN-CASE-001394,SYN-PARCEL-001394,GRP-00279,MUTATION_PENDING_UNAPPROVED,REVIEW_REQUIRED,MEDIUM
SYN-CASE-001395,SYN-PARCEL-001395,GRP-00279,MUTATION_PENDING_UNAPPROVED,REVIEW_REQUIRED,MEDIUM
SYN-CASE-001396,SYN-PARCEL-001396,GRP-00280,MUTATION_PENDING_UNAPPROVED,REVIEW_REQUIRED,MEDIUM
SYN-CASE-001397,SYN-PARCEL-001397,GRP-00280,MUTATION_PENDING_UNAPPROVED,REVIEW_REQUIRED,MEDIUM
SYN-CASE-001398,SYN-PARCEL-001398,GRP-00280,MUTATION_PENDING_UNAPPROVED,REVIEW_REQUIRED,MEDIUM
SYN-CASE-001399,SYN-PARCEL-001399,GRP-00280,MUTATION_PENDING_UNAPPROVED,REVIEW_REQUIRED,MEDIUM
SYN-CASE-001400,SYN-PARCEL-001400,GRP-00280,MUTATION_PENDING_UNAPPROVED,REVIEW_REQUIRED,MEDIUM
SYN-CASE-001401,SYN-PARCEL-001401,GRP-00281,MUTATION_CHRONOLOGY_CONFLICT,MISMATCH,HARD
SYN-CASE-001402,SYN-PARCEL-001402,GRP-00281,MUTATION_CHRONOLOGY_CONFLICT,MISMATCH,HARD
SYN-CASE-001403,SYN-PARCEL-001403,GRP-00281,MUTATION_CHRONOLOGY_CONFLICT,MISMATCH,HARD
SYN-CASE-001404,SYN-PARCEL-001404,GRP-00281,MUTATION_CHRONOLOGY_CONFLICT,MISMATCH,HARD
SYN-CASE-001405,SYN-PARCEL-001405,GRP-00281,MUTATION_CHRONOLOGY_CONFLICT,MISMATCH,HARD
SYN-CASE-001411,SYN-PARCEL-001411,GRP-00283,MUTATION_CHRONOLOGY_CONFLICT,MISMATCH,HARD
SYN-CASE-001412,SYN-PARCEL-001412,GRP-00283,MUTATION_CHRONOLOGY_CONFLICT,MISMATCH,HARD
SYN-CASE-001413,SYN-PARCEL-001413,GRP-00283,MUTATION_CHRONOLOGY_CONFLICT,MISMATCH,HARD
SYN-CASE-001414,SYN-PARCEL-001414,GRP-00283,MUTATION_CHRONOLOGY_CONFLICT,MISMATCH,HARD
SYN-CASE-001415,SYN-PARCEL-001415,GRP-00283,MUTATION_CHRONOLOGY_CONFLICT,MISMATCH,HARD
SYN-CASE-001431,SYN-PARCEL-001431,GRP-00287,MUTATION_CHRONOLOGY_CONFLICT,MISMATCH,HARD
SYN-CASE-001432,SYN-PARCEL-001432,GRP-00287,MUTATION_CHRONOLOGY_CONFLICT,MISMATCH,HARD
SYN-CASE-001433,SYN-PARCEL-001433,GRP-00287,MUTATION_CHRONOLOGY_CONFLICT,MISMATCH,HARD
SYN-CASE-001434,SYN-PARCEL-001434,GRP-00287,MUTATION_CHRONOLOGY_CONFLICT,MISMATCH,HARD
SYN-CASE-001435,SYN-PARCEL-001435,GRP-00287,MUTATION_CHRONOLOGY_CONFLICT,MISMATCH,HARD
SYN-CASE-001441,SYN-PARCEL-001441,GRP-00289,MUTATION_CHRONOLOGY_CONFLICT,MISMATCH,HARD
SYN-CASE-001442,SYN-PARCEL-001442,GRP-00289,MUTATION_CHRONOLOGY_CONFLICT,MISMATCH,HARD
SYN-CASE-001443,SYN-PARCEL-001443,GRP-00289,MUTATION_CHRONOLOGY_CONFLICT,MISMATCH,HARD
SYN-CASE-001444,SYN-PARCEL-001444,GRP-00289,MUTATION_CHRONOLOGY_CONFLICT,MISMATCH,HARD
SYN-CASE-001445,SYN-PARCEL-001445,GRP-00289,MUTATION_CHRONOLOGY_CONFLICT,MISMATCH,HARD
SYN-CASE-001446,SYN-PARCEL-001446,GRP-00290,MUTATION_CHRONOLOGY_CONFLICT,MISMATCH,HARD
SYN-CASE-001447,SYN-PARCEL-001447,GRP-00290,MUTATION_CHRONOLOGY_CONFLICT,MISMATCH,HARD
SYN-CASE-001448,SYN-PARCEL-001448,GRP-00290,MUTATION_CHRONOLOGY_CONFLICT,MISMATCH,HARD
SYN-CASE-001449,SYN-PARCEL-001449,GRP-00290,MUTATION_CHRONOLOGY_CONFLICT,MISMATCH,HARD
SYN-CASE-001450,SYN-PARCEL-001450,GRP-00290,MUTATION_CHRONOLOGY_CONFLICT,MISMATCH,HARD
SYN-CASE-001456,SYN-PARCEL-001456,GRP-00292,INCOMPLETE_TRANSFER_EVIDENCE,REVIEW_REQUIRED,MEDIUM
SYN-CASE-001457,SYN-PARCEL-001457,GRP-00292,INCOMPLETE_TRANSFER_EVIDENCE,REVIEW_REQUIRED,MEDIUM
SYN-CASE-001458,SYN-PARCEL-001458,GRP-00292,INCOMPLETE_TRANSFER_EVIDENCE,REVIEW_REQUIRED,MEDIUM
SYN-CASE-001459,SYN-PARCEL-001459,GRP-00292,INCOMPLETE_TRANSFER_EVIDENCE,REVIEW_REQUIRED,MEDIUM
SYN-CASE-001460,SYN-PARCEL-001460,GRP-00292,INCOMPLETE_TRANSFER_EVIDENCE,REVIEW_REQUIRED,MEDIUM
SYN-CASE-001461,SYN-PARCEL-001461,GRP-00293,INCOMPLETE_TRANSFER_EVIDENCE,REVIEW_REQUIRED,MEDIUM
SYN-CASE-001462,SYN-PARCEL-001462,GRP-00293,INCOMPLETE_TRANSFER_EVIDENCE,REVIEW_REQUIRED,MEDIUM
SYN-CASE-001463,SYN-PARCEL-001463,GRP-00293,INCOMPLETE_TRANSFER_EVIDENCE,REVIEW_REQUIRED,MEDIUM
SYN-CASE-001464,SYN-PARCEL-001464,GRP-00293,INCOMPLETE_TRANSFER_EVIDENCE,REVIEW_REQUIRED,MEDIUM
SYN-CASE-001465,SYN-PARCEL-001465,GRP-00293,INCOMPLETE_TRANSFER_EVIDENCE,REVIEW_REQUIRED,MEDIUM
SYN-CASE-001466,SYN-PARCEL-001466,GRP-00294,INCOMPLETE_TRANSFER_EVIDENCE,REVIEW_REQUIRED,MEDIUM
SYN-CASE-001467,SYN-PARCEL-001467,GRP-00294,INCOMPLETE_TRANSFER_EVIDENCE,REVIEW_REQUIRED,MEDIUM
SYN-CASE-001468,SYN-PARCEL-001468,GRP-00294,INCOMPLETE_TRANSFER_EVIDENCE,REVIEW_REQUIRED,MEDIUM
SYN-CASE-001469,SYN-PARCEL-001469,GRP-00294,INCOMPLETE_TRANSFER_EVIDENCE,REVIEW_REQUIRED,MEDIUM
SYN-CASE-001470,SYN-PARCEL-001470,GRP-00294,INCOMPLETE_TRANSFER_EVIDENCE,REVIEW_REQUIRED,MEDIUM
SYN-CASE-001471,SYN-PARCEL-001471,GRP-00295,INCOMPLETE_TRANSFER_EVIDENCE,REVIEW_REQUIRED,MEDIUM
SYN-CASE-001472,SYN-PARCEL-001472,GRP-00295,INCOMPLETE_TRANSFER_EVIDENCE,REVIEW_REQUIRED,MEDIUM
SYN-CASE-001473,SYN-PARCEL-001473,GRP-00295,INCOMPLETE_TRANSFER_EVIDENCE,REVIEW_REQUIRED,MEDIUM
SYN-CASE-001474,SYN-PARCEL-001474,GRP-00295,INCOMPLETE_TRANSFER_EVIDENCE,REVIEW_REQUIRED,MEDIUM
SYN-CASE-001475,SYN-PARCEL-001475,GRP-00295,INCOMPLETE_TRANSFER_EVIDENCE,REVIEW_REQUIRED,MEDIUM
SYN-CASE-001476,SYN-PARCEL-001476,GRP-00296,INCOMPLETE_TRANSFER_EVIDENCE,REVIEW_REQUIRED,MEDIUM
SYN-CASE-001477,SYN-PARCEL-001477,GRP-00296,INCOMPLETE_TRANSFER_EVIDENCE,REVIEW_REQUIRED,MEDIUM
SYN-CASE-001478,SYN-PARCEL-001478,GRP-00296,INCOMPLETE_TRANSFER_EVIDENCE,REVIEW_REQUIRED,MEDIUM
SYN-CASE-001479,SYN-PARCEL-001479,GRP-00296,INCOMPLETE_TRANSFER_EVIDENCE,REVIEW_REQUIRED,MEDIUM
SYN-CASE-001480,SYN-PARCEL-001480,GRP-00296,INCOMPLETE_TRANSFER_EVIDENCE,REVIEW_REQUIRED,MEDIUM
SYN-CASE-001486,SYN-PARCEL-001486,GRP-00298,INCOMPLETE_TRANSFER_EVIDENCE,REVIEW_REQUIRED,MEDIUM
SYN-CASE-001487,SYN-PARCEL-001487,GRP-00298,INCOMPLETE_TRANSFER_EVIDENCE,REVIEW_REQUIRED,MEDIUM
SYN-CASE-001488,SYN-PARCEL-001488,GRP-00298,INCOMPLETE_TRANSFER_EVIDENCE,REVIEW_REQUIRED,MEDIUM
SYN-CASE-001489,SYN-PARCEL-001489,GRP-00298,INCOMPLETE_TRANSFER_EVIDENCE,REVIEW_REQUIRED,MEDIUM
SYN-CASE-001490,SYN-PARCEL-001490,GRP-00298,INCOMPLETE_TRANSFER_EVIDENCE,REVIEW_REQUIRED,MEDIUM
SYN-CASE-001506,SYN-PARCEL-001506,GRP-00302,UNDISCLOSED_MORTGAGE,REVIEW_REQUIRED,HARD
SYN-CASE-001507,SYN-PARCEL-001507,GRP-00302,UNDISCLOSED_MORTGAGE,REVIEW_REQUIRED,HARD
SYN-CASE-001508,SYN-PARCEL-001508,GRP-00302,UNDISCLOSED_MORTGAGE,REVIEW_REQUIRED,HARD
SYN-CASE-001509,SYN-PARCEL-001509,GRP-00302,UNDISCLOSED_MORTGAGE,REVIEW_REQUIRED,HARD
SYN-CASE-001510,SYN-PARCEL-001510,GRP-00302,UNDISCLOSED_MORTGAGE,REVIEW_REQUIRED,HARD
SYN-CASE-001511,SYN-PARCEL-001511,GRP-00303,UNDISCLOSED_MORTGAGE,REVIEW_REQUIRED,HARD
SYN-CASE-001512,SYN-PARCEL-001512,GRP-00303,UNDISCLOSED_MORTGAGE,REVIEW_REQUIRED,HARD
SYN-CASE-001513,SYN-PARCEL-001513,GRP-00303,UNDISCLOSED_MORTGAGE,REVIEW_REQUIRED,HARD
SYN-CASE-001514,SYN-PARCEL-001514,GRP-00303,UNDISCLOSED_MORTGAGE,REVIEW_REQUIRED,HARD
SYN-CASE-001515,SYN-PARCEL-001515,GRP-00303,UNDISCLOSED_MORTGAGE,REVIEW_REQUIRED,HARD
SYN-CASE-001516,SYN-PARCEL-001516,GRP-00304,UNDISCLOSED_MORTGAGE,REVIEW_REQUIRED,HARD
SYN-CASE-001517,SYN-PARCEL-001517,GRP-00304,UNDISCLOSED_MORTGAGE,REVIEW_REQUIRED,HARD
SYN-CASE-001518,SYN-PARCEL-001518,GRP-00304,UNDISCLOSED_MORTGAGE,REVIEW_REQUIRED,HARD
SYN-CASE-001519,SYN-PARCEL-001519,GRP-00304,UNDISCLOSED_MORTGAGE,REVIEW_REQUIRED,HARD
SYN-CASE-001520,SYN-PARCEL-001520,GRP-00304,UNDISCLOSED_MORTGAGE,REVIEW_REQUIRED,HARD
SYN-CASE-001521,SYN-PARCEL-001521,GRP-00305,UNDISCLOSED_MORTGAGE,REVIEW_REQUIRED,HARD
SYN-CASE-001522,SYN-PARCEL-001522,GRP-00305,UNDISCLOSED_MORTGAGE,REVIEW_REQUIRED,HARD
SYN-CASE-001523,SYN-PARCEL-001523,GRP-00305,UNDISCLOSED_MORTGAGE,REVIEW_REQUIRED,HARD
SYN-CASE-001524,SYN-PARCEL-001524,GRP-00305,UNDISCLOSED_MORTGAGE,REVIEW_REQUIRED,HARD
SYN-CASE-001525,SYN-PARCEL-001525,GRP-00305,UNDISCLOSED_MORTGAGE,REVIEW_REQUIRED,HARD
SYN-CASE-001531,SYN-PARCEL-001531,GRP-00307,UNDISCLOSED_MORTGAGE,REVIEW_REQUIRED,HARD
SYN-CASE-001532,SYN-PARCEL-001532,GRP-00307,UNDISCLOSED_MORTGAGE,REVIEW_REQUIRED,HARD
SYN-CASE-001533,SYN-PARCEL-001533,GRP-00307,UNDISCLOSED_MORTGAGE,REVIEW_REQUIRED,HARD
SYN-CASE-001534,SYN-PARCEL-001534,GRP-00307,UNDISCLOSED_MORTGAGE,REVIEW_REQUIRED,HARD
SYN-CASE-001535,SYN-PARCEL-001535,GRP-00307,UNDISCLOSED_MORTGAGE,REVIEW_REQUIRED,HARD
SYN-CASE-001536,SYN-PARCEL-001536,GRP-00308,UNDISCLOSED_MORTGAGE,REVIEW_REQUIRED,HARD
SYN-CASE-001537,SYN-PARCEL-001537,GRP-00308,UNDISCLOSED_MORTGAGE,REVIEW_REQUIRED,HARD
SYN-CASE-001538,SYN-PARCEL-001538,GRP-00308,UNDISCLOSED_MORTGAGE,REVIEW_REQUIRED,HARD
SYN-CASE-001539,SYN-PARCEL-001539,GRP-00308,UNDISCLOSED_MORTGAGE,REVIEW_REQUIRED,HARD
SYN-CASE-001540,SYN-PARCEL-001540,GRP-00308,UNDISCLOSED_MORTGAGE,REVIEW_REQUIRED,HARD
SYN-CASE-001541,SYN-PARCEL-001541,GRP-00309,UNDISCLOSED_MORTGAGE,REVIEW_REQUIRED,HARD
SYN-CASE-001542,SYN-PARCEL-001542,GRP-00309,UNDISCLOSED_MORTGAGE,REVIEW_REQUIRED,HARD
SYN-CASE-001543,SYN-PARCEL-001543,GRP-00309,UNDISCLOSED_MORTGAGE,REVIEW_REQUIRED,HARD
SYN-CASE-001544,SYN-PARCEL-001544,GRP-00309,UNDISCLOSED_MORTGAGE,REVIEW_REQUIRED,HARD
SYN-CASE-001545,SYN-PARCEL-001545,GRP-00309,UNDISCLOSED_MORTGAGE,REVIEW_REQUIRED,HARD
SYN-CASE-001546,SYN-PARCEL-001546,GRP-00310,UNDISCLOSED_MORTGAGE,REVIEW_REQUIRED,HARD
SYN-CASE-001547,SYN-PARCEL-001547,GRP-00310,UNDISCLOSED_MORTGAGE,REVIEW_REQUIRED,HARD
SYN-CASE-001548,SYN-PARCEL-001548,GRP-00310,UNDISCLOSED_MORTGAGE,REVIEW_REQUIRED,HARD
SYN-CASE-001549,SYN-PARCEL-001549,GRP-00310,UNDISCLOSED_MORTGAGE,REVIEW_REQUIRED,HARD
SYN-CASE-001550,SYN-PARCEL-001550,GRP-00310,UNDISCLOSED_MORTGAGE,REVIEW_REQUIRED,HARD
SYN-CASE-001551,SYN-PARCEL-001551,GRP-00311,UNDISCLOSED_MORTGAGE,REVIEW_REQUIRED,HARD
SYN-CASE-001552,SYN-PARCEL-001552,GRP-00311,UNDISCLOSED_MORTGAGE,REVIEW_REQUIRED,HARD
SYN-CASE-001553,SYN-PARCEL-001553,GRP-00311,UNDISCLOSED_MORTGAGE,REVIEW_REQUIRED,HARD
SYN-CASE-001554,SYN-PARCEL-001554,GRP-00311,UNDISCLOSED_MORTGAGE,REVIEW_REQUIRED,HARD
SYN-CASE-001555,SYN-PARCEL-001555,GRP-00311,UNDISCLOSED_MORTGAGE,REVIEW_REQUIRED,HARD
SYN-CASE-001561,SYN-PARCEL-001561,GRP-00313,EASEMENT_RESTRICTION_CONFLICT,REVIEW_REQUIRED,HARD
SYN-CASE-001562,SYN-PARCEL-001562,GRP-00313,EASEMENT_RESTRICTION_CONFLICT,REVIEW_REQUIRED,HARD
SYN-CASE-001563,SYN-PARCEL-001563,GRP-00313,EASEMENT_RESTRICTION_CONFLICT,REVIEW_REQUIRED,HARD
SYN-CASE-001564,SYN-PARCEL-001564,GRP-00313,EASEMENT_RESTRICTION_CONFLICT,REVIEW_REQUIRED,HARD
SYN-CASE-001565,SYN-PARCEL-001565,GRP-00313,EASEMENT_RESTRICTION_CONFLICT,REVIEW_REQUIRED,HARD
SYN-CASE-001566,SYN-PARCEL-001566,GRP-00314,EASEMENT_RESTRICTION_CONFLICT,REVIEW_REQUIRED,HARD
SYN-CASE-001567,SYN-PARCEL-001567,GRP-00314,EASEMENT_RESTRICTION_CONFLICT,REVIEW_REQUIRED,HARD
SYN-CASE-001568,SYN-PARCEL-001568,GRP-00314,EASEMENT_RESTRICTION_CONFLICT,REVIEW_REQUIRED,HARD
SYN-CASE-001569,SYN-PARCEL-001569,GRP-00314,EASEMENT_RESTRICTION_CONFLICT,REVIEW_REQUIRED,HARD
SYN-CASE-001570,SYN-PARCEL-001570,GRP-00314,EASEMENT_RESTRICTION_CONFLICT,REVIEW_REQUIRED,HARD
SYN-CASE-001571,SYN-PARCEL-001571,GRP-00315,EASEMENT_RESTRICTION_CONFLICT,REVIEW_REQUIRED,HARD
SYN-CASE-001572,SYN-PARCEL-001572,GRP-00315,EASEMENT_RESTRICTION_CONFLICT,REVIEW_REQUIRED,HARD
SYN-CASE-001573,SYN-PARCEL-001573,GRP-00315,EASEMENT_RESTRICTION_CONFLICT,REVIEW_REQUIRED,HARD
SYN-CASE-001574,SYN-PARCEL-001574,GRP-00315,EASEMENT_RESTRICTION_CONFLICT,REVIEW_REQUIRED,HARD
SYN-CASE-001575,SYN-PARCEL-001575,GRP-00315,EASEMENT_RESTRICTION_CONFLICT,REVIEW_REQUIRED,HARD
SYN-CASE-001576,SYN-PARCEL-001576,GRP-00316,EASEMENT_RESTRICTION_CONFLICT,REVIEW_REQUIRED,HARD
SYN-CASE-001577,SYN-PARCEL-001577,GRP-00316,EASEMENT_RESTRICTION_CONFLICT,REVIEW_REQUIRED,HARD
SYN-CASE-001578,SYN-PARCEL-001578,GRP-00316,EASEMENT_RESTRICTION_CONFLICT,REVIEW_REQUIRED,HARD
SYN-CASE-001579,SYN-PARCEL-001579,GRP-00316,EASEMENT_RESTRICTION_CONFLICT,REVIEW_REQUIRED,HARD
SYN-CASE-001580,SYN-PARCEL-001580,GRP-00316,EASEMENT_RESTRICTION_CONFLICT,REVIEW_REQUIRED,HARD
SYN-CASE-001581,SYN-PARCEL-001581,GRP-00317,EASEMENT_RESTRICTION_CONFLICT,REVIEW_REQUIRED,HARD
SYN-CASE-001582,SYN-PARCEL-001582,GRP-00317,EASEMENT_RESTRICTION_CONFLICT,REVIEW_REQUIRED,HARD
SYN-CASE-001583,SYN-PARCEL-001583,GRP-00317,EASEMENT_RESTRICTION_CONFLICT,REVIEW_REQUIRED,HARD
SYN-CASE-001584,SYN-PARCEL-001584,GRP-00317,EASEMENT_RESTRICTION_CONFLICT,REVIEW_REQUIRED,HARD
SYN-CASE-001585,SYN-PARCEL-001585,GRP-00317,EASEMENT_RESTRICTION_CONFLICT,REVIEW_REQUIRED,HARD
SYN-CASE-001586,SYN-PARCEL-001586,GRP-00318,EASEMENT_RESTRICTION_CONFLICT,REVIEW_REQUIRED,HARD
SYN-CASE-001587,SYN-PARCEL-001587,GRP-00318,EASEMENT_RESTRICTION_CONFLICT,REVIEW_REQUIRED,HARD
SYN-CASE-001588,SYN-PARCEL-001588,GRP-00318,EASEMENT_RESTRICTION_CONFLICT,REVIEW_REQUIRED,HARD
SYN-CASE-001589,SYN-PARCEL-001589,GRP-00318,EASEMENT_RESTRICTION_CONFLICT,REVIEW_REQUIRED,HARD
SYN-CASE-001590,SYN-PARCEL-001590,GRP-00318,EASEMENT_RESTRICTION_CONFLICT,REVIEW_REQUIRED,HARD
SYN-CASE-001591,SYN-PARCEL-001591,GRP-00319,EASEMENT_RESTRICTION_CONFLICT,REVIEW_REQUIRED,HARD
SYN-CASE-001592,SYN-PARCEL-001592,GRP-00319,EASEMENT_RESTRICTION_CONFLICT,REVIEW_REQUIRED,HARD
SYN-CASE-001593,SYN-PARCEL-001593,GRP-00319,EASEMENT_RESTRICTION_CONFLICT,REVIEW_REQUIRED,HARD
SYN-CASE-001594,SYN-PARCEL-001594,GRP-00319,EASEMENT_RESTRICTION_CONFLICT,REVIEW_REQUIRED,HARD
SYN-CASE-001595,SYN-PARCEL-001595,GRP-00319,EASEMENT_RESTRICTION_CONFLICT,REVIEW_REQUIRED,HARD
SYN-CASE-001596,SYN-PARCEL-001596,GRP-00320,EASEMENT_RESTRICTION_CONFLICT,REVIEW_REQUIRED,HARD
SYN-CASE-001597,SYN-PARCEL-001597,GRP-00320,EASEMENT_RESTRICTION_CONFLICT,REVIEW_REQUIRED,HARD
SYN-CASE-001598,SYN-PARCEL-001598,GRP-00320,EASEMENT_RESTRICTION_CONFLICT,REVIEW_REQUIRED,HARD
SYN-CASE-001599,SYN-PARCEL-001599,GRP-00320,EASEMENT_RESTRICTION_CONFLICT,REVIEW_REQUIRED,HARD
SYN-CASE-001600,SYN-PARCEL-001600,GRP-00320,EASEMENT_RESTRICTION_CONFLICT,REVIEW_REQUIRED,HARD
SYN-CASE-001611,SYN-PARCEL-001611,GRP-00323,RELEASE_DATE_AMBIGUITY,REVIEW_REQUIRED,MEDIUM
SYN-CASE-001612,SYN-PARCEL-001612,GRP-00323,RELEASE_DATE_AMBIGUITY,REVIEW_REQUIRED,MEDIUM
SYN-CASE-001613,SYN-PARCEL-001613,GRP-00323,RELEASE_DATE_AMBIGUITY,REVIEW_REQUIRED,MEDIUM
SYN-CASE-001614,SYN-PARCEL-001614,GRP-00323,RELEASE_DATE_AMBIGUITY,REVIEW_REQUIRED,MEDIUM
SYN-CASE-001615,SYN-PARCEL-001615,GRP-00323,RELEASE_DATE_AMBIGUITY,REVIEW_REQUIRED,MEDIUM
SYN-CASE-001616,SYN-PARCEL-001616,GRP-00324,RELEASE_DATE_AMBIGUITY,REVIEW_REQUIRED,MEDIUM
SYN-CASE-001617,SYN-PARCEL-001617,GRP-00324,RELEASE_DATE_AMBIGUITY,REVIEW_REQUIRED,MEDIUM
SYN-CASE-001618,SYN-PARCEL-001618,GRP-00324,RELEASE_DATE_AMBIGUITY,REVIEW_REQUIRED,MEDIUM
SYN-CASE-001619,SYN-PARCEL-001619,GRP-00324,RELEASE_DATE_AMBIGUITY,REVIEW_REQUIRED,MEDIUM
SYN-CASE-001620,SYN-PARCEL-001620,GRP-00324,RELEASE_DATE_AMBIGUITY,REVIEW_REQUIRED,MEDIUM
SYN-CASE-001621,SYN-PARCEL-001621,GRP-00325,RELEASE_DATE_AMBIGUITY,REVIEW_REQUIRED,MEDIUM
SYN-CASE-001622,SYN-PARCEL-001622,GRP-00325,RELEASE_DATE_AMBIGUITY,REVIEW_REQUIRED,MEDIUM
SYN-CASE-001623,SYN-PARCEL-001623,GRP-00325,RELEASE_DATE_AMBIGUITY,REVIEW_REQUIRED,MEDIUM
SYN-CASE-001624,SYN-PARCEL-001624,GRP-00325,RELEASE_DATE_AMBIGUITY,REVIEW_REQUIRED,MEDIUM
SYN-CASE-001625,SYN-PARCEL-001625,GRP-00325,RELEASE_DATE_AMBIGUITY,REVIEW_REQUIRED,MEDIUM
SYN-CASE-001626,SYN-PARCEL-001626,GRP-00326,RELEASE_DATE_AMBIGUITY,REVIEW_REQUIRED,MEDIUM
SYN-CASE-001627,SYN-PARCEL-001627,GRP-00326,RELEASE_DATE_AMBIGUITY,REVIEW_REQUIRED,MEDIUM
SYN-CASE-001628,SYN-PARCEL-001628,GRP-00326,RELEASE_DATE_AMBIGUITY,REVIEW_REQUIRED,MEDIUM
SYN-CASE-001629,SYN-PARCEL-001629,GRP-00326,RELEASE_DATE_AMBIGUITY,REVIEW_REQUIRED,MEDIUM
SYN-CASE-001630,SYN-PARCEL-001630,GRP-00326,RELEASE_DATE_AMBIGUITY,REVIEW_REQUIRED,MEDIUM
SYN-CASE-001631,SYN-PARCEL-001631,GRP-00327,RELEASE_DATE_AMBIGUITY,REVIEW_REQUIRED,MEDIUM
SYN-CASE-001632,SYN-PARCEL-001632,GRP-00327,RELEASE_DATE_AMBIGUITY,REVIEW_REQUIRED,MEDIUM
SYN-CASE-001633,SYN-PARCEL-001633,GRP-00327,RELEASE_DATE_AMBIGUITY,REVIEW_REQUIRED,MEDIUM
SYN-CASE-001634,SYN-PARCEL-001634,GRP-00327,RELEASE_DATE_AMBIGUITY,REVIEW_REQUIRED,MEDIUM
SYN-CASE-001635,SYN-PARCEL-001635,GRP-00327,RELEASE_DATE_AMBIGUITY,REVIEW_REQUIRED,MEDIUM
SYN-CASE-001651,SYN-PARCEL-001651,GRP-00331,SPATIAL_EXTENT_VARIANCE,REVIEW_REQUIRED,MEDIUM
SYN-CASE-001652,SYN-PARCEL-001652,GRP-00331,SPATIAL_EXTENT_VARIANCE,REVIEW_REQUIRED,MEDIUM
SYN-CASE-001653,SYN-PARCEL-001653,GRP-00331,SPATIAL_EXTENT_VARIANCE,REVIEW_REQUIRED,MEDIUM
SYN-CASE-001654,SYN-PARCEL-001654,GRP-00331,SPATIAL_EXTENT_VARIANCE,REVIEW_REQUIRED,MEDIUM
SYN-CASE-001655,SYN-PARCEL-001655,GRP-00331,SPATIAL_EXTENT_VARIANCE,REVIEW_REQUIRED,MEDIUM
SYN-CASE-001656,SYN-PARCEL-001656,GRP-00332,SPATIAL_EXTENT_VARIANCE,REVIEW_REQUIRED,MEDIUM
SYN-CASE-001657,SYN-PARCEL-001657,GRP-00332,SPATIAL_EXTENT_VARIANCE,REVIEW_REQUIRED,MEDIUM
SYN-CASE-001658,SYN-PARCEL-001658,GRP-00332,SPATIAL_EXTENT_VARIANCE,REVIEW_REQUIRED,MEDIUM
SYN-CASE-001659,SYN-PARCEL-001659,GRP-00332,SPATIAL_EXTENT_VARIANCE,REVIEW_REQUIRED,MEDIUM
SYN-CASE-001660,SYN-PARCEL-001660,GRP-00332,SPATIAL_EXTENT_VARIANCE,REVIEW_REQUIRED,MEDIUM
SYN-CASE-001661,SYN-PARCEL-001661,GRP-00333,SPATIAL_EXTENT_VARIANCE,REVIEW_REQUIRED,MEDIUM
SYN-CASE-001662,SYN-PARCEL-001662,GRP-00333,SPATIAL_EXTENT_VARIANCE,REVIEW_REQUIRED,MEDIUM
SYN-CASE-001663,SYN-PARCEL-001663,GRP-00333,SPATIAL_EXTENT_VARIANCE,REVIEW_REQUIRED,MEDIUM
SYN-CASE-001664,SYN-PARCEL-001664,GRP-00333,SPATIAL_EXTENT_VARIANCE,REVIEW_REQUIRED,MEDIUM
SYN-CASE-001665,SYN-PARCEL-001665,GRP-00333,SPATIAL_EXTENT_VARIANCE,REVIEW_REQUIRED,MEDIUM
SYN-CASE-001666,SYN-PARCEL-001666,GRP-00334,SPATIAL_EXTENT_VARIANCE,REVIEW_REQUIRED,MEDIUM
SYN-CASE-001667,SYN-PARCEL-001667,GRP-00334,SPATIAL_EXTENT_VARIANCE,REVIEW_REQUIRED,MEDIUM
SYN-CASE-001668,SYN-PARCEL-001668,GRP-00334,SPATIAL_EXTENT_VARIANCE,REVIEW_REQUIRED,MEDIUM
SYN-CASE-001669,SYN-PARCEL-001669,GRP-00334,SPATIAL_EXTENT_VARIANCE,REVIEW_REQUIRED,MEDIUM
SYN-CASE-001670,SYN-PARCEL-001670,GRP-00334,SPATIAL_EXTENT_VARIANCE,REVIEW_REQUIRED,MEDIUM
SYN-CASE-001671,SYN-PARCEL-001671,GRP-00335,SPATIAL_EXTENT_VARIANCE,REVIEW_REQUIRED,MEDIUM
SYN-CASE-001672,SYN-PARCEL-001672,GRP-00335,SPATIAL_EXTENT_VARIANCE,REVIEW_REQUIRED,MEDIUM
SYN-CASE-001673,SYN-PARCEL-001673,GRP-00335,SPATIAL_EXTENT_VARIANCE,REVIEW_REQUIRED,MEDIUM
SYN-CASE-001674,SYN-PARCEL-001674,GRP-00335,SPATIAL_EXTENT_VARIANCE,REVIEW_REQUIRED,MEDIUM
SYN-CASE-001675,SYN-PARCEL-001675,GRP-00335,SPATIAL_EXTENT_VARIANCE,REVIEW_REQUIRED,MEDIUM
SYN-CASE-001681,SYN-PARCEL-001681,GRP-00337,SPATIAL_EXTENT_VARIANCE,REVIEW_REQUIRED,MEDIUM
SYN-CASE-001682,SYN-PARCEL-001682,GRP-00337,SPATIAL_EXTENT_VARIANCE,REVIEW_REQUIRED,MEDIUM
SYN-CASE-001683,SYN-PARCEL-001683,GRP-00337,SPATIAL_EXTENT_VARIANCE,REVIEW_REQUIRED,MEDIUM
SYN-CASE-001684,SYN-PARCEL-001684,GRP-00337,SPATIAL_EXTENT_VARIANCE,REVIEW_REQUIRED,MEDIUM
SYN-CASE-001685,SYN-PARCEL-001685,GRP-00337,SPATIAL_EXTENT_VARIANCE,REVIEW_REQUIRED,MEDIUM
SYN-CASE-001686,SYN-PARCEL-001686,GRP-00338,SPATIAL_EXTENT_VARIANCE,REVIEW_REQUIRED,MEDIUM
SYN-CASE-001687,SYN-PARCEL-001687,GRP-00338,SPATIAL_EXTENT_VARIANCE,REVIEW_REQUIRED,MEDIUM
SYN-CASE-001688,SYN-PARCEL-001688,GRP-00338,SPATIAL_EXTENT_VARIANCE,REVIEW_REQUIRED,MEDIUM
SYN-CASE-001689,SYN-PARCEL-001689,GRP-00338,SPATIAL_EXTENT_VARIANCE,REVIEW_REQUIRED,MEDIUM
SYN-CASE-001690,SYN-PARCEL-001690,GRP-00338,SPATIAL_EXTENT_VARIANCE,REVIEW_REQUIRED,MEDIUM
SYN-CASE-001691,SYN-PARCEL-001691,GRP-00339,SPATIAL_EXTENT_VARIANCE,REVIEW_REQUIRED,MEDIUM
SYN-CASE-001692,SYN-PARCEL-001692,GRP-00339,SPATIAL_EXTENT_VARIANCE,REVIEW_REQUIRED,MEDIUM
SYN-CASE-001693,SYN-PARCEL-001693,GRP-00339,SPATIAL_EXTENT_VARIANCE,REVIEW_REQUIRED,MEDIUM
SYN-CASE-001694,SYN-PARCEL-001694,GRP-00339,SPATIAL_EXTENT_VARIANCE,REVIEW_REQUIRED,MEDIUM
SYN-CASE-001695,SYN-PARCEL-001695,GRP-00339,SPATIAL_EXTENT_VARIANCE,REVIEW_REQUIRED,MEDIUM
SYN-CASE-001696,SYN-PARCEL-001696,GRP-00340,SPATIAL_EXTENT_VARIANCE,REVIEW_REQUIRED,MEDIUM
SYN-CASE-001697,SYN-PARCEL-001697,GRP-00340,SPATIAL_EXTENT_VARIANCE,REVIEW_REQUIRED,MEDIUM
SYN-CASE-001698,SYN-PARCEL-001698,GRP-00340,SPATIAL_EXTENT_VARIANCE,REVIEW_REQUIRED,MEDIUM
SYN-CASE-001699,SYN-PARCEL-001699,GRP-00340,SPATIAL_EXTENT_VARIANCE,REVIEW_REQUIRED,MEDIUM
SYN-CASE-001700,SYN-PARCEL-001700,GRP-00340,SPATIAL_EXTENT_VARIANCE,REVIEW_REQUIRED,MEDIUM
SYN-CASE-001701,SYN-PARCEL-001701,GRP-00341,SPATIAL_EXTENT_VARIANCE,REVIEW_REQUIRED,MEDIUM
SYN-CASE-001702,SYN-PARCEL-001702,GRP-00341,SPATIAL_EXTENT_VARIANCE,REVIEW_REQUIRED,MEDIUM
SYN-CASE-001703,SYN-PARCEL-001703,GRP-00341,SPATIAL_EXTENT_VARIANCE,REVIEW_REQUIRED,MEDIUM
SYN-CASE-001704,SYN-PARCEL-001704,GRP-00341,SPATIAL_EXTENT_VARIANCE,REVIEW_REQUIRED,MEDIUM
SYN-CASE-001705,SYN-PARCEL-001705,GRP-00341,SPATIAL_EXTENT_VARIANCE,REVIEW_REQUIRED,MEDIUM
SYN-CASE-001706,SYN-PARCEL-001706,GRP-00342,SPATIAL_EXTENT_VARIANCE,REVIEW_REQUIRED,MEDIUM
SYN-CASE-001707,SYN-PARCEL-001707,GRP-00342,SPATIAL_EXTENT_VARIANCE,REVIEW_REQUIRED,MEDIUM
SYN-CASE-001708,SYN-PARCEL-001708,GRP-00342,SPATIAL_EXTENT_VARIANCE,REVIEW_REQUIRED,MEDIUM
SYN-CASE-001709,SYN-PARCEL-001709,GRP-00342,SPATIAL_EXTENT_VARIANCE,REVIEW_REQUIRED,MEDIUM
SYN-CASE-001710,SYN-PARCEL-001710,GRP-00342,SPATIAL_EXTENT_VARIANCE,REVIEW_REQUIRED,MEDIUM
SYN-CASE-001711,SYN-PARCEL-001711,GRP-00343,SPATIAL_EXTENT_VARIANCE,REVIEW_REQUIRED,MEDIUM
SYN-CASE-001712,SYN-PARCEL-001712,GRP-00343,SPATIAL_EXTENT_VARIANCE,REVIEW_REQUIRED,MEDIUM
SYN-CASE-001713,SYN-PARCEL-001713,GRP-00343,SPATIAL_EXTENT_VARIANCE,REVIEW_REQUIRED,MEDIUM
SYN-CASE-001714,SYN-PARCEL-001714,GRP-00343,SPATIAL_EXTENT_VARIANCE,REVIEW_REQUIRED,MEDIUM
SYN-CASE-001715,SYN-PARCEL-001715,GRP-00343,SPATIAL_EXTENT_VARIANCE,REVIEW_REQUIRED,MEDIUM
SYN-CASE-001716,SYN-PARCEL-001716,GRP-00344,SPATIAL_EXTENT_VARIANCE,REVIEW_REQUIRED,MEDIUM
SYN-CASE-001717,SYN-PARCEL-001717,GRP-00344,SPATIAL_EXTENT_VARIANCE,REVIEW_REQUIRED,MEDIUM
SYN-CASE-001718,SYN-PARCEL-001718,GRP-00344,SPATIAL_EXTENT_VARIANCE,REVIEW_REQUIRED,MEDIUM
SYN-CASE-001719,SYN-PARCEL-001719,GRP-00344,SPATIAL_EXTENT_VARIANCE,REVIEW_REQUIRED,MEDIUM
SYN-CASE-001720,SYN-PARCEL-001720,GRP-00344,SPATIAL_EXTENT_VARIANCE,REVIEW_REQUIRED,MEDIUM
SYN-CASE-001726,SYN-PARCEL-001726,GRP-00346,SPATIAL_EXTENT_VARIANCE,REVIEW_REQUIRED,MEDIUM
SYN-CASE-001727,SYN-PARCEL-001727,GRP-00346,SPATIAL_EXTENT_VARIANCE,REVIEW_REQUIRED,MEDIUM
SYN-CASE-001728,SYN-PARCEL-001728,GRP-00346,SPATIAL_EXTENT_VARIANCE,REVIEW_REQUIRED,MEDIUM
SYN-CASE-001729,SYN-PARCEL-001729,GRP-00346,SPATIAL_EXTENT_VARIANCE,REVIEW_REQUIRED,MEDIUM
SYN-CASE-001730,SYN-PARCEL-001730,GRP-00346,SPATIAL_EXTENT_VARIANCE,REVIEW_REQUIRED,MEDIUM
SYN-CASE-001731,SYN-PARCEL-001731,GRP-00347,SPATIAL_EXTENT_VARIANCE,REVIEW_REQUIRED,MEDIUM
SYN-CASE-001732,SYN-PARCEL-001732,GRP-00347,SPATIAL_EXTENT_VARIANCE,REVIEW_REQUIRED,MEDIUM
SYN-CASE-001733,SYN-PARCEL-001733,GRP-00347,SPATIAL_EXTENT_VARIANCE,REVIEW_REQUIRED,MEDIUM
SYN-CASE-001734,SYN-PARCEL-001734,GRP-00347,SPATIAL_EXTENT_VARIANCE,REVIEW_REQUIRED,MEDIUM
SYN-CASE-001735,SYN-PARCEL-001735,GRP-00347,SPATIAL_EXTENT_VARIANCE,REVIEW_REQUIRED,MEDIUM
SYN-CASE-001736,SYN-PARCEL-001736,GRP-00348,SPATIAL_EXTENT_VARIANCE,REVIEW_REQUIRED,MEDIUM
SYN-CASE-001737,SYN-PARCEL-001737,GRP-00348,SPATIAL_EXTENT_VARIANCE,REVIEW_REQUIRED,MEDIUM
SYN-CASE-001738,SYN-PARCEL-001738,GRP-00348,SPATIAL_EXTENT_VARIANCE,REVIEW_REQUIRED,MEDIUM
SYN-CASE-001739,SYN-PARCEL-001739,GRP-00348,SPATIAL_EXTENT_VARIANCE,REVIEW_REQUIRED,MEDIUM
SYN-CASE-001740,SYN-PARCEL-001740,GRP-00348,SPATIAL_EXTENT_VARIANCE,REVIEW_REQUIRED,MEDIUM
SYN-CASE-001756,SYN-PARCEL-001756,GRP-00352,SPATIAL_OVERLAP_ANOMALY,REVIEW_REQUIRED,HARD
SYN-CASE-001757,SYN-PARCEL-001757,GRP-00352,SPATIAL_OVERLAP_ANOMALY,REVIEW_REQUIRED,HARD
SYN-CASE-001758,SYN-PARCEL-001758,GRP-00352,SPATIAL_OVERLAP_ANOMALY,REVIEW_REQUIRED,HARD
SYN-CASE-001759,SYN-PARCEL-001759,GRP-00352,SPATIAL_OVERLAP_ANOMALY,REVIEW_REQUIRED,HARD
SYN-CASE-001760,SYN-PARCEL-001760,GRP-00352,SPATIAL_OVERLAP_ANOMALY,REVIEW_REQUIRED,HARD
SYN-CASE-001766,SYN-PARCEL-001766,GRP-00354,SPATIAL_OVERLAP_ANOMALY,REVIEW_REQUIRED,HARD
SYN-CASE-001767,SYN-PARCEL-001767,GRP-00354,SPATIAL_OVERLAP_ANOMALY,REVIEW_REQUIRED,HARD
SYN-CASE-001768,SYN-PARCEL-001768,GRP-00354,SPATIAL_OVERLAP_ANOMALY,REVIEW_REQUIRED,HARD
SYN-CASE-001769,SYN-PARCEL-001769,GRP-00354,SPATIAL_OVERLAP_ANOMALY,REVIEW_REQUIRED,HARD
SYN-CASE-001770,SYN-PARCEL-001770,GRP-00354,SPATIAL_OVERLAP_ANOMALY,REVIEW_REQUIRED,HARD
SYN-CASE-001771,SYN-PARCEL-001771,GRP-00355,SPATIAL_OVERLAP_ANOMALY,REVIEW_REQUIRED,HARD
SYN-CASE-001772,SYN-PARCEL-001772,GRP-00355,SPATIAL_OVERLAP_ANOMALY,REVIEW_REQUIRED,HARD
SYN-CASE-001773,SYN-PARCEL-001773,GRP-00355,SPATIAL_OVERLAP_ANOMALY,REVIEW_REQUIRED,HARD
SYN-CASE-001774,SYN-PARCEL-001774,GRP-00355,SPATIAL_OVERLAP_ANOMALY,REVIEW_REQUIRED,HARD
SYN-CASE-001775,SYN-PARCEL-001775,GRP-00355,SPATIAL_OVERLAP_ANOMALY,REVIEW_REQUIRED,HARD
SYN-CASE-001776,SYN-PARCEL-001776,GRP-00356,SPATIAL_OVERLAP_ANOMALY,REVIEW_REQUIRED,HARD
SYN-CASE-001777,SYN-PARCEL-001777,GRP-00356,SPATIAL_OVERLAP_ANOMALY,REVIEW_REQUIRED,HARD
SYN-CASE-001778,SYN-PARCEL-001778,GRP-00356,SPATIAL_OVERLAP_ANOMALY,REVIEW_REQUIRED,HARD
SYN-CASE-001779,SYN-PARCEL-001779,GRP-00356,SPATIAL_OVERLAP_ANOMALY,REVIEW_REQUIRED,HARD
SYN-CASE-001780,SYN-PARCEL-001780,GRP-00356,SPATIAL_OVERLAP_ANOMALY,REVIEW_REQUIRED,HARD
SYN-CASE-001781,SYN-PARCEL-001781,GRP-00357,SPATIAL_OVERLAP_ANOMALY,REVIEW_REQUIRED,HARD
SYN-CASE-001782,SYN-PARCEL-001782,GRP-00357,SPATIAL_OVERLAP_ANOMALY,REVIEW_REQUIRED,HARD
SYN-CASE-001783,SYN-PARCEL-001783,GRP-00357,SPATIAL_OVERLAP_ANOMALY,REVIEW_REQUIRED,HARD
SYN-CASE-001784,SYN-PARCEL-001784,GRP-00357,SPATIAL_OVERLAP_ANOMALY,REVIEW_REQUIRED,HARD
SYN-CASE-001785,SYN-PARCEL-001785,GRP-00357,SPATIAL_OVERLAP_ANOMALY,REVIEW_REQUIRED,HARD
SYN-CASE-001786,SYN-PARCEL-001786,GRP-00358,SPATIAL_OVERLAP_ANOMALY,REVIEW_REQUIRED,HARD
SYN-CASE-001787,SYN-PARCEL-001787,GRP-00358,SPATIAL_OVERLAP_ANOMALY,REVIEW_REQUIRED,HARD
SYN-CASE-001788,SYN-PARCEL-001788,GRP-00358,SPATIAL_OVERLAP_ANOMALY,REVIEW_REQUIRED,HARD
SYN-CASE-001789,SYN-PARCEL-001789,GRP-00358,SPATIAL_OVERLAP_ANOMALY,REVIEW_REQUIRED,HARD
SYN-CASE-001790,SYN-PARCEL-001790,GRP-00358,SPATIAL_OVERLAP_ANOMALY,REVIEW_REQUIRED,HARD
SYN-CASE-001791,SYN-PARCEL-001791,GRP-00359,SPATIAL_OVERLAP_ANOMALY,REVIEW_REQUIRED,HARD
SYN-CASE-001792,SYN-PARCEL-001792,GRP-00359,SPATIAL_OVERLAP_ANOMALY,REVIEW_REQUIRED,HARD
SYN-CASE-001793,SYN-PARCEL-001793,GRP-00359,SPATIAL_OVERLAP_ANOMALY,REVIEW_REQUIRED,HARD
SYN-CASE-001794,SYN-PARCEL-001794,GRP-00359,SPATIAL_OVERLAP_ANOMALY,REVIEW_REQUIRED,HARD
SYN-CASE-001795,SYN-PARCEL-001795,GRP-00359,SPATIAL_OVERLAP_ANOMALY,REVIEW_REQUIRED,HARD
SYN-CASE-001796,SYN-PARCEL-001796,GRP-00360,SPATIAL_OVERLAP_ANOMALY,REVIEW_REQUIRED,HARD
SYN-CASE-001797,SYN-PARCEL-001797,GRP-00360,SPATIAL_OVERLAP_ANOMALY,REVIEW_REQUIRED,HARD
SYN-CASE-001798,SYN-PARCEL-001798,GRP-00360,SPATIAL_OVERLAP_ANOMALY,REVIEW_REQUIRED,HARD
SYN-CASE-001799,SYN-PARCEL-001799,GRP-00360,SPATIAL_OVERLAP_ANOMALY,REVIEW_REQUIRED,HARD
SYN-CASE-001800,SYN-PARCEL-001800,GRP-00360,SPATIAL_OVERLAP_ANOMALY,REVIEW_REQUIRED,HARD
SYN-CASE-001801,SYN-PARCEL-001801,GRP-00361,SPATIAL_OVERLAP_ANOMALY,REVIEW_REQUIRED,HARD
SYN-CASE-001802,SYN-PARCEL-001802,GRP-00361,SPATIAL_OVERLAP_ANOMALY,REVIEW_REQUIRED,HARD
SYN-CASE-001803,SYN-PARCEL-001803,GRP-00361,SPATIAL_OVERLAP_ANOMALY,REVIEW_REQUIRED,HARD
SYN-CASE-001804,SYN-PARCEL-001804,GRP-00361,SPATIAL_OVERLAP_ANOMALY,REVIEW_REQUIRED,HARD
SYN-CASE-001805,SYN-PARCEL-001805,GRP-00361,SPATIAL_OVERLAP_ANOMALY,REVIEW_REQUIRED,HARD
SYN-CASE-001806,SYN-PARCEL-001806,GRP-00362,SPATIAL_OVERLAP_ANOMALY,REVIEW_REQUIRED,HARD
SYN-CASE-001807,SYN-PARCEL-001807,GRP-00362,SPATIAL_OVERLAP_ANOMALY,REVIEW_REQUIRED,HARD
SYN-CASE-001808,SYN-PARCEL-001808,GRP-00362,SPATIAL_OVERLAP_ANOMALY,REVIEW_REQUIRED,HARD
SYN-CASE-001809,SYN-PARCEL-001809,GRP-00362,SPATIAL_OVERLAP_ANOMALY,REVIEW_REQUIRED,HARD
SYN-CASE-001810,SYN-PARCEL-001810,GRP-00362,SPATIAL_OVERLAP_ANOMALY,REVIEW_REQUIRED,HARD
SYN-CASE-001811,SYN-PARCEL-001811,GRP-00363,INVALID_GEOMETRY_RING,REVIEW_REQUIRED,MEDIUM
SYN-CASE-001812,SYN-PARCEL-001812,GRP-00363,INVALID_GEOMETRY_RING,REVIEW_REQUIRED,MEDIUM
SYN-CASE-001813,SYN-PARCEL-001813,GRP-00363,INVALID_GEOMETRY_RING,REVIEW_REQUIRED,MEDIUM
SYN-CASE-001814,SYN-PARCEL-001814,GRP-00363,INVALID_GEOMETRY_RING,REVIEW_REQUIRED,MEDIUM
SYN-CASE-001815,SYN-PARCEL-001815,GRP-00363,INVALID_GEOMETRY_RING,REVIEW_REQUIRED,MEDIUM
SYN-CASE-001821,SYN-PARCEL-001821,GRP-00365,INVALID_GEOMETRY_RING,REVIEW_REQUIRED,MEDIUM
SYN-CASE-001822,SYN-PARCEL-001822,GRP-00365,INVALID_GEOMETRY_RING,REVIEW_REQUIRED,MEDIUM
SYN-CASE-001823,SYN-PARCEL-001823,GRP-00365,INVALID_GEOMETRY_RING,REVIEW_REQUIRED,MEDIUM
SYN-CASE-001824,SYN-PARCEL-001824,GRP-00365,INVALID_GEOMETRY_RING,REVIEW_REQUIRED,MEDIUM
SYN-CASE-001825,SYN-PARCEL-001825,GRP-00365,INVALID_GEOMETRY_RING,REVIEW_REQUIRED,MEDIUM
SYN-CASE-001826,SYN-PARCEL-001826,GRP-00366,INVALID_GEOMETRY_RING,REVIEW_REQUIRED,MEDIUM
SYN-CASE-001827,SYN-PARCEL-001827,GRP-00366,INVALID_GEOMETRY_RING,REVIEW_REQUIRED,MEDIUM
SYN-CASE-001828,SYN-PARCEL-001828,GRP-00366,INVALID_GEOMETRY_RING,REVIEW_REQUIRED,MEDIUM
SYN-CASE-001829,SYN-PARCEL-001829,GRP-00366,INVALID_GEOMETRY_RING,REVIEW_REQUIRED,MEDIUM
SYN-CASE-001830,SYN-PARCEL-001830,GRP-00366,INVALID_GEOMETRY_RING,REVIEW_REQUIRED,MEDIUM
SYN-CASE-001831,SYN-PARCEL-001831,GRP-00367,INVALID_GEOMETRY_RING,REVIEW_REQUIRED,MEDIUM
SYN-CASE-001832,SYN-PARCEL-001832,GRP-00367,INVALID_GEOMETRY_RING,REVIEW_REQUIRED,MEDIUM
SYN-CASE-001833,SYN-PARCEL-001833,GRP-00367,INVALID_GEOMETRY_RING,REVIEW_REQUIRED,MEDIUM
SYN-CASE-001834,SYN-PARCEL-001834,GRP-00367,INVALID_GEOMETRY_RING,REVIEW_REQUIRED,MEDIUM
SYN-CASE-001835,SYN-PARCEL-001835,GRP-00367,INVALID_GEOMETRY_RING,REVIEW_REQUIRED,MEDIUM
SYN-CASE-001856,SYN-PARCEL-001856,GRP-00372,INVALID_GEOMETRY_RING,REVIEW_REQUIRED,MEDIUM
SYN-CASE-001857,SYN-PARCEL-001857,GRP-00372,INVALID_GEOMETRY_RING,REVIEW_REQUIRED,MEDIUM
SYN-CASE-001858,SYN-PARCEL-001858,GRP-00372,INVALID_GEOMETRY_RING,REVIEW_REQUIRED,MEDIUM
SYN-CASE-001859,SYN-PARCEL-001859,GRP-00372,INVALID_GEOMETRY_RING,REVIEW_REQUIRED,MEDIUM
SYN-CASE-001860,SYN-PARCEL-001860,GRP-00372,INVALID_GEOMETRY_RING,REVIEW_REQUIRED,MEDIUM
SYN-CASE-001861,SYN-PARCEL-001861,GRP-00373,INVALID_GEOMETRY_RING,REVIEW_REQUIRED,MEDIUM
SYN-CASE-001862,SYN-PARCEL-001862,GRP-00373,INVALID_GEOMETRY_RING,REVIEW_REQUIRED,MEDIUM
SYN-CASE-001863,SYN-PARCEL-001863,GRP-00373,INVALID_GEOMETRY_RING,REVIEW_REQUIRED,MEDIUM
SYN-CASE-001864,SYN-PARCEL-001864,GRP-00373,INVALID_GEOMETRY_RING,REVIEW_REQUIRED,MEDIUM
SYN-CASE-001865,SYN-PARCEL-001865,GRP-00373,INVALID_GEOMETRY_RING,REVIEW_REQUIRED,MEDIUM
SYN-CASE-001871,SYN-PARCEL-001871,GRP-00375,CRS_OR_COORDINATE_SHIFT,REVIEW_REQUIRED,HARD
SYN-CASE-001872,SYN-PARCEL-001872,GRP-00375,CRS_OR_COORDINATE_SHIFT,REVIEW_REQUIRED,HARD
SYN-CASE-001873,SYN-PARCEL-001873,GRP-00375,CRS_OR_COORDINATE_SHIFT,REVIEW_REQUIRED,HARD
SYN-CASE-001874,SYN-PARCEL-001874,GRP-00375,CRS_OR_COORDINATE_SHIFT,REVIEW_REQUIRED,HARD
SYN-CASE-001875,SYN-PARCEL-001875,GRP-00375,CRS_OR_COORDINATE_SHIFT,REVIEW_REQUIRED,HARD
SYN-CASE-001876,SYN-PARCEL-001876,GRP-00376,CRS_OR_COORDINATE_SHIFT,REVIEW_REQUIRED,HARD
SYN-CASE-001877,SYN-PARCEL-001877,GRP-00376,CRS_OR_COORDINATE_SHIFT,REVIEW_REQUIRED,HARD
SYN-CASE-001878,SYN-PARCEL-001878,GRP-00376,CRS_OR_COORDINATE_SHIFT,REVIEW_REQUIRED,HARD
SYN-CASE-001879,SYN-PARCEL-001879,GRP-00376,CRS_OR_COORDINATE_SHIFT,REVIEW_REQUIRED,HARD
SYN-CASE-001880,SYN-PARCEL-001880,GRP-00376,CRS_OR_COORDINATE_SHIFT,REVIEW_REQUIRED,HARD
SYN-CASE-001881,SYN-PARCEL-001881,GRP-00377,CRS_OR_COORDINATE_SHIFT,REVIEW_REQUIRED,HARD
SYN-CASE-001882,SYN-PARCEL-001882,GRP-00377,CRS_OR_COORDINATE_SHIFT,REVIEW_REQUIRED,HARD
SYN-CASE-001883,SYN-PARCEL-001883,GRP-00377,CRS_OR_COORDINATE_SHIFT,REVIEW_REQUIRED,HARD
SYN-CASE-001884,SYN-PARCEL-001884,GRP-00377,CRS_OR_COORDINATE_SHIFT,REVIEW_REQUIRED,HARD
SYN-CASE-001885,SYN-PARCEL-001885,GRP-00377,CRS_OR_COORDINATE_SHIFT,REVIEW_REQUIRED,HARD
SYN-CASE-001886,SYN-PARCEL-001886,GRP-00378,CRS_OR_COORDINATE_SHIFT,REVIEW_REQUIRED,HARD
SYN-CASE-001887,SYN-PARCEL-001887,GRP-00378,CRS_OR_COORDINATE_SHIFT,REVIEW_REQUIRED,HARD
SYN-CASE-001888,SYN-PARCEL-001888,GRP-00378,CRS_OR_COORDINATE_SHIFT,REVIEW_REQUIRED,HARD
SYN-CASE-001889,SYN-PARCEL-001889,GRP-00378,CRS_OR_COORDINATE_SHIFT,REVIEW_REQUIRED,HARD
SYN-CASE-001890,SYN-PARCEL-001890,GRP-00378,CRS_OR_COORDINATE_SHIFT,REVIEW_REQUIRED,HARD
SYN-CASE-001891,SYN-PARCEL-001891,GRP-00379,CRS_OR_COORDINATE_SHIFT,REVIEW_REQUIRED,HARD
SYN-CASE-001892,SYN-PARCEL-001892,GRP-00379,CRS_OR_COORDINATE_SHIFT,REVIEW_REQUIRED,HARD
SYN-CASE-001893,SYN-PARCEL-001893,GRP-00379,CRS_OR_COORDINATE_SHIFT,REVIEW_REQUIRED,HARD
SYN-CASE-001894,SYN-PARCEL-001894,GRP-00379,CRS_OR_COORDINATE_SHIFT,REVIEW_REQUIRED,HARD
SYN-CASE-001895,SYN-PARCEL-001895,GRP-00379,CRS_OR_COORDINATE_SHIFT,REVIEW_REQUIRED,HARD
SYN-CASE-001901,SYN-PARCEL-001901,GRP-00381,CRS_OR_COORDINATE_SHIFT,REVIEW_REQUIRED,HARD
SYN-CASE-001902,SYN-PARCEL-001902,GRP-00381,CRS_OR_COORDINATE_SHIFT,REVIEW_REQUIRED,HARD
SYN-CASE-001903,SYN-PARCEL-001903,GRP-00381,CRS_OR_COORDINATE_SHIFT,REVIEW_REQUIRED,HARD
SYN-CASE-001904,SYN-PARCEL-001904,GRP-00381,CRS_OR_COORDINATE_SHIFT,REVIEW_REQUIRED,HARD
SYN-CASE-001905,SYN-PARCEL-001905,GRP-00381,CRS_OR_COORDINATE_SHIFT,REVIEW_REQUIRED,HARD
SYN-CASE-001916,SYN-PARCEL-001916,GRP-00384,CRS_OR_COORDINATE_SHIFT,REVIEW_REQUIRED,HARD
SYN-CASE-001917,SYN-PARCEL-001917,GRP-00384,CRS_OR_COORDINATE_SHIFT,REVIEW_REQUIRED,HARD
SYN-CASE-001918,SYN-PARCEL-001918,GRP-00384,CRS_OR_COORDINATE_SHIFT,REVIEW_REQUIRED,HARD
SYN-CASE-001919,SYN-PARCEL-001919,GRP-00384,CRS_OR_COORDINATE_SHIFT,REVIEW_REQUIRED,HARD
SYN-CASE-001920,SYN-PARCEL-001920,GRP-00384,CRS_OR_COORDINATE_SHIFT,REVIEW_REQUIRED,HARD
SYN-CASE-001926,SYN-PARCEL-001926,GRP-00386,SLIVER_OR_GAP_DISCREPANCY,REVIEW_REQUIRED,HARD
SYN-CASE-001927,SYN-PARCEL-001927,GRP-00386,SLIVER_OR_GAP_DISCREPANCY,REVIEW_REQUIRED,HARD
SYN-CASE-001928,SYN-PARCEL-001928,GRP-00386,SLIVER_OR_GAP_DISCREPANCY,REVIEW_REQUIRED,HARD
SYN-CASE-001929,SYN-PARCEL-001929,GRP-00386,SLIVER_OR_GAP_DISCREPANCY,REVIEW_REQUIRED,HARD
SYN-CASE-001930,SYN-PARCEL-001930,GRP-00386,SLIVER_OR_GAP_DISCREPANCY,REVIEW_REQUIRED,HARD
SYN-CASE-001941,SYN-PARCEL-001941,GRP-00389,SLIVER_OR_GAP_DISCREPANCY,REVIEW_REQUIRED,HARD
SYN-CASE-001942,SYN-PARCEL-001942,GRP-00389,SLIVER_OR_GAP_DISCREPANCY,REVIEW_REQUIRED,HARD
SYN-CASE-001943,SYN-PARCEL-001943,GRP-00389,SLIVER_OR_GAP_DISCREPANCY,REVIEW_REQUIRED,HARD
SYN-CASE-001944,SYN-PARCEL-001944,GRP-00389,SLIVER_OR_GAP_DISCREPANCY,REVIEW_REQUIRED,HARD
SYN-CASE-001945,SYN-PARCEL-001945,GRP-00389,SLIVER_OR_GAP_DISCREPANCY,REVIEW_REQUIRED,HARD
SYN-CASE-001956,SYN-PARCEL-001956,GRP-00392,SLIVER_OR_GAP_DISCREPANCY,REVIEW_REQUIRED,HARD
SYN-CASE-001957,SYN-PARCEL-001957,GRP-00392,SLIVER_OR_GAP_DISCREPANCY,REVIEW_REQUIRED,HARD
SYN-CASE-001958,SYN-PARCEL-001958,GRP-00392,SLIVER_OR_GAP_DISCREPANCY,REVIEW_REQUIRED,HARD
SYN-CASE-001959,SYN-PARCEL-001959,GRP-00392,SLIVER_OR_GAP_DISCREPANCY,REVIEW_REQUIRED,HARD
SYN-CASE-001960,SYN-PARCEL-001960,GRP-00392,SLIVER_OR_GAP_DISCREPANCY,REVIEW_REQUIRED,HARD
SYN-CASE-001961,SYN-PARCEL-001961,GRP-00393,SLIVER_OR_GAP_DISCREPANCY,REVIEW_REQUIRED,HARD
SYN-CASE-001962,SYN-PARCEL-001962,GRP-00393,SLIVER_OR_GAP_DISCREPANCY,REVIEW_REQUIRED,HARD
SYN-CASE-001963,SYN-PARCEL-001963,GRP-00393,SLIVER_OR_GAP_DISCREPANCY,REVIEW_REQUIRED,HARD
SYN-CASE-001964,SYN-PARCEL-001964,GRP-00393,SLIVER_OR_GAP_DISCREPANCY,REVIEW_REQUIRED,HARD
SYN-CASE-001965,SYN-PARCEL-001965,GRP-00393,SLIVER_OR_GAP_DISCREPANCY,REVIEW_REQUIRED,HARD
SYN-CASE-001971,SYN-PARCEL-001971,GRP-00395,OCR_NOISE_TRANSCRIPTION,PARTIAL_MATCH,MEDIUM
SYN-CASE-001972,SYN-PARCEL-001972,GRP-00395,OCR_NOISE_TRANSCRIPTION,PARTIAL_MATCH,MEDIUM
SYN-CASE-001973,SYN-PARCEL-001973,GRP-00395,OCR_NOISE_TRANSCRIPTION,PARTIAL_MATCH,MEDIUM
SYN-CASE-001974,SYN-PARCEL-001974,GRP-00395,OCR_NOISE_TRANSCRIPTION,PARTIAL_MATCH,MEDIUM
SYN-CASE-001975,SYN-PARCEL-001975,GRP-00395,OCR_NOISE_TRANSCRIPTION,PARTIAL_MATCH,MEDIUM
SYN-CASE-001976,SYN-PARCEL-001976,GRP-00396,OCR_NOISE_TRANSCRIPTION,PARTIAL_MATCH,MEDIUM
SYN-CASE-001977,SYN-PARCEL-001977,GRP-00396,OCR_NOISE_TRANSCRIPTION,PARTIAL_MATCH,MEDIUM
SYN-CASE-001978,SYN-PARCEL-001978,GRP-00396,OCR_NOISE_TRANSCRIPTION,PARTIAL_MATCH,MEDIUM
SYN-CASE-001979,SYN-PARCEL-001979,GRP-00396,OCR_NOISE_TRANSCRIPTION,PARTIAL_MATCH,MEDIUM
SYN-CASE-001980,SYN-PARCEL-001980,GRP-00396,OCR_NOISE_TRANSCRIPTION,PARTIAL_MATCH,MEDIUM
SYN-CASE-001981,SYN-PARCEL-001981,GRP-00397,OCR_NOISE_TRANSCRIPTION,PARTIAL_MATCH,MEDIUM
SYN-CASE-001982,SYN-PARCEL-001982,GRP-00397,OCR_NOISE_TRANSCRIPTION,PARTIAL_MATCH,MEDIUM
SYN-CASE-001983,SYN-PARCEL-001983,GRP-00397,OCR_NOISE_TRANSCRIPTION,PARTIAL_MATCH,MEDIUM
SYN-CASE-001984,SYN-PARCEL-001984,GRP-00397,OCR_NOISE_TRANSCRIPTION,PARTIAL_MATCH,MEDIUM
SYN-CASE-001985,SYN-PARCEL-001985,GRP-00397,OCR_NOISE_TRANSCRIPTION,PARTIAL_MATCH,MEDIUM
SYN-CASE-001991,SYN-PARCEL-001991,GRP-00399,OCR_NOISE_TRANSCRIPTION,PARTIAL_MATCH,MEDIUM
SYN-CASE-001992,SYN-PARCEL-001992,GRP-00399,OCR_NOISE_TRANSCRIPTION,PARTIAL_MATCH,MEDIUM
SYN-CASE-001993,SYN-PARCEL-001993,GRP-00399,OCR_NOISE_TRANSCRIPTION,PARTIAL_MATCH,MEDIUM
SYN-CASE-001994,SYN-PARCEL-001994,GRP-00399,OCR_NOISE_TRANSCRIPTION,PARTIAL_MATCH,MEDIUM
SYN-CASE-001995,SYN-PARCEL-001995,GRP-00399,OCR_NOISE_TRANSCRIPTION,PARTIAL_MATCH,MEDIUM
SYN-CASE-001996,SYN-PARCEL-001996,GRP-00400,OCR_NOISE_TRANSCRIPTION,PARTIAL_MATCH,MEDIUM
SYN-CASE-001997,SYN-PARCEL-001997,GRP-00400,OCR_NOISE_TRANSCRIPTION,PARTIAL_MATCH,MEDIUM
SYN-CASE-001998,SYN-PARCEL-001998,GRP-00400,OCR_NOISE_TRANSCRIPTION,PARTIAL_MATCH,MEDIUM
SYN-CASE-001999,SYN-PARCEL-001999,GRP-00400,OCR_NOISE_TRANSCRIPTION,PARTIAL_MATCH,MEDIUM
SYN-CASE-002000,SYN-PARCEL-002000,GRP-00400,OCR_NOISE_TRANSCRIPTION,PARTIAL_MATCH,MEDIUM
SYN-CASE-002001,SYN-PARCEL-002001,GRP-00401,OCR_NOISE_TRANSCRIPTION,PARTIAL_MATCH,MEDIUM
SYN-CASE-002002,SYN-PARCEL-002002,GRP-00401,OCR_NOISE_TRANSCRIPTION,PARTIAL_MATCH,MEDIUM
SYN-CASE-002003,SYN-PARCEL-002003,GRP-00401,OCR_NOISE_TRANSCRIPTION,PARTIAL_MATCH,MEDIUM
SYN-CASE-002004,SYN-PARCEL-002004,GRP-00401,OCR_NOISE_TRANSCRIPTION,PARTIAL_MATCH,MEDIUM
SYN-CASE-002005,SYN-PARCEL-002005,GRP-00401,OCR_NOISE_TRANSCRIPTION,PARTIAL_MATCH,MEDIUM
SYN-CASE-002006,SYN-PARCEL-002006,GRP-00402,OCR_NOISE_TRANSCRIPTION,PARTIAL_MATCH,MEDIUM
SYN-CASE-002007,SYN-PARCEL-002007,GRP-00402,OCR_NOISE_TRANSCRIPTION,PARTIAL_MATCH,MEDIUM
SYN-CASE-002008,SYN-PARCEL-002008,GRP-00402,OCR_NOISE_TRANSCRIPTION,PARTIAL_MATCH,MEDIUM
SYN-CASE-002009,SYN-PARCEL-002009,GRP-00402,OCR_NOISE_TRANSCRIPTION,PARTIAL_MATCH,MEDIUM
SYN-CASE-002010,SYN-PARCEL-002010,GRP-00402,OCR_NOISE_TRANSCRIPTION,PARTIAL_MATCH,MEDIUM
SYN-CASE-002011,SYN-PARCEL-002011,GRP-00403,OCR_NOISE_TRANSCRIPTION,PARTIAL_MATCH,MEDIUM
SYN-CASE-002012,SYN-PARCEL-002012,GRP-00403,OCR_NOISE_TRANSCRIPTION,PARTIAL_MATCH,MEDIUM
SYN-CASE-002013,SYN-PARCEL-002013,GRP-00403,OCR_NOISE_TRANSCRIPTION,PARTIAL_MATCH,MEDIUM
SYN-CASE-002014,SYN-PARCEL-002014,GRP-00403,OCR_NOISE_TRANSCRIPTION,PARTIAL_MATCH,MEDIUM
SYN-CASE-002015,SYN-PARCEL-002015,GRP-00403,OCR_NOISE_TRANSCRIPTION,PARTIAL_MATCH,MEDIUM
SYN-CASE-002016,SYN-PARCEL-002016,GRP-00404,OCR_NOISE_TRANSCRIPTION,PARTIAL_MATCH,MEDIUM
SYN-CASE-002017,SYN-PARCEL-002017,GRP-00404,OCR_NOISE_TRANSCRIPTION,PARTIAL_MATCH,MEDIUM
SYN-CASE-002018,SYN-PARCEL-002018,GRP-00404,OCR_NOISE_TRANSCRIPTION,PARTIAL_MATCH,MEDIUM
SYN-CASE-002019,SYN-PARCEL-002019,GRP-00404,OCR_NOISE_TRANSCRIPTION,PARTIAL_MATCH,MEDIUM
SYN-CASE-002020,SYN-PARCEL-002020,GRP-00404,OCR_NOISE_TRANSCRIPTION,PARTIAL_MATCH,MEDIUM
SYN-CASE-002021,SYN-PARCEL-002021,GRP-00405,OCR_NOISE_TRANSCRIPTION,PARTIAL_MATCH,MEDIUM
SYN-CASE-002022,SYN-PARCEL-002022,GRP-00405,OCR_NOISE_TRANSCRIPTION,PARTIAL_MATCH,MEDIUM
SYN-CASE-002023,SYN-PARCEL-002023,GRP-00405,OCR_NOISE_TRANSCRIPTION,PARTIAL_MATCH,MEDIUM
SYN-CASE-002024,SYN-PARCEL-002024,GRP-00405,OCR_NOISE_TRANSCRIPTION,PARTIAL_MATCH,MEDIUM
SYN-CASE-002025,SYN-PARCEL-002025,GRP-00405,OCR_NOISE_TRANSCRIPTION,PARTIAL_MATCH,MEDIUM
SYN-CASE-002031,SYN-PARCEL-002031,GRP-00407,OCR_NOISE_TRANSCRIPTION,PARTIAL_MATCH,MEDIUM
SYN-CASE-002032,SYN-PARCEL-002032,GRP-00407,OCR_NOISE_TRANSCRIPTION,PARTIAL_MATCH,MEDIUM
SYN-CASE-002033,SYN-PARCEL-002033,GRP-00407,OCR_NOISE_TRANSCRIPTION,PARTIAL_MATCH,MEDIUM
SYN-CASE-002034,SYN-PARCEL-002034,GRP-00407,OCR_NOISE_TRANSCRIPTION,PARTIAL_MATCH,MEDIUM
SYN-CASE-002035,SYN-PARCEL-002035,GRP-00407,OCR_NOISE_TRANSCRIPTION,PARTIAL_MATCH,MEDIUM
SYN-CASE-002036,SYN-PARCEL-002036,GRP-00408,OCR_NOISE_TRANSCRIPTION,PARTIAL_MATCH,MEDIUM
SYN-CASE-002037,SYN-PARCEL-002037,GRP-00408,OCR_NOISE_TRANSCRIPTION,PARTIAL_MATCH,MEDIUM
SYN-CASE-002038,SYN-PARCEL-002038,GRP-00408,OCR_NOISE_TRANSCRIPTION,PARTIAL_MATCH,MEDIUM
SYN-CASE-002039,SYN-PARCEL-002039,GRP-00408,OCR_NOISE_TRANSCRIPTION,PARTIAL_MATCH,MEDIUM
SYN-CASE-002040,SYN-PARCEL-002040,GRP-00408,OCR_NOISE_TRANSCRIPTION,PARTIAL_MATCH,MEDIUM
SYN-CASE-002041,SYN-PARCEL-002041,GRP-00409,OCR_NOISE_TRANSCRIPTION,PARTIAL_MATCH,MEDIUM
SYN-CASE-002042,SYN-PARCEL-002042,GRP-00409,OCR_NOISE_TRANSCRIPTION,PARTIAL_MATCH,MEDIUM
SYN-CASE-002043,SYN-PARCEL-002043,GRP-00409,OCR_NOISE_TRANSCRIPTION,PARTIAL_MATCH,MEDIUM
SYN-CASE-002044,SYN-PARCEL-002044,GRP-00409,OCR_NOISE_TRANSCRIPTION,PARTIAL_MATCH,MEDIUM
SYN-CASE-002045,SYN-PARCEL-002045,GRP-00409,OCR_NOISE_TRANSCRIPTION,PARTIAL_MATCH,MEDIUM
SYN-CASE-002046,SYN-PARCEL-002046,GRP-00410,OCR_NOISE_TRANSCRIPTION,PARTIAL_MATCH,MEDIUM
SYN-CASE-002047,SYN-PARCEL-002047,GRP-00410,OCR_NOISE_TRANSCRIPTION,PARTIAL_MATCH,MEDIUM
SYN-CASE-002048,SYN-PARCEL-002048,GRP-00410,OCR_NOISE_TRANSCRIPTION,PARTIAL_MATCH,MEDIUM
SYN-CASE-002049,SYN-PARCEL-002049,GRP-00410,OCR_NOISE_TRANSCRIPTION,PARTIAL_MATCH,MEDIUM
SYN-CASE-002050,SYN-PARCEL-002050,GRP-00410,OCR_NOISE_TRANSCRIPTION,PARTIAL_MATCH,MEDIUM
SYN-CASE-002056,SYN-PARCEL-002056,GRP-00412,LOW_CONFIDENCE_EXTRACTION,REVIEW_REQUIRED,MEDIUM
SYN-CASE-002057,SYN-PARCEL-002057,GRP-00412,LOW_CONFIDENCE_EXTRACTION,REVIEW_REQUIRED,MEDIUM
SYN-CASE-002058,SYN-PARCEL-002058,GRP-00412,LOW_CONFIDENCE_EXTRACTION,REVIEW_REQUIRED,MEDIUM
SYN-CASE-002059,SYN-PARCEL-002059,GRP-00412,LOW_CONFIDENCE_EXTRACTION,REVIEW_REQUIRED,MEDIUM
SYN-CASE-002060,SYN-PARCEL-002060,GRP-00412,LOW_CONFIDENCE_EXTRACTION,REVIEW_REQUIRED,MEDIUM
SYN-CASE-002066,SYN-PARCEL-002066,GRP-00414,LOW_CONFIDENCE_EXTRACTION,REVIEW_REQUIRED,MEDIUM
SYN-CASE-002067,SYN-PARCEL-002067,GRP-00414,LOW_CONFIDENCE_EXTRACTION,REVIEW_REQUIRED,MEDIUM
SYN-CASE-002068,SYN-PARCEL-002068,GRP-00414,LOW_CONFIDENCE_EXTRACTION,REVIEW_REQUIRED,MEDIUM
SYN-CASE-002069,SYN-PARCEL-002069,GRP-00414,LOW_CONFIDENCE_EXTRACTION,REVIEW_REQUIRED,MEDIUM
SYN-CASE-002070,SYN-PARCEL-002070,GRP-00414,LOW_CONFIDENCE_EXTRACTION,REVIEW_REQUIRED,MEDIUM
SYN-CASE-002071,SYN-PARCEL-002071,GRP-00415,LOW_CONFIDENCE_EXTRACTION,REVIEW_REQUIRED,MEDIUM
SYN-CASE-002072,SYN-PARCEL-002072,GRP-00415,LOW_CONFIDENCE_EXTRACTION,REVIEW_REQUIRED,MEDIUM
SYN-CASE-002073,SYN-PARCEL-002073,GRP-00415,LOW_CONFIDENCE_EXTRACTION,REVIEW_REQUIRED,MEDIUM
SYN-CASE-002074,SYN-PARCEL-002074,GRP-00415,LOW_CONFIDENCE_EXTRACTION,REVIEW_REQUIRED,MEDIUM
SYN-CASE-002075,SYN-PARCEL-002075,GRP-00415,LOW_CONFIDENCE_EXTRACTION,REVIEW_REQUIRED,MEDIUM
SYN-CASE-002076,SYN-PARCEL-002076,GRP-00416,LOW_CONFIDENCE_EXTRACTION,REVIEW_REQUIRED,MEDIUM
SYN-CASE-002077,SYN-PARCEL-002077,GRP-00416,LOW_CONFIDENCE_EXTRACTION,REVIEW_REQUIRED,MEDIUM
SYN-CASE-002078,SYN-PARCEL-002078,GRP-00416,LOW_CONFIDENCE_EXTRACTION,REVIEW_REQUIRED,MEDIUM
SYN-CASE-002079,SYN-PARCEL-002079,GRP-00416,LOW_CONFIDENCE_EXTRACTION,REVIEW_REQUIRED,MEDIUM
SYN-CASE-002080,SYN-PARCEL-002080,GRP-00416,LOW_CONFIDENCE_EXTRACTION,REVIEW_REQUIRED,MEDIUM
SYN-CASE-002081,SYN-PARCEL-002081,GRP-00417,LOW_CONFIDENCE_EXTRACTION,REVIEW_REQUIRED,MEDIUM
SYN-CASE-002082,SYN-PARCEL-002082,GRP-00417,LOW_CONFIDENCE_EXTRACTION,REVIEW_REQUIRED,MEDIUM
SYN-CASE-002083,SYN-PARCEL-002083,GRP-00417,LOW_CONFIDENCE_EXTRACTION,REVIEW_REQUIRED,MEDIUM
SYN-CASE-002084,SYN-PARCEL-002084,GRP-00417,LOW_CONFIDENCE_EXTRACTION,REVIEW_REQUIRED,MEDIUM
SYN-CASE-002085,SYN-PARCEL-002085,GRP-00417,LOW_CONFIDENCE_EXTRACTION,REVIEW_REQUIRED,MEDIUM
SYN-CASE-002086,SYN-PARCEL-002086,GRP-00418,LOW_CONFIDENCE_EXTRACTION,REVIEW_REQUIRED,MEDIUM
SYN-CASE-002087,SYN-PARCEL-002087,GRP-00418,LOW_CONFIDENCE_EXTRACTION,REVIEW_REQUIRED,MEDIUM
SYN-CASE-002088,SYN-PARCEL-002088,GRP-00418,LOW_CONFIDENCE_EXTRACTION,REVIEW_REQUIRED,MEDIUM
SYN-CASE-002089,SYN-PARCEL-002089,GRP-00418,LOW_CONFIDENCE_EXTRACTION,REVIEW_REQUIRED,MEDIUM
SYN-CASE-002090,SYN-PARCEL-002090,GRP-00418,LOW_CONFIDENCE_EXTRACTION,REVIEW_REQUIRED,MEDIUM
SYN-CASE-002091,SYN-PARCEL-002091,GRP-00419,LOW_CONFIDENCE_EXTRACTION,REVIEW_REQUIRED,MEDIUM
SYN-CASE-002092,SYN-PARCEL-002092,GRP-00419,LOW_CONFIDENCE_EXTRACTION,REVIEW_REQUIRED,MEDIUM
SYN-CASE-002093,SYN-PARCEL-002093,GRP-00419,LOW_CONFIDENCE_EXTRACTION,REVIEW_REQUIRED,MEDIUM
SYN-CASE-002094,SYN-PARCEL-002094,GRP-00419,LOW_CONFIDENCE_EXTRACTION,REVIEW_REQUIRED,MEDIUM
SYN-CASE-002095,SYN-PARCEL-002095,GRP-00419,LOW_CONFIDENCE_EXTRACTION,REVIEW_REQUIRED,MEDIUM
SYN-CASE-002096,SYN-PARCEL-002096,GRP-00420,LOW_CONFIDENCE_EXTRACTION,REVIEW_REQUIRED,MEDIUM
SYN-CASE-002097,SYN-PARCEL-002097,GRP-00420,LOW_CONFIDENCE_EXTRACTION,REVIEW_REQUIRED,MEDIUM
SYN-CASE-002098,SYN-PARCEL-002098,GRP-00420,LOW_CONFIDENCE_EXTRACTION,REVIEW_REQUIRED,MEDIUM
SYN-CASE-002099,SYN-PARCEL-002099,GRP-00420,LOW_CONFIDENCE_EXTRACTION,REVIEW_REQUIRED,MEDIUM
SYN-CASE-002100,SYN-PARCEL-002100,GRP-00420,LOW_CONFIDENCE_EXTRACTION,REVIEW_REQUIRED,MEDIUM
SYN-CASE-002106,SYN-PARCEL-002106,GRP-00422,LOW_CONFIDENCE_EXTRACTION,REVIEW_REQUIRED,MEDIUM
SYN-CASE-002107,SYN-PARCEL-002107,GRP-00422,LOW_CONFIDENCE_EXTRACTION,REVIEW_REQUIRED,MEDIUM
SYN-CASE-002108,SYN-PARCEL-002108,GRP-00422,LOW_CONFIDENCE_EXTRACTION,REVIEW_REQUIRED,MEDIUM
SYN-CASE-002109,SYN-PARCEL-002109,GRP-00422,LOW_CONFIDENCE_EXTRACTION,REVIEW_REQUIRED,MEDIUM
SYN-CASE-002110,SYN-PARCEL-002110,GRP-00422,LOW_CONFIDENCE_EXTRACTION,REVIEW_REQUIRED,MEDIUM
SYN-CASE-002111,SYN-PARCEL-002111,GRP-00423,LOW_CONFIDENCE_EXTRACTION,REVIEW_REQUIRED,MEDIUM
SYN-CASE-002112,SYN-PARCEL-002112,GRP-00423,LOW_CONFIDENCE_EXTRACTION,REVIEW_REQUIRED,MEDIUM
SYN-CASE-002113,SYN-PARCEL-002113,GRP-00423,LOW_CONFIDENCE_EXTRACTION,REVIEW_REQUIRED,MEDIUM
SYN-CASE-002114,SYN-PARCEL-002114,GRP-00423,LOW_CONFIDENCE_EXTRACTION,REVIEW_REQUIRED,MEDIUM
SYN-CASE-002115,SYN-PARCEL-002115,GRP-00423,LOW_CONFIDENCE_EXTRACTION,REVIEW_REQUIRED,MEDIUM
SYN-CASE-002116,SYN-PARCEL-002116,GRP-00424,LOW_CONFIDENCE_EXTRACTION,REVIEW_REQUIRED,MEDIUM
SYN-CASE-002117,SYN-PARCEL-002117,GRP-00424,LOW_CONFIDENCE_EXTRACTION,REVIEW_REQUIRED,MEDIUM
SYN-CASE-002118,SYN-PARCEL-002118,GRP-00424,LOW_CONFIDENCE_EXTRACTION,REVIEW_REQUIRED,MEDIUM
SYN-CASE-002119,SYN-PARCEL-002119,GRP-00424,LOW_CONFIDENCE_EXTRACTION,REVIEW_REQUIRED,MEDIUM
SYN-CASE-002120,SYN-PARCEL-002120,GRP-00424,LOW_CONFIDENCE_EXTRACTION,REVIEW_REQUIRED,MEDIUM
SYN-CASE-002121,SYN-PARCEL-002121,GRP-00425,MISSING_SCHEDULE_PAGE,MISSING,EASY
SYN-CASE-002122,SYN-PARCEL-002122,GRP-00425,MISSING_SCHEDULE_PAGE,MISSING,EASY
SYN-CASE-002123,SYN-PARCEL-002123,GRP-00425,MISSING_SCHEDULE_PAGE,MISSING,EASY
SYN-CASE-002124,SYN-PARCEL-002124,GRP-00425,MISSING_SCHEDULE_PAGE,MISSING,EASY
SYN-CASE-002125,SYN-PARCEL-002125,GRP-00425,MISSING_SCHEDULE_PAGE,MISSING,EASY
SYN-CASE-002126,SYN-PARCEL-002126,GRP-00426,MISSING_SCHEDULE_PAGE,MISSING,EASY
SYN-CASE-002127,SYN-PARCEL-002127,GRP-00426,MISSING_SCHEDULE_PAGE,MISSING,EASY
SYN-CASE-002128,SYN-PARCEL-002128,GRP-00426,MISSING_SCHEDULE_PAGE,MISSING,EASY
SYN-CASE-002129,SYN-PARCEL-002129,GRP-00426,MISSING_SCHEDULE_PAGE,MISSING,EASY
SYN-CASE-002130,SYN-PARCEL-002130,GRP-00426,MISSING_SCHEDULE_PAGE,MISSING,EASY
SYN-CASE-002131,SYN-PARCEL-002131,GRP-00427,MISSING_SCHEDULE_PAGE,MISSING,EASY
SYN-CASE-002132,SYN-PARCEL-002132,GRP-00427,MISSING_SCHEDULE_PAGE,MISSING,EASY
SYN-CASE-002133,SYN-PARCEL-002133,GRP-00427,MISSING_SCHEDULE_PAGE,MISSING,EASY
SYN-CASE-002134,SYN-PARCEL-002134,GRP-00427,MISSING_SCHEDULE_PAGE,MISSING,EASY
SYN-CASE-002135,SYN-PARCEL-002135,GRP-00427,MISSING_SCHEDULE_PAGE,MISSING,EASY
SYN-CASE-002136,SYN-PARCEL-002136,GRP-00428,MISSING_SCHEDULE_PAGE,MISSING,EASY
SYN-CASE-002137,SYN-PARCEL-002137,GRP-00428,MISSING_SCHEDULE_PAGE,MISSING,EASY
SYN-CASE-002138,SYN-PARCEL-002138,GRP-00428,MISSING_SCHEDULE_PAGE,MISSING,EASY
SYN-CASE-002139,SYN-PARCEL-002139,GRP-00428,MISSING_SCHEDULE_PAGE,MISSING,EASY
SYN-CASE-002140,SYN-PARCEL-002140,GRP-00428,MISSING_SCHEDULE_PAGE,MISSING,EASY
SYN-CASE-002141,SYN-PARCEL-002141,GRP-00429,MISSING_SCHEDULE_PAGE,MISSING,EASY
SYN-CASE-002142,SYN-PARCEL-002142,GRP-00429,MISSING_SCHEDULE_PAGE,MISSING,EASY
SYN-CASE-002143,SYN-PARCEL-002143,GRP-00429,MISSING_SCHEDULE_PAGE,MISSING,EASY
SYN-CASE-002144,SYN-PARCEL-002144,GRP-00429,MISSING_SCHEDULE_PAGE,MISSING,EASY
SYN-CASE-002145,SYN-PARCEL-002145,GRP-00429,MISSING_SCHEDULE_PAGE,MISSING,EASY
SYN-CASE-002151,SYN-PARCEL-002151,GRP-00431,MISSING_SCHEDULE_PAGE,MISSING,EASY
SYN-CASE-002152,SYN-PARCEL-002152,GRP-00431,MISSING_SCHEDULE_PAGE,MISSING,EASY
SYN-CASE-002153,SYN-PARCEL-002153,GRP-00431,MISSING_SCHEDULE_PAGE,MISSING,EASY
SYN-CASE-002154,SYN-PARCEL-002154,GRP-00431,MISSING_SCHEDULE_PAGE,MISSING,EASY
SYN-CASE-002155,SYN-PARCEL-002155,GRP-00431,MISSING_SCHEDULE_PAGE,MISSING,EASY
SYN-CASE-002166,SYN-PARCEL-002166,GRP-00434,MISSING_SCHEDULE_PAGE,MISSING,EASY
SYN-CASE-002167,SYN-PARCEL-002167,GRP-00434,MISSING_SCHEDULE_PAGE,MISSING,EASY
SYN-CASE-002168,SYN-PARCEL-002168,GRP-00434,MISSING_SCHEDULE_PAGE,MISSING,EASY
SYN-CASE-002169,SYN-PARCEL-002169,GRP-00434,MISSING_SCHEDULE_PAGE,MISSING,EASY
SYN-CASE-002170,SYN-PARCEL-002170,GRP-00434,MISSING_SCHEDULE_PAGE,MISSING,EASY
SYN-CASE-002171,SYN-PARCEL-002171,GRP-00435,LAND_USE_CONFLICT_CONVERSION,REVIEW_REQUIRED,HARD
SYN-CASE-002172,SYN-PARCEL-002172,GRP-00435,LAND_USE_CONFLICT_CONVERSION,REVIEW_REQUIRED,HARD
SYN-CASE-002173,SYN-PARCEL-002173,GRP-00435,LAND_USE_CONFLICT_CONVERSION,REVIEW_REQUIRED,HARD
SYN-CASE-002174,SYN-PARCEL-002174,GRP-00435,LAND_USE_CONFLICT_CONVERSION,REVIEW_REQUIRED,HARD
SYN-CASE-002175,SYN-PARCEL-002175,GRP-00435,LAND_USE_CONFLICT_CONVERSION,REVIEW_REQUIRED,HARD
SYN-CASE-002176,SYN-PARCEL-002176,GRP-00436,LAND_USE_CONFLICT_CONVERSION,REVIEW_REQUIRED,HARD
SYN-CASE-002177,SYN-PARCEL-002177,GRP-00436,LAND_USE_CONFLICT_CONVERSION,REVIEW_REQUIRED,HARD
SYN-CASE-002178,SYN-PARCEL-002178,GRP-00436,LAND_USE_CONFLICT_CONVERSION,REVIEW_REQUIRED,HARD
SYN-CASE-002179,SYN-PARCEL-002179,GRP-00436,LAND_USE_CONFLICT_CONVERSION,REVIEW_REQUIRED,HARD
SYN-CASE-002180,SYN-PARCEL-002180,GRP-00436,LAND_USE_CONFLICT_CONVERSION,REVIEW_REQUIRED,HARD
SYN-CASE-002181,SYN-PARCEL-002181,GRP-00437,LAND_USE_CONFLICT_CONVERSION,REVIEW_REQUIRED,HARD
SYN-CASE-002182,SYN-PARCEL-002182,GRP-00437,LAND_USE_CONFLICT_CONVERSION,REVIEW_REQUIRED,HARD
SYN-CASE-002183,SYN-PARCEL-002183,GRP-00437,LAND_USE_CONFLICT_CONVERSION,REVIEW_REQUIRED,HARD
SYN-CASE-002184,SYN-PARCEL-002184,GRP-00437,LAND_USE_CONFLICT_CONVERSION,REVIEW_REQUIRED,HARD
SYN-CASE-002185,SYN-PARCEL-002185,GRP-00437,LAND_USE_CONFLICT_CONVERSION,REVIEW_REQUIRED,HARD
SYN-CASE-002186,SYN-PARCEL-002186,GRP-00438,LAND_USE_CONFLICT_CONVERSION,REVIEW_REQUIRED,HARD
SYN-CASE-002187,SYN-PARCEL-002187,GRP-00438,LAND_USE_CONFLICT_CONVERSION,REVIEW_REQUIRED,HARD
SYN-CASE-002188,SYN-PARCEL-002188,GRP-00438,LAND_USE_CONFLICT_CONVERSION,REVIEW_REQUIRED,HARD
SYN-CASE-002189,SYN-PARCEL-002189,GRP-00438,LAND_USE_CONFLICT_CONVERSION,REVIEW_REQUIRED,HARD
SYN-CASE-002190,SYN-PARCEL-002190,GRP-00438,LAND_USE_CONFLICT_CONVERSION,REVIEW_REQUIRED,HARD
SYN-CASE-002191,SYN-PARCEL-002191,GRP-00439,LAND_USE_CONFLICT_CONVERSION,REVIEW_REQUIRED,HARD
SYN-CASE-002192,SYN-PARCEL-002192,GRP-00439,LAND_USE_CONFLICT_CONVERSION,REVIEW_REQUIRED,HARD
SYN-CASE-002193,SYN-PARCEL-002193,GRP-00439,LAND_USE_CONFLICT_CONVERSION,REVIEW_REQUIRED,HARD
SYN-CASE-002194,SYN-PARCEL-002194,GRP-00439,LAND_USE_CONFLICT_CONVERSION,REVIEW_REQUIRED,HARD
SYN-CASE-002195,SYN-PARCEL-002195,GRP-00439,LAND_USE_CONFLICT_CONVERSION,REVIEW_REQUIRED,HARD
SYN-CASE-002196,SYN-PARCEL-002196,GRP-00440,LAND_USE_CONFLICT_CONVERSION,REVIEW_REQUIRED,HARD
SYN-CASE-002197,SYN-PARCEL-002197,GRP-00440,LAND_USE_CONFLICT_CONVERSION,REVIEW_REQUIRED,HARD
SYN-CASE-002198,SYN-PARCEL-002198,GRP-00440,LAND_USE_CONFLICT_CONVERSION,REVIEW_REQUIRED,HARD
SYN-CASE-002199,SYN-PARCEL-002199,GRP-00440,LAND_USE_CONFLICT_CONVERSION,REVIEW_REQUIRED,HARD
SYN-CASE-002200,SYN-PARCEL-002200,GRP-00440,LAND_USE_CONFLICT_CONVERSION,REVIEW_REQUIRED,HARD
SYN-CASE-002206,SYN-PARCEL-002206,GRP-00442,LAND_USE_CONFLICT_CONVERSION,REVIEW_REQUIRED,HARD
SYN-CASE-002207,SYN-PARCEL-002207,GRP-00442,LAND_USE_CONFLICT_CONVERSION,REVIEW_REQUIRED,HARD
SYN-CASE-002208,SYN-PARCEL-002208,GRP-00442,LAND_USE_CONFLICT_CONVERSION,REVIEW_REQUIRED,HARD
SYN-CASE-002209,SYN-PARCEL-002209,GRP-00442,LAND_USE_CONFLICT_CONVERSION,REVIEW_REQUIRED,HARD
SYN-CASE-002210,SYN-PARCEL-002210,GRP-00442,LAND_USE_CONFLICT_CONVERSION,REVIEW_REQUIRED,HARD
SYN-CASE-002216,SYN-PARCEL-002216,GRP-00444,LAND_USE_CONFLICT_CONVERSION,REVIEW_REQUIRED,HARD
SYN-CASE-002217,SYN-PARCEL-002217,GRP-00444,LAND_USE_CONFLICT_CONVERSION,REVIEW_REQUIRED,HARD
SYN-CASE-002218,SYN-PARCEL-002218,GRP-00444,LAND_USE_CONFLICT_CONVERSION,REVIEW_REQUIRED,HARD
SYN-CASE-002219,SYN-PARCEL-002219,GRP-00444,LAND_USE_CONFLICT_CONVERSION,REVIEW_REQUIRED,HARD
SYN-CASE-002220,SYN-PARCEL-002220,GRP-00444,LAND_USE_CONFLICT_CONVERSION,REVIEW_REQUIRED,HARD
SYN-CASE-002226,SYN-PARCEL-002226,GRP-00446,LAND_USE_CONFLICT_CONVERSION,REVIEW_REQUIRED,HARD
SYN-CASE-002227,SYN-PARCEL-002227,GRP-00446,LAND_USE_CONFLICT_CONVERSION,REVIEW_REQUIRED,HARD
SYN-CASE-002228,SYN-PARCEL-002228,GRP-00446,LAND_USE_CONFLICT_CONVERSION,REVIEW_REQUIRED,HARD
SYN-CASE-002229,SYN-PARCEL-002229,GRP-00446,LAND_USE_CONFLICT_CONVERSION,REVIEW_REQUIRED,HARD
SYN-CASE-002230,SYN-PARCEL-002230,GRP-00446,LAND_USE_CONFLICT_CONVERSION,REVIEW_REQUIRED,HARD
SYN-CASE-002231,SYN-PARCEL-002231,GRP-00447,PLANNING_ECO_RESTRICTION_OVERLAP,REVIEW_REQUIRED,HARD
SYN-CASE-002232,SYN-PARCEL-002232,GRP-00447,PLANNING_ECO_RESTRICTION_OVERLAP,REVIEW_REQUIRED,HARD
SYN-CASE-002233,SYN-PARCEL-002233,GRP-00447,PLANNING_ECO_RESTRICTION_OVERLAP,REVIEW_REQUIRED,HARD
SYN-CASE-002234,SYN-PARCEL-002234,GRP-00447,PLANNING_ECO_RESTRICTION_OVERLAP,REVIEW_REQUIRED,HARD
SYN-CASE-002235,SYN-PARCEL-002235,GRP-00447,PLANNING_ECO_RESTRICTION_OVERLAP,REVIEW_REQUIRED,HARD
SYN-CASE-002236,SYN-PARCEL-002236,GRP-00448,PLANNING_ECO_RESTRICTION_OVERLAP,REVIEW_REQUIRED,HARD
SYN-CASE-002237,SYN-PARCEL-002237,GRP-00448,PLANNING_ECO_RESTRICTION_OVERLAP,REVIEW_REQUIRED,HARD
SYN-CASE-002238,SYN-PARCEL-002238,GRP-00448,PLANNING_ECO_RESTRICTION_OVERLAP,REVIEW_REQUIRED,HARD
SYN-CASE-002239,SYN-PARCEL-002239,GRP-00448,PLANNING_ECO_RESTRICTION_OVERLAP,REVIEW_REQUIRED,HARD
SYN-CASE-002240,SYN-PARCEL-002240,GRP-00448,PLANNING_ECO_RESTRICTION_OVERLAP,REVIEW_REQUIRED,HARD
SYN-CASE-002246,SYN-PARCEL-002246,GRP-00450,PLANNING_ECO_RESTRICTION_OVERLAP,REVIEW_REQUIRED,HARD
SYN-CASE-002247,SYN-PARCEL-002247,GRP-00450,PLANNING_ECO_RESTRICTION_OVERLAP,REVIEW_REQUIRED,HARD
SYN-CASE-002248,SYN-PARCEL-002248,GRP-00450,PLANNING_ECO_RESTRICTION_OVERLAP,REVIEW_REQUIRED,HARD
SYN-CASE-002249,SYN-PARCEL-002249,GRP-00450,PLANNING_ECO_RESTRICTION_OVERLAP,REVIEW_REQUIRED,HARD
SYN-CASE-002250,SYN-PARCEL-002250,GRP-00450,PLANNING_ECO_RESTRICTION_OVERLAP,REVIEW_REQUIRED,HARD
SYN-CASE-002251,SYN-PARCEL-002251,GRP-00451,PLANNING_ECO_RESTRICTION_OVERLAP,REVIEW_REQUIRED,HARD
SYN-CASE-002252,SYN-PARCEL-002252,GRP-00451,PLANNING_ECO_RESTRICTION_OVERLAP,REVIEW_REQUIRED,HARD
SYN-CASE-002253,SYN-PARCEL-002253,GRP-00451,PLANNING_ECO_RESTRICTION_OVERLAP,REVIEW_REQUIRED,HARD
SYN-CASE-002254,SYN-PARCEL-002254,GRP-00451,PLANNING_ECO_RESTRICTION_OVERLAP,REVIEW_REQUIRED,HARD
SYN-CASE-002255,SYN-PARCEL-002255,GRP-00451,PLANNING_ECO_RESTRICTION_OVERLAP,REVIEW_REQUIRED,HARD
SYN-CASE-002256,SYN-PARCEL-002256,GRP-00452,PLANNING_ECO_RESTRICTION_OVERLAP,REVIEW_REQUIRED,HARD
SYN-CASE-002257,SYN-PARCEL-002257,GRP-00452,PLANNING_ECO_RESTRICTION_OVERLAP,REVIEW_REQUIRED,HARD
SYN-CASE-002258,SYN-PARCEL-002258,GRP-00452,PLANNING_ECO_RESTRICTION_OVERLAP,REVIEW_REQUIRED,HARD
SYN-CASE-002259,SYN-PARCEL-002259,GRP-00452,PLANNING_ECO_RESTRICTION_OVERLAP,REVIEW_REQUIRED,HARD
SYN-CASE-002260,SYN-PARCEL-002260,GRP-00452,PLANNING_ECO_RESTRICTION_OVERLAP,REVIEW_REQUIRED,HARD
SYN-CASE-002266,SYN-PARCEL-002266,GRP-00454,PLANNING_ECO_RESTRICTION_OVERLAP,REVIEW_REQUIRED,HARD
SYN-CASE-002267,SYN-PARCEL-002267,GRP-00454,PLANNING_ECO_RESTRICTION_OVERLAP,REVIEW_REQUIRED,HARD
SYN-CASE-002268,SYN-PARCEL-002268,GRP-00454,PLANNING_ECO_RESTRICTION_OVERLAP,REVIEW_REQUIRED,HARD
SYN-CASE-002269,SYN-PARCEL-002269,GRP-00454,PLANNING_ECO_RESTRICTION_OVERLAP,REVIEW_REQUIRED,HARD
SYN-CASE-002270,SYN-PARCEL-002270,GRP-00454,PLANNING_ECO_RESTRICTION_OVERLAP,REVIEW_REQUIRED,HARD
SYN-CASE-002271,SYN-PARCEL-002271,GRP-00455,PLANNING_ECO_RESTRICTION_OVERLAP,REVIEW_REQUIRED,HARD
SYN-CASE-002272,SYN-PARCEL-002272,GRP-00455,PLANNING_ECO_RESTRICTION_OVERLAP,REVIEW_REQUIRED,HARD
SYN-CASE-002273,SYN-PARCEL-002273,GRP-00455,PLANNING_ECO_RESTRICTION_OVERLAP,REVIEW_REQUIRED,HARD
SYN-CASE-002274,SYN-PARCEL-002274,GRP-00455,PLANNING_ECO_RESTRICTION_OVERLAP,REVIEW_REQUIRED,HARD
SYN-CASE-002275,SYN-PARCEL-002275,GRP-00455,PLANNING_ECO_RESTRICTION_OVERLAP,REVIEW_REQUIRED,HARD
SYN-CASE-002276,SYN-PARCEL-002276,GRP-00456,PLANNING_ECO_RESTRICTION_OVERLAP,REVIEW_REQUIRED,HARD
SYN-CASE-002277,SYN-PARCEL-002277,GRP-00456,PLANNING_ECO_RESTRICTION_OVERLAP,REVIEW_REQUIRED,HARD
SYN-CASE-002278,SYN-PARCEL-002278,GRP-00456,PLANNING_ECO_RESTRICTION_OVERLAP,REVIEW_REQUIRED,HARD
SYN-CASE-002279,SYN-PARCEL-002279,GRP-00456,PLANNING_ECO_RESTRICTION_OVERLAP,REVIEW_REQUIRED,HARD
SYN-CASE-002280,SYN-PARCEL-002280,GRP-00456,PLANNING_ECO_RESTRICTION_OVERLAP,REVIEW_REQUIRED,HARD
SYN-CASE-002281,SYN-PARCEL-002281,GRP-00457,UNAUTHORIZED_MUTATION_ATTEMPT,REVIEW_REQUIRED,HARD
SYN-CASE-002282,SYN-PARCEL-002282,GRP-00457,UNAUTHORIZED_MUTATION_ATTEMPT,REVIEW_REQUIRED,HARD
SYN-CASE-002283,SYN-PARCEL-002283,GRP-00457,UNAUTHORIZED_MUTATION_ATTEMPT,REVIEW_REQUIRED,HARD
SYN-CASE-002284,SYN-PARCEL-002284,GRP-00457,UNAUTHORIZED_MUTATION_ATTEMPT,REVIEW_REQUIRED,HARD
SYN-CASE-002285,SYN-PARCEL-002285,GRP-00457,UNAUTHORIZED_MUTATION_ATTEMPT,REVIEW_REQUIRED,HARD
SYN-CASE-002286,SYN-PARCEL-002286,GRP-00458,UNAUTHORIZED_MUTATION_ATTEMPT,REVIEW_REQUIRED,HARD
SYN-CASE-002287,SYN-PARCEL-002287,GRP-00458,UNAUTHORIZED_MUTATION_ATTEMPT,REVIEW_REQUIRED,HARD
SYN-CASE-002288,SYN-PARCEL-002288,GRP-00458,UNAUTHORIZED_MUTATION_ATTEMPT,REVIEW_REQUIRED,HARD
SYN-CASE-002289,SYN-PARCEL-002289,GRP-00458,UNAUTHORIZED_MUTATION_ATTEMPT,REVIEW_REQUIRED,HARD
SYN-CASE-002290,SYN-PARCEL-002290,GRP-00458,UNAUTHORIZED_MUTATION_ATTEMPT,REVIEW_REQUIRED,HARD
SYN-CASE-002291,SYN-PARCEL-002291,GRP-00459,UNAUTHORIZED_MUTATION_ATTEMPT,REVIEW_REQUIRED,HARD
SYN-CASE-002292,SYN-PARCEL-002292,GRP-00459,UNAUTHORIZED_MUTATION_ATTEMPT,REVIEW_REQUIRED,HARD
SYN-CASE-002293,SYN-PARCEL-002293,GRP-00459,UNAUTHORIZED_MUTATION_ATTEMPT,REVIEW_REQUIRED,HARD
SYN-CASE-002294,SYN-PARCEL-002294,GRP-00459,UNAUTHORIZED_MUTATION_ATTEMPT,REVIEW_REQUIRED,HARD
SYN-CASE-002295,SYN-PARCEL-002295,GRP-00459,UNAUTHORIZED_MUTATION_ATTEMPT,REVIEW_REQUIRED,HARD
SYN-CASE-002301,SYN-PARCEL-002301,GRP-00461,UNAUTHORIZED_MUTATION_ATTEMPT,REVIEW_REQUIRED,HARD
SYN-CASE-002302,SYN-PARCEL-002302,GRP-00461,UNAUTHORIZED_MUTATION_ATTEMPT,REVIEW_REQUIRED,HARD
SYN-CASE-002303,SYN-PARCEL-002303,GRP-00461,UNAUTHORIZED_MUTATION_ATTEMPT,REVIEW_REQUIRED,HARD
SYN-CASE-002304,SYN-PARCEL-002304,GRP-00461,UNAUTHORIZED_MUTATION_ATTEMPT,REVIEW_REQUIRED,HARD
SYN-CASE-002305,SYN-PARCEL-002305,GRP-00461,UNAUTHORIZED_MUTATION_ATTEMPT,REVIEW_REQUIRED,HARD
SYN-CASE-002306,SYN-PARCEL-002306,GRP-00462,UNAUTHORIZED_MUTATION_ATTEMPT,REVIEW_REQUIRED,HARD
SYN-CASE-002307,SYN-PARCEL-002307,GRP-00462,UNAUTHORIZED_MUTATION_ATTEMPT,REVIEW_REQUIRED,HARD
SYN-CASE-002308,SYN-PARCEL-002308,GRP-00462,UNAUTHORIZED_MUTATION_ATTEMPT,REVIEW_REQUIRED,HARD
SYN-CASE-002309,SYN-PARCEL-002309,GRP-00462,UNAUTHORIZED_MUTATION_ATTEMPT,REVIEW_REQUIRED,HARD
SYN-CASE-002310,SYN-PARCEL-002310,GRP-00462,UNAUTHORIZED_MUTATION_ATTEMPT,REVIEW_REQUIRED,HARD
SYN-CASE-002311,SYN-PARCEL-002311,GRP-00463,UNAUTHORIZED_MUTATION_ATTEMPT,REVIEW_REQUIRED,HARD
SYN-CASE-002312,SYN-PARCEL-002312,GRP-00463,UNAUTHORIZED_MUTATION_ATTEMPT,REVIEW_REQUIRED,HARD
SYN-CASE-002313,SYN-PARCEL-002313,GRP-00463,UNAUTHORIZED_MUTATION_ATTEMPT,REVIEW_REQUIRED,HARD
SYN-CASE-002314,SYN-PARCEL-002314,GRP-00463,UNAUTHORIZED_MUTATION_ATTEMPT,REVIEW_REQUIRED,HARD
SYN-CASE-002315,SYN-PARCEL-002315,GRP-00463,UNAUTHORIZED_MUTATION_ATTEMPT,REVIEW_REQUIRED,HARD
SYN-CASE-002316,SYN-PARCEL-002316,GRP-00464,UNAUTHORIZED_MUTATION_ATTEMPT,REVIEW_REQUIRED,HARD
SYN-CASE-002317,SYN-PARCEL-002317,GRP-00464,UNAUTHORIZED_MUTATION_ATTEMPT,REVIEW_REQUIRED,HARD
SYN-CASE-002318,SYN-PARCEL-002318,GRP-00464,UNAUTHORIZED_MUTATION_ATTEMPT,REVIEW_REQUIRED,HARD
SYN-CASE-002319,SYN-PARCEL-002319,GRP-00464,UNAUTHORIZED_MUTATION_ATTEMPT,REVIEW_REQUIRED,HARD
SYN-CASE-002320,SYN-PARCEL-002320,GRP-00464,UNAUTHORIZED_MUTATION_ATTEMPT,REVIEW_REQUIRED,HARD
SYN-CASE-002331,SYN-PARCEL-002331,GRP-00467,AUDIT_TRAIL_GAP,REVIEW_REQUIRED,MEDIUM
SYN-CASE-002332,SYN-PARCEL-002332,GRP-00467,AUDIT_TRAIL_GAP,REVIEW_REQUIRED,MEDIUM
SYN-CASE-002333,SYN-PARCEL-002333,GRP-00467,AUDIT_TRAIL_GAP,REVIEW_REQUIRED,MEDIUM
SYN-CASE-002334,SYN-PARCEL-002334,GRP-00467,AUDIT_TRAIL_GAP,REVIEW_REQUIRED,MEDIUM
SYN-CASE-002335,SYN-PARCEL-002335,GRP-00467,AUDIT_TRAIL_GAP,REVIEW_REQUIRED,MEDIUM
SYN-CASE-002346,SYN-PARCEL-002346,GRP-00470,AUDIT_TRAIL_GAP,REVIEW_REQUIRED,MEDIUM
SYN-CASE-002347,SYN-PARCEL-002347,GRP-00470,AUDIT_TRAIL_GAP,REVIEW_REQUIRED,MEDIUM
SYN-CASE-002348,SYN-PARCEL-002348,GRP-00470,AUDIT_TRAIL_GAP,REVIEW_REQUIRED,MEDIUM
SYN-CASE-002349,SYN-PARCEL-002349,GRP-00470,AUDIT_TRAIL_GAP,REVIEW_REQUIRED,MEDIUM
SYN-CASE-002350,SYN-PARCEL-002350,GRP-00470,AUDIT_TRAIL_GAP,REVIEW_REQUIRED,MEDIUM
SYN-CASE-002356,SYN-PARCEL-002356,GRP-00472,MULTI_FAULT_COMPOUND,REVIEW_REQUIRED,ADVERSARIAL
SYN-CASE-002357,SYN-PARCEL-002357,GRP-00472,MULTI_FAULT_COMPOUND,REVIEW_REQUIRED,ADVERSARIAL
SYN-CASE-002358,SYN-PARCEL-002358,GRP-00472,MULTI_FAULT_COMPOUND,REVIEW_REQUIRED,ADVERSARIAL
SYN-CASE-002359,SYN-PARCEL-002359,GRP-00472,MULTI_FAULT_COMPOUND,REVIEW_REQUIRED,ADVERSARIAL
SYN-CASE-002360,SYN-PARCEL-002360,GRP-00472,MULTI_FAULT_COMPOUND,REVIEW_REQUIRED,ADVERSARIAL
SYN-CASE-002361,SYN-PARCEL-002361,GRP-00473,MULTI_FAULT_COMPOUND,REVIEW_REQUIRED,ADVERSARIAL
SYN-CASE-002362,SYN-PARCEL-002362,GRP-00473,MULTI_FAULT_COMPOUND,REVIEW_REQUIRED,ADVERSARIAL
SYN-CASE-002363,SYN-PARCEL-002363,GRP-00473,MULTI_FAULT_COMPOUND,REVIEW_REQUIRED,ADVERSARIAL
SYN-CASE-002364,SYN-PARCEL-002364,GRP-00473,MULTI_FAULT_COMPOUND,REVIEW_REQUIRED,ADVERSARIAL
SYN-CASE-002365,SYN-PARCEL-002365,GRP-00473,MULTI_FAULT_COMPOUND,REVIEW_REQUIRED,ADVERSARIAL
SYN-CASE-002371,SYN-PARCEL-002371,GRP-00475,MULTI_FAULT_COMPOUND,REVIEW_REQUIRED,ADVERSARIAL
SYN-CASE-002372,SYN-PARCEL-002372,GRP-00475,MULTI_FAULT_COMPOUND,REVIEW_REQUIRED,ADVERSARIAL
SYN-CASE-002373,SYN-PARCEL-002373,GRP-00475,MULTI_FAULT_COMPOUND,REVIEW_REQUIRED,ADVERSARIAL
SYN-CASE-002374,SYN-PARCEL-002374,GRP-00475,MULTI_FAULT_COMPOUND,REVIEW_REQUIRED,ADVERSARIAL
SYN-CASE-002375,SYN-PARCEL-002375,GRP-00475,MULTI_FAULT_COMPOUND,REVIEW_REQUIRED,ADVERSARIAL
SYN-CASE-002376,SYN-PARCEL-002376,GRP-00476,MULTI_FAULT_COMPOUND,REVIEW_REQUIRED,ADVERSARIAL
SYN-CASE-002377,SYN-PARCEL-002377,GRP-00476,MULTI_FAULT_COMPOUND,REVIEW_REQUIRED,ADVERSARIAL
SYN-CASE-002378,SYN-PARCEL-002378,GRP-00476,MULTI_FAULT_COMPOUND,REVIEW_REQUIRED,ADVERSARIAL
SYN-CASE-002379,SYN-PARCEL-002379,GRP-00476,MULTI_FAULT_COMPOUND,REVIEW_REQUIRED,ADVERSARIAL
SYN-CASE-002380,SYN-PARCEL-002380,GRP-00476,MULTI_FAULT_COMPOUND,REVIEW_REQUIRED,ADVERSARIAL
SYN-CASE-002381,SYN-PARCEL-002381,GRP-00477,MULTI_FAULT_COMPOUND,REVIEW_REQUIRED,ADVERSARIAL
SYN-CASE-002382,SYN-PARCEL-002382,GRP-00477,MULTI_FAULT_COMPOUND,REVIEW_REQUIRED,ADVERSARIAL
SYN-CASE-002383,SYN-PARCEL-002383,GRP-00477,MULTI_FAULT_COMPOUND,REVIEW_REQUIRED,ADVERSARIAL
SYN-CASE-002384,SYN-PARCEL-002384,GRP-00477,MULTI_FAULT_COMPOUND,REVIEW_REQUIRED,ADVERSARIAL
SYN-CASE-002385,SYN-PARCEL-002385,GRP-00477,MULTI_FAULT_COMPOUND,REVIEW_REQUIRED,ADVERSARIAL
SYN-CASE-002386,SYN-PARCEL-002386,GRP-00478,MULTI_FAULT_COMPOUND,REVIEW_REQUIRED,ADVERSARIAL
SYN-CASE-002387,SYN-PARCEL-002387,GRP-00478,MULTI_FAULT_COMPOUND,REVIEW_REQUIRED,ADVERSARIAL
SYN-CASE-002388,SYN-PARCEL-002388,GRP-00478,MULTI_FAULT_COMPOUND,REVIEW_REQUIRED,ADVERSARIAL
SYN-CASE-002389,SYN-PARCEL-002389,GRP-00478,MULTI_FAULT_COMPOUND,REVIEW_REQUIRED,ADVERSARIAL
SYN-CASE-002390,SYN-PARCEL-002390,GRP-00478,MULTI_FAULT_COMPOUND,REVIEW_REQUIRED,ADVERSARIAL
SYN-CASE-002391,SYN-PARCEL-002391,GRP-00479,MULTI_FAULT_COMPOUND,REVIEW_REQUIRED,ADVERSARIAL
SYN-CASE-002392,SYN-PARCEL-002392,GRP-00479,MULTI_FAULT_COMPOUND,REVIEW_REQUIRED,ADVERSARIAL
SYN-CASE-002393,SYN-PARCEL-002393,GRP-00479,MULTI_FAULT_COMPOUND,REVIEW_REQUIRED,ADVERSARIAL
SYN-CASE-002394,SYN-PARCEL-002394,GRP-00479,MULTI_FAULT_COMPOUND,REVIEW_REQUIRED,ADVERSARIAL
SYN-CASE-002395,SYN-PARCEL-002395,GRP-00479,MULTI_FAULT_COMPOUND,REVIEW_REQUIRED,ADVERSARIAL
SYN-CASE-002396,SYN-PARCEL-002396,GRP-00480,MULTI_FAULT_COMPOUND,REVIEW_REQUIRED,ADVERSARIAL
SYN-CASE-002397,SYN-PARCEL-002397,GRP-00480,MULTI_FAULT_COMPOUND,REVIEW_REQUIRED,ADVERSARIAL
SYN-CASE-002398,SYN-PARCEL-002398,GRP-00480,MULTI_FAULT_COMPOUND,REVIEW_REQUIRED,ADVERSARIAL
SYN-CASE-002399,SYN-PARCEL-002399,GRP-00480,MULTI_FAULT_COMPOUND,REVIEW_REQUIRED,ADVERSARIAL
SYN-CASE-002400,SYN-PARCEL-002400,GRP-00480,MULTI_FAULT_COMPOUND,REVIEW_REQUIRED,ADVERSARIAL
SYN-CASE-002401,SYN-PARCEL-002401,GRP-00481,MULTI_FAULT_COMPOUND,REVIEW_REQUIRED,ADVERSARIAL
SYN-CASE-002402,SYN-PARCEL-002402,GRP-00481,MULTI_FAULT_COMPOUND,REVIEW_REQUIRED,ADVERSARIAL
SYN-CASE-002403,SYN-PARCEL-002403,GRP-00481,MULTI_FAULT_COMPOUND,REVIEW_REQUIRED,ADVERSARIAL
SYN-CASE-002404,SYN-PARCEL-002404,GRP-00481,MULTI_FAULT_COMPOUND,REVIEW_REQUIRED,ADVERSARIAL
SYN-CASE-002405,SYN-PARCEL-002405,GRP-00481,MULTI_FAULT_COMPOUND,REVIEW_REQUIRED,ADVERSARIAL
SYN-CASE-002406,SYN-PARCEL-002406,GRP-00482,MULTI_FAULT_COMPOUND,REVIEW_REQUIRED,ADVERSARIAL
SYN-CASE-002407,SYN-PARCEL-002407,GRP-00482,MULTI_FAULT_COMPOUND,REVIEW_REQUIRED,ADVERSARIAL
SYN-CASE-002408,SYN-PARCEL-002408,GRP-00482,MULTI_FAULT_COMPOUND,REVIEW_REQUIRED,ADVERSARIAL
SYN-CASE-002409,SYN-PARCEL-002409,GRP-00482,MULTI_FAULT_COMPOUND,REVIEW_REQUIRED,ADVERSARIAL
SYN-CASE-002410,SYN-PARCEL-002410,GRP-00482,MULTI_FAULT_COMPOUND,REVIEW_REQUIRED,ADVERSARIAL
SYN-CASE-002416,SYN-PARCEL-002416,GRP-00484,MULTI_FAULT_COMPOUND,REVIEW_REQUIRED,ADVERSARIAL
SYN-CASE-002417,SYN-PARCEL-002417,GRP-00484,MULTI_FAULT_COMPOUND,REVIEW_REQUIRED,ADVERSARIAL
SYN-CASE-002418,SYN-PARCEL-002418,GRP-00484,MULTI_FAULT_COMPOUND,REVIEW_REQUIRED,ADVERSARIAL
SYN-CASE-002419,SYN-PARCEL-002419,GRP-00484,MULTI_FAULT_COMPOUND,REVIEW_REQUIRED,ADVERSARIAL
SYN-CASE-002420,SYN-PARCEL-002420,GRP-00484,MULTI_FAULT_COMPOUND,REVIEW_REQUIRED,ADVERSARIAL
SYN-CASE-002421,SYN-PARCEL-002421,GRP-00485,MULTI_FAULT_COMPOUND,REVIEW_REQUIRED,ADVERSARIAL
SYN-CASE-002422,SYN-PARCEL-002422,GRP-00485,MULTI_FAULT_COMPOUND,REVIEW_REQUIRED,ADVERSARIAL
SYN-CASE-002423,SYN-PARCEL-002423,GRP-00485,MULTI_FAULT_COMPOUND,REVIEW_REQUIRED,ADVERSARIAL
SYN-CASE-002424,SYN-PARCEL-002424,GRP-00485,MULTI_FAULT_COMPOUND,REVIEW_REQUIRED,ADVERSARIAL
SYN-CASE-002425,SYN-PARCEL-002425,GRP-00485,MULTI_FAULT_COMPOUND,REVIEW_REQUIRED,ADVERSARIAL
SYN-CASE-002426,SYN-PARCEL-002426,GRP-00486,MULTI_FAULT_COMPOUND,REVIEW_REQUIRED,ADVERSARIAL
SYN-CASE-002427,SYN-PARCEL-002427,GRP-00486,MULTI_FAULT_COMPOUND,REVIEW_REQUIRED,ADVERSARIAL
SYN-CASE-002428,SYN-PARCEL-002428,GRP-00486,MULTI_FAULT_COMPOUND,REVIEW_REQUIRED,ADVERSARIAL
SYN-CASE-002429,SYN-PARCEL-002429,GRP-00486,MULTI_FAULT_COMPOUND,REVIEW_REQUIRED,ADVERSARIAL
SYN-CASE-002430,SYN-PARCEL-002430,GRP-00486,MULTI_FAULT_COMPOUND,REVIEW_REQUIRED,ADVERSARIAL
SYN-CASE-002431,SYN-PARCEL-002431,GRP-00487,MULTI_FAULT_COMPOUND,REVIEW_REQUIRED,ADVERSARIAL
SYN-CASE-002432,SYN-PARCEL-002432,GRP-00487,MULTI_FAULT_COMPOUND,REVIEW_REQUIRED,ADVERSARIAL
SYN-CASE-002433,SYN-PARCEL-002433,GRP-00487,MULTI_FAULT_COMPOUND,REVIEW_REQUIRED,ADVERSARIAL
SYN-CASE-002434,SYN-PARCEL-002434,GRP-00487,MULTI_FAULT_COMPOUND,REVIEW_REQUIRED,ADVERSARIAL
SYN-CASE-002435,SYN-PARCEL-002435,GRP-00487,MULTI_FAULT_COMPOUND,REVIEW_REQUIRED,ADVERSARIAL
SYN-CASE-002441,SYN-PARCEL-002441,GRP-00489,MULTI_FAULT_COMPOUND,REVIEW_REQUIRED,ADVERSARIAL
SYN-CASE-002442,SYN-PARCEL-002442,GRP-00489,MULTI_FAULT_COMPOUND,REVIEW_REQUIRED,ADVERSARIAL
SYN-CASE-002443,SYN-PARCEL-002443,GRP-00489,MULTI_FAULT_COMPOUND,REVIEW_REQUIRED,ADVERSARIAL
SYN-CASE-002444,SYN-PARCEL-002444,GRP-00489,MULTI_FAULT_COMPOUND,REVIEW_REQUIRED,ADVERSARIAL
SYN-CASE-002445,SYN-PARCEL-002445,GRP-00489,MULTI_FAULT_COMPOUND,REVIEW_REQUIRED,ADVERSARIAL
SYN-CASE-002446,SYN-PARCEL-002446,GRP-00490,MULTI_FAULT_COMPOUND,REVIEW_REQUIRED,ADVERSARIAL
SYN-CASE-002447,SYN-PARCEL-002447,GRP-00490,MULTI_FAULT_COMPOUND,REVIEW_REQUIRED,ADVERSARIAL
SYN-CASE-002448,SYN-PARCEL-002448,GRP-00490,MULTI_FAULT_COMPOUND,REVIEW_REQUIRED,ADVERSARIAL
SYN-CASE-002449,SYN-PARCEL-002449,GRP-00490,MULTI_FAULT_COMPOUND,REVIEW_REQUIRED,ADVERSARIAL
SYN-CASE-002450,SYN-PARCEL-002450,GRP-00490,MULTI_FAULT_COMPOUND,REVIEW_REQUIRED,ADVERSARIAL
SYN-CASE-002451,SYN-PARCEL-002451,GRP-00491,MULTI_FAULT_COMPOUND,REVIEW_REQUIRED,ADVERSARIAL
SYN-CASE-002452,SYN-PARCEL-002452,GRP-00491,MULTI_FAULT_COMPOUND,REVIEW_REQUIRED,ADVERSARIAL
SYN-CASE-002453,SYN-PARCEL-002453,GRP-00491,MULTI_FAULT_COMPOUND,REVIEW_REQUIRED,ADVERSARIAL
SYN-CASE-002454,SYN-PARCEL-002454,GRP-00491,MULTI_FAULT_COMPOUND,REVIEW_REQUIRED,ADVERSARIAL
SYN-CASE-002455,SYN-PARCEL-002455,GRP-00491,MULTI_FAULT_COMPOUND,REVIEW_REQUIRED,ADVERSARIAL
SYN-CASE-002461,SYN-PARCEL-002461,GRP-00493,MULTI_FAULT_COMPOUND,REVIEW_REQUIRED,ADVERSARIAL
SYN-CASE-002462,SYN-PARCEL-002462,GRP-00493,MULTI_FAULT_COMPOUND,REVIEW_REQUIRED,ADVERSARIAL
SYN-CASE-002463,SYN-PARCEL-002463,GRP-00493,MULTI_FAULT_COMPOUND,REVIEW_REQUIRED,ADVERSARIAL
SYN-CASE-002464,SYN-PARCEL-002464,GRP-00493,MULTI_FAULT_COMPOUND,REVIEW_REQUIRED,ADVERSARIAL
SYN-CASE-002465,SYN-PARCEL-002465,GRP-00493,MULTI_FAULT_COMPOUND,REVIEW_REQUIRED,ADVERSARIAL
SYN-CASE-002466,SYN-PARCEL-002466,GRP-00494,MULTI_FAULT_COMPOUND,REVIEW_REQUIRED,ADVERSARIAL
SYN-CASE-002467,SYN-PARCEL-002467,GRP-00494,MULTI_FAULT_COMPOUND,REVIEW_REQUIRED,ADVERSARIAL
SYN-CASE-002468,SYN-PARCEL-002468,GRP-00494,MULTI_FAULT_COMPOUND,REVIEW_REQUIRED,ADVERSARIAL
SYN-CASE-002469,SYN-PARCEL-002469,GRP-00494,MULTI_FAULT_COMPOUND,REVIEW_REQUIRED,ADVERSARIAL
SYN-CASE-002470,SYN-PARCEL-002470,GRP-00494,MULTI_FAULT_COMPOUND,REVIEW_REQUIRED,ADVERSARIAL
SYN-CASE-002471,SYN-PARCEL-002471,GRP-00495,MULTI_FAULT_COMPOUND,REVIEW_REQUIRED,ADVERSARIAL
SYN-CASE-002472,SYN-PARCEL-002472,GRP-00495,MULTI_FAULT_COMPOUND,REVIEW_REQUIRED,ADVERSARIAL
SYN-CASE-002473,SYN-PARCEL-002473,GRP-00495,MULTI_FAULT_COMPOUND,REVIEW_REQUIRED,ADVERSARIAL
SYN-CASE-002474,SYN-PARCEL-002474,GRP-00495,MULTI_FAULT_COMPOUND,REVIEW_REQUIRED,ADVERSARIAL
SYN-CASE-002475,SYN-PARCEL-002475,GRP-00495,MULTI_FAULT_COMPOUND,REVIEW_REQUIRED,ADVERSARIAL
SYN-CASE-002476,SYN-PARCEL-002476,GRP-00496,MULTI_FAULT_COMPOUND,REVIEW_REQUIRED,ADVERSARIAL
SYN-CASE-002477,SYN-PARCEL-002477,GRP-00496,MULTI_FAULT_COMPOUND,REVIEW_REQUIRED,ADVERSARIAL
SYN-CASE-002478,SYN-PARCEL-002478,GRP-00496,MULTI_FAULT_COMPOUND,REVIEW_REQUIRED,ADVERSARIAL
SYN-CASE-002479,SYN-PARCEL-002479,GRP-00496,MULTI_FAULT_COMPOUND,REVIEW_REQUIRED,ADVERSARIAL
SYN-CASE-002480,SYN-PARCEL-002480,GRP-00496,MULTI_FAULT_COMPOUND,REVIEW_REQUIRED,ADVERSARIAL
SYN-CASE-002481,SYN-PARCEL-002481,GRP-00497,MULTI_FAULT_COMPOUND,REVIEW_REQUIRED,ADVERSARIAL
SYN-CASE-002482,SYN-PARCEL-002482,GRP-00497,MULTI_FAULT_COMPOUND,REVIEW_REQUIRED,ADVERSARIAL
SYN-CASE-002483,SYN-PARCEL-002483,GRP-00497,MULTI_FAULT_COMPOUND,REVIEW_REQUIRED,ADVERSARIAL
SYN-CASE-002484,SYN-PARCEL-002484,GRP-00497,MULTI_FAULT_COMPOUND,REVIEW_REQUIRED,ADVERSARIAL
SYN-CASE-002485,SYN-PARCEL-002485,GRP-00497,MULTI_FAULT_COMPOUND,REVIEW_REQUIRED,ADVERSARIAL
SYN-CASE-002486,SYN-PARCEL-002486,GRP-00498,MULTI_FAULT_COMPOUND,REVIEW_REQUIRED,ADVERSARIAL
SYN-CASE-002487,SYN-PARCEL-002487,GRP-00498,MULTI_FAULT_COMPOUND,REVIEW_REQUIRED,ADVERSARIAL
SYN-CASE-002488,SYN-PARCEL-002488,GRP-00498,MULTI_FAULT_COMPOUND,REVIEW_REQUIRED,ADVERSARIAL
SYN-CASE-002489,SYN-PARCEL-002489,GRP-00498,MULTI_FAULT_COMPOUND,REVIEW_REQUIRED,ADVERSARIAL
SYN-CASE-002490,SYN-PARCEL-002490,GRP-00498,MULTI_FAULT_COMPOUND,REVIEW_REQUIRED,ADVERSARIAL
SYN-CASE-002501,SYN-PARCEL-002501,GRP-00501,MULTI_FAULT_COMPOUND,REVIEW_REQUIRED,ADVERSARIAL
SYN-CASE-002502,SYN-PARCEL-002502,GRP-00501,MULTI_FAULT_COMPOUND,REVIEW_REQUIRED,ADVERSARIAL
SYN-CASE-002503,SYN-PARCEL-002503,GRP-00501,MULTI_FAULT_COMPOUND,REVIEW_REQUIRED,ADVERSARIAL
SYN-CASE-002504,SYN-PARCEL-002504,GRP-00501,MULTI_FAULT_COMPOUND,REVIEW_REQUIRED,ADVERSARIAL
SYN-CASE-002505,SYN-PARCEL-002505,GRP-00501,MULTI_FAULT_COMPOUND,REVIEW_REQUIRED,ADVERSARIAL
SYN-CASE-002506,SYN-PARCEL-002506,GRP-00502,MULTI_FAULT_COMPOUND,REVIEW_REQUIRED,ADVERSARIAL
SYN-CASE-002507,SYN-PARCEL-002507,GRP-00502,MULTI_FAULT_COMPOUND,REVIEW_REQUIRED,ADVERSARIAL
SYN-CASE-002508,SYN-PARCEL-002508,GRP-00502,MULTI_FAULT_COMPOUND,REVIEW_REQUIRED,ADVERSARIAL
SYN-CASE-002509,SYN-PARCEL-002509,GRP-00502,MULTI_FAULT_COMPOUND,REVIEW_REQUIRED,ADVERSARIAL
SYN-CASE-002510,SYN-PARCEL-002510,GRP-00502,MULTI_FAULT_COMPOUND,REVIEW_REQUIRED,ADVERSARIAL
SYN-CASE-002516,SYN-PARCEL-002516,GRP-00504,MULTI_FAULT_COMPOUND,REVIEW_REQUIRED,ADVERSARIAL
SYN-CASE-002517,SYN-PARCEL-002517,GRP-00504,MULTI_FAULT_COMPOUND,REVIEW_REQUIRED,ADVERSARIAL
SYN-CASE-002518,SYN-PARCEL-002518,GRP-00504,MULTI_FAULT_COMPOUND,REVIEW_REQUIRED,ADVERSARIAL
SYN-CASE-002519,SYN-PARCEL-002519,GRP-00504,MULTI_FAULT_COMPOUND,REVIEW_REQUIRED,ADVERSARIAL
SYN-CASE-002520,SYN-PARCEL-002520,GRP-00504,MULTI_FAULT_COMPOUND,REVIEW_REQUIRED,ADVERSARIAL
SYN-CASE-002521,SYN-PARCEL-002521,GRP-00505,MULTI_FAULT_COMPOUND,REVIEW_REQUIRED,ADVERSARIAL
SYN-CASE-002522,SYN-PARCEL-002522,GRP-00505,MULTI_FAULT_COMPOUND,REVIEW_REQUIRED,ADVERSARIAL
SYN-CASE-002523,SYN-PARCEL-002523,GRP-00505,MULTI_FAULT_COMPOUND,REVIEW_REQUIRED,ADVERSARIAL
SYN-CASE-002524,SYN-PARCEL-002524,GRP-00505,MULTI_FAULT_COMPOUND,REVIEW_REQUIRED,ADVERSARIAL
SYN-CASE-002525,SYN-PARCEL-002525,GRP-00505,MULTI_FAULT_COMPOUND,REVIEW_REQUIRED,ADVERSARIAL
SYN-CASE-002536,SYN-PARCEL-002536,GRP-00508,MULTI_FAULT_COMPOUND,REVIEW_REQUIRED,ADVERSARIAL
SYN-CASE-002537,SYN-PARCEL-002537,GRP-00508,MULTI_FAULT_COMPOUND,REVIEW_REQUIRED,ADVERSARIAL
SYN-CASE-002538,SYN-PARCEL-002538,GRP-00508,MULTI_FAULT_COMPOUND,REVIEW_REQUIRED,ADVERSARIAL
SYN-CASE-002539,SYN-PARCEL-002539,GRP-00508,MULTI_FAULT_COMPOUND,REVIEW_REQUIRED,ADVERSARIAL
SYN-CASE-002540,SYN-PARCEL-002540,GRP-00508,MULTI_FAULT_COMPOUND,REVIEW_REQUIRED,ADVERSARIAL
SYN-CASE-002541,SYN-PARCEL-002541,GRP-00509,MULTI_FAULT_COMPOUND,REVIEW_REQUIRED,ADVERSARIAL
SYN-CASE-002542,SYN-PARCEL-002542,GRP-00509,MULTI_FAULT_COMPOUND,REVIEW_REQUIRED,ADVERSARIAL
SYN-CASE-002543,SYN-PARCEL-002543,GRP-00509,MULTI_FAULT_COMPOUND,REVIEW_REQUIRED,ADVERSARIAL
SYN-CASE-002544,SYN-PARCEL-002544,GRP-00509,MULTI_FAULT_COMPOUND,REVIEW_REQUIRED,ADVERSARIAL
SYN-CASE-002545,SYN-PARCEL-002545,GRP-00509,MULTI_FAULT_COMPOUND,REVIEW_REQUIRED,ADVERSARIAL
SYN-CASE-002546,SYN-PARCEL-002546,GRP-00510,MULTI_FAULT_COMPOUND,REVIEW_REQUIRED,ADVERSARIAL
SYN-CASE-002547,SYN-PARCEL-002547,GRP-00510,MULTI_FAULT_COMPOUND,REVIEW_REQUIRED,ADVERSARIAL
SYN-CASE-002548,SYN-PARCEL-002548,GRP-00510,MULTI_FAULT_COMPOUND,REVIEW_REQUIRED,ADVERSARIAL
SYN-CASE-002549,SYN-PARCEL-002549,GRP-00510,MULTI_FAULT_COMPOUND,REVIEW_REQUIRED,ADVERSARIAL
SYN-CASE-002550,SYN-PARCEL-002550,GRP-00510,MULTI_FAULT_COMPOUND,REVIEW_REQUIRED,ADVERSARIAL
SYN-CASE-002551,SYN-PARCEL-002551,GRP-00511,MULTI_FAULT_COMPOUND,REVIEW_REQUIRED,ADVERSARIAL
SYN-CASE-002552,SYN-PARCEL-002552,GRP-00511,MULTI_FAULT_COMPOUND,REVIEW_REQUIRED,ADVERSARIAL
SYN-CASE-002553,SYN-PARCEL-002553,GRP-00511,MULTI_FAULT_COMPOUND,REVIEW_REQUIRED,ADVERSARIAL
SYN-CASE-002554,SYN-PARCEL-002554,GRP-00511,MULTI_FAULT_COMPOUND,REVIEW_REQUIRED,ADVERSARIAL
SYN-CASE-002555,SYN-PARCEL-002555,GRP-00511,MULTI_FAULT_COMPOUND,REVIEW_REQUIRED,ADVERSARIAL
SYN-CASE-002556,SYN-PARCEL-002556,GRP-00512,MULTI_FAULT_COMPOUND,REVIEW_REQUIRED,ADVERSARIAL
SYN-CASE-002557,SYN-PARCEL-002557,GRP-00512,MULTI_FAULT_COMPOUND,REVIEW_REQUIRED,ADVERSARIAL
SYN-CASE-002558,SYN-PARCEL-002558,GRP-00512,MULTI_FAULT_COMPOUND,REVIEW_REQUIRED,ADVERSARIAL
SYN-CASE-002559,SYN-PARCEL-002559,GRP-00512,MULTI_FAULT_COMPOUND,REVIEW_REQUIRED,ADVERSARIAL
SYN-CASE-002560,SYN-PARCEL-002560,GRP-00512,MULTI_FAULT_COMPOUND,REVIEW_REQUIRED,ADVERSARIAL
SYN-CASE-002561,SYN-PARCEL-002561,GRP-00513,MULTI_FAULT_COMPOUND,REVIEW_REQUIRED,ADVERSARIAL
SYN-CASE-002562,SYN-PARCEL-002562,GRP-00513,MULTI_FAULT_COMPOUND,REVIEW_REQUIRED,ADVERSARIAL
SYN-CASE-002563,SYN-PARCEL-002563,GRP-00513,MULTI_FAULT_COMPOUND,REVIEW_REQUIRED,ADVERSARIAL
SYN-CASE-002564,SYN-PARCEL-002564,GRP-00513,MULTI_FAULT_COMPOUND,REVIEW_REQUIRED,ADVERSARIAL
SYN-CASE-002565,SYN-PARCEL-002565,GRP-00513,MULTI_FAULT_COMPOUND,REVIEW_REQUIRED,ADVERSARIAL
SYN-CASE-002566,SYN-PARCEL-002566,GRP-00514,MULTI_FAULT_COMPOUND,REVIEW_REQUIRED,ADVERSARIAL
SYN-CASE-002567,SYN-PARCEL-002567,GRP-00514,MULTI_FAULT_COMPOUND,REVIEW_REQUIRED,ADVERSARIAL
SYN-CASE-002568,SYN-PARCEL-002568,GRP-00514,MULTI_FAULT_COMPOUND,REVIEW_REQUIRED,ADVERSARIAL
SYN-CASE-002569,SYN-PARCEL-002569,GRP-00514,MULTI_FAULT_COMPOUND,REVIEW_REQUIRED,ADVERSARIAL
SYN-CASE-002570,SYN-PARCEL-002570,GRP-00514,MULTI_FAULT_COMPOUND,REVIEW_REQUIRED,ADVERSARIAL
SYN-CASE-002576,SYN-PARCEL-002576,GRP-00516,MULTI_FAULT_COMPOUND,REVIEW_REQUIRED,ADVERSARIAL
SYN-CASE-002577,SYN-PARCEL-002577,GRP-00516,MULTI_FAULT_COMPOUND,REVIEW_REQUIRED,ADVERSARIAL
SYN-CASE-002578,SYN-PARCEL-002578,GRP-00516,MULTI_FAULT_COMPOUND,REVIEW_REQUIRED,ADVERSARIAL
SYN-CASE-002579,SYN-PARCEL-002579,GRP-00516,MULTI_FAULT_COMPOUND,REVIEW_REQUIRED,ADVERSARIAL
SYN-CASE-002580,SYN-PARCEL-002580,GRP-00516,MULTI_FAULT_COMPOUND,REVIEW_REQUIRED,ADVERSARIAL
SYN-CASE-002581,SYN-PARCEL-002581,GRP-00517,MULTI_FAULT_COMPOUND,REVIEW_REQUIRED,ADVERSARIAL
SYN-CASE-002582,SYN-PARCEL-002582,GRP-00517,MULTI_FAULT_COMPOUND,REVIEW_REQUIRED,ADVERSARIAL
SYN-CASE-002583,SYN-PARCEL-002583,GRP-00517,MULTI_FAULT_COMPOUND,REVIEW_REQUIRED,ADVERSARIAL
SYN-CASE-002584,SYN-PARCEL-002584,GRP-00517,MULTI_FAULT_COMPOUND,REVIEW_REQUIRED,ADVERSARIAL
SYN-CASE-002585,SYN-PARCEL-002585,GRP-00517,MULTI_FAULT_COMPOUND,REVIEW_REQUIRED,ADVERSARIAL
SYN-CASE-002591,SYN-PARCEL-002591,GRP-00519,MULTI_FAULT_COMPOUND,REVIEW_REQUIRED,ADVERSARIAL
SYN-CASE-002592,SYN-PARCEL-002592,GRP-00519,MULTI_FAULT_COMPOUND,REVIEW_REQUIRED,ADVERSARIAL
SYN-CASE-002593,SYN-PARCEL-002593,GRP-00519,MULTI_FAULT_COMPOUND,REVIEW_REQUIRED,ADVERSARIAL
SYN-CASE-002594,SYN-PARCEL-002594,GRP-00519,MULTI_FAULT_COMPOUND,REVIEW_REQUIRED,ADVERSARIAL
SYN-CASE-002595,SYN-PARCEL-002595,GRP-00519,MULTI_FAULT_COMPOUND,REVIEW_REQUIRED,ADVERSARIAL
SYN-CASE-002601,SYN-PARCEL-002601,GRP-00521,ADVERSARIAL_BORDERLINE,REVIEW_REQUIRED,ADVERSARIAL
SYN-CASE-002602,SYN-PARCEL-002602,GRP-00521,ADVERSARIAL_BORDERLINE,REVIEW_REQUIRED,ADVERSARIAL
SYN-CASE-002603,SYN-PARCEL-002603,GRP-00521,ADVERSARIAL_BORDERLINE,REVIEW_REQUIRED,ADVERSARIAL
SYN-CASE-002604,SYN-PARCEL-002604,GRP-00521,ADVERSARIAL_BORDERLINE,REVIEW_REQUIRED,ADVERSARIAL
SYN-CASE-002605,SYN-PARCEL-002605,GRP-00521,ADVERSARIAL_BORDERLINE,REVIEW_REQUIRED,ADVERSARIAL
SYN-CASE-002606,SYN-PARCEL-002606,GRP-00522,ADVERSARIAL_BORDERLINE,REVIEW_REQUIRED,ADVERSARIAL
SYN-CASE-002607,SYN-PARCEL-002607,GRP-00522,ADVERSARIAL_BORDERLINE,REVIEW_REQUIRED,ADVERSARIAL
SYN-CASE-002608,SYN-PARCEL-002608,GRP-00522,ADVERSARIAL_BORDERLINE,REVIEW_REQUIRED,ADVERSARIAL
SYN-CASE-002609,SYN-PARCEL-002609,GRP-00522,ADVERSARIAL_BORDERLINE,REVIEW_REQUIRED,ADVERSARIAL
SYN-CASE-002610,SYN-PARCEL-002610,GRP-00522,ADVERSARIAL_BORDERLINE,REVIEW_REQUIRED,ADVERSARIAL
SYN-CASE-002611,SYN-PARCEL-002611,GRP-00523,ADVERSARIAL_BORDERLINE,REVIEW_REQUIRED,ADVERSARIAL
SYN-CASE-002612,SYN-PARCEL-002612,GRP-00523,ADVERSARIAL_BORDERLINE,REVIEW_REQUIRED,ADVERSARIAL
SYN-CASE-002613,SYN-PARCEL-002613,GRP-00523,ADVERSARIAL_BORDERLINE,REVIEW_REQUIRED,ADVERSARIAL
SYN-CASE-002614,SYN-PARCEL-002614,GRP-00523,ADVERSARIAL_BORDERLINE,REVIEW_REQUIRED,ADVERSARIAL
SYN-CASE-002615,SYN-PARCEL-002615,GRP-00523,ADVERSARIAL_BORDERLINE,REVIEW_REQUIRED,ADVERSARIAL
SYN-CASE-002616,SYN-PARCEL-002616,GRP-00524,ADVERSARIAL_BORDERLINE,REVIEW_REQUIRED,ADVERSARIAL
SYN-CASE-002617,SYN-PARCEL-002617,GRP-00524,ADVERSARIAL_BORDERLINE,REVIEW_REQUIRED,ADVERSARIAL
SYN-CASE-002618,SYN-PARCEL-002618,GRP-00524,ADVERSARIAL_BORDERLINE,REVIEW_REQUIRED,ADVERSARIAL
SYN-CASE-002619,SYN-PARCEL-002619,GRP-00524,ADVERSARIAL_BORDERLINE,REVIEW_REQUIRED,ADVERSARIAL
SYN-CASE-002620,SYN-PARCEL-002620,GRP-00524,ADVERSARIAL_BORDERLINE,REVIEW_REQUIRED,ADVERSARIAL
SYN-CASE-002621,SYN-PARCEL-002621,GRP-00525,ADVERSARIAL_BORDERLINE,REVIEW_REQUIRED,ADVERSARIAL
SYN-CASE-002622,SYN-PARCEL-002622,GRP-00525,ADVERSARIAL_BORDERLINE,REVIEW_REQUIRED,ADVERSARIAL
SYN-CASE-002623,SYN-PARCEL-002623,GRP-00525,ADVERSARIAL_BORDERLINE,REVIEW_REQUIRED,ADVERSARIAL
SYN-CASE-002624,SYN-PARCEL-002624,GRP-00525,ADVERSARIAL_BORDERLINE,REVIEW_REQUIRED,ADVERSARIAL
SYN-CASE-002625,SYN-PARCEL-002625,GRP-00525,ADVERSARIAL_BORDERLINE,REVIEW_REQUIRED,ADVERSARIAL
SYN-CASE-002626,SYN-PARCEL-002626,GRP-00526,ADVERSARIAL_BORDERLINE,REVIEW_REQUIRED,ADVERSARIAL
SYN-CASE-002627,SYN-PARCEL-002627,GRP-00526,ADVERSARIAL_BORDERLINE,REVIEW_REQUIRED,ADVERSARIAL
SYN-CASE-002628,SYN-PARCEL-002628,GRP-00526,ADVERSARIAL_BORDERLINE,REVIEW_REQUIRED,ADVERSARIAL
SYN-CASE-002629,SYN-PARCEL-002629,GRP-00526,ADVERSARIAL_BORDERLINE,REVIEW_REQUIRED,ADVERSARIAL
SYN-CASE-002630,SYN-PARCEL-002630,GRP-00526,ADVERSARIAL_BORDERLINE,REVIEW_REQUIRED,ADVERSARIAL
SYN-CASE-002636,SYN-PARCEL-002636,GRP-00528,ADVERSARIAL_BORDERLINE,REVIEW_REQUIRED,ADVERSARIAL
SYN-CASE-002637,SYN-PARCEL-002637,GRP-00528,ADVERSARIAL_BORDERLINE,REVIEW_REQUIRED,ADVERSARIAL
SYN-CASE-002638,SYN-PARCEL-002638,GRP-00528,ADVERSARIAL_BORDERLINE,REVIEW_REQUIRED,ADVERSARIAL
SYN-CASE-002639,SYN-PARCEL-002639,GRP-00528,ADVERSARIAL_BORDERLINE,REVIEW_REQUIRED,ADVERSARIAL
SYN-CASE-002640,SYN-PARCEL-002640,GRP-00528,ADVERSARIAL_BORDERLINE,REVIEW_REQUIRED,ADVERSARIAL
SYN-CASE-002641,SYN-PARCEL-002641,GRP-00529,ADVERSARIAL_BORDERLINE,REVIEW_REQUIRED,ADVERSARIAL
SYN-CASE-002642,SYN-PARCEL-002642,GRP-00529,ADVERSARIAL_BORDERLINE,REVIEW_REQUIRED,ADVERSARIAL
SYN-CASE-002643,SYN-PARCEL-002643,GRP-00529,ADVERSARIAL_BORDERLINE,REVIEW_REQUIRED,ADVERSARIAL
SYN-CASE-002644,SYN-PARCEL-002644,GRP-00529,ADVERSARIAL_BORDERLINE,REVIEW_REQUIRED,ADVERSARIAL
SYN-CASE-002645,SYN-PARCEL-002645,GRP-00529,ADVERSARIAL_BORDERLINE,REVIEW_REQUIRED,ADVERSARIAL
SYN-CASE-002656,SYN-PARCEL-002656,GRP-00532,ADVERSARIAL_BORDERLINE,REVIEW_REQUIRED,ADVERSARIAL
SYN-CASE-002657,SYN-PARCEL-002657,GRP-00532,ADVERSARIAL_BORDERLINE,REVIEW_REQUIRED,ADVERSARIAL
SYN-CASE-002658,SYN-PARCEL-002658,GRP-00532,ADVERSARIAL_BORDERLINE,REVIEW_REQUIRED,ADVERSARIAL
SYN-CASE-002659,SYN-PARCEL-002659,GRP-00532,ADVERSARIAL_BORDERLINE,REVIEW_REQUIRED,ADVERSARIAL
SYN-CASE-002660,SYN-PARCEL-002660,GRP-00532,ADVERSARIAL_BORDERLINE,REVIEW_REQUIRED,ADVERSARIAL
SYN-CASE-002661,SYN-PARCEL-002661,GRP-00533,ADVERSARIAL_BORDERLINE,REVIEW_REQUIRED,ADVERSARIAL
SYN-CASE-002662,SYN-PARCEL-002662,GRP-00533,ADVERSARIAL_BORDERLINE,REVIEW_REQUIRED,ADVERSARIAL
SYN-CASE-002663,SYN-PARCEL-002663,GRP-00533,ADVERSARIAL_BORDERLINE,REVIEW_REQUIRED,ADVERSARIAL
SYN-CASE-002664,SYN-PARCEL-002664,GRP-00533,ADVERSARIAL_BORDERLINE,REVIEW_REQUIRED,ADVERSARIAL
SYN-CASE-002665,SYN-PARCEL-002665,GRP-00533,ADVERSARIAL_BORDERLINE,REVIEW_REQUIRED,ADVERSARIAL
SYN-CASE-002666,SYN-PARCEL-002666,GRP-00534,ADVERSARIAL_BORDERLINE,REVIEW_REQUIRED,ADVERSARIAL
SYN-CASE-002667,SYN-PARCEL-002667,GRP-00534,ADVERSARIAL_BORDERLINE,REVIEW_REQUIRED,ADVERSARIAL
SYN-CASE-002668,SYN-PARCEL-002668,GRP-00534,ADVERSARIAL_BORDERLINE,REVIEW_REQUIRED,ADVERSARIAL
SYN-CASE-002669,SYN-PARCEL-002669,GRP-00534,ADVERSARIAL_BORDERLINE,REVIEW_REQUIRED,ADVERSARIAL
SYN-CASE-002670,SYN-PARCEL-002670,GRP-00534,ADVERSARIAL_BORDERLINE,REVIEW_REQUIRED,ADVERSARIAL
SYN-CASE-002676,SYN-PARCEL-002676,GRP-00536,ADVERSARIAL_BORDERLINE,REVIEW_REQUIRED,ADVERSARIAL
SYN-CASE-002677,SYN-PARCEL-002677,GRP-00536,ADVERSARIAL_BORDERLINE,REVIEW_REQUIRED,ADVERSARIAL
SYN-CASE-002678,SYN-PARCEL-002678,GRP-00536,ADVERSARIAL_BORDERLINE,REVIEW_REQUIRED,ADVERSARIAL
SYN-CASE-002679,SYN-PARCEL-002679,GRP-00536,ADVERSARIAL_BORDERLINE,REVIEW_REQUIRED,ADVERSARIAL
SYN-CASE-002680,SYN-PARCEL-002680,GRP-00536,ADVERSARIAL_BORDERLINE,REVIEW_REQUIRED,ADVERSARIAL
SYN-CASE-002681,SYN-PARCEL-002681,GRP-00537,ADVERSARIAL_BORDERLINE,REVIEW_REQUIRED,ADVERSARIAL
SYN-CASE-002682,SYN-PARCEL-002682,GRP-00537,ADVERSARIAL_BORDERLINE,REVIEW_REQUIRED,ADVERSARIAL
SYN-CASE-002683,SYN-PARCEL-002683,GRP-00537,ADVERSARIAL_BORDERLINE,REVIEW_REQUIRED,ADVERSARIAL
SYN-CASE-002684,SYN-PARCEL-002684,GRP-00537,ADVERSARIAL_BORDERLINE,REVIEW_REQUIRED,ADVERSARIAL
SYN-CASE-002685,SYN-PARCEL-002685,GRP-00537,ADVERSARIAL_BORDERLINE,REVIEW_REQUIRED,ADVERSARIAL
SYN-CASE-002686,SYN-PARCEL-002686,GRP-00538,ADVERSARIAL_BORDERLINE,REVIEW_REQUIRED,ADVERSARIAL
SYN-CASE-002687,SYN-PARCEL-002687,GRP-00538,ADVERSARIAL_BORDERLINE,REVIEW_REQUIRED,ADVERSARIAL
SYN-CASE-002688,SYN-PARCEL-002688,GRP-00538,ADVERSARIAL_BORDERLINE,REVIEW_REQUIRED,ADVERSARIAL
SYN-CASE-002689,SYN-PARCEL-002689,GRP-00538,ADVERSARIAL_BORDERLINE,REVIEW_REQUIRED,ADVERSARIAL
SYN-CASE-002690,SYN-PARCEL-002690,GRP-00538,ADVERSARIAL_BORDERLINE,REVIEW_REQUIRED,ADVERSARIAL
SYN-CASE-002691,SYN-PARCEL-002691,GRP-00539,ADVERSARIAL_BORDERLINE,REVIEW_REQUIRED,ADVERSARIAL
SYN-CASE-002692,SYN-PARCEL-002692,GRP-00539,ADVERSARIAL_BORDERLINE,REVIEW_REQUIRED,ADVERSARIAL
SYN-CASE-002693,SYN-PARCEL-002693,GRP-00539,ADVERSARIAL_BORDERLINE,REVIEW_REQUIRED,ADVERSARIAL
SYN-CASE-002694,SYN-PARCEL-002694,GRP-00539,ADVERSARIAL_BORDERLINE,REVIEW_REQUIRED,ADVERSARIAL
SYN-CASE-002695,SYN-PARCEL-002695,GRP-00539,ADVERSARIAL_BORDERLINE,REVIEW_REQUIRED,ADVERSARIAL
SYN-CASE-002711,SYN-PARCEL-002711,GRP-00543,ADVERSARIAL_BORDERLINE,REVIEW_REQUIRED,ADVERSARIAL
SYN-CASE-002712,SYN-PARCEL-002712,GRP-00543,ADVERSARIAL_BORDERLINE,REVIEW_REQUIRED,ADVERSARIAL
SYN-CASE-002713,SYN-PARCEL-002713,GRP-00543,ADVERSARIAL_BORDERLINE,REVIEW_REQUIRED,ADVERSARIAL
SYN-CASE-002714,SYN-PARCEL-002714,GRP-00543,ADVERSARIAL_BORDERLINE,REVIEW_REQUIRED,ADVERSARIAL
SYN-CASE-002715,SYN-PARCEL-002715,GRP-00543,ADVERSARIAL_BORDERLINE,REVIEW_REQUIRED,ADVERSARIAL
SYN-CASE-002721,SYN-PARCEL-002721,GRP-00545,ADVERSARIAL_BORDERLINE,REVIEW_REQUIRED,ADVERSARIAL
SYN-CASE-002722,SYN-PARCEL-002722,GRP-00545,ADVERSARIAL_BORDERLINE,REVIEW_REQUIRED,ADVERSARIAL
SYN-CASE-002723,SYN-PARCEL-002723,GRP-00545,ADVERSARIAL_BORDERLINE,REVIEW_REQUIRED,ADVERSARIAL
SYN-CASE-002724,SYN-PARCEL-002724,GRP-00545,ADVERSARIAL_BORDERLINE,REVIEW_REQUIRED,ADVERSARIAL
SYN-CASE-002725,SYN-PARCEL-002725,GRP-00545,ADVERSARIAL_BORDERLINE,REVIEW_REQUIRED,ADVERSARIAL
SYN-CASE-002726,SYN-PARCEL-002726,GRP-00546,ADVERSARIAL_BORDERLINE,REVIEW_REQUIRED,ADVERSARIAL
SYN-CASE-002727,SYN-PARCEL-002727,GRP-00546,ADVERSARIAL_BORDERLINE,REVIEW_REQUIRED,ADVERSARIAL
SYN-CASE-002728,SYN-PARCEL-002728,GRP-00546,ADVERSARIAL_BORDERLINE,REVIEW_REQUIRED,ADVERSARIAL
SYN-CASE-002729,SYN-PARCEL-002729,GRP-00546,ADVERSARIAL_BORDERLINE,REVIEW_REQUIRED,ADVERSARIAL
SYN-CASE-002730,SYN-PARCEL-002730,GRP-00546,ADVERSARIAL_BORDERLINE,REVIEW_REQUIRED,ADVERSARIAL
SYN-CASE-002731,SYN-PARCEL-002731,GRP-00547,ADVERSARIAL_BORDERLINE,REVIEW_REQUIRED,ADVERSARIAL
SYN-CASE-002732,SYN-PARCEL-002732,GRP-00547,ADVERSARIAL_BORDERLINE,REVIEW_REQUIRED,ADVERSARIAL
SYN-CASE-002733,SYN-PARCEL-002733,GRP-00547,ADVERSARIAL_BORDERLINE,REVIEW_REQUIRED,ADVERSARIAL
SYN-CASE-002734,SYN-PARCEL-002734,GRP-00547,ADVERSARIAL_BORDERLINE,REVIEW_REQUIRED,ADVERSARIAL
SYN-CASE-002735,SYN-PARCEL-002735,GRP-00547,ADVERSARIAL_BORDERLINE,REVIEW_REQUIRED,ADVERSARIAL
SYN-CASE-002736,SYN-PARCEL-002736,GRP-00548,ADVERSARIAL_BORDERLINE,REVIEW_REQUIRED,ADVERSARIAL
SYN-CASE-002737,SYN-PARCEL-002737,GRP-00548,ADVERSARIAL_BORDERLINE,REVIEW_REQUIRED,ADVERSARIAL
SYN-CASE-002738,SYN-PARCEL-002738,GRP-00548,ADVERSARIAL_BORDERLINE,REVIEW_REQUIRED,ADVERSARIAL
SYN-CASE-002739,SYN-PARCEL-002739,GRP-00548,ADVERSARIAL_BORDERLINE,REVIEW_REQUIRED,ADVERSARIAL
SYN-CASE-002740,SYN-PARCEL-002740,GRP-00548,ADVERSARIAL_BORDERLINE,REVIEW_REQUIRED,ADVERSARIAL
SYN-CASE-002741,SYN-PARCEL-002741,GRP-00549,ADVERSARIAL_BORDERLINE,REVIEW_REQUIRED,ADVERSARIAL
SYN-CASE-002742,SYN-PARCEL-002742,GRP-00549,ADVERSARIAL_BORDERLINE,REVIEW_REQUIRED,ADVERSARIAL
SYN-CASE-002743,SYN-PARCEL-002743,GRP-00549,ADVERSARIAL_BORDERLINE,REVIEW_REQUIRED,ADVERSARIAL
SYN-CASE-002744,SYN-PARCEL-002744,GRP-00549,ADVERSARIAL_BORDERLINE,REVIEW_REQUIRED,ADVERSARIAL
SYN-CASE-002745,SYN-PARCEL-002745,GRP-00549,ADVERSARIAL_BORDERLINE,REVIEW_REQUIRED,ADVERSARIAL
SYN-CASE-002756,SYN-PARCEL-002756,GRP-00552,ADVERSARIAL_BORDERLINE,REVIEW_REQUIRED,ADVERSARIAL
SYN-CASE-002757,SYN-PARCEL-002757,GRP-00552,ADVERSARIAL_BORDERLINE,REVIEW_REQUIRED,ADVERSARIAL
SYN-CASE-002758,SYN-PARCEL-002758,GRP-00552,ADVERSARIAL_BORDERLINE,REVIEW_REQUIRED,ADVERSARIAL
SYN-CASE-002759,SYN-PARCEL-002759,GRP-00552,ADVERSARIAL_BORDERLINE,REVIEW_REQUIRED,ADVERSARIAL
SYN-CASE-002760,SYN-PARCEL-002760,GRP-00552,ADVERSARIAL_BORDERLINE,REVIEW_REQUIRED,ADVERSARIAL
SYN-CASE-002761,SYN-PARCEL-002761,GRP-00553,ADVERSARIAL_BORDERLINE,REVIEW_REQUIRED,ADVERSARIAL
SYN-CASE-002762,SYN-PARCEL-002762,GRP-00553,ADVERSARIAL_BORDERLINE,REVIEW_REQUIRED,ADVERSARIAL
SYN-CASE-002763,SYN-PARCEL-002763,GRP-00553,ADVERSARIAL_BORDERLINE,REVIEW_REQUIRED,ADVERSARIAL
SYN-CASE-002764,SYN-PARCEL-002764,GRP-00553,ADVERSARIAL_BORDERLINE,REVIEW_REQUIRED,ADVERSARIAL
SYN-CASE-002765,SYN-PARCEL-002765,GRP-00553,ADVERSARIAL_BORDERLINE,REVIEW_REQUIRED,ADVERSARIAL
SYN-CASE-002766,SYN-PARCEL-002766,GRP-00554,ADVERSARIAL_BORDERLINE,REVIEW_REQUIRED,ADVERSARIAL
SYN-CASE-002767,SYN-PARCEL-002767,GRP-00554,ADVERSARIAL_BORDERLINE,REVIEW_REQUIRED,ADVERSARIAL
SYN-CASE-002768,SYN-PARCEL-002768,GRP-00554,ADVERSARIAL_BORDERLINE,REVIEW_REQUIRED,ADVERSARIAL
SYN-CASE-002769,SYN-PARCEL-002769,GRP-00554,ADVERSARIAL_BORDERLINE,REVIEW_REQUIRED,ADVERSARIAL
SYN-CASE-002770,SYN-PARCEL-002770,GRP-00554,ADVERSARIAL_BORDERLINE,REVIEW_REQUIRED,ADVERSARIAL
SYN-CASE-002781,SYN-PARCEL-002781,GRP-00557,ADVERSARIAL_BORDERLINE,REVIEW_REQUIRED,ADVERSARIAL
SYN-CASE-002782,SYN-PARCEL-002782,GRP-00557,ADVERSARIAL_BORDERLINE,REVIEW_REQUIRED,ADVERSARIAL
SYN-CASE-002783,SYN-PARCEL-002783,GRP-00557,ADVERSARIAL_BORDERLINE,REVIEW_REQUIRED,ADVERSARIAL
SYN-CASE-002784,SYN-PARCEL-002784,GRP-00557,ADVERSARIAL_BORDERLINE,REVIEW_REQUIRED,ADVERSARIAL
SYN-CASE-002785,SYN-PARCEL-002785,GRP-00557,ADVERSARIAL_BORDERLINE,REVIEW_REQUIRED,ADVERSARIAL
SYN-CASE-002786,SYN-PARCEL-002786,GRP-00558,ADVERSARIAL_BORDERLINE,REVIEW_REQUIRED,ADVERSARIAL
SYN-CASE-002787,SYN-PARCEL-002787,GRP-00558,ADVERSARIAL_BORDERLINE,REVIEW_REQUIRED,ADVERSARIAL
SYN-CASE-002788,SYN-PARCEL-002788,GRP-00558,ADVERSARIAL_BORDERLINE,REVIEW_REQUIRED,ADVERSARIAL
SYN-CASE-002789,SYN-PARCEL-002789,GRP-00558,ADVERSARIAL_BORDERLINE,REVIEW_REQUIRED,ADVERSARIAL
SYN-CASE-002790,SYN-PARCEL-002790,GRP-00558,ADVERSARIAL_BORDERLINE,REVIEW_REQUIRED,ADVERSARIAL
SYN-CASE-002796,SYN-PARCEL-002796,GRP-00560,ADVERSARIAL_BORDERLINE,REVIEW_REQUIRED,ADVERSARIAL
SYN-CASE-002797,SYN-PARCEL-002797,GRP-00560,ADVERSARIAL_BORDERLINE,REVIEW_REQUIRED,ADVERSARIAL
SYN-CASE-002798,SYN-PARCEL-002798,GRP-00560,ADVERSARIAL_BORDERLINE,REVIEW_REQUIRED,ADVERSARIAL
SYN-CASE-002799,SYN-PARCEL-002799,GRP-00560,ADVERSARIAL_BORDERLINE,REVIEW_REQUIRED,ADVERSARIAL
SYN-CASE-002800,SYN-PARCEL-002800,GRP-00560,ADVERSARIAL_BORDERLINE,REVIEW_REQUIRED,ADVERSARIAL
SYN-CASE-002801,SYN-PARCEL-002801,GRP-00561,ADVERSARIAL_BORDERLINE,REVIEW_REQUIRED,ADVERSARIAL
SYN-CASE-002802,SYN-PARCEL-002802,GRP-00561,ADVERSARIAL_BORDERLINE,REVIEW_REQUIRED,ADVERSARIAL
SYN-CASE-002803,SYN-PARCEL-002803,GRP-00561,ADVERSARIAL_BORDERLINE,REVIEW_REQUIRED,ADVERSARIAL
SYN-CASE-002804,SYN-PARCEL-002804,GRP-00561,ADVERSARIAL_BORDERLINE,REVIEW_REQUIRED,ADVERSARIAL
SYN-CASE-002805,SYN-PARCEL-002805,GRP-00561,ADVERSARIAL_BORDERLINE,REVIEW_REQUIRED,ADVERSARIAL
SYN-CASE-002811,SYN-PARCEL-002811,GRP-00563,ADVERSARIAL_BORDERLINE,REVIEW_REQUIRED,ADVERSARIAL
SYN-CASE-002812,SYN-PARCEL-002812,GRP-00563,ADVERSARIAL_BORDERLINE,REVIEW_REQUIRED,ADVERSARIAL
SYN-CASE-002813,SYN-PARCEL-002813,GRP-00563,ADVERSARIAL_BORDERLINE,REVIEW_REQUIRED,ADVERSARIAL
SYN-CASE-002814,SYN-PARCEL-002814,GRP-00563,ADVERSARIAL_BORDERLINE,REVIEW_REQUIRED,ADVERSARIAL
SYN-CASE-002815,SYN-PARCEL-002815,GRP-00563,ADVERSARIAL_BORDERLINE,REVIEW_REQUIRED,ADVERSARIAL
SYN-CASE-002816,SYN-PARCEL-002816,GRP-00564,ADVERSARIAL_BORDERLINE,REVIEW_REQUIRED,ADVERSARIAL
SYN-CASE-002817,SYN-PARCEL-002817,GRP-00564,ADVERSARIAL_BORDERLINE,REVIEW_REQUIRED,ADVERSARIAL
SYN-CASE-002818,SYN-PARCEL-002818,GRP-00564,ADVERSARIAL_BORDERLINE,REVIEW_REQUIRED,ADVERSARIAL
SYN-CASE-002819,SYN-PARCEL-002819,GRP-00564,ADVERSARIAL_BORDERLINE,REVIEW_REQUIRED,ADVERSARIAL
SYN-CASE-002820,SYN-PARCEL-002820,GRP-00564,ADVERSARIAL_BORDERLINE,REVIEW_REQUIRED,ADVERSARIAL
SYN-CASE-002821,SYN-PARCEL-002821,GRP-00565,ADVERSARIAL_BORDERLINE,REVIEW_REQUIRED,ADVERSARIAL
SYN-CASE-002822,SYN-PARCEL-002822,GRP-00565,ADVERSARIAL_BORDERLINE,REVIEW_REQUIRED,ADVERSARIAL
SYN-CASE-002823,SYN-PARCEL-002823,GRP-00565,ADVERSARIAL_BORDERLINE,REVIEW_REQUIRED,ADVERSARIAL
SYN-CASE-002824,SYN-PARCEL-002824,GRP-00565,ADVERSARIAL_BORDERLINE,REVIEW_REQUIRED,ADVERSARIAL
SYN-CASE-002825,SYN-PARCEL-002825,GRP-00565,ADVERSARIAL_BORDERLINE,REVIEW_REQUIRED,ADVERSARIAL
SYN-CASE-002836,SYN-PARCEL-002836,GRP-00568,ADVERSARIAL_BORDERLINE,REVIEW_REQUIRED,ADVERSARIAL
SYN-CASE-002837,SYN-PARCEL-002837,GRP-00568,ADVERSARIAL_BORDERLINE,REVIEW_REQUIRED,ADVERSARIAL
SYN-CASE-002838,SYN-PARCEL-002838,GRP-00568,ADVERSARIAL_BORDERLINE,REVIEW_REQUIRED,ADVERSARIAL
SYN-CASE-002839,SYN-PARCEL-002839,GRP-00568,ADVERSARIAL_BORDERLINE,REVIEW_REQUIRED,ADVERSARIAL
SYN-CASE-002840,SYN-PARCEL-002840,GRP-00568,ADVERSARIAL_BORDERLINE,REVIEW_REQUIRED,ADVERSARIAL
SYN-CASE-002841,SYN-PARCEL-002841,GRP-00569,ADVERSARIAL_BORDERLINE,REVIEW_REQUIRED,ADVERSARIAL
SYN-CASE-002842,SYN-PARCEL-002842,GRP-00569,ADVERSARIAL_BORDERLINE,REVIEW_REQUIRED,ADVERSARIAL
SYN-CASE-002843,SYN-PARCEL-002843,GRP-00569,ADVERSARIAL_BORDERLINE,REVIEW_REQUIRED,ADVERSARIAL
SYN-CASE-002844,SYN-PARCEL-002844,GRP-00569,ADVERSARIAL_BORDERLINE,REVIEW_REQUIRED,ADVERSARIAL
SYN-CASE-002845,SYN-PARCEL-002845,GRP-00569,ADVERSARIAL_BORDERLINE,REVIEW_REQUIRED,ADVERSARIAL
SYN-CASE-002851,SYN-PARCEL-002851,GRP-00571,ADVERSARIAL_BORDERLINE,REVIEW_REQUIRED,ADVERSARIAL
SYN-CASE-002852,SYN-PARCEL-002852,GRP-00571,ADVERSARIAL_BORDERLINE,REVIEW_REQUIRED,ADVERSARIAL
SYN-CASE-002853,SYN-PARCEL-002853,GRP-00571,ADVERSARIAL_BORDERLINE,REVIEW_REQUIRED,ADVERSARIAL
SYN-CASE-002854,SYN-PARCEL-002854,GRP-00571,ADVERSARIAL_BORDERLINE,REVIEW_REQUIRED,ADVERSARIAL
SYN-CASE-002855,SYN-PARCEL-002855,GRP-00571,ADVERSARIAL_BORDERLINE,REVIEW_REQUIRED,ADVERSARIAL
SYN-CASE-002856,SYN-PARCEL-002856,GRP-00572,ADVERSARIAL_BORDERLINE,REVIEW_REQUIRED,ADVERSARIAL
SYN-CASE-002857,SYN-PARCEL-002857,GRP-00572,ADVERSARIAL_BORDERLINE,REVIEW_REQUIRED,ADVERSARIAL
SYN-CASE-002858,SYN-PARCEL-002858,GRP-00572,ADVERSARIAL_BORDERLINE,REVIEW_REQUIRED,ADVERSARIAL
SYN-CASE-002859,SYN-PARCEL-002859,GRP-00572,ADVERSARIAL_BORDERLINE,REVIEW_REQUIRED,ADVERSARIAL
SYN-CASE-002860,SYN-PARCEL-002860,GRP-00572,ADVERSARIAL_BORDERLINE,REVIEW_REQUIRED,ADVERSARIAL
SYN-CASE-002866,SYN-PARCEL-002866,GRP-00574,ADVERSARIAL_BORDERLINE,REVIEW_REQUIRED,ADVERSARIAL
SYN-CASE-002867,SYN-PARCEL-002867,GRP-00574,ADVERSARIAL_BORDERLINE,REVIEW_REQUIRED,ADVERSARIAL
SYN-CASE-002868,SYN-PARCEL-002868,GRP-00574,ADVERSARIAL_BORDERLINE,REVIEW_REQUIRED,ADVERSARIAL
SYN-CASE-002869,SYN-PARCEL-002869,GRP-00574,ADVERSARIAL_BORDERLINE,REVIEW_REQUIRED,ADVERSARIAL
SYN-CASE-002870,SYN-PARCEL-002870,GRP-00574,ADVERSARIAL_BORDERLINE,REVIEW_REQUIRED,ADVERSARIAL
SYN-CASE-002871,SYN-PARCEL-002871,GRP-00575,ADVERSARIAL_BORDERLINE,REVIEW_REQUIRED,ADVERSARIAL
SYN-CASE-002872,SYN-PARCEL-002872,GRP-00575,ADVERSARIAL_BORDERLINE,REVIEW_REQUIRED,ADVERSARIAL
SYN-CASE-002873,SYN-PARCEL-002873,GRP-00575,ADVERSARIAL_BORDERLINE,REVIEW_REQUIRED,ADVERSARIAL
SYN-CASE-002874,SYN-PARCEL-002874,GRP-00575,ADVERSARIAL_BORDERLINE,REVIEW_REQUIRED,ADVERSARIAL
SYN-CASE-002875,SYN-PARCEL-002875,GRP-00575,ADVERSARIAL_BORDERLINE,REVIEW_REQUIRED,ADVERSARIAL
SYN-CASE-002876,SYN-PARCEL-002876,GRP-00576,ADVERSARIAL_BORDERLINE,REVIEW_REQUIRED,ADVERSARIAL
SYN-CASE-002877,SYN-PARCEL-002877,GRP-00576,ADVERSARIAL_BORDERLINE,REVIEW_REQUIRED,ADVERSARIAL
SYN-CASE-002878,SYN-PARCEL-002878,GRP-00576,ADVERSARIAL_BORDERLINE,REVIEW_REQUIRED,ADVERSARIAL
SYN-CASE-002879,SYN-PARCEL-002879,GRP-00576,ADVERSARIAL_BORDERLINE,REVIEW_REQUIRED,ADVERSARIAL
SYN-CASE-002880,SYN-PARCEL-002880,GRP-00576,ADVERSARIAL_BORDERLINE,REVIEW_REQUIRED,ADVERSARIAL
