audit_event_id,actor_id,actor_role,action_type,resource_type,resource_id,event_timestamp,reason,result,synthetic_event_flag
SYN-AUDIT-000001,SYN-USER-OFFICER-001,revenue_officer,VALIDATION_RUN,validation_case,SYN-CASE-000001,2024-02-02T01:01:00Z,Automated multi-field statutory comparison pipeline,SUCCESS,True
SYN-AUDIT-000002,SYN-USER-ADMIN-001,administrator,CASE_REVIEW,validation_case,SYN-CASE-000002,2024-03-03T02:02:00Z,Revenue officer inspected cadastral discrepancy,REVIEW_REQUIRED,True
SYN-AUDIT-000003,SYSTEM-VALIDATION-ENGINE,system_engine,DECISION_RECORDED,validation_case,SYN-CASE-000003,2024-04-04T03:03:00Z,Officer adjudication recorded in case log,SUCCESS,True
SYN-AUDIT-000004,SYN-USER-CITIZEN-001,citizen,MUTATION_AUDIT,mutation,SYN-RES-000004,2024-05-05T04:04:00Z,Review of mutation notice period under Sec 129 KLRA,SUCCESS,True
SYN-AUDIT-000005,SYN-USER-OFFICER-001,revenue_officer,DOCUMENT_INGEST,document,SYN-RES-000005,2024-06-06T05:05:00Z,Citizen evidence upload and SHA-256 vault ingest,SUCCESS,True
SYN-AUDIT-000006,SYN-USER-ADMIN-001,administrator,VALIDATION_RUN,validation_case,SYN-CASE-000006,2024-07-07T06:06:00Z,Automated multi-field statutory comparison pipeline,SUCCESS,True
SYN-AUDIT-000007,SYSTEM-VALIDATION-ENGINE,system_engine,CASE_REVIEW,validation_case,SYN-CASE-000007,2024-08-08T07:07:00Z,Revenue officer inspected cadastral discrepancy,REVIEW_REQUIRED,True
SYN-AUDIT-000008,SYN-USER-CITIZEN-001,citizen,DECISION_RECORDED,validation_case,SYN-CASE-000008,2024-09-09T08:08:00Z,Officer adjudication recorded in case log,SUCCESS,True
SYN-AUDIT-000009,SYN-USER-OFFICER-001,revenue_officer,MUTATION_AUDIT,mutation,SYN-RES-000009,2024-10-10T09:09:00Z,Review of mutation notice period under Sec 129 KLRA,SUCCESS,True
SYN-AUDIT-000010,SYN-USER-ADMIN-001,administrator,DOCUMENT_INGEST,document,SYN-RES-000010,2024-11-11T10:10:00Z,Citizen evidence upload and SHA-256 vault ingest,SUCCESS,True
SYN-AUDIT-000011,SYSTEM-VALIDATION-ENGINE,system_engine,VALIDATION_RUN,validation_case,SYN-CASE-000011,2024-12-12T11:11:00Z,Automated multi-field statutory comparison pipeline,SUCCESS,True
SYN-AUDIT-000012,SYN-USER-CITIZEN-001,citizen,CASE_REVIEW,validation_case,SYN-CASE-000012,2024-01-13T12:12:00Z,Revenue officer inspected cadastral discrepancy,REVIEW_REQUIRED,True
SYN-AUDIT-000013,SYN-USER-OFFICER-001,revenue_officer,DECISION_RECORDED,validation_case,SYN-CASE-000013,2024-02-14T13:13:00Z,Officer adjudication recorded in case log,SUCCESS,True
SYN-AUDIT-000014,SYN-USER-ADMIN-001,administrator,MUTATION_AUDIT,mutation,SYN-RES-000014,2024-03-15T14:14:00Z,Review of mutation notice period under Sec 129 KLRA,SUCCESS,True
SYN-AUDIT-000015,SYSTEM-VALIDATION-ENGINE,system_engine,DOCUMENT_INGEST,document,SYN-RES-000015,2024-04-16T15:15:00Z,Citizen evidence upload and SHA-256 vault ingest,SUCCESS,True
SYN-AUDIT-000016,SYN-USER-CITIZEN-001,citizen,VALIDATION_RUN,validation_case,SYN-CASE-000016,2024-05-17T16:16:00Z,Automated multi-field statutory comparison pipeline,SUCCESS,True
SYN-AUDIT-000017,SYN-USER-OFFICER-001,revenue_officer,CASE_REVIEW,validation_case,SYN-CASE-000017,2024-06-18T17:17:00Z,Revenue officer inspected cadastral discrepancy,REVIEW_REQUIRED,True
SYN-AUDIT-000018,SYN-USER-ADMIN-001,administrator,DECISION_RECORDED,validation_case,SYN-CASE-000018,2024-07-19T18:18:00Z,Officer adjudication recorded in case log,SUCCESS,True
SYN-AUDIT-000019,SYSTEM-VALIDATION-ENGINE,system_engine,MUTATION_AUDIT,mutation,SYN-RES-000019,2024-08-20T19:19:00Z,Review of mutation notice period under Sec 129 KLRA,SUCCESS,True
SYN-AUDIT-000020,SYN-USER-CITIZEN-001,citizen,DOCUMENT_INGEST,document,SYN-RES-000020,2024-09-21T20:20:00Z,Citizen evidence upload and SHA-256 vault ingest,SUCCESS,True
SYN-AUDIT-000021,SYN-USER-OFFICER-001,revenue_officer,VALIDATION_RUN,validation_case,SYN-CASE-000021,2024-10-22T21:21:00Z,Automated multi-field statutory comparison pipeline,SUCCESS,True
SYN-AUDIT-000022,SYN-USER-ADMIN-001,administrator,CASE_REVIEW,validation_case,SYN-CASE-000022,2024-11-23T22:22:00Z,Revenue officer inspected cadastral discrepancy,REVIEW_REQUIRED,True
SYN-AUDIT-000023,SYSTEM-VALIDATION-ENGINE,system_engine,DECISION_RECORDED,validation_case,SYN-CASE-000023,2024-12-24T23:23:00Z,Officer adjudication recorded in case log,SUCCESS,True
SYN-AUDIT-000024,SYN-USER-CITIZEN-001,citizen,MUTATION_AUDIT,mutation,SYN-RES-000024,2024-01-25T00:24:00Z,Review of mutation notice period under Sec 129 KLRA,SUCCESS,True
SYN-AUDIT-000025,SYN-USER-OFFICER-001,revenue_officer,DOCUMENT_INGEST,document,SYN-RES-000025,2024-02-26T01:25:00Z,Citizen evidence upload and SHA-256 vault ingest,SUCCESS,True
SYN-AUDIT-000026,SYN-USER-ADMIN-001,administrator,VALIDATION_RUN,validation_case,SYN-CASE-000026,2024-03-27T02:26:00Z,Automated multi-field statutory comparison pipeline,SUCCESS,True
SYN-AUDIT-000027,SYSTEM-VALIDATION-ENGINE,system_engine,CASE_REVIEW,validation_case,SYN-CASE-000027,2024-04-28T03:27:00Z,Revenue officer inspected cadastral discrepancy,REVIEW_REQUIRED,True
SYN-AUDIT-000028,SYN-USER-CITIZEN-001,citizen,DECISION_RECORDED,validation_case,SYN-CASE-000028,2024-05-01T04:28:00Z,Officer adjudication recorded in case log,SUCCESS,True
SYN-AUDIT-000029,SYN-USER-OFFICER-001,revenue_officer,MUTATION_AUDIT,mutation,SYN-RES-000029,2024-06-02T05:29:00Z,Review of mutation notice period under Sec 129 KLRA,SUCCESS,True
SYN-AUDIT-000030,SYN-USER-ADMIN-001,administrator,DOCUMENT_INGEST,document,SYN-RES-000030,2024-07-03T06:30:00Z,Citizen evidence upload and SHA-256 vault ingest,SUCCESS,True
SYN-AUDIT-000031,SYSTEM-VALIDATION-ENGINE,system_engine,VALIDATION_RUN,validation_case,SYN-CASE-000031,2024-08-04T07:31:00Z,Automated multi-field statutory comparison pipeline,SUCCESS,True
SYN-AUDIT-000032,SYN-USER-CITIZEN-001,citizen,CASE_REVIEW,validation_case,SYN-CASE-000032,2024-09-05T08:32:00Z,Revenue officer inspected cadastral discrepancy,REVIEW_REQUIRED,True
SYN-AUDIT-000033,SYN-USER-OFFICER-001,revenue_officer,DECISION_RECORDED,validation_case,SYN-CASE-000033,2024-10-06T09:33:00Z,Officer adjudication recorded in case log,SUCCESS,True
SYN-AUDIT-000034,SYN-USER-ADMIN-001,administrator,MUTATION_AUDIT,mutation,SYN-RES-000034,2024-11-07T10:34:00Z,Review of mutation notice period under Sec 129 KLRA,SUCCESS,True
SYN-AUDIT-000035,SYSTEM-VALIDATION-ENGINE,system_engine,DOCUMENT_INGEST,document,SYN-RES-000035,2024-12-08T11:35:00Z,Citizen evidence upload and SHA-256 vault ingest,SUCCESS,True
SYN-AUDIT-000036,SYN-USER-CITIZEN-001,citizen,VALIDATION_RUN,validation_case,SYN-CASE-000036,2024-01-09T12:36:00Z,Automated multi-field statutory comparison pipeline,SUCCESS,True
SYN-AUDIT-000037,SYN-USER-OFFICER-001,revenue_officer,CASE_REVIEW,validation_case,SYN-CASE-000037,2024-02-10T13:37:00Z,Revenue officer inspected cadastral discrepancy,REVIEW_REQUIRED,True
SYN-AUDIT-000038,SYN-USER-ADMIN-001,administrator,DECISION_RECORDED,validation_case,SYN-CASE-000038,2024-03-11T14:38:00Z,Officer adjudication recorded in case log,SUCCESS,True
SYN-AUDIT-000039,SYSTEM-VALIDATION-ENGINE,system_engine,MUTATION_AUDIT,mutation,SYN-RES-000039,2024-04-12T15:39:00Z,Review of mutation notice period under Sec 129 KLRA,SUCCESS,True
SYN-AUDIT-000040,SYN-USER-CITIZEN-001,citizen,DOCUMENT_INGEST,document,SYN-RES-000040,2024-05-13T16:40:00Z,Citizen evidence upload and SHA-256 vault ingest,SUCCESS,True
SYN-AUDIT-000041,SYN-USER-OFFICER-001,revenue_officer,VALIDATION_RUN,validation_case,SYN-CASE-000041,2024-06-14T17:41:00Z,Automated multi-field statutory comparison pipeline,SUCCESS,True
SYN-AUDIT-000042,SYN-USER-ADMIN-001,administrator,CASE_REVIEW,validation_case,SYN-CASE-000042,2024-07-15T18:42:00Z,Revenue officer inspected cadastral discrepancy,REVIEW_REQUIRED,True
SYN-AUDIT-000043,SYSTEM-VALIDATION-ENGINE,system_engine,DECISION_RECORDED,validation_case,SYN-CASE-000043,2024-08-16T19:43:00Z,Officer adjudication recorded in case log,SUCCESS,True
SYN-AUDIT-000044,SYN-USER-CITIZEN-001,citizen,MUTATION_AUDIT,mutation,SYN-RES-000044,2024-09-17T20:44:00Z,Review of mutation notice period under Sec 129 KLRA,SUCCESS,True
SYN-AUDIT-000045,SYN-USER-OFFICER-001,revenue_officer,DOCUMENT_INGEST,document,SYN-RES-000045,2024-10-18T21:45:00Z,Citizen evidence upload and SHA-256 vault ingest,SUCCESS,True
SYN-AUDIT-000046,SYN-USER-ADMIN-001,administrator,VALIDATION_RUN,validation_case,SYN-CASE-000046,2024-11-19T22:46:00Z,Automated multi-field statutory comparison pipeline,SUCCESS,True
SYN-AUDIT-000047,SYSTEM-VALIDATION-ENGINE,system_engine,CASE_REVIEW,validation_case,SYN-CASE-000047,2024-12-20T23:47:00Z,Revenue officer inspected cadastral discrepancy,REVIEW_REQUIRED,True
SYN-AUDIT-000048,SYN-USER-CITIZEN-001,citizen,DECISION_RECORDED,validation_case,SYN-CASE-000048,2024-01-21T00:48:00Z,Officer adjudication recorded in case log,SUCCESS,True
SYN-AUDIT-000049,SYN-USER-OFFICER-001,revenue_officer,MUTATION_AUDIT,mutation,SYN-RES-000049,2024-02-22T01:49:00Z,Review of mutation notice period under Sec 129 KLRA,SUCCESS,True
SYN-AUDIT-000050,SYN-USER-ADMIN-001,administrator,DOCUMENT_INGEST,document,SYN-RES-000050,2024-03-23T02:50:00Z,Citizen evidence upload and SHA-256 vault ingest,SUCCESS,True
SYN-AUDIT-000051,SYSTEM-VALIDATION-ENGINE,system_engine,VALIDATION_RUN,validation_case,SYN-CASE-000051,2024-04-24T03:51:00Z,Automated multi-field statutory comparison pipeline,SUCCESS,True
SYN-AUDIT-000052,SYN-USER-CITIZEN-001,citizen,CASE_REVIEW,validation_case,SYN-CASE-000052,2024-05-25T04:52:00Z,Revenue officer inspected cadastral discrepancy,REVIEW_REQUIRED,True
SYN-AUDIT-000053,SYN-USER-OFFICER-001,revenue_officer,DECISION_RECORDED,validation_case,SYN-CASE-000053,2024-06-26T05:53:00Z,Officer adjudication recorded in case log,SUCCESS,True
SYN-AUDIT-000054,SYN-USER-ADMIN-001,administrator,MUTATION_AUDIT,mutation,SYN-RES-000054,2024-07-27T06:54:00Z,Review of mutation notice period under Sec 129 KLRA,SUCCESS,True
SYN-AUDIT-000055,SYSTEM-VALIDATION-ENGINE,system_engine,DOCUMENT_INGEST,document,SYN-RES-000055,2024-08-28T07:55:00Z,Citizen evidence upload and SHA-256 vault ingest,SUCCESS,True
SYN-AUDIT-000056,SYN-USER-CITIZEN-001,citizen,VALIDATION_RUN,validation_case,SYN-CASE-000056,2024-09-01T08:56:00Z,Automated multi-field statutory comparison pipeline,SUCCESS,True
SYN-AUDIT-000057,SYN-USER-OFFICER-001,revenue_officer,CASE_REVIEW,validation_case,SYN-CASE-000057,2024-10-02T09:57:00Z,Revenue officer inspected cadastral discrepancy,REVIEW_REQUIRED,True
SYN-AUDIT-000058,SYN-USER-ADMIN-001,administrator,DECISION_RECORDED,validation_case,SYN-CASE-000058,2024-11-03T10:58:00Z,Officer adjudication recorded in case log,SUCCESS,True
SYN-AUDIT-000059,SYSTEM-VALIDATION-ENGINE,system_engine,MUTATION_AUDIT,mutation,SYN-RES-000059,2024-12-04T11:59:00Z,Review of mutation notice period under Sec 129 KLRA,SUCCESS,True
SYN-AUDIT-000060,SYN-USER-CITIZEN-001,citizen,DOCUMENT_INGEST,document,SYN-RES-000060,2024-01-05T12:00:00Z,Citizen evidence upload and SHA-256 vault ingest,SUCCESS,True
SYN-AUDIT-000061,SYN-USER-OFFICER-001,revenue_officer,VALIDATION_RUN,validation_case,SYN-CASE-000061,2024-02-06T13:01:00Z,Automated multi-field statutory comparison pipeline,SUCCESS,True
SYN-AUDIT-000062,SYN-USER-ADMIN-001,administrator,CASE_REVIEW,validation_case,SYN-CASE-000062,2024-03-07T14:02:00Z,Revenue officer inspected cadastral discrepancy,REVIEW_REQUIRED,True
SYN-AUDIT-000063,SYSTEM-VALIDATION-ENGINE,system_engine,DECISION_RECORDED,validation_case,SYN-CASE-000063,2024-04-08T15:03:00Z,Officer adjudication recorded in case log,SUCCESS,True
SYN-AUDIT-000064,SYN-USER-CITIZEN-001,citizen,MUTATION_AUDIT,mutation,SYN-RES-000064,2024-05-09T16:04:00Z,Review of mutation notice period under Sec 129 KLRA,SUCCESS,True
SYN-AUDIT-000065,SYN-USER-OFFICER-001,revenue_officer,DOCUMENT_INGEST,document,SYN-RES-000065,2024-06-10T17:05:00Z,Citizen evidence upload and SHA-256 vault ingest,SUCCESS,True
SYN-AUDIT-000066,SYN-USER-ADMIN-001,administrator,VALIDATION_RUN,validation_case,SYN-CASE-000066,2024-07-11T18:06:00Z,Automated multi-field statutory comparison pipeline,SUCCESS,True
SYN-AUDIT-000067,SYSTEM-VALIDATION-ENGINE,system_engine,CASE_REVIEW,validation_case,SYN-CASE-000067,2024-08-12T19:07:00Z,Revenue officer inspected cadastral discrepancy,REVIEW_REQUIRED,True
SYN-AUDIT-000068,SYN-USER-CITIZEN-001,citizen,DECISION_RECORDED,validation_case,SYN-CASE-000068,2024-09-13T20:08:00Z,Officer adjudication recorded in case log,SUCCESS,True
SYN-AUDIT-000069,SYN-USER-OFFICER-001,revenue_officer,MUTATION_AUDIT,mutation,SYN-RES-000069,2024-10-14T21:09:00Z,Review of mutation notice period under Sec 129 KLRA,SUCCESS,True
SYN-AUDIT-000070,SYN-USER-ADMIN-001,administrator,DOCUMENT_INGEST,document,SYN-RES-000070,2024-11-15T22:10:00Z,Citizen evidence upload and SHA-256 vault ingest,SUCCESS,True
SYN-AUDIT-000071,SYSTEM-VALIDATION-ENGINE,system_engine,VALIDATION_RUN,validation_case,SYN-CASE-000071,2024-12-16T23:11:00Z,Automated multi-field statutory comparison pipeline,SUCCESS,True
SYN-AUDIT-000072,SYN-USER-CITIZEN-001,citizen,CASE_REVIEW,validation_case,SYN-CASE-000072,2024-01-17T00:12:00Z,Revenue officer inspected cadastral discrepancy,REVIEW_REQUIRED,True
SYN-AUDIT-000073,SYN-USER-OFFICER-001,revenue_officer,DECISION_RECORDED,validation_case,SYN-CASE-000073,2024-02-18T01:13:00Z,Officer adjudication recorded in case log,SUCCESS,True
SYN-AUDIT-000074,SYN-USER-ADMIN-001,administrator,MUTATION_AUDIT,mutation,SYN-RES-000074,2024-03-19T02:14:00Z,Review of mutation notice period under Sec 129 KLRA,SUCCESS,True
SYN-AUDIT-000075,SYSTEM-VALIDATION-ENGINE,system_engine,DOCUMENT_INGEST,document,SYN-RES-000075,2024-04-20T03:15:00Z,Citizen evidence upload and SHA-256 vault ingest,SUCCESS,True
SYN-AUDIT-000076,SYN-USER-CITIZEN-001,citizen,VALIDATION_RUN,validation_case,SYN-CASE-000076,2024-05-21T04:16:00Z,Automated multi-field statutory comparison pipeline,SUCCESS,True
SYN-AUDIT-000077,SYN-USER-OFFICER-001,revenue_officer,CASE_REVIEW,validation_case,SYN-CASE-000077,2024-06-22T05:17:00Z,Revenue officer inspected cadastral discrepancy,REVIEW_REQUIRED,True
SYN-AUDIT-000078,SYN-USER-ADMIN-001,administrator,DECISION_RECORDED,validation_case,SYN-CASE-000078,2024-07-23T06:18:00Z,Officer adjudication recorded in case log,SUCCESS,True
SYN-AUDIT-000079,SYSTEM-VALIDATION-ENGINE,system_engine,MUTATION_AUDIT,mutation,SYN-RES-000079,2024-08-24T07:19:00Z,Review of mutation notice period under Sec 129 KLRA,SUCCESS,True
SYN-AUDIT-000080,SYN-USER-CITIZEN-001,citizen,DOCUMENT_INGEST,document,SYN-RES-000080,2024-09-25T08:20:00Z,Citizen evidence upload and SHA-256 vault ingest,SUCCESS,True
SYN-AUDIT-000081,SYN-USER-OFFICER-001,revenue_officer,VALIDATION_RUN,validation_case,SYN-CASE-000081,2024-10-26T09:21:00Z,Automated multi-field statutory comparison pipeline,SUCCESS,True
SYN-AUDIT-000082,SYN-USER-ADMIN-001,administrator,CASE_REVIEW,validation_case,SYN-CASE-000082,2024-11-27T10:22:00Z,Revenue officer inspected cadastral discrepancy,REVIEW_REQUIRED,True
SYN-AUDIT-000083,SYSTEM-VALIDATION-ENGINE,system_engine,DECISION_RECORDED,validation_case,SYN-CASE-000083,2024-12-28T11:23:00Z,Officer adjudication recorded in case log,SUCCESS,True
SYN-AUDIT-000084,SYN-USER-CITIZEN-001,citizen,MUTATION_AUDIT,mutation,SYN-RES-000084,2024-01-01T12:24:00Z,Review of mutation notice period under Sec 129 KLRA,SUCCESS,True
SYN-AUDIT-000085,SYN-USER-OFFICER-001,revenue_officer,DOCUMENT_INGEST,document,SYN-RES-000085,2024-02-02T13:25:00Z,Citizen evidence upload and SHA-256 vault ingest,SUCCESS,True
SYN-AUDIT-000086,SYN-USER-ADMIN-001,administrator,VALIDATION_RUN,validation_case,SYN-CASE-000086,2024-03-03T14:26:00Z,Automated multi-field statutory comparison pipeline,SUCCESS,True
SYN-AUDIT-000087,SYSTEM-VALIDATION-ENGINE,system_engine,CASE_REVIEW,validation_case,SYN-CASE-000087,2024-04-04T15:27:00Z,Revenue officer inspected cadastral discrepancy,REVIEW_REQUIRED,True
SYN-AUDIT-000088,SYN-USER-CITIZEN-001,citizen,DECISION_RECORDED,validation_case,SYN-CASE-000088,2024-05-05T16:28:00Z,Officer adjudication recorded in case log,SUCCESS,True
SYN-AUDIT-000089,SYN-USER-OFFICER-001,revenue_officer,MUTATION_AUDIT,mutation,SYN-RES-000089,2024-06-06T17:29:00Z,Review of mutation notice period under Sec 129 KLRA,SUCCESS,True
SYN-AUDIT-000090,SYN-USER-ADMIN-001,administrator,DOCUMENT_INGEST,document,SYN-RES-000090,2024-07-07T18:30:00Z,Citizen evidence upload and SHA-256 vault ingest,SUCCESS,True
SYN-AUDIT-000091,SYSTEM-VALIDATION-ENGINE,system_engine,VALIDATION_RUN,validation_case,SYN-CASE-000091,2024-08-08T19:31:00Z,Automated multi-field statutory comparison pipeline,SUCCESS,True
SYN-AUDIT-000092,SYN-USER-CITIZEN-001,citizen,CASE_REVIEW,validation_case,SYN-CASE-000092,2024-09-09T20:32:00Z,Revenue officer inspected cadastral discrepancy,REVIEW_REQUIRED,True
SYN-AUDIT-000093,SYN-USER-OFFICER-001,revenue_officer,DECISION_RECORDED,validation_case,SYN-CASE-000093,2024-10-10T21:33:00Z,Officer adjudication recorded in case log,SUCCESS,True
SYN-AUDIT-000094,SYN-USER-ADMIN-001,administrator,MUTATION_AUDIT,mutation,SYN-RES-000094,2024-11-11T22:34:00Z,Review of mutation notice period under Sec 129 KLRA,SUCCESS,True
SYN-AUDIT-000095,SYSTEM-VALIDATION-ENGINE,system_engine,DOCUMENT_INGEST,document,SYN-RES-000095,2024-12-12T23:35:00Z,Citizen evidence upload and SHA-256 vault ingest,SUCCESS,True
SYN-AUDIT-000096,SYN-USER-CITIZEN-001,citizen,VALIDATION_RUN,validation_case,SYN-CASE-000096,2024-01-13T00:36:00Z,Automated multi-field statutory comparison pipeline,SUCCESS,True
SYN-AUDIT-000097,SYN-USER-OFFICER-001,revenue_officer,CASE_REVIEW,validation_case,SYN-CASE-000097,2024-02-14T01:37:00Z,Revenue officer inspected cadastral discrepancy,REVIEW_REQUIRED,True
SYN-AUDIT-000098,SYN-USER-ADMIN-001,administrator,DECISION_RECORDED,validation_case,SYN-CASE-000098,2024-03-15T02:38:00Z,Officer adjudication recorded in case log,SUCCESS,True
SYN-AUDIT-000099,SYSTEM-VALIDATION-ENGINE,system_engine,MUTATION_AUDIT,mutation,SYN-RES-000099,2024-04-16T03:39:00Z,Review of mutation notice period under Sec 129 KLRA,SUCCESS,True
SYN-AUDIT-000100,SYN-USER-CITIZEN-001,citizen,DOCUMENT_INGEST,document,SYN-RES-000100,2024-05-17T04:40:00Z,Citizen evidence upload and SHA-256 vault ingest,SUCCESS,True
SYN-AUDIT-000101,SYN-USER-OFFICER-001,revenue_officer,VALIDATION_RUN,validation_case,SYN-CASE-000101,2024-06-18T05:41:00Z,Automated multi-field statutory comparison pipeline,SUCCESS,True
SYN-AUDIT-000102,SYN-USER-ADMIN-001,administrator,CASE_REVIEW,validation_case,SYN-CASE-000102,2024-07-19T06:42:00Z,Revenue officer inspected cadastral discrepancy,REVIEW_REQUIRED,True
SYN-AUDIT-000103,SYSTEM-VALIDATION-ENGINE,system_engine,DECISION_RECORDED,validation_case,SYN-CASE-000103,2024-08-20T07:43:00Z,Officer adjudication recorded in case log,SUCCESS,True
SYN-AUDIT-000104,SYN-USER-CITIZEN-001,citizen,MUTATION_AUDIT,mutation,SYN-RES-000104,2024-09-21T08:44:00Z,Review of mutation notice period under Sec 129 KLRA,SUCCESS,True
SYN-AUDIT-000105,SYN-USER-OFFICER-001,revenue_officer,DOCUMENT_INGEST,document,SYN-RES-000105,2024-10-22T09:45:00Z,Citizen evidence upload and SHA-256 vault ingest,SUCCESS,True
SYN-AUDIT-000106,SYN-USER-ADMIN-001,administrator,VALIDATION_RUN,validation_case,SYN-CASE-000106,2024-11-23T10:46:00Z,Automated multi-field statutory comparison pipeline,SUCCESS,True
SYN-AUDIT-000107,SYSTEM-VALIDATION-ENGINE,system_engine,CASE_REVIEW,validation_case,SYN-CASE-000107,2024-12-24T11:47:00Z,Revenue officer inspected cadastral discrepancy,REVIEW_REQUIRED,True
SYN-AUDIT-000108,SYN-USER-CITIZEN-001,citizen,DECISION_RECORDED,validation_case,SYN-CASE-000108,2024-01-25T12:48:00Z,Officer adjudication recorded in case log,SUCCESS,True
SYN-AUDIT-000109,SYN-USER-OFFICER-001,revenue_officer,MUTATION_AUDIT,mutation,SYN-RES-000109,2024-02-26T13:49:00Z,Review of mutation notice period under Sec 129 KLRA,SUCCESS,True
SYN-AUDIT-000110,SYN-USER-ADMIN-001,administrator,DOCUMENT_INGEST,document,SYN-RES-000110,2024-03-27T14:50:00Z,Citizen evidence upload and SHA-256 vault ingest,SUCCESS,True
SYN-AUDIT-000111,SYSTEM-VALIDATION-ENGINE,system_engine,VALIDATION_RUN,validation_case,SYN-CASE-000111,2024-04-28T15:51:00Z,Automated multi-field statutory comparison pipeline,SUCCESS,True
SYN-AUDIT-000112,SYN-USER-CITIZEN-001,citizen,CASE_REVIEW,validation_case,SYN-CASE-000112,2024-05-01T16:52:00Z,Revenue officer inspected cadastral discrepancy,REVIEW_REQUIRED,True
SYN-AUDIT-000113,SYN-USER-OFFICER-001,revenue_officer,DECISION_RECORDED,validation_case,SYN-CASE-000113,2024-06-02T17:53:00Z,Officer adjudication recorded in case log,SUCCESS,True
SYN-AUDIT-000114,SYN-USER-ADMIN-001,administrator,MUTATION_AUDIT,mutation,SYN-RES-000114,2024-07-03T18:54:00Z,Review of mutation notice period under Sec 129 KLRA,SUCCESS,True
SYN-AUDIT-000115,SYSTEM-VALIDATION-ENGINE,system_engine,DOCUMENT_INGEST,document,SYN-RES-000115,2024-08-04T19:55:00Z,Citizen evidence upload and SHA-256 vault ingest,SUCCESS,True
SYN-AUDIT-000116,SYN-USER-CITIZEN-001,citizen,VALIDATION_RUN,validation_case,SYN-CASE-000116,2024-09-05T20:56:00Z,Automated multi-field statutory comparison pipeline,SUCCESS,True
SYN-AUDIT-000117,SYN-USER-OFFICER-001,revenue_officer,CASE_REVIEW,validation_case,SYN-CASE-000117,2024-10-06T21:57:00Z,Revenue officer inspected cadastral discrepancy,REVIEW_REQUIRED,True
SYN-AUDIT-000118,SYN-USER-ADMIN-001,administrator,DECISION_RECORDED,validation_case,SYN-CASE-000118,2024-11-07T22:58:00Z,Officer adjudication recorded in case log,SUCCESS,True
SYN-AUDIT-000119,SYSTEM-VALIDATION-ENGINE,system_engine,MUTATION_AUDIT,mutation,SYN-RES-000119,2024-12-08T23:59:00Z,Review of mutation notice period under Sec 129 KLRA,SUCCESS,True
SYN-AUDIT-000120,SYN-USER-CITIZEN-001,citizen,DOCUMENT_INGEST,document,SYN-RES-000120,2024-01-09T00:00:00Z,Citizen evidence upload and SHA-256 vault ingest,SUCCESS,True
SYN-AUDIT-000121,SYN-USER-OFFICER-001,revenue_officer,VALIDATION_RUN,validation_case,SYN-CASE-000121,2024-02-10T01:01:00Z,Automated multi-field statutory comparison pipeline,SUCCESS,True
SYN-AUDIT-000122,SYN-USER-ADMIN-001,administrator,CASE_REVIEW,validation_case,SYN-CASE-000122,2024-03-11T02:02:00Z,Revenue officer inspected cadastral discrepancy,REVIEW_REQUIRED,True
SYN-AUDIT-000123,SYSTEM-VALIDATION-ENGINE,system_engine,DECISION_RECORDED,validation_case,SYN-CASE-000123,2024-04-12T03:03:00Z,Officer adjudication recorded in case log,SUCCESS,True
SYN-AUDIT-000124,SYN-USER-CITIZEN-001,citizen,MUTATION_AUDIT,mutation,SYN-RES-000124,2024-05-13T04:04:00Z,Review of mutation notice period under Sec 129 KLRA,SUCCESS,True
SYN-AUDIT-000125,SYN-USER-OFFICER-001,revenue_officer,DOCUMENT_INGEST,document,SYN-RES-000125,2024-06-14T05:05:00Z,Citizen evidence upload and SHA-256 vault ingest,SUCCESS,True
SYN-AUDIT-000126,SYN-USER-ADMIN-001,administrator,VALIDATION_RUN,validation_case,SYN-CASE-000126,2024-07-15T06:06:00Z,Automated multi-field statutory comparison pipeline,SUCCESS,True
SYN-AUDIT-000127,SYSTEM-VALIDATION-ENGINE,system_engine,CASE_REVIEW,validation_case,SYN-CASE-000127,2024-08-16T07:07:00Z,Revenue officer inspected cadastral discrepancy,REVIEW_REQUIRED,True
SYN-AUDIT-000128,SYN-USER-CITIZEN-001,citizen,DECISION_RECORDED,validation_case,SYN-CASE-000128,2024-09-17T08:08:00Z,Officer adjudication recorded in case log,SUCCESS,True
SYN-AUDIT-000129,SYN-USER-OFFICER-001,revenue_officer,MUTATION_AUDIT,mutation,SYN-RES-000129,2024-10-18T09:09:00Z,Review of mutation notice period under Sec 129 KLRA,SUCCESS,True
SYN-AUDIT-000130,SYN-USER-ADMIN-001,administrator,DOCUMENT_INGEST,document,SYN-RES-000130,2024-11-19T10:10:00Z,Citizen evidence upload and SHA-256 vault ingest,SUCCESS,True
SYN-AUDIT-000131,SYSTEM-VALIDATION-ENGINE,system_engine,VALIDATION_RUN,validation_case,SYN-CASE-000131,2024-12-20T11:11:00Z,Automated multi-field statutory comparison pipeline,SUCCESS,True
SYN-AUDIT-000132,SYN-USER-CITIZEN-001,citizen,CASE_REVIEW,validation_case,SYN-CASE-000132,2024-01-21T12:12:00Z,Revenue officer inspected cadastral discrepancy,REVIEW_REQUIRED,True
SYN-AUDIT-000133,SYN-USER-OFFICER-001,revenue_officer,DECISION_RECORDED,validation_case,SYN-CASE-000133,2024-02-22T13:13:00Z,Officer adjudication recorded in case log,SUCCESS,True
SYN-AUDIT-000134,SYN-USER-ADMIN-001,administrator,MUTATION_AUDIT,mutation,SYN-RES-000134,2024-03-23T14:14:00Z,Review of mutation notice period under Sec 129 KLRA,SUCCESS,True
SYN-AUDIT-000135,SYSTEM-VALIDATION-ENGINE,system_engine,DOCUMENT_INGEST,document,SYN-RES-000135,2024-04-24T15:15:00Z,Citizen evidence upload and SHA-256 vault ingest,SUCCESS,True
SYN-AUDIT-000136,SYN-USER-CITIZEN-001,citizen,VALIDATION_RUN,validation_case,SYN-CASE-000136,2024-05-25T16:16:00Z,Automated multi-field statutory comparison pipeline,SUCCESS,True
SYN-AUDIT-000137,SYN-USER-OFFICER-001,revenue_officer,CASE_REVIEW,validation_case,SYN-CASE-000137,2024-06-26T17:17:00Z,Revenue officer inspected cadastral discrepancy,REVIEW_REQUIRED,True
SYN-AUDIT-000138,SYN-USER-ADMIN-001,administrator,DECISION_RECORDED,validation_case,SYN-CASE-000138,2024-07-27T18:18:00Z,Officer adjudication recorded in case log,SUCCESS,True
SYN-AUDIT-000139,SYSTEM-VALIDATION-ENGINE,system_engine,MUTATION_AUDIT,mutation,SYN-RES-000139,2024-08-28T19:19:00Z,Review of mutation notice period under Sec 129 KLRA,SUCCESS,True
SYN-AUDIT-000140,SYN-USER-CITIZEN-001,citizen,DOCUMENT_INGEST,document,SYN-RES-000140,2024-09-01T20:20:00Z,Citizen evidence upload and SHA-256 vault ingest,SUCCESS,True
SYN-AUDIT-000141,SYN-USER-OFFICER-001,revenue_officer,VALIDATION_RUN,validation_case,SYN-CASE-000141,2024-10-02T21:21:00Z,Automated multi-field statutory comparison pipeline,SUCCESS,True
SYN-AUDIT-000142,SYN-USER-ADMIN-001,administrator,CASE_REVIEW,validation_case,SYN-CASE-000142,2024-11-03T22:22:00Z,Revenue officer inspected cadastral discrepancy,REVIEW_REQUIRED,True
SYN-AUDIT-000143,SYSTEM-VALIDATION-ENGINE,system_engine,DECISION_RECORDED,validation_case,SYN-CASE-000143,2024-12-04T23:23:00Z,Officer adjudication recorded in case log,SUCCESS,True
SYN-AUDIT-000144,SYN-USER-CITIZEN-001,citizen,MUTATION_AUDIT,mutation,SYN-RES-000144,2024-01-05T00:24:00Z,Review of mutation notice period under Sec 129 KLRA,SUCCESS,True
SYN-AUDIT-000145,SYN-USER-OFFICER-001,revenue_officer,DOCUMENT_INGEST,document,SYN-RES-000145,2024-02-06T01:25:00Z,Citizen evidence upload and SHA-256 vault ingest,SUCCESS,True
SYN-AUDIT-000146,SYN-USER-ADMIN-001,administrator,VALIDATION_RUN,validation_case,SYN-CASE-000146,2024-03-07T02:26:00Z,Automated multi-field statutory comparison pipeline,SUCCESS,True
SYN-AUDIT-000147,SYSTEM-VALIDATION-ENGINE,system_engine,CASE_REVIEW,validation_case,SYN-CASE-000147,2024-04-08T03:27:00Z,Revenue officer inspected cadastral discrepancy,REVIEW_REQUIRED,True
SYN-AUDIT-000148,SYN-USER-CITIZEN-001,citizen,DECISION_RECORDED,validation_case,SYN-CASE-000148,2024-05-09T04:28:00Z,Officer adjudication recorded in case log,SUCCESS,True
SYN-AUDIT-000149,SYN-USER-OFFICER-001,revenue_officer,MUTATION_AUDIT,mutation,SYN-RES-000149,2024-06-10T05:29:00Z,Review of mutation notice period under Sec 129 KLRA,SUCCESS,True
SYN-AUDIT-000150,SYN-USER-ADMIN-001,administrator,DOCUMENT_INGEST,document,SYN-RES-000150,2024-07-11T06:30:00Z,Citizen evidence upload and SHA-256 vault ingest,SUCCESS,True
SYN-AUDIT-000151,SYSTEM-VALIDATION-ENGINE,system_engine,VALIDATION_RUN,validation_case,SYN-CASE-000151,2024-08-12T07:31:00Z,Automated multi-field statutory comparison pipeline,SUCCESS,True
SYN-AUDIT-000152,SYN-USER-CITIZEN-001,citizen,CASE_REVIEW,validation_case,SYN-CASE-000152,2024-09-13T08:32:00Z,Revenue officer inspected cadastral discrepancy,REVIEW_REQUIRED,True
SYN-AUDIT-000153,SYN-USER-OFFICER-001,revenue_officer,DECISION_RECORDED,validation_case,SYN-CASE-000153,2024-10-14T09:33:00Z,Officer adjudication recorded in case log,SUCCESS,True
SYN-AUDIT-000154,SYN-USER-ADMIN-001,administrator,MUTATION_AUDIT,mutation,SYN-RES-000154,2024-11-15T10:34:00Z,Review of mutation notice period under Sec 129 KLRA,SUCCESS,True
SYN-AUDIT-000155,SYSTEM-VALIDATION-ENGINE,system_engine,DOCUMENT_INGEST,document,SYN-RES-000155,2024-12-16T11:35:00Z,Citizen evidence upload and SHA-256 vault ingest,SUCCESS,True
SYN-AUDIT-000156,SYN-USER-CITIZEN-001,citizen,VALIDATION_RUN,validation_case,SYN-CASE-000156,2024-01-17T12:36:00Z,Automated multi-field statutory comparison pipeline,SUCCESS,True
SYN-AUDIT-000157,SYN-USER-OFFICER-001,revenue_officer,CASE_REVIEW,validation_case,SYN-CASE-000157,2024-02-18T13:37:00Z,Revenue officer inspected cadastral discrepancy,REVIEW_REQUIRED,True
SYN-AUDIT-000158,SYN-USER-ADMIN-001,administrator,DECISION_RECORDED,validation_case,SYN-CASE-000158,2024-03-19T14:38:00Z,Officer adjudication recorded in case log,SUCCESS,True
SYN-AUDIT-000159,SYSTEM-VALIDATION-ENGINE,system_engine,MUTATION_AUDIT,mutation,SYN-RES-000159,2024-04-20T15:39:00Z,Review of mutation notice period under Sec 129 KLRA,SUCCESS,True
SYN-AUDIT-000160,SYN-USER-CITIZEN-001,citizen,DOCUMENT_INGEST,document,SYN-RES-000160,2024-05-21T16:40:00Z,Citizen evidence upload and SHA-256 vault ingest,SUCCESS,True
SYN-AUDIT-000161,SYN-USER-OFFICER-001,revenue_officer,VALIDATION_RUN,validation_case,SYN-CASE-000161,2024-06-22T17:41:00Z,Automated multi-field statutory comparison pipeline,SUCCESS,True
SYN-AUDIT-000162,SYN-USER-ADMIN-001,administrator,CASE_REVIEW,validation_case,SYN-CASE-000162,2024-07-23T18:42:00Z,Revenue officer inspected cadastral discrepancy,REVIEW_REQUIRED,True
SYN-AUDIT-000163,SYSTEM-VALIDATION-ENGINE,system_engine,DECISION_RECORDED,validation_case,SYN-CASE-000163,2024-08-24T19:43:00Z,Officer adjudication recorded in case log,SUCCESS,True
SYN-AUDIT-000164,SYN-USER-CITIZEN-001,citizen,MUTATION_AUDIT,mutation,SYN-RES-000164,2024-09-25T20:44:00Z,Review of mutation notice period under Sec 129 KLRA,SUCCESS,True
SYN-AUDIT-000165,SYN-USER-OFFICER-001,revenue_officer,DOCUMENT_INGEST,document,SYN-RES-000165,2024-10-26T21:45:00Z,Citizen evidence upload and SHA-256 vault ingest,SUCCESS,True
SYN-AUDIT-000166,SYN-USER-ADMIN-001,administrator,VALIDATION_RUN,validation_case,SYN-CASE-000166,2024-11-27T22:46:00Z,Automated multi-field statutory comparison pipeline,SUCCESS,True
SYN-AUDIT-000167,SYSTEM-VALIDATION-ENGINE,system_engine,CASE_REVIEW,validation_case,SYN-CASE-000167,2024-12-28T23:47:00Z,Revenue officer inspected cadastral discrepancy,REVIEW_REQUIRED,True
SYN-AUDIT-000168,SYN-USER-CITIZEN-001,citizen,DECISION_RECORDED,validation_case,SYN-CASE-000168,2024-01-01T00:48:00Z,Officer adjudication recorded in case log,SUCCESS,True
SYN-AUDIT-000169,SYN-USER-OFFICER-001,revenue_officer,MUTATION_AUDIT,mutation,SYN-RES-000169,2024-02-02T01:49:00Z,Review of mutation notice period under Sec 129 KLRA,SUCCESS,True
SYN-AUDIT-000170,SYN-USER-ADMIN-001,administrator,DOCUMENT_INGEST,document,SYN-RES-000170,2024-03-03T02:50:00Z,Citizen evidence upload and SHA-256 vault ingest,SUCCESS,True
SYN-AUDIT-000171,SYSTEM-VALIDATION-ENGINE,system_engine,VALIDATION_RUN,validation_case,SYN-CASE-000171,2024-04-04T03:51:00Z,Automated multi-field statutory comparison pipeline,SUCCESS,True
SYN-AUDIT-000172,SYN-USER-CITIZEN-001,citizen,CASE_REVIEW,validation_case,SYN-CASE-000172,2024-05-05T04:52:00Z,Revenue officer inspected cadastral discrepancy,REVIEW_REQUIRED,True
SYN-AUDIT-000173,SYN-USER-OFFICER-001,revenue_officer,DECISION_RECORDED,validation_case,SYN-CASE-000173,2024-06-06T05:53:00Z,Officer adjudication recorded in case log,SUCCESS,True
SYN-AUDIT-000174,SYN-USER-ADMIN-001,administrator,MUTATION_AUDIT,mutation,SYN-RES-000174,2024-07-07T06:54:00Z,Review of mutation notice period under Sec 129 KLRA,SUCCESS,True
SYN-AUDIT-000175,SYSTEM-VALIDATION-ENGINE,system_engine,DOCUMENT_INGEST,document,SYN-RES-000175,2024-08-08T07:55:00Z,Citizen evidence upload and SHA-256 vault ingest,SUCCESS,True
SYN-AUDIT-000176,SYN-USER-CITIZEN-001,citizen,VALIDATION_RUN,validation_case,SYN-CASE-000176,2024-09-09T08:56:00Z,Automated multi-field statutory comparison pipeline,SUCCESS,True
SYN-AUDIT-000177,SYN-USER-OFFICER-001,revenue_officer,CASE_REVIEW,validation_case,SYN-CASE-000177,2024-10-10T09:57:00Z,Revenue officer inspected cadastral discrepancy,REVIEW_REQUIRED,True
SYN-AUDIT-000178,SYN-USER-ADMIN-001,administrator,DECISION_RECORDED,validation_case,SYN-CASE-000178,2024-11-11T10:58:00Z,Officer adjudication recorded in case log,SUCCESS,True
SYN-AUDIT-000179,SYSTEM-VALIDATION-ENGINE,system_engine,MUTATION_AUDIT,mutation,SYN-RES-000179,2024-12-12T11:59:00Z,Review of mutation notice period under Sec 129 KLRA,SUCCESS,True
SYN-AUDIT-000180,SYN-USER-CITIZEN-001,citizen,DOCUMENT_INGEST,document,SYN-RES-000180,2024-01-13T12:00:00Z,Citizen evidence upload and SHA-256 vault ingest,SUCCESS,True
SYN-AUDIT-000181,SYN-USER-OFFICER-001,revenue_officer,VALIDATION_RUN,validation_case,SYN-CASE-000181,2024-02-14T13:01:00Z,Automated multi-field statutory comparison pipeline,SUCCESS,True
SYN-AUDIT-000182,SYN-USER-ADMIN-001,administrator,CASE_REVIEW,validation_case,SYN-CASE-000182,2024-03-15T14:02:00Z,Revenue officer inspected cadastral discrepancy,REVIEW_REQUIRED,True
SYN-AUDIT-000183,SYSTEM-VALIDATION-ENGINE,system_engine,DECISION_RECORDED,validation_case,SYN-CASE-000183,2024-04-16T15:03:00Z,Officer adjudication recorded in case log,SUCCESS,True
SYN-AUDIT-000184,SYN-USER-CITIZEN-001,citizen,MUTATION_AUDIT,mutation,SYN-RES-000184,2024-05-17T16:04:00Z,Review of mutation notice period under Sec 129 KLRA,SUCCESS,True
SYN-AUDIT-000185,SYN-USER-OFFICER-001,revenue_officer,DOCUMENT_INGEST,document,SYN-RES-000185,2024-06-18T17:05:00Z,Citizen evidence upload and SHA-256 vault ingest,SUCCESS,True
SYN-AUDIT-000186,SYN-USER-ADMIN-001,administrator,VALIDATION_RUN,validation_case,SYN-CASE-000186,2024-07-19T18:06:00Z,Automated multi-field statutory comparison pipeline,SUCCESS,True
SYN-AUDIT-000187,SYSTEM-VALIDATION-ENGINE,system_engine,CASE_REVIEW,validation_case,SYN-CASE-000187,2024-08-20T19:07:00Z,Revenue officer inspected cadastral discrepancy,REVIEW_REQUIRED,True
SYN-AUDIT-000188,SYN-USER-CITIZEN-001,citizen,DECISION_RECORDED,validation_case,SYN-CASE-000188,2024-09-21T20:08:00Z,Officer adjudication recorded in case log,SUCCESS,True
SYN-AUDIT-000189,SYN-USER-OFFICER-001,revenue_officer,MUTATION_AUDIT,mutation,SYN-RES-000189,2024-10-22T21:09:00Z,Review of mutation notice period under Sec 129 KLRA,SUCCESS,True
SYN-AUDIT-000190,SYN-USER-ADMIN-001,administrator,DOCUMENT_INGEST,document,SYN-RES-000190,2024-11-23T22:10:00Z,Citizen evidence upload and SHA-256 vault ingest,SUCCESS,True
SYN-AUDIT-000191,SYSTEM-VALIDATION-ENGINE,system_engine,VALIDATION_RUN,validation_case,SYN-CASE-000191,2024-12-24T23:11:00Z,Automated multi-field statutory comparison pipeline,SUCCESS,True
SYN-AUDIT-000192,SYN-USER-CITIZEN-001,citizen,CASE_REVIEW,validation_case,SYN-CASE-000192,2024-01-25T00:12:00Z,Revenue officer inspected cadastral discrepancy,REVIEW_REQUIRED,True
SYN-AUDIT-000193,SYN-USER-OFFICER-001,revenue_officer,DECISION_RECORDED,validation_case,SYN-CASE-000193,2024-02-26T01:13:00Z,Officer adjudication recorded in case log,SUCCESS,True
SYN-AUDIT-000194,SYN-USER-ADMIN-001,administrator,MUTATION_AUDIT,mutation,SYN-RES-000194,2024-03-27T02:14:00Z,Review of mutation notice period under Sec 129 KLRA,SUCCESS,True
SYN-AUDIT-000195,SYSTEM-VALIDATION-ENGINE,system_engine,DOCUMENT_INGEST,document,SYN-RES-000195,2024-04-28T03:15:00Z,Citizen evidence upload and SHA-256 vault ingest,SUCCESS,True
SYN-AUDIT-000196,SYN-USER-CITIZEN-001,citizen,VALIDATION_RUN,validation_case,SYN-CASE-000196,2024-05-01T04:16:00Z,Automated multi-field statutory comparison pipeline,SUCCESS,True
SYN-AUDIT-000197,SYN-USER-OFFICER-001,revenue_officer,CASE_REVIEW,validation_case,SYN-CASE-000197,2024-06-02T05:17:00Z,Revenue officer inspected cadastral discrepancy,REVIEW_REQUIRED,True
SYN-AUDIT-000198,SYN-USER-ADMIN-001,administrator,DECISION_RECORDED,validation_case,SYN-CASE-000198,2024-07-03T06:18:00Z,Officer adjudication recorded in case log,SUCCESS,True
SYN-AUDIT-000199,SYSTEM-VALIDATION-ENGINE,system_engine,MUTATION_AUDIT,mutation,SYN-RES-000199,2024-08-04T07:19:00Z,Review of mutation notice period under Sec 129 KLRA,SUCCESS,True
SYN-AUDIT-000200,SYN-USER-CITIZEN-001,citizen,DOCUMENT_INGEST,document,SYN-RES-000200,2024-09-05T08:20:00Z,Citizen evidence upload and SHA-256 vault ingest,SUCCESS,True
SYN-AUDIT-000201,SYN-USER-OFFICER-001,revenue_officer,VALIDATION_RUN,validation_case,SYN-CASE-000201,2024-10-06T09:21:00Z,Automated multi-field statutory comparison pipeline,SUCCESS,True
SYN-AUDIT-000202,SYN-USER-ADMIN-001,administrator,CASE_REVIEW,validation_case,SYN-CASE-000202,2024-11-07T10:22:00Z,Revenue officer inspected cadastral discrepancy,REVIEW_REQUIRED,True
SYN-AUDIT-000203,SYSTEM-VALIDATION-ENGINE,system_engine,DECISION_RECORDED,validation_case,SYN-CASE-000203,2024-12-08T11:23:00Z,Officer adjudication recorded in case log,SUCCESS,True
SYN-AUDIT-000204,SYN-USER-CITIZEN-001,citizen,MUTATION_AUDIT,mutation,SYN-RES-000204,2024-01-09T12:24:00Z,Review of mutation notice period under Sec 129 KLRA,SUCCESS,True
SYN-AUDIT-000205,SYN-USER-OFFICER-001,revenue_officer,DOCUMENT_INGEST,document,SYN-RES-000205,2024-02-10T13:25:00Z,Citizen evidence upload and SHA-256 vault ingest,SUCCESS,True
SYN-AUDIT-000206,SYN-USER-ADMIN-001,administrator,VALIDATION_RUN,validation_case,SYN-CASE-000206,2024-03-11T14:26:00Z,Automated multi-field statutory comparison pipeline,SUCCESS,True
SYN-AUDIT-000207,SYSTEM-VALIDATION-ENGINE,system_engine,CASE_REVIEW,validation_case,SYN-CASE-000207,2024-04-12T15:27:00Z,Revenue officer inspected cadastral discrepancy,REVIEW_REQUIRED,True
SYN-AUDIT-000208,SYN-USER-CITIZEN-001,citizen,DECISION_RECORDED,validation_case,SYN-CASE-000208,2024-05-13T16:28:00Z,Officer adjudication recorded in case log,SUCCESS,True
SYN-AUDIT-000209,SYN-USER-OFFICER-001,revenue_officer,MUTATION_AUDIT,mutation,SYN-RES-000209,2024-06-14T17:29:00Z,Review of mutation notice period under Sec 129 KLRA,SUCCESS,True
SYN-AUDIT-000210,SYN-USER-ADMIN-001,administrator,DOCUMENT_INGEST,document,SYN-RES-000210,2024-07-15T18:30:00Z,Citizen evidence upload and SHA-256 vault ingest,SUCCESS,True
SYN-AUDIT-000211,SYSTEM-VALIDATION-ENGINE,system_engine,VALIDATION_RUN,validation_case,SYN-CASE-000211,2024-08-16T19:31:00Z,Automated multi-field statutory comparison pipeline,SUCCESS,True
SYN-AUDIT-000212,SYN-USER-CITIZEN-001,citizen,CASE_REVIEW,validation_case,SYN-CASE-000212,2024-09-17T20:32:00Z,Revenue officer inspected cadastral discrepancy,REVIEW_REQUIRED,True
SYN-AUDIT-000213,SYN-USER-OFFICER-001,revenue_officer,DECISION_RECORDED,validation_case,SYN-CASE-000213,2024-10-18T21:33:00Z,Officer adjudication recorded in case log,SUCCESS,True
SYN-AUDIT-000214,SYN-USER-ADMIN-001,administrator,MUTATION_AUDIT,mutation,SYN-RES-000214,2024-11-19T22:34:00Z,Review of mutation notice period under Sec 129 KLRA,SUCCESS,True
SYN-AUDIT-000215,SYSTEM-VALIDATION-ENGINE,system_engine,DOCUMENT_INGEST,document,SYN-RES-000215,2024-12-20T23:35:00Z,Citizen evidence upload and SHA-256 vault ingest,SUCCESS,True
SYN-AUDIT-000216,SYN-USER-CITIZEN-001,citizen,VALIDATION_RUN,validation_case,SYN-CASE-000216,2024-01-21T00:36:00Z,Automated multi-field statutory comparison pipeline,SUCCESS,True
SYN-AUDIT-000217,SYN-USER-OFFICER-001,revenue_officer,CASE_REVIEW,validation_case,SYN-CASE-000217,2024-02-22T01:37:00Z,Revenue officer inspected cadastral discrepancy,REVIEW_REQUIRED,True
SYN-AUDIT-000218,SYN-USER-ADMIN-001,administrator,DECISION_RECORDED,validation_case,SYN-CASE-000218,2024-03-23T02:38:00Z,Officer adjudication recorded in case log,SUCCESS,True
SYN-AUDIT-000219,SYSTEM-VALIDATION-ENGINE,system_engine,MUTATION_AUDIT,mutation,SYN-RES-000219,2024-04-24T03:39:00Z,Review of mutation notice period under Sec 129 KLRA,SUCCESS,True
SYN-AUDIT-000220,SYN-USER-CITIZEN-001,citizen,DOCUMENT_INGEST,document,SYN-RES-000220,2024-05-25T04:40:00Z,Citizen evidence upload and SHA-256 vault ingest,SUCCESS,True
SYN-AUDIT-000221,SYN-USER-OFFICER-001,revenue_officer,VALIDATION_RUN,validation_case,SYN-CASE-000221,2024-06-26T05:41:00Z,Automated multi-field statutory comparison pipeline,SUCCESS,True
SYN-AUDIT-000222,SYN-USER-ADMIN-001,administrator,CASE_REVIEW,validation_case,SYN-CASE-000222,2024-07-27T06:42:00Z,Revenue officer inspected cadastral discrepancy,REVIEW_REQUIRED,True
SYN-AUDIT-000223,SYSTEM-VALIDATION-ENGINE,system_engine,DECISION_RECORDED,validation_case,SYN-CASE-000223,2024-08-28T07:43:00Z,Officer adjudication recorded in case log,SUCCESS,True
SYN-AUDIT-000224,SYN-USER-CITIZEN-001,citizen,MUTATION_AUDIT,mutation,SYN-RES-000224,2024-09-01T08:44:00Z,Review of mutation notice period under Sec 129 KLRA,SUCCESS,True
SYN-AUDIT-000225,SYN-USER-OFFICER-001,revenue_officer,DOCUMENT_INGEST,document,SYN-RES-000225,2024-10-02T09:45:00Z,Citizen evidence upload and SHA-256 vault ingest,SUCCESS,True
SYN-AUDIT-000226,SYN-USER-ADMIN-001,administrator,VALIDATION_RUN,validation_case,SYN-CASE-000226,2024-11-03T10:46:00Z,Automated multi-field statutory comparison pipeline,SUCCESS,True
SYN-AUDIT-000227,SYSTEM-VALIDATION-ENGINE,system_engine,CASE_REVIEW,validation_case,SYN-CASE-000227,2024-12-04T11:47:00Z,Revenue officer inspected cadastral discrepancy,REVIEW_REQUIRED,True
SYN-AUDIT-000228,SYN-USER-CITIZEN-001,citizen,DECISION_RECORDED,validation_case,SYN-CASE-000228,2024-01-05T12:48:00Z,Officer adjudication recorded in case log,SUCCESS,True
SYN-AUDIT-000229,SYN-USER-OFFICER-001,revenue_officer,MUTATION_AUDIT,mutation,SYN-RES-000229,2024-02-06T13:49:00Z,Review of mutation notice period under Sec 129 KLRA,SUCCESS,True
SYN-AUDIT-000230,SYN-USER-ADMIN-001,administrator,DOCUMENT_INGEST,document,SYN-RES-000230,2024-03-07T14:50:00Z,Citizen evidence upload and SHA-256 vault ingest,SUCCESS,True
SYN-AUDIT-000231,SYSTEM-VALIDATION-ENGINE,system_engine,VALIDATION_RUN,validation_case,SYN-CASE-000231,2024-04-08T15:51:00Z,Automated multi-field statutory comparison pipeline,SUCCESS,True
SYN-AUDIT-000232,SYN-USER-CITIZEN-001,citizen,CASE_REVIEW,validation_case,SYN-CASE-000232,2024-05-09T16:52:00Z,Revenue officer inspected cadastral discrepancy,REVIEW_REQUIRED,True
SYN-AUDIT-000233,SYN-USER-OFFICER-001,revenue_officer,DECISION_RECORDED,validation_case,SYN-CASE-000233,2024-06-10T17:53:00Z,Officer adjudication recorded in case log,SUCCESS,True
SYN-AUDIT-000234,SYN-USER-ADMIN-001,administrator,MUTATION_AUDIT,mutation,SYN-RES-000234,2024-07-11T18:54:00Z,Review of mutation notice period under Sec 129 KLRA,SUCCESS,True
SYN-AUDIT-000235,SYSTEM-VALIDATION-ENGINE,system_engine,DOCUMENT_INGEST,document,SYN-RES-000235,2024-08-12T19:55:00Z,Citizen evidence upload and SHA-256 vault ingest,SUCCESS,True
SYN-AUDIT-000236,SYN-USER-CITIZEN-001,citizen,VALIDATION_RUN,validation_case,SYN-CASE-000236,2024-09-13T20:56:00Z,Automated multi-field statutory comparison pipeline,SUCCESS,True
SYN-AUDIT-000237,SYN-USER-OFFICER-001,revenue_officer,CASE_REVIEW,validation_case,SYN-CASE-000237,2024-10-14T21:57:00Z,Revenue officer inspected cadastral discrepancy,REVIEW_REQUIRED,True
SYN-AUDIT-000238,SYN-USER-ADMIN-001,administrator,DECISION_RECORDED,validation_case,SYN-CASE-000238,2024-11-15T22:58:00Z,Officer adjudication recorded in case log,SUCCESS,True
SYN-AUDIT-000239,SYSTEM-VALIDATION-ENGINE,system_engine,MUTATION_AUDIT,mutation,SYN-RES-000239,2024-12-16T23:59:00Z,Review of mutation notice period under Sec 129 KLRA,SUCCESS,True
SYN-AUDIT-000240,SYN-USER-CITIZEN-001,citizen,DOCUMENT_INGEST,document,SYN-RES-000240,2024-01-17T00:00:00Z,Citizen evidence upload and SHA-256 vault ingest,SUCCESS,True
SYN-AUDIT-000241,SYN-USER-OFFICER-001,revenue_officer,VALIDATION_RUN,validation_case,SYN-CASE-000241,2024-02-18T01:01:00Z,Automated multi-field statutory comparison pipeline,SUCCESS,True
SYN-AUDIT-000242,SYN-USER-ADMIN-001,administrator,CASE_REVIEW,validation_case,SYN-CASE-000242,2024-03-19T02:02:00Z,Revenue officer inspected cadastral discrepancy,REVIEW_REQUIRED,True
SYN-AUDIT-000243,SYSTEM-VALIDATION-ENGINE,system_engine,DECISION_RECORDED,validation_case,SYN-CASE-000243,2024-04-20T03:03:00Z,Officer adjudication recorded in case log,SUCCESS,True
SYN-AUDIT-000244,SYN-USER-CITIZEN-001,citizen,MUTATION_AUDIT,mutation,SYN-RES-000244,2024-05-21T04:04:00Z,Review of mutation notice period under Sec 129 KLRA,SUCCESS,True
SYN-AUDIT-000245,SYN-USER-OFFICER-001,revenue_officer,DOCUMENT_INGEST,document,SYN-RES-000245,2024-06-22T05:05:00Z,Citizen evidence upload and SHA-256 vault ingest,SUCCESS,True
SYN-AUDIT-000246,SYN-USER-ADMIN-001,administrator,VALIDATION_RUN,validation_case,SYN-CASE-000246,2024-07-23T06:06:00Z,Automated multi-field statutory comparison pipeline,SUCCESS,True
SYN-AUDIT-000247,SYSTEM-VALIDATION-ENGINE,system_engine,CASE_REVIEW,validation_case,SYN-CASE-000247,2024-08-24T07:07:00Z,Revenue officer inspected cadastral discrepancy,REVIEW_REQUIRED,True
SYN-AUDIT-000248,SYN-USER-CITIZEN-001,citizen,DECISION_RECORDED,validation_case,SYN-CASE-000248,2024-09-25T08:08:00Z,Officer adjudication recorded in case log,SUCCESS,True
SYN-AUDIT-000249,SYN-USER-OFFICER-001,revenue_officer,MUTATION_AUDIT,mutation,SYN-RES-000249,2024-10-26T09:09:00Z,Review of mutation notice period under Sec 129 KLRA,SUCCESS,True
SYN-AUDIT-000250,SYN-USER-ADMIN-001,administrator,DOCUMENT_INGEST,document,SYN-RES-000250,2024-11-27T10:10:00Z,Citizen evidence upload and SHA-256 vault ingest,SUCCESS,True
SYN-AUDIT-000251,SYSTEM-VALIDATION-ENGINE,system_engine,VALIDATION_RUN,validation_case,SYN-CASE-000251,2024-12-28T11:11:00Z,Automated multi-field statutory comparison pipeline,SUCCESS,True
SYN-AUDIT-000252,SYN-USER-CITIZEN-001,citizen,CASE_REVIEW,validation_case,SYN-CASE-000252,2024-01-01T12:12:00Z,Revenue officer inspected cadastral discrepancy,REVIEW_REQUIRED,True
SYN-AUDIT-000253,SYN-USER-OFFICER-001,revenue_officer,DECISION_RECORDED,validation_case,SYN-CASE-000253,2024-02-02T13:13:00Z,Officer adjudication recorded in case log,SUCCESS,True
SYN-AUDIT-000254,SYN-USER-ADMIN-001,administrator,MUTATION_AUDIT,mutation,SYN-RES-000254,2024-03-03T14:14:00Z,Review of mutation notice period under Sec 129 KLRA,SUCCESS,True
SYN-AUDIT-000255,SYSTEM-VALIDATION-ENGINE,system_engine,DOCUMENT_INGEST,document,SYN-RES-000255,2024-04-04T15:15:00Z,Citizen evidence upload and SHA-256 vault ingest,SUCCESS,True
SYN-AUDIT-000256,SYN-USER-CITIZEN-001,citizen,VALIDATION_RUN,validation_case,SYN-CASE-000256,2024-05-05T16:16:00Z,Automated multi-field statutory comparison pipeline,SUCCESS,True
SYN-AUDIT-000257,SYN-USER-OFFICER-001,revenue_officer,CASE_REVIEW,validation_case,SYN-CASE-000257,2024-06-06T17:17:00Z,Revenue officer inspected cadastral discrepancy,REVIEW_REQUIRED,True
SYN-AUDIT-000258,SYN-USER-ADMIN-001,administrator,DECISION_RECORDED,validation_case,SYN-CASE-000258,2024-07-07T18:18:00Z,Officer adjudication recorded in case log,SUCCESS,True
SYN-AUDIT-000259,SYSTEM-VALIDATION-ENGINE,system_engine,MUTATION_AUDIT,mutation,SYN-RES-000259,2024-08-08T19:19:00Z,Review of mutation notice period under Sec 129 KLRA,SUCCESS,True
SYN-AUDIT-000260,SYN-USER-CITIZEN-001,citizen,DOCUMENT_INGEST,document,SYN-RES-000260,2024-09-09T20:20:00Z,Citizen evidence upload and SHA-256 vault ingest,SUCCESS,True
SYN-AUDIT-000261,SYN-USER-OFFICER-001,revenue_officer,VALIDATION_RUN,validation_case,SYN-CASE-000261,2024-10-10T21:21:00Z,Automated multi-field statutory comparison pipeline,SUCCESS,True
SYN-AUDIT-000262,SYN-USER-ADMIN-001,administrator,CASE_REVIEW,validation_case,SYN-CASE-000262,2024-11-11T22:22:00Z,Revenue officer inspected cadastral discrepancy,REVIEW_REQUIRED,True
SYN-AUDIT-000263,SYSTEM-VALIDATION-ENGINE,system_engine,DECISION_RECORDED,validation_case,SYN-CASE-000263,2024-12-12T23:23:00Z,Officer adjudication recorded in case log,SUCCESS,True
SYN-AUDIT-000264,SYN-USER-CITIZEN-001,citizen,MUTATION_AUDIT,mutation,SYN-RES-000264,2024-01-13T00:24:00Z,Review of mutation notice period under Sec 129 KLRA,SUCCESS,True
SYN-AUDIT-000265,SYN-USER-OFFICER-001,revenue_officer,DOCUMENT_INGEST,document,SYN-RES-000265,2024-02-14T01:25:00Z,Citizen evidence upload and SHA-256 vault ingest,SUCCESS,True
SYN-AUDIT-000266,SYN-USER-ADMIN-001,administrator,VALIDATION_RUN,validation_case,SYN-CASE-000266,2024-03-15T02:26:00Z,Automated multi-field statutory comparison pipeline,SUCCESS,True
SYN-AUDIT-000267,SYSTEM-VALIDATION-ENGINE,system_engine,CASE_REVIEW,validation_case,SYN-CASE-000267,2024-04-16T03:27:00Z,Revenue officer inspected cadastral discrepancy,REVIEW_REQUIRED,True
SYN-AUDIT-000268,SYN-USER-CITIZEN-001,citizen,DECISION_RECORDED,validation_case,SYN-CASE-000268,2024-05-17T04:28:00Z,Officer adjudication recorded in case log,SUCCESS,True
SYN-AUDIT-000269,SYN-USER-OFFICER-001,revenue_officer,MUTATION_AUDIT,mutation,SYN-RES-000269,2024-06-18T05:29:00Z,Review of mutation notice period under Sec 129 KLRA,SUCCESS,True
SYN-AUDIT-000270,SYN-USER-ADMIN-001,administrator,DOCUMENT_INGEST,document,SYN-RES-000270,2024-07-19T06:30:00Z,Citizen evidence upload and SHA-256 vault ingest,SUCCESS,True
SYN-AUDIT-000271,SYSTEM-VALIDATION-ENGINE,system_engine,VALIDATION_RUN,validation_case,SYN-CASE-000271,2024-08-20T07:31:00Z,Automated multi-field statutory comparison pipeline,SUCCESS,True
SYN-AUDIT-000272,SYN-USER-CITIZEN-001,citizen,CASE_REVIEW,validation_case,SYN-CASE-000272,2024-09-21T08:32:00Z,Revenue officer inspected cadastral discrepancy,REVIEW_REQUIRED,True
SYN-AUDIT-000273,SYN-USER-OFFICER-001,revenue_officer,DECISION_RECORDED,validation_case,SYN-CASE-000273,2024-10-22T09:33:00Z,Officer adjudication recorded in case log,SUCCESS,True
SYN-AUDIT-000274,SYN-USER-ADMIN-001,administrator,MUTATION_AUDIT,mutation,SYN-RES-000274,2024-11-23T10:34:00Z,Review of mutation notice period under Sec 129 KLRA,SUCCESS,True
SYN-AUDIT-000275,SYSTEM-VALIDATION-ENGINE,system_engine,DOCUMENT_INGEST,document,SYN-RES-000275,2024-12-24T11:35:00Z,Citizen evidence upload and SHA-256 vault ingest,SUCCESS,True
SYN-AUDIT-000276,SYN-USER-CITIZEN-001,citizen,VALIDATION_RUN,validation_case,SYN-CASE-000276,2024-01-25T12:36:00Z,Automated multi-field statutory comparison pipeline,SUCCESS,True
SYN-AUDIT-000277,SYN-USER-OFFICER-001,revenue_officer,CASE_REVIEW,validation_case,SYN-CASE-000277,2024-02-26T13:37:00Z,Revenue officer inspected cadastral discrepancy,REVIEW_REQUIRED,True
SYN-AUDIT-000278,SYN-USER-ADMIN-001,administrator,DECISION_RECORDED,validation_case,SYN-CASE-000278,2024-03-27T14:38:00Z,Officer adjudication recorded in case log,SUCCESS,True
SYN-AUDIT-000279,SYSTEM-VALIDATION-ENGINE,system_engine,MUTATION_AUDIT,mutation,SYN-RES-000279,2024-04-28T15:39:00Z,Review of mutation notice period under Sec 129 KLRA,SUCCESS,True
SYN-AUDIT-000280,SYN-USER-CITIZEN-001,citizen,DOCUMENT_INGEST,document,SYN-RES-000280,2024-05-01T16:40:00Z,Citizen evidence upload and SHA-256 vault ingest,SUCCESS,True
SYN-AUDIT-000281,SYN-USER-OFFICER-001,revenue_officer,VALIDATION_RUN,validation_case,SYN-CASE-000281,2024-06-02T17:41:00Z,Automated multi-field statutory comparison pipeline,SUCCESS,True
SYN-AUDIT-000282,SYN-USER-ADMIN-001,administrator,CASE_REVIEW,validation_case,SYN-CASE-000282,2024-07-03T18:42:00Z,Revenue officer inspected cadastral discrepancy,REVIEW_REQUIRED,True
SYN-AUDIT-000283,SYSTEM-VALIDATION-ENGINE,system_engine,DECISION_RECORDED,validation_case,SYN-CASE-000283,2024-08-04T19:43:00Z,Officer adjudication recorded in case log,SUCCESS,True
SYN-AUDIT-000284,SYN-USER-CITIZEN-001,citizen,MUTATION_AUDIT,mutation,SYN-RES-000284,2024-09-05T20:44:00Z,Review of mutation notice period under Sec 129 KLRA,SUCCESS,True
SYN-AUDIT-000285,SYN-USER-OFFICER-001,revenue_officer,DOCUMENT_INGEST,document,SYN-RES-000285,2024-10-06T21:45:00Z,Citizen evidence upload and SHA-256 vault ingest,SUCCESS,True
SYN-AUDIT-000286,SYN-USER-ADMIN-001,administrator,VALIDATION_RUN,validation_case,SYN-CASE-000286,2024-11-07T22:46:00Z,Automated multi-field statutory comparison pipeline,SUCCESS,True
SYN-AUDIT-000287,SYSTEM-VALIDATION-ENGINE,system_engine,CASE_REVIEW,validation_case,SYN-CASE-000287,2024-12-08T23:47:00Z,Revenue officer inspected cadastral discrepancy,REVIEW_REQUIRED,True
SYN-AUDIT-000288,SYN-USER-CITIZEN-001,citizen,DECISION_RECORDED,validation_case,SYN-CASE-000288,2024-01-09T00:48:00Z,Officer adjudication recorded in case log,SUCCESS,True
SYN-AUDIT-000289,SYN-USER-OFFICER-001,revenue_officer,MUTATION_AUDIT,mutation,SYN-RES-000289,2024-02-10T01:49:00Z,Review of mutation notice period under Sec 129 KLRA,SUCCESS,True
SYN-AUDIT-000290,SYN-USER-ADMIN-001,administrator,DOCUMENT_INGEST,document,SYN-RES-000290,2024-03-11T02:50:00Z,Citizen evidence upload and SHA-256 vault ingest,SUCCESS,True
SYN-AUDIT-000291,SYSTEM-VALIDATION-ENGINE,system_engine,VALIDATION_RUN,validation_case,SYN-CASE-000291,2024-04-12T03:51:00Z,Automated multi-field statutory comparison pipeline,SUCCESS,True
SYN-AUDIT-000292,SYN-USER-CITIZEN-001,citizen,CASE_REVIEW,validation_case,SYN-CASE-000292,2024-05-13T04:52:00Z,Revenue officer inspected cadastral discrepancy,REVIEW_REQUIRED,True
SYN-AUDIT-000293,SYN-USER-OFFICER-001,revenue_officer,DECISION_RECORDED,validation_case,SYN-CASE-000293,2024-06-14T05:53:00Z,Officer adjudication recorded in case log,SUCCESS,True
SYN-AUDIT-000294,SYN-USER-ADMIN-001,administrator,MUTATION_AUDIT,mutation,SYN-RES-000294,2024-07-15T06:54:00Z,Review of mutation notice period under Sec 129 KLRA,SUCCESS,True
SYN-AUDIT-000295,SYSTEM-VALIDATION-ENGINE,system_engine,DOCUMENT_INGEST,document,SYN-RES-000295,2024-08-16T07:55:00Z,Citizen evidence upload and SHA-256 vault ingest,SUCCESS,True
SYN-AUDIT-000296,SYN-USER-CITIZEN-001,citizen,VALIDATION_RUN,validation_case,SYN-CASE-000296,2024-09-17T08:56:00Z,Automated multi-field statutory comparison pipeline,SUCCESS,True
SYN-AUDIT-000297,SYN-USER-OFFICER-001,revenue_officer,CASE_REVIEW,validation_case,SYN-CASE-000297,2024-10-18T09:57:00Z,Revenue officer inspected cadastral discrepancy,REVIEW_REQUIRED,True
SYN-AUDIT-000298,SYN-USER-ADMIN-001,administrator,DECISION_RECORDED,validation_case,SYN-CASE-000298,2024-11-19T10:58:00Z,Officer adjudication recorded in case log,SUCCESS,True
SYN-AUDIT-000299,SYSTEM-VALIDATION-ENGINE,system_engine,MUTATION_AUDIT,mutation,SYN-RES-000299,2024-12-20T11:59:00Z,Review of mutation notice period under Sec 129 KLRA,SUCCESS,True
SYN-AUDIT-000300,SYN-USER-CITIZEN-001,citizen,DOCUMENT_INGEST,document,SYN-RES-000300,2024-01-21T12:00:00Z,Citizen evidence upload and SHA-256 vault ingest,SUCCESS,True
SYN-AUDIT-000301,SYN-USER-OFFICER-001,revenue_officer,VALIDATION_RUN,validation_case,SYN-CASE-000301,2024-02-22T13:01:00Z,Automated multi-field statutory comparison pipeline,SUCCESS,True
SYN-AUDIT-000302,SYN-USER-ADMIN-001,administrator,CASE_REVIEW,validation_case,SYN-CASE-000302,2024-03-23T14:02:00Z,Revenue officer inspected cadastral discrepancy,REVIEW_REQUIRED,True
SYN-AUDIT-000303,SYSTEM-VALIDATION-ENGINE,system_engine,DECISION_RECORDED,validation_case,SYN-CASE-000303,2024-04-24T15:03:00Z,Officer adjudication recorded in case log,SUCCESS,True
SYN-AUDIT-000304,SYN-USER-CITIZEN-001,citizen,MUTATION_AUDIT,mutation,SYN-RES-000304,2024-05-25T16:04:00Z,Review of mutation notice period under Sec 129 KLRA,SUCCESS,True
SYN-AUDIT-000305,SYN-USER-OFFICER-001,revenue_officer,DOCUMENT_INGEST,document,SYN-RES-000305,2024-06-26T17:05:00Z,Citizen evidence upload and SHA-256 vault ingest,SUCCESS,True
SYN-AUDIT-000306,SYN-USER-ADMIN-001,administrator,VALIDATION_RUN,validation_case,SYN-CASE-000306,2024-07-27T18:06:00Z,Automated multi-field statutory comparison pipeline,SUCCESS,True
SYN-AUDIT-000307,SYSTEM-VALIDATION-ENGINE,system_engine,CASE_REVIEW,validation_case,SYN-CASE-000307,2024-08-28T19:07:00Z,Revenue officer inspected cadastral discrepancy,REVIEW_REQUIRED,True
SYN-AUDIT-000308,SYN-USER-CITIZEN-001,citizen,DECISION_RECORDED,validation_case,SYN-CASE-000308,2024-09-01T20:08:00Z,Officer adjudication recorded in case log,SUCCESS,True
SYN-AUDIT-000309,SYN-USER-OFFICER-001,revenue_officer,MUTATION_AUDIT,mutation,SYN-RES-000309,2024-10-02T21:09:00Z,Review of mutation notice period under Sec 129 KLRA,SUCCESS,True
SYN-AUDIT-000310,SYN-USER-ADMIN-001,administrator,DOCUMENT_INGEST,document,SYN-RES-000310,2024-11-03T22:10:00Z,Citizen evidence upload and SHA-256 vault ingest,SUCCESS,True
SYN-AUDIT-000311,SYSTEM-VALIDATION-ENGINE,system_engine,VALIDATION_RUN,validation_case,SYN-CASE-000311,2024-12-04T23:11:00Z,Automated multi-field statutory comparison pipeline,SUCCESS,True
SYN-AUDIT-000312,SYN-USER-CITIZEN-001,citizen,CASE_REVIEW,validation_case,SYN-CASE-000312,2024-01-05T00:12:00Z,Revenue officer inspected cadastral discrepancy,REVIEW_REQUIRED,True
SYN-AUDIT-000313,SYN-USER-OFFICER-001,revenue_officer,DECISION_RECORDED,validation_case,SYN-CASE-000313,2024-02-06T01:13:00Z,Officer adjudication recorded in case log,SUCCESS,True
SYN-AUDIT-000314,SYN-USER-ADMIN-001,administrator,MUTATION_AUDIT,mutation,SYN-RES-000314,2024-03-07T02:14:00Z,Review of mutation notice period under Sec 129 KLRA,SUCCESS,True
SYN-AUDIT-000315,SYSTEM-VALIDATION-ENGINE,system_engine,DOCUMENT_INGEST,document,SYN-RES-000315,2024-04-08T03:15:00Z,Citizen evidence upload and SHA-256 vault ingest,SUCCESS,True
SYN-AUDIT-000316,SYN-USER-CITIZEN-001,citizen,VALIDATION_RUN,validation_case,SYN-CASE-000316,2024-05-09T04:16:00Z,Automated multi-field statutory comparison pipeline,SUCCESS,True
SYN-AUDIT-000317,SYN-USER-OFFICER-001,revenue_officer,CASE_REVIEW,validation_case,SYN-CASE-000317,2024-06-10T05:17:00Z,Revenue officer inspected cadastral discrepancy,REVIEW_REQUIRED,True
SYN-AUDIT-000318,SYN-USER-ADMIN-001,administrator,DECISION_RECORDED,validation_case,SYN-CASE-000318,2024-07-11T06:18:00Z,Officer adjudication recorded in case log,SUCCESS,True
SYN-AUDIT-000319,SYSTEM-VALIDATION-ENGINE,system_engine,MUTATION_AUDIT,mutation,SYN-RES-000319,2024-08-12T07:19:00Z,Review of mutation notice period under Sec 129 KLRA,SUCCESS,True
SYN-AUDIT-000320,SYN-USER-CITIZEN-001,citizen,DOCUMENT_INGEST,document,SYN-RES-000320,2024-09-13T08:20:00Z,Citizen evidence upload and SHA-256 vault ingest,SUCCESS,True
SYN-AUDIT-000321,SYN-USER-OFFICER-001,revenue_officer,VALIDATION_RUN,validation_case,SYN-CASE-000321,2024-10-14T09:21:00Z,Automated multi-field statutory comparison pipeline,SUCCESS,True
SYN-AUDIT-000322,SYN-USER-ADMIN-001,administrator,CASE_REVIEW,validation_case,SYN-CASE-000322,2024-11-15T10:22:00Z,Revenue officer inspected cadastral discrepancy,REVIEW_REQUIRED,True
SYN-AUDIT-000323,SYSTEM-VALIDATION-ENGINE,system_engine,DECISION_RECORDED,validation_case,SYN-CASE-000323,2024-12-16T11:23:00Z,Officer adjudication recorded in case log,SUCCESS,True
SYN-AUDIT-000324,SYN-USER-CITIZEN-001,citizen,MUTATION_AUDIT,mutation,SYN-RES-000324,2024-01-17T12:24:00Z,Review of mutation notice period under Sec 129 KLRA,SUCCESS,True
SYN-AUDIT-000325,SYN-USER-OFFICER-001,revenue_officer,DOCUMENT_INGEST,document,SYN-RES-000325,2024-02-18T13:25:00Z,Citizen evidence upload and SHA-256 vault ingest,SUCCESS,True
SYN-AUDIT-000326,SYN-USER-ADMIN-001,administrator,VALIDATION_RUN,validation_case,SYN-CASE-000326,2024-03-19T14:26:00Z,Automated multi-field statutory comparison pipeline,SUCCESS,True
SYN-AUDIT-000327,SYSTEM-VALIDATION-ENGINE,system_engine,CASE_REVIEW,validation_case,SYN-CASE-000327,2024-04-20T15:27:00Z,Revenue officer inspected cadastral discrepancy,REVIEW_REQUIRED,True
SYN-AUDIT-000328,SYN-USER-CITIZEN-001,citizen,DECISION_RECORDED,validation_case,SYN-CASE-000328,2024-05-21T16:28:00Z,Officer adjudication recorded in case log,SUCCESS,True
SYN-AUDIT-000329,SYN-USER-OFFICER-001,revenue_officer,MUTATION_AUDIT,mutation,SYN-RES-000329,2024-06-22T17:29:00Z,Review of mutation notice period under Sec 129 KLRA,SUCCESS,True
SYN-AUDIT-000330,SYN-USER-ADMIN-001,administrator,DOCUMENT_INGEST,document,SYN-RES-000330,2024-07-23T18:30:00Z,Citizen evidence upload and SHA-256 vault ingest,SUCCESS,True
SYN-AUDIT-000331,SYSTEM-VALIDATION-ENGINE,system_engine,VALIDATION_RUN,validation_case,SYN-CASE-000331,2024-08-24T19:31:00Z,Automated multi-field statutory comparison pipeline,SUCCESS,True
SYN-AUDIT-000332,SYN-USER-CITIZEN-001,citizen,CASE_REVIEW,validation_case,SYN-CASE-000332,2024-09-25T20:32:00Z,Revenue officer inspected cadastral discrepancy,REVIEW_REQUIRED,True
SYN-AUDIT-000333,SYN-USER-OFFICER-001,revenue_officer,DECISION_RECORDED,validation_case,SYN-CASE-000333,2024-10-26T21:33:00Z,Officer adjudication recorded in case log,SUCCESS,True
SYN-AUDIT-000334,SYN-USER-ADMIN-001,administrator,MUTATION_AUDIT,mutation,SYN-RES-000334,2024-11-27T22:34:00Z,Review of mutation notice period under Sec 129 KLRA,SUCCESS,True
SYN-AUDIT-000335,SYSTEM-VALIDATION-ENGINE,system_engine,DOCUMENT_INGEST,document,SYN-RES-000335,2024-12-28T23:35:00Z,Citizen evidence upload and SHA-256 vault ingest,SUCCESS,True
SYN-AUDIT-000336,SYN-USER-CITIZEN-001,citizen,VALIDATION_RUN,validation_case,SYN-CASE-000336,2024-01-01T00:36:00Z,Automated multi-field statutory comparison pipeline,SUCCESS,True
SYN-AUDIT-000337,SYN-USER-OFFICER-001,revenue_officer,CASE_REVIEW,validation_case,SYN-CASE-000337,2024-02-02T01:37:00Z,Revenue officer inspected cadastral discrepancy,REVIEW_REQUIRED,True
SYN-AUDIT-000338,SYN-USER-ADMIN-001,administrator,DECISION_RECORDED,validation_case,SYN-CASE-000338,2024-03-03T02:38:00Z,Officer adjudication recorded in case log,SUCCESS,True
SYN-AUDIT-000339,SYSTEM-VALIDATION-ENGINE,system_engine,MUTATION_AUDIT,mutation,SYN-RES-000339,2024-04-04T03:39:00Z,Review of mutation notice period under Sec 129 KLRA,SUCCESS,True
SYN-AUDIT-000340,SYN-USER-CITIZEN-001,citizen,DOCUMENT_INGEST,document,SYN-RES-000340,2024-05-05T04:40:00Z,Citizen evidence upload and SHA-256 vault ingest,SUCCESS,True
SYN-AUDIT-000341,SYN-USER-OFFICER-001,revenue_officer,VALIDATION_RUN,validation_case,SYN-CASE-000341,2024-06-06T05:41:00Z,Automated multi-field statutory comparison pipeline,SUCCESS,True
SYN-AUDIT-000342,SYN-USER-ADMIN-001,administrator,CASE_REVIEW,validation_case,SYN-CASE-000342,2024-07-07T06:42:00Z,Revenue officer inspected cadastral discrepancy,REVIEW_REQUIRED,True
SYN-AUDIT-000343,SYSTEM-VALIDATION-ENGINE,system_engine,DECISION_RECORDED,validation_case,SYN-CASE-000343,2024-08-08T07:43:00Z,Officer adjudication recorded in case log,SUCCESS,True
SYN-AUDIT-000344,SYN-USER-CITIZEN-001,citizen,MUTATION_AUDIT,mutation,SYN-RES-000344,2024-09-09T08:44:00Z,Review of mutation notice period under Sec 129 KLRA,SUCCESS,True
SYN-AUDIT-000345,SYN-USER-OFFICER-001,revenue_officer,DOCUMENT_INGEST,document,SYN-RES-000345,2024-10-10T09:45:00Z,Citizen evidence upload and SHA-256 vault ingest,SUCCESS,True
SYN-AUDIT-000346,SYN-USER-ADMIN-001,administrator,VALIDATION_RUN,validation_case,SYN-CASE-000346,2024-11-11T10:46:00Z,Automated multi-field statutory comparison pipeline,SUCCESS,True
SYN-AUDIT-000347,SYSTEM-VALIDATION-ENGINE,system_engine,CASE_REVIEW,validation_case,SYN-CASE-000347,2024-12-12T11:47:00Z,Revenue officer inspected cadastral discrepancy,REVIEW_REQUIRED,True
SYN-AUDIT-000348,SYN-USER-CITIZEN-001,citizen,DECISION_RECORDED,validation_case,SYN-CASE-000348,2024-01-13T12:48:00Z,Officer adjudication recorded in case log,SUCCESS,True
SYN-AUDIT-000349,SYN-USER-OFFICER-001,revenue_officer,MUTATION_AUDIT,mutation,SYN-RES-000349,2024-02-14T13:49:00Z,Review of mutation notice period under Sec 129 KLRA,SUCCESS,True
SYN-AUDIT-000350,SYN-USER-ADMIN-001,administrator,DOCUMENT_INGEST,document,SYN-RES-000350,2024-03-15T14:50:00Z,Citizen evidence upload and SHA-256 vault ingest,SUCCESS,True
SYN-AUDIT-000351,SYSTEM-VALIDATION-ENGINE,system_engine,VALIDATION_RUN,validation_case,SYN-CASE-000351,2024-04-16T15:51:00Z,Automated multi-field statutory comparison pipeline,SUCCESS,True
SYN-AUDIT-000352,SYN-USER-CITIZEN-001,citizen,CASE_REVIEW,validation_case,SYN-CASE-000352,2024-05-17T16:52:00Z,Revenue officer inspected cadastral discrepancy,REVIEW_REQUIRED,True
SYN-AUDIT-000353,SYN-USER-OFFICER-001,revenue_officer,DECISION_RECORDED,validation_case,SYN-CASE-000353,2024-06-18T17:53:00Z,Officer adjudication recorded in case log,SUCCESS,True
SYN-AUDIT-000354,SYN-USER-ADMIN-001,administrator,MUTATION_AUDIT,mutation,SYN-RES-000354,2024-07-19T18:54:00Z,Review of mutation notice period under Sec 129 KLRA,SUCCESS,True
SYN-AUDIT-000355,SYSTEM-VALIDATION-ENGINE,system_engine,DOCUMENT_INGEST,document,SYN-RES-000355,2024-08-20T19:55:00Z,Citizen evidence upload and SHA-256 vault ingest,SUCCESS,True
SYN-AUDIT-000356,SYN-USER-CITIZEN-001,citizen,VALIDATION_RUN,validation_case,SYN-CASE-000356,2024-09-21T20:56:00Z,Automated multi-field statutory comparison pipeline,SUCCESS,True
SYN-AUDIT-000357,SYN-USER-OFFICER-001,revenue_officer,CASE_REVIEW,validation_case,SYN-CASE-000357,2024-10-22T21:57:00Z,Revenue officer inspected cadastral discrepancy,REVIEW_REQUIRED,True
SYN-AUDIT-000358,SYN-USER-ADMIN-001,administrator,DECISION_RECORDED,validation_case,SYN-CASE-000358,2024-11-23T22:58:00Z,Officer adjudication recorded in case log,SUCCESS,True
SYN-AUDIT-000359,SYSTEM-VALIDATION-ENGINE,system_engine,MUTATION_AUDIT,mutation,SYN-RES-000359,2024-12-24T23:59:00Z,Review of mutation notice period under Sec 129 KLRA,SUCCESS,True
SYN-AUDIT-000360,SYN-USER-CITIZEN-001,citizen,DOCUMENT_INGEST,document,SYN-RES-000360,2024-01-25T00:00:00Z,Citizen evidence upload and SHA-256 vault ingest,SUCCESS,True
SYN-AUDIT-000361,SYN-USER-OFFICER-001,revenue_officer,VALIDATION_RUN,validation_case,SYN-CASE-000361,2024-02-26T01:01:00Z,Automated multi-field statutory comparison pipeline,SUCCESS,True
SYN-AUDIT-000362,SYN-USER-ADMIN-001,administrator,CASE_REVIEW,validation_case,SYN-CASE-000362,2024-03-27T02:02:00Z,Revenue officer inspected cadastral discrepancy,REVIEW_REQUIRED,True
SYN-AUDIT-000363,SYSTEM-VALIDATION-ENGINE,system_engine,DECISION_RECORDED,validation_case,SYN-CASE-000363,2024-04-28T03:03:00Z,Officer adjudication recorded in case log,SUCCESS,True
SYN-AUDIT-000364,SYN-USER-CITIZEN-001,citizen,MUTATION_AUDIT,mutation,SYN-RES-000364,2024-05-01T04:04:00Z,Review of mutation notice period under Sec 129 KLRA,SUCCESS,True
SYN-AUDIT-000365,SYN-USER-OFFICER-001,revenue_officer,DOCUMENT_INGEST,document,SYN-RES-000365,2024-06-02T05:05:00Z,Citizen evidence upload and SHA-256 vault ingest,SUCCESS,True
SYN-AUDIT-000366,SYN-USER-ADMIN-001,administrator,VALIDATION_RUN,validation_case,SYN-CASE-000366,2024-07-03T06:06:00Z,Automated multi-field statutory comparison pipeline,SUCCESS,True
SYN-AUDIT-000367,SYSTEM-VALIDATION-ENGINE,system_engine,CASE_REVIEW,validation_case,SYN-CASE-000367,2024-08-04T07:07:00Z,Revenue officer inspected cadastral discrepancy,REVIEW_REQUIRED,True
SYN-AUDIT-000368,SYN-USER-CITIZEN-001,citizen,DECISION_RECORDED,validation_case,SYN-CASE-000368,2024-09-05T08:08:00Z,Officer adjudication recorded in case log,SUCCESS,True
SYN-AUDIT-000369,SYN-USER-OFFICER-001,revenue_officer,MUTATION_AUDIT,mutation,SYN-RES-000369,2024-10-06T09:09:00Z,Review of mutation notice period under Sec 129 KLRA,SUCCESS,True
SYN-AUDIT-000370,SYN-USER-ADMIN-001,administrator,DOCUMENT_INGEST,document,SYN-RES-000370,2024-11-07T10:10:00Z,Citizen evidence upload and SHA-256 vault ingest,SUCCESS,True
SYN-AUDIT-000371,SYSTEM-VALIDATION-ENGINE,system_engine,VALIDATION_RUN,validation_case,SYN-CASE-000371,2024-12-08T11:11:00Z,Automated multi-field statutory comparison pipeline,SUCCESS,True
SYN-AUDIT-000372,SYN-USER-CITIZEN-001,citizen,CASE_REVIEW,validation_case,SYN-CASE-000372,2024-01-09T12:12:00Z,Revenue officer inspected cadastral discrepancy,REVIEW_REQUIRED,True
SYN-AUDIT-000373,SYN-USER-OFFICER-001,revenue_officer,DECISION_RECORDED,validation_case,SYN-CASE-000373,2024-02-10T13:13:00Z,Officer adjudication recorded in case log,SUCCESS,True
SYN-AUDIT-000374,SYN-USER-ADMIN-001,administrator,MUTATION_AUDIT,mutation,SYN-RES-000374,2024-03-11T14:14:00Z,Review of mutation notice period under Sec 129 KLRA,SUCCESS,True
SYN-AUDIT-000375,SYSTEM-VALIDATION-ENGINE,system_engine,DOCUMENT_INGEST,document,SYN-RES-000375,2024-04-12T15:15:00Z,Citizen evidence upload and SHA-256 vault ingest,SUCCESS,True
SYN-AUDIT-000376,SYN-USER-CITIZEN-001,citizen,VALIDATION_RUN,validation_case,SYN-CASE-000376,2024-05-13T16:16:00Z,Automated multi-field statutory comparison pipeline,SUCCESS,True
SYN-AUDIT-000377,SYN-USER-OFFICER-001,revenue_officer,CASE_REVIEW,validation_case,SYN-CASE-000377,2024-06-14T17:17:00Z,Revenue officer inspected cadastral discrepancy,REVIEW_REQUIRED,True
SYN-AUDIT-000378,SYN-USER-ADMIN-001,administrator,DECISION_RECORDED,validation_case,SYN-CASE-000378,2024-07-15T18:18:00Z,Officer adjudication recorded in case log,SUCCESS,True
SYN-AUDIT-000379,SYSTEM-VALIDATION-ENGINE,system_engine,MUTATION_AUDIT,mutation,SYN-RES-000379,2024-08-16T19:19:00Z,Review of mutation notice period under Sec 129 KLRA,SUCCESS,True
SYN-AUDIT-000380,SYN-USER-CITIZEN-001,citizen,DOCUMENT_INGEST,document,SYN-RES-000380,2024-09-17T20:20:00Z,Citizen evidence upload and SHA-256 vault ingest,SUCCESS,True
SYN-AUDIT-000381,SYN-USER-OFFICER-001,revenue_officer,VALIDATION_RUN,validation_case,SYN-CASE-000381,2024-10-18T21:21:00Z,Automated multi-field statutory comparison pipeline,SUCCESS,True
SYN-AUDIT-000382,SYN-USER-ADMIN-001,administrator,CASE_REVIEW,validation_case,SYN-CASE-000382,2024-11-19T22:22:00Z,Revenue officer inspected cadastral discrepancy,REVIEW_REQUIRED,True
SYN-AUDIT-000383,SYSTEM-VALIDATION-ENGINE,system_engine,DECISION_RECORDED,validation_case,SYN-CASE-000383,2024-12-20T23:23:00Z,Officer adjudication recorded in case log,SUCCESS,True
SYN-AUDIT-000384,SYN-USER-CITIZEN-001,citizen,MUTATION_AUDIT,mutation,SYN-RES-000384,2024-01-21T00:24:00Z,Review of mutation notice period under Sec 129 KLRA,SUCCESS,True
SYN-AUDIT-000385,SYN-USER-OFFICER-001,revenue_officer,DOCUMENT_INGEST,document,SYN-RES-000385,2024-02-22T01:25:00Z,Citizen evidence upload and SHA-256 vault ingest,SUCCESS,True
SYN-AUDIT-000386,SYN-USER-ADMIN-001,administrator,VALIDATION_RUN,validation_case,SYN-CASE-000386,2024-03-23T02:26:00Z,Automated multi-field statutory comparison pipeline,SUCCESS,True
SYN-AUDIT-000387,SYSTEM-VALIDATION-ENGINE,system_engine,CASE_REVIEW,validation_case,SYN-CASE-000387,2024-04-24T03:27:00Z,Revenue officer inspected cadastral discrepancy,REVIEW_REQUIRED,True
SYN-AUDIT-000388,SYN-USER-CITIZEN-001,citizen,DECISION_RECORDED,validation_case,SYN-CASE-000388,2024-05-25T04:28:00Z,Officer adjudication recorded in case log,SUCCESS,True
SYN-AUDIT-000389,SYN-USER-OFFICER-001,revenue_officer,MUTATION_AUDIT,mutation,SYN-RES-000389,2024-06-26T05:29:00Z,Review of mutation notice period under Sec 129 KLRA,SUCCESS,True
SYN-AUDIT-000390,SYN-USER-ADMIN-001,administrator,DOCUMENT_INGEST,document,SYN-RES-000390,2024-07-27T06:30:00Z,Citizen evidence upload and SHA-256 vault ingest,SUCCESS,True
SYN-AUDIT-000391,SYSTEM-VALIDATION-ENGINE,system_engine,VALIDATION_RUN,validation_case,SYN-CASE-000391,2024-08-28T07:31:00Z,Automated multi-field statutory comparison pipeline,SUCCESS,True
SYN-AUDIT-000392,SYN-USER-CITIZEN-001,citizen,CASE_REVIEW,validation_case,SYN-CASE-000392,2024-09-01T08:32:00Z,Revenue officer inspected cadastral discrepancy,REVIEW_REQUIRED,True
SYN-AUDIT-000393,SYN-USER-OFFICER-001,revenue_officer,DECISION_RECORDED,validation_case,SYN-CASE-000393,2024-10-02T09:33:00Z,Officer adjudication recorded in case log,SUCCESS,True
SYN-AUDIT-000394,SYN-USER-ADMIN-001,administrator,MUTATION_AUDIT,mutation,SYN-RES-000394,2024-11-03T10:34:00Z,Review of mutation notice period under Sec 129 KLRA,SUCCESS,True
SYN-AUDIT-000395,SYSTEM-VALIDATION-ENGINE,system_engine,DOCUMENT_INGEST,document,SYN-RES-000395,2024-12-04T11:35:00Z,Citizen evidence upload and SHA-256 vault ingest,SUCCESS,True
SYN-AUDIT-000396,SYN-USER-CITIZEN-001,citizen,VALIDATION_RUN,validation_case,SYN-CASE-000396,2024-01-05T12:36:00Z,Automated multi-field statutory comparison pipeline,SUCCESS,True
SYN-AUDIT-000397,SYN-USER-OFFICER-001,revenue_officer,CASE_REVIEW,validation_case,SYN-CASE-000397,2024-02-06T13:37:00Z,Revenue officer inspected cadastral discrepancy,REVIEW_REQUIRED,True
SYN-AUDIT-000398,SYN-USER-ADMIN-001,administrator,DECISION_RECORDED,validation_case,SYN-CASE-000398,2024-03-07T14:38:00Z,Officer adjudication recorded in case log,SUCCESS,True
SYN-AUDIT-000399,SYSTEM-VALIDATION-ENGINE,system_engine,MUTATION_AUDIT,mutation,SYN-RES-000399,2024-04-08T15:39:00Z,Review of mutation notice period under Sec 129 KLRA,SUCCESS,True
SYN-AUDIT-000400,SYN-USER-CITIZEN-001,citizen,DOCUMENT_INGEST,document,SYN-RES-000400,2024-05-09T16:40:00Z,Citizen evidence upload and SHA-256 vault ingest,SUCCESS,True
SYN-AUDIT-000401,SYN-USER-OFFICER-001,revenue_officer,VALIDATION_RUN,validation_case,SYN-CASE-000401,2024-06-10T17:41:00Z,Automated multi-field statutory comparison pipeline,SUCCESS,True
SYN-AUDIT-000402,SYN-USER-ADMIN-001,administrator,CASE_REVIEW,validation_case,SYN-CASE-000402,2024-07-11T18:42:00Z,Revenue officer inspected cadastral discrepancy,REVIEW_REQUIRED,True
SYN-AUDIT-000403,SYSTEM-VALIDATION-ENGINE,system_engine,DECISION_RECORDED,validation_case,SYN-CASE-000403,2024-08-12T19:43:00Z,Officer adjudication recorded in case log,SUCCESS,True
SYN-AUDIT-000404,SYN-USER-CITIZEN-001,citizen,MUTATION_AUDIT,mutation,SYN-RES-000404,2024-09-13T20:44:00Z,Review of mutation notice period under Sec 129 KLRA,SUCCESS,True
SYN-AUDIT-000405,SYN-USER-OFFICER-001,revenue_officer,DOCUMENT_INGEST,document,SYN-RES-000405,2024-10-14T21:45:00Z,Citizen evidence upload and SHA-256 vault ingest,SUCCESS,True
SYN-AUDIT-000406,SYN-USER-ADMIN-001,administrator,VALIDATION_RUN,validation_case,SYN-CASE-000406,2024-11-15T22:46:00Z,Automated multi-field statutory comparison pipeline,SUCCESS,True
SYN-AUDIT-000407,SYSTEM-VALIDATION-ENGINE,system_engine,CASE_REVIEW,validation_case,SYN-CASE-000407,2024-12-16T23:47:00Z,Revenue officer inspected cadastral discrepancy,REVIEW_REQUIRED,True
SYN-AUDIT-000408,SYN-USER-CITIZEN-001,citizen,DECISION_RECORDED,validation_case,SYN-CASE-000408,2024-01-17T00:48:00Z,Officer adjudication recorded in case log,SUCCESS,True
SYN-AUDIT-000409,SYN-USER-OFFICER-001,revenue_officer,MUTATION_AUDIT,mutation,SYN-RES-000409,2024-02-18T01:49:00Z,Review of mutation notice period under Sec 129 KLRA,SUCCESS,True
SYN-AUDIT-000410,SYN-USER-ADMIN-001,administrator,DOCUMENT_INGEST,document,SYN-RES-000410,2024-03-19T02:50:00Z,Citizen evidence upload and SHA-256 vault ingest,SUCCESS,True
SYN-AUDIT-000411,SYSTEM-VALIDATION-ENGINE,system_engine,VALIDATION_RUN,validation_case,SYN-CASE-000411,2024-04-20T03:51:00Z,Automated multi-field statutory comparison pipeline,SUCCESS,True
SYN-AUDIT-000412,SYN-USER-CITIZEN-001,citizen,CASE_REVIEW,validation_case,SYN-CASE-000412,2024-05-21T04:52:00Z,Revenue officer inspected cadastral discrepancy,REVIEW_REQUIRED,True
SYN-AUDIT-000413,SYN-USER-OFFICER-001,revenue_officer,DECISION_RECORDED,validation_case,SYN-CASE-000413,2024-06-22T05:53:00Z,Officer adjudication recorded in case log,SUCCESS,True
SYN-AUDIT-000414,SYN-USER-ADMIN-001,administrator,MUTATION_AUDIT,mutation,SYN-RES-000414,2024-07-23T06:54:00Z,Review of mutation notice period under Sec 129 KLRA,SUCCESS,True
SYN-AUDIT-000415,SYSTEM-VALIDATION-ENGINE,system_engine,DOCUMENT_INGEST,document,SYN-RES-000415,2024-08-24T07:55:00Z,Citizen evidence upload and SHA-256 vault ingest,SUCCESS,True
SYN-AUDIT-000416,SYN-USER-CITIZEN-001,citizen,VALIDATION_RUN,validation_case,SYN-CASE-000416,2024-09-25T08:56:00Z,Automated multi-field statutory comparison pipeline,SUCCESS,True
SYN-AUDIT-000417,SYN-USER-OFFICER-001,revenue_officer,CASE_REVIEW,validation_case,SYN-CASE-000417,2024-10-26T09:57:00Z,Revenue officer inspected cadastral discrepancy,REVIEW_REQUIRED,True
SYN-AUDIT-000418,SYN-USER-ADMIN-001,administrator,DECISION_RECORDED,validation_case,SYN-CASE-000418,2024-11-27T10:58:00Z,Officer adjudication recorded in case log,SUCCESS,True
SYN-AUDIT-000419,SYSTEM-VALIDATION-ENGINE,system_engine,MUTATION_AUDIT,mutation,SYN-RES-000419,2024-12-28T11:59:00Z,Review of mutation notice period under Sec 129 KLRA,SUCCESS,True
SYN-AUDIT-000420,SYN-USER-CITIZEN-001,citizen,DOCUMENT_INGEST,document,SYN-RES-000420,2024-01-01T12:00:00Z,Citizen evidence upload and SHA-256 vault ingest,SUCCESS,True
SYN-AUDIT-000421,SYN-USER-OFFICER-001,revenue_officer,VALIDATION_RUN,validation_case,SYN-CASE-000421,2024-02-02T13:01:00Z,Automated multi-field statutory comparison pipeline,SUCCESS,True
SYN-AUDIT-000422,SYN-USER-ADMIN-001,administrator,CASE_REVIEW,validation_case,SYN-CASE-000422,2024-03-03T14:02:00Z,Revenue officer inspected cadastral discrepancy,REVIEW_REQUIRED,True
SYN-AUDIT-000423,SYSTEM-VALIDATION-ENGINE,system_engine,DECISION_RECORDED,validation_case,SYN-CASE-000423,2024-04-04T15:03:00Z,Officer adjudication recorded in case log,SUCCESS,True
SYN-AUDIT-000424,SYN-USER-CITIZEN-001,citizen,MUTATION_AUDIT,mutation,SYN-RES-000424,2024-05-05T16:04:00Z,Review of mutation notice period under Sec 129 KLRA,SUCCESS,True
SYN-AUDIT-000425,SYN-USER-OFFICER-001,revenue_officer,DOCUMENT_INGEST,document,SYN-RES-000425,2024-06-06T17:05:00Z,Citizen evidence upload and SHA-256 vault ingest,SUCCESS,True
SYN-AUDIT-000426,SYN-USER-ADMIN-001,administrator,VALIDATION_RUN,validation_case,SYN-CASE-000426,2024-07-07T18:06:00Z,Automated multi-field statutory comparison pipeline,SUCCESS,True
SYN-AUDIT-000427,SYSTEM-VALIDATION-ENGINE,system_engine,CASE_REVIEW,validation_case,SYN-CASE-000427,2024-08-08T19:07:00Z,Revenue officer inspected cadastral discrepancy,REVIEW_REQUIRED,True
SYN-AUDIT-000428,SYN-USER-CITIZEN-001,citizen,DECISION_RECORDED,validation_case,SYN-CASE-000428,2024-09-09T20:08:00Z,Officer adjudication recorded in case log,SUCCESS,True
SYN-AUDIT-000429,SYN-USER-OFFICER-001,revenue_officer,MUTATION_AUDIT,mutation,SYN-RES-000429,2024-10-10T21:09:00Z,Review of mutation notice period under Sec 129 KLRA,SUCCESS,True
SYN-AUDIT-000430,SYN-USER-ADMIN-001,administrator,DOCUMENT_INGEST,document,SYN-RES-000430,2024-11-11T22:10:00Z,Citizen evidence upload and SHA-256 vault ingest,SUCCESS,True
SYN-AUDIT-000431,SYSTEM-VALIDATION-ENGINE,system_engine,VALIDATION_RUN,validation_case,SYN-CASE-000431,2024-12-12T23:11:00Z,Automated multi-field statutory comparison pipeline,SUCCESS,True
SYN-AUDIT-000432,SYN-USER-CITIZEN-001,citizen,CASE_REVIEW,validation_case,SYN-CASE-000432,2024-01-13T00:12:00Z,Revenue officer inspected cadastral discrepancy,REVIEW_REQUIRED,True
SYN-AUDIT-000433,SYN-USER-OFFICER-001,revenue_officer,DECISION_RECORDED,validation_case,SYN-CASE-000433,2024-02-14T01:13:00Z,Officer adjudication recorded in case log,SUCCESS,True
SYN-AUDIT-000434,SYN-USER-ADMIN-001,administrator,MUTATION_AUDIT,mutation,SYN-RES-000434,2024-03-15T02:14:00Z,Review of mutation notice period under Sec 129 KLRA,SUCCESS,True
SYN-AUDIT-000435,SYSTEM-VALIDATION-ENGINE,system_engine,DOCUMENT_INGEST,document,SYN-RES-000435,2024-04-16T03:15:00Z,Citizen evidence upload and SHA-256 vault ingest,SUCCESS,True
SYN-AUDIT-000436,SYN-USER-CITIZEN-001,citizen,VALIDATION_RUN,validation_case,SYN-CASE-000436,2024-05-17T04:16:00Z,Automated multi-field statutory comparison pipeline,SUCCESS,True
SYN-AUDIT-000437,SYN-USER-OFFICER-001,revenue_officer,CASE_REVIEW,validation_case,SYN-CASE-000437,2024-06-18T05:17:00Z,Revenue officer inspected cadastral discrepancy,REVIEW_REQUIRED,True
SYN-AUDIT-000438,SYN-USER-ADMIN-001,administrator,DECISION_RECORDED,validation_case,SYN-CASE-000438,2024-07-19T06:18:00Z,Officer adjudication recorded in case log,SUCCESS,True
SYN-AUDIT-000439,SYSTEM-VALIDATION-ENGINE,system_engine,MUTATION_AUDIT,mutation,SYN-RES-000439,2024-08-20T07:19:00Z,Review of mutation notice period under Sec 129 KLRA,SUCCESS,True
SYN-AUDIT-000440,SYN-USER-CITIZEN-001,citizen,DOCUMENT_INGEST,document,SYN-RES-000440,2024-09-21T08:20:00Z,Citizen evidence upload and SHA-256 vault ingest,SUCCESS,True
SYN-AUDIT-000441,SYN-USER-OFFICER-001,revenue_officer,VALIDATION_RUN,validation_case,SYN-CASE-000441,2024-10-22T09:21:00Z,Automated multi-field statutory comparison pipeline,SUCCESS,True
SYN-AUDIT-000442,SYN-USER-ADMIN-001,administrator,CASE_REVIEW,validation_case,SYN-CASE-000442,2024-11-23T10:22:00Z,Revenue officer inspected cadastral discrepancy,REVIEW_REQUIRED,True
SYN-AUDIT-000443,SYSTEM-VALIDATION-ENGINE,system_engine,DECISION_RECORDED,validation_case,SYN-CASE-000443,2024-12-24T11:23:00Z,Officer adjudication recorded in case log,SUCCESS,True
SYN-AUDIT-000444,SYN-USER-CITIZEN-001,citizen,MUTATION_AUDIT,mutation,SYN-RES-000444,2024-01-25T12:24:00Z,Review of mutation notice period under Sec 129 KLRA,SUCCESS,True
SYN-AUDIT-000445,SYN-USER-OFFICER-001,revenue_officer,DOCUMENT_INGEST,document,SYN-RES-000445,2024-02-26T13:25:00Z,Citizen evidence upload and SHA-256 vault ingest,SUCCESS,True
SYN-AUDIT-000446,SYN-USER-ADMIN-001,administrator,VALIDATION_RUN,validation_case,SYN-CASE-000446,2024-03-27T14:26:00Z,Automated multi-field statutory comparison pipeline,SUCCESS,True
SYN-AUDIT-000447,SYSTEM-VALIDATION-ENGINE,system_engine,CASE_REVIEW,validation_case,SYN-CASE-000447,2024-04-28T15:27:00Z,Revenue officer inspected cadastral discrepancy,REVIEW_REQUIRED,True
SYN-AUDIT-000448,SYN-USER-CITIZEN-001,citizen,DECISION_RECORDED,validation_case,SYN-CASE-000448,2024-05-01T16:28:00Z,Officer adjudication recorded in case log,SUCCESS,True
SYN-AUDIT-000449,SYN-USER-OFFICER-001,revenue_officer,MUTATION_AUDIT,mutation,SYN-RES-000449,2024-06-02T17:29:00Z,Review of mutation notice period under Sec 129 KLRA,SUCCESS,True
SYN-AUDIT-000450,SYN-USER-ADMIN-001,administrator,DOCUMENT_INGEST,document,SYN-RES-000450,2024-07-03T18:30:00Z,Citizen evidence upload and SHA-256 vault ingest,SUCCESS,True
SYN-AUDIT-000451,SYSTEM-VALIDATION-ENGINE,system_engine,VALIDATION_RUN,validation_case,SYN-CASE-000451,2024-08-04T19:31:00Z,Automated multi-field statutory comparison pipeline,SUCCESS,True
SYN-AUDIT-000452,SYN-USER-CITIZEN-001,citizen,CASE_REVIEW,validation_case,SYN-CASE-000452,2024-09-05T20:32:00Z,Revenue officer inspected cadastral discrepancy,REVIEW_REQUIRED,True
SYN-AUDIT-000453,SYN-USER-OFFICER-001,revenue_officer,DECISION_RECORDED,validation_case,SYN-CASE-000453,2024-10-06T21:33:00Z,Officer adjudication recorded in case log,SUCCESS,True
SYN-AUDIT-000454,SYN-USER-ADMIN-001,administrator,MUTATION_AUDIT,mutation,SYN-RES-000454,2024-11-07T22:34:00Z,Review of mutation notice period under Sec 129 KLRA,SUCCESS,True
SYN-AUDIT-000455,SYSTEM-VALIDATION-ENGINE,system_engine,DOCUMENT_INGEST,document,SYN-RES-000455,2024-12-08T23:35:00Z,Citizen evidence upload and SHA-256 vault ingest,SUCCESS,True
SYN-AUDIT-000456,SYN-USER-CITIZEN-001,citizen,VALIDATION_RUN,validation_case,SYN-CASE-000456,2024-01-09T00:36:00Z,Automated multi-field statutory comparison pipeline,SUCCESS,True
SYN-AUDIT-000457,SYN-USER-OFFICER-001,revenue_officer,CASE_REVIEW,validation_case,SYN-CASE-000457,2024-02-10T01:37:00Z,Revenue officer inspected cadastral discrepancy,REVIEW_REQUIRED,True
SYN-AUDIT-000458,SYN-USER-ADMIN-001,administrator,DECISION_RECORDED,validation_case,SYN-CASE-000458,2024-03-11T02:38:00Z,Officer adjudication recorded in case log,SUCCESS,True
SYN-AUDIT-000459,SYSTEM-VALIDATION-ENGINE,system_engine,MUTATION_AUDIT,mutation,SYN-RES-000459,2024-04-12T03:39:00Z,Review of mutation notice period under Sec 129 KLRA,SUCCESS,True
SYN-AUDIT-000460,SYN-USER-CITIZEN-001,citizen,DOCUMENT_INGEST,document,SYN-RES-000460,2024-05-13T04:40:00Z,Citizen evidence upload and SHA-256 vault ingest,SUCCESS,True
SYN-AUDIT-000461,SYN-USER-OFFICER-001,revenue_officer,VALIDATION_RUN,validation_case,SYN-CASE-000461,2024-06-14T05:41:00Z,Automated multi-field statutory comparison pipeline,SUCCESS,True
SYN-AUDIT-000462,SYN-USER-ADMIN-001,administrator,CASE_REVIEW,validation_case,SYN-CASE-000462,2024-07-15T06:42:00Z,Revenue officer inspected cadastral discrepancy,REVIEW_REQUIRED,True
SYN-AUDIT-000463,SYSTEM-VALIDATION-ENGINE,system_engine,DECISION_RECORDED,validation_case,SYN-CASE-000463,2024-08-16T07:43:00Z,Officer adjudication recorded in case log,SUCCESS,True
SYN-AUDIT-000464,SYN-USER-CITIZEN-001,citizen,MUTATION_AUDIT,mutation,SYN-RES-000464,2024-09-17T08:44:00Z,Review of mutation notice period under Sec 129 KLRA,SUCCESS,True
SYN-AUDIT-000465,SYN-USER-OFFICER-001,revenue_officer,DOCUMENT_INGEST,document,SYN-RES-000465,2024-10-18T09:45:00Z,Citizen evidence upload and SHA-256 vault ingest,SUCCESS,True
SYN-AUDIT-000466,SYN-USER-ADMIN-001,administrator,VALIDATION_RUN,validation_case,SYN-CASE-000466,2024-11-19T10:46:00Z,Automated multi-field statutory comparison pipeline,SUCCESS,True
SYN-AUDIT-000467,SYSTEM-VALIDATION-ENGINE,system_engine,CASE_REVIEW,validation_case,SYN-CASE-000467,2024-12-20T11:47:00Z,Revenue officer inspected cadastral discrepancy,REVIEW_REQUIRED,True
SYN-AUDIT-000468,SYN-USER-CITIZEN-001,citizen,DECISION_RECORDED,validation_case,SYN-CASE-000468,2024-01-21T12:48:00Z,Officer adjudication recorded in case log,SUCCESS,True
SYN-AUDIT-000469,SYN-USER-OFFICER-001,revenue_officer,MUTATION_AUDIT,mutation,SYN-RES-000469,2024-02-22T13:49:00Z,Review of mutation notice period under Sec 129 KLRA,SUCCESS,True
SYN-AUDIT-000470,SYN-USER-ADMIN-001,administrator,DOCUMENT_INGEST,document,SYN-RES-000470,2024-03-23T14:50:00Z,Citizen evidence upload and SHA-256 vault ingest,SUCCESS,True
SYN-AUDIT-000471,SYSTEM-VALIDATION-ENGINE,system_engine,VALIDATION_RUN,validation_case,SYN-CASE-000471,2024-04-24T15:51:00Z,Automated multi-field statutory comparison pipeline,SUCCESS,True
SYN-AUDIT-000472,SYN-USER-CITIZEN-001,citizen,CASE_REVIEW,validation_case,SYN-CASE-000472,2024-05-25T16:52:00Z,Revenue officer inspected cadastral discrepancy,REVIEW_REQUIRED,True
SYN-AUDIT-000473,SYN-USER-OFFICER-001,revenue_officer,DECISION_RECORDED,validation_case,SYN-CASE-000473,2024-06-26T17:53:00Z,Officer adjudication recorded in case log,SUCCESS,True
SYN-AUDIT-000474,SYN-USER-ADMIN-001,administrator,MUTATION_AUDIT,mutation,SYN-RES-000474,2024-07-27T18:54:00Z,Review of mutation notice period under Sec 129 KLRA,SUCCESS,True
SYN-AUDIT-000475,SYSTEM-VALIDATION-ENGINE,system_engine,DOCUMENT_INGEST,document,SYN-RES-000475,2024-08-28T19:55:00Z,Citizen evidence upload and SHA-256 vault ingest,SUCCESS,True
SYN-AUDIT-000476,SYN-USER-CITIZEN-001,citizen,VALIDATION_RUN,validation_case,SYN-CASE-000476,2024-09-01T20:56:00Z,Automated multi-field statutory comparison pipeline,SUCCESS,True
SYN-AUDIT-000477,SYN-USER-OFFICER-001,revenue_officer,CASE_REVIEW,validation_case,SYN-CASE-000477,2024-10-02T21:57:00Z,Revenue officer inspected cadastral discrepancy,REVIEW_REQUIRED,True
SYN-AUDIT-000478,SYN-USER-ADMIN-001,administrator,DECISION_RECORDED,validation_case,SYN-CASE-000478,2024-11-03T22:58:00Z,Officer adjudication recorded in case log,SUCCESS,True
SYN-AUDIT-000479,SYSTEM-VALIDATION-ENGINE,system_engine,MUTATION_AUDIT,mutation,SYN-RES-000479,2024-12-04T23:59:00Z,Review of mutation notice period under Sec 129 KLRA,SUCCESS,True
SYN-AUDIT-000480,SYN-USER-CITIZEN-001,citizen,DOCUMENT_INGEST,document,SYN-RES-000480,2024-01-05T00:00:00Z,Citizen evidence upload and SHA-256 vault ingest,SUCCESS,True
SYN-AUDIT-000481,SYN-USER-OFFICER-001,revenue_officer,VALIDATION_RUN,validation_case,SYN-CASE-000481,2024-02-06T01:01:00Z,Automated multi-field statutory comparison pipeline,SUCCESS,True
SYN-AUDIT-000482,SYN-USER-ADMIN-001,administrator,CASE_REVIEW,validation_case,SYN-CASE-000482,2024-03-07T02:02:00Z,Revenue officer inspected cadastral discrepancy,REVIEW_REQUIRED,True
SYN-AUDIT-000483,SYSTEM-VALIDATION-ENGINE,system_engine,DECISION_RECORDED,validation_case,SYN-CASE-000483,2024-04-08T03:03:00Z,Officer adjudication recorded in case log,SUCCESS,True
SYN-AUDIT-000484,SYN-USER-CITIZEN-001,citizen,MUTATION_AUDIT,mutation,SYN-RES-000484,2024-05-09T04:04:00Z,Review of mutation notice period under Sec 129 KLRA,SUCCESS,True
SYN-AUDIT-000485,SYN-USER-OFFICER-001,revenue_officer,DOCUMENT_INGEST,document,SYN-RES-000485,2024-06-10T05:05:00Z,Citizen evidence upload and SHA-256 vault ingest,SUCCESS,True
SYN-AUDIT-000486,SYN-USER-ADMIN-001,administrator,VALIDATION_RUN,validation_case,SYN-CASE-000486,2024-07-11T06:06:00Z,Automated multi-field statutory comparison pipeline,SUCCESS,True
SYN-AUDIT-000487,SYSTEM-VALIDATION-ENGINE,system_engine,CASE_REVIEW,validation_case,SYN-CASE-000487,2024-08-12T07:07:00Z,Revenue officer inspected cadastral discrepancy,REVIEW_REQUIRED,True
SYN-AUDIT-000488,SYN-USER-CITIZEN-001,citizen,DECISION_RECORDED,validation_case,SYN-CASE-000488,2024-09-13T08:08:00Z,Officer adjudication recorded in case log,SUCCESS,True
SYN-AUDIT-000489,SYN-USER-OFFICER-001,revenue_officer,MUTATION_AUDIT,mutation,SYN-RES-000489,2024-10-14T09:09:00Z,Review of mutation notice period under Sec 129 KLRA,SUCCESS,True
SYN-AUDIT-000490,SYN-USER-ADMIN-001,administrator,DOCUMENT_INGEST,document,SYN-RES-000490,2024-11-15T10:10:00Z,Citizen evidence upload and SHA-256 vault ingest,SUCCESS,True
SYN-AUDIT-000491,SYSTEM-VALIDATION-ENGINE,system_engine,VALIDATION_RUN,validation_case,SYN-CASE-000491,2024-12-16T11:11:00Z,Automated multi-field statutory comparison pipeline,SUCCESS,True
SYN-AUDIT-000492,SYN-USER-CITIZEN-001,citizen,CASE_REVIEW,validation_case,SYN-CASE-000492,2024-01-17T12:12:00Z,Revenue officer inspected cadastral discrepancy,REVIEW_REQUIRED,True
SYN-AUDIT-000493,SYN-USER-OFFICER-001,revenue_officer,DECISION_RECORDED,validation_case,SYN-CASE-000493,2024-02-18T13:13:00Z,Officer adjudication recorded in case log,SUCCESS,True
SYN-AUDIT-000494,SYN-USER-ADMIN-001,administrator,MUTATION_AUDIT,mutation,SYN-RES-000494,2024-03-19T14:14:00Z,Review of mutation notice period under Sec 129 KLRA,SUCCESS,True
SYN-AUDIT-000495,SYSTEM-VALIDATION-ENGINE,system_engine,DOCUMENT_INGEST,document,SYN-RES-000495,2024-04-20T15:15:00Z,Citizen evidence upload and SHA-256 vault ingest,SUCCESS,True
SYN-AUDIT-000496,SYN-USER-CITIZEN-001,citizen,VALIDATION_RUN,validation_case,SYN-CASE-000496,2024-05-21T16:16:00Z,Automated multi-field statutory comparison pipeline,SUCCESS,True
SYN-AUDIT-000497,SYN-USER-OFFICER-001,revenue_officer,CASE_REVIEW,validation_case,SYN-CASE-000497,2024-06-22T17:17:00Z,Revenue officer inspected cadastral discrepancy,REVIEW_REQUIRED,True
SYN-AUDIT-000498,SYN-USER-ADMIN-001,administrator,DECISION_RECORDED,validation_case,SYN-CASE-000498,2024-07-23T18:18:00Z,Officer adjudication recorded in case log,SUCCESS,True
SYN-AUDIT-000499,SYSTEM-VALIDATION-ENGINE,system_engine,MUTATION_AUDIT,mutation,SYN-RES-000499,2024-08-24T19:19:00Z,Review of mutation notice period under Sec 129 KLRA,SUCCESS,True
SYN-AUDIT-000500,SYN-USER-CITIZEN-001,citizen,DOCUMENT_INGEST,document,SYN-RES-000500,2024-09-25T20:20:00Z,Citizen evidence upload and SHA-256 vault ingest,SUCCESS,True
SYN-AUDIT-000501,SYN-USER-OFFICER-001,revenue_officer,VALIDATION_RUN,validation_case,SYN-CASE-000501,2024-10-26T21:21:00Z,Automated multi-field statutory comparison pipeline,SUCCESS,True
SYN-AUDIT-000502,SYN-USER-ADMIN-001,administrator,CASE_REVIEW,validation_case,SYN-CASE-000502,2024-11-27T22:22:00Z,Revenue officer inspected cadastral discrepancy,REVIEW_REQUIRED,True
SYN-AUDIT-000503,SYSTEM-VALIDATION-ENGINE,system_engine,DECISION_RECORDED,validation_case,SYN-CASE-000503,2024-12-28T23:23:00Z,Officer adjudication recorded in case log,SUCCESS,True
SYN-AUDIT-000504,SYN-USER-CITIZEN-001,citizen,MUTATION_AUDIT,mutation,SYN-RES-000504,2024-01-01T00:24:00Z,Review of mutation notice period under Sec 129 KLRA,SUCCESS,True
SYN-AUDIT-000505,SYN-USER-OFFICER-001,revenue_officer,DOCUMENT_INGEST,document,SYN-RES-000505,2024-02-02T01:25:00Z,Citizen evidence upload and SHA-256 vault ingest,SUCCESS,True
SYN-AUDIT-000506,SYN-USER-ADMIN-001,administrator,VALIDATION_RUN,validation_case,SYN-CASE-000506,2024-03-03T02:26:00Z,Automated multi-field statutory comparison pipeline,SUCCESS,True
SYN-AUDIT-000507,SYSTEM-VALIDATION-ENGINE,system_engine,CASE_REVIEW,validation_case,SYN-CASE-000507,2024-04-04T03:27:00Z,Revenue officer inspected cadastral discrepancy,REVIEW_REQUIRED,True
SYN-AUDIT-000508,SYN-USER-CITIZEN-001,citizen,DECISION_RECORDED,validation_case,SYN-CASE-000508,2024-05-05T04:28:00Z,Officer adjudication recorded in case log,SUCCESS,True
SYN-AUDIT-000509,SYN-USER-OFFICER-001,revenue_officer,MUTATION_AUDIT,mutation,SYN-RES-000509,2024-06-06T05:29:00Z,Review of mutation notice period under Sec 129 KLRA,SUCCESS,True
SYN-AUDIT-000510,SYN-USER-ADMIN-001,administrator,DOCUMENT_INGEST,document,SYN-RES-000510,2024-07-07T06:30:00Z,Citizen evidence upload and SHA-256 vault ingest,SUCCESS,True
SYN-AUDIT-000511,SYSTEM-VALIDATION-ENGINE,system_engine,VALIDATION_RUN,validation_case,SYN-CASE-000511,2024-08-08T07:31:00Z,Automated multi-field statutory comparison pipeline,SUCCESS,True
SYN-AUDIT-000512,SYN-USER-CITIZEN-001,citizen,CASE_REVIEW,validation_case,SYN-CASE-000512,2024-09-09T08:32:00Z,Revenue officer inspected cadastral discrepancy,REVIEW_REQUIRED,True
SYN-AUDIT-000513,SYN-USER-OFFICER-001,revenue_officer,DECISION_RECORDED,validation_case,SYN-CASE-000513,2024-10-10T09:33:00Z,Officer adjudication recorded in case log,SUCCESS,True
SYN-AUDIT-000514,SYN-USER-ADMIN-001,administrator,MUTATION_AUDIT,mutation,SYN-RES-000514,2024-11-11T10:34:00Z,Review of mutation notice period under Sec 129 KLRA,SUCCESS,True
SYN-AUDIT-000515,SYSTEM-VALIDATION-ENGINE,system_engine,DOCUMENT_INGEST,document,SYN-RES-000515,2024-12-12T11:35:00Z,Citizen evidence upload and SHA-256 vault ingest,SUCCESS,True
SYN-AUDIT-000516,SYN-USER-CITIZEN-001,citizen,VALIDATION_RUN,validation_case,SYN-CASE-000516,2024-01-13T12:36:00Z,Automated multi-field statutory comparison pipeline,SUCCESS,True
SYN-AUDIT-000517,SYN-USER-OFFICER-001,revenue_officer,CASE_REVIEW,validation_case,SYN-CASE-000517,2024-02-14T13:37:00Z,Revenue officer inspected cadastral discrepancy,REVIEW_REQUIRED,True
SYN-AUDIT-000518,SYN-USER-ADMIN-001,administrator,DECISION_RECORDED,validation_case,SYN-CASE-000518,2024-03-15T14:38:00Z,Officer adjudication recorded in case log,SUCCESS,True
SYN-AUDIT-000519,SYSTEM-VALIDATION-ENGINE,system_engine,MUTATION_AUDIT,mutation,SYN-RES-000519,2024-04-16T15:39:00Z,Review of mutation notice period under Sec 129 KLRA,SUCCESS,True
SYN-AUDIT-000520,SYN-USER-CITIZEN-001,citizen,DOCUMENT_INGEST,document,SYN-RES-000520,2024-05-17T16:40:00Z,Citizen evidence upload and SHA-256 vault ingest,SUCCESS,True
SYN-AUDIT-000521,SYN-USER-OFFICER-001,revenue_officer,VALIDATION_RUN,validation_case,SYN-CASE-000521,2024-06-18T17:41:00Z,Automated multi-field statutory comparison pipeline,SUCCESS,True
SYN-AUDIT-000522,SYN-USER-ADMIN-001,administrator,CASE_REVIEW,validation_case,SYN-CASE-000522,2024-07-19T18:42:00Z,Revenue officer inspected cadastral discrepancy,REVIEW_REQUIRED,True
SYN-AUDIT-000523,SYSTEM-VALIDATION-ENGINE,system_engine,DECISION_RECORDED,validation_case,SYN-CASE-000523,2024-08-20T19:43:00Z,Officer adjudication recorded in case log,SUCCESS,True
SYN-AUDIT-000524,SYN-USER-CITIZEN-001,citizen,MUTATION_AUDIT,mutation,SYN-RES-000524,2024-09-21T20:44:00Z,Review of mutation notice period under Sec 129 KLRA,SUCCESS,True
SYN-AUDIT-000525,SYN-USER-OFFICER-001,revenue_officer,DOCUMENT_INGEST,document,SYN-RES-000525,2024-10-22T21:45:00Z,Citizen evidence upload and SHA-256 vault ingest,SUCCESS,True
SYN-AUDIT-000526,SYN-USER-ADMIN-001,administrator,VALIDATION_RUN,validation_case,SYN-CASE-000526,2024-11-23T22:46:00Z,Automated multi-field statutory comparison pipeline,SUCCESS,True
SYN-AUDIT-000527,SYSTEM-VALIDATION-ENGINE,system_engine,CASE_REVIEW,validation_case,SYN-CASE-000527,2024-12-24T23:47:00Z,Revenue officer inspected cadastral discrepancy,REVIEW_REQUIRED,True
SYN-AUDIT-000528,SYN-USER-CITIZEN-001,citizen,DECISION_RECORDED,validation_case,SYN-CASE-000528,2024-01-25T00:48:00Z,Officer adjudication recorded in case log,SUCCESS,True
SYN-AUDIT-000529,SYN-USER-OFFICER-001,revenue_officer,MUTATION_AUDIT,mutation,SYN-RES-000529,2024-02-26T01:49:00Z,Review of mutation notice period under Sec 129 KLRA,SUCCESS,True
SYN-AUDIT-000530,SYN-USER-ADMIN-001,administrator,DOCUMENT_INGEST,document,SYN-RES-000530,2024-03-27T02:50:00Z,Citizen evidence upload and SHA-256 vault ingest,SUCCESS,True
SYN-AUDIT-000531,SYSTEM-VALIDATION-ENGINE,system_engine,VALIDATION_RUN,validation_case,SYN-CASE-000531,2024-04-28T03:51:00Z,Automated multi-field statutory comparison pipeline,SUCCESS,True
SYN-AUDIT-000532,SYN-USER-CITIZEN-001,citizen,CASE_REVIEW,validation_case,SYN-CASE-000532,2024-05-01T04:52:00Z,Revenue officer inspected cadastral discrepancy,REVIEW_REQUIRED,True
SYN-AUDIT-000533,SYN-USER-OFFICER-001,revenue_officer,DECISION_RECORDED,validation_case,SYN-CASE-000533,2024-06-02T05:53:00Z,Officer adjudication recorded in case log,SUCCESS,True
SYN-AUDIT-000534,SYN-USER-ADMIN-001,administrator,MUTATION_AUDIT,mutation,SYN-RES-000534,2024-07-03T06:54:00Z,Review of mutation notice period under Sec 129 KLRA,SUCCESS,True
SYN-AUDIT-000535,SYSTEM-VALIDATION-ENGINE,system_engine,DOCUMENT_INGEST,document,SYN-RES-000535,2024-08-04T07:55:00Z,Citizen evidence upload and SHA-256 vault ingest,SUCCESS,True
SYN-AUDIT-000536,SYN-USER-CITIZEN-001,citizen,VALIDATION_RUN,validation_case,SYN-CASE-000536,2024-09-05T08:56:00Z,Automated multi-field statutory comparison pipeline,SUCCESS,True
SYN-AUDIT-000537,SYN-USER-OFFICER-001,revenue_officer,CASE_REVIEW,validation_case,SYN-CASE-000537,2024-10-06T09:57:00Z,Revenue officer inspected cadastral discrepancy,REVIEW_REQUIRED,True
SYN-AUDIT-000538,SYN-USER-ADMIN-001,administrator,DECISION_RECORDED,validation_case,SYN-CASE-000538,2024-11-07T10:58:00Z,Officer adjudication recorded in case log,SUCCESS,True
SYN-AUDIT-000539,SYSTEM-VALIDATION-ENGINE,system_engine,MUTATION_AUDIT,mutation,SYN-RES-000539,2024-12-08T11:59:00Z,Review of mutation notice period under Sec 129 KLRA,SUCCESS,True
SYN-AUDIT-000540,SYN-USER-CITIZEN-001,citizen,DOCUMENT_INGEST,document,SYN-RES-000540,2024-01-09T12:00:00Z,Citizen evidence upload and SHA-256 vault ingest,SUCCESS,True
SYN-AUDIT-000541,SYN-USER-OFFICER-001,revenue_officer,VALIDATION_RUN,validation_case,SYN-CASE-000541,2024-02-10T13:01:00Z,Automated multi-field statutory comparison pipeline,SUCCESS,True
SYN-AUDIT-000542,SYN-USER-ADMIN-001,administrator,CASE_REVIEW,validation_case,SYN-CASE-000542,2024-03-11T14:02:00Z,Revenue officer inspected cadastral discrepancy,REVIEW_REQUIRED,True
SYN-AUDIT-000543,SYSTEM-VALIDATION-ENGINE,system_engine,DECISION_RECORDED,validation_case,SYN-CASE-000543,2024-04-12T15:03:00Z,Officer adjudication recorded in case log,SUCCESS,True
SYN-AUDIT-000544,SYN-USER-CITIZEN-001,citizen,MUTATION_AUDIT,mutation,SYN-RES-000544,2024-05-13T16:04:00Z,Review of mutation notice period under Sec 129 KLRA,SUCCESS,True
SYN-AUDIT-000545,SYN-USER-OFFICER-001,revenue_officer,DOCUMENT_INGEST,document,SYN-RES-000545,2024-06-14T17:05:00Z,Citizen evidence upload and SHA-256 vault ingest,SUCCESS,True
SYN-AUDIT-000546,SYN-USER-ADMIN-001,administrator,VALIDATION_RUN,validation_case,SYN-CASE-000546,2024-07-15T18:06:00Z,Automated multi-field statutory comparison pipeline,SUCCESS,True
SYN-AUDIT-000547,SYSTEM-VALIDATION-ENGINE,system_engine,CASE_REVIEW,validation_case,SYN-CASE-000547,2024-08-16T19:07:00Z,Revenue officer inspected cadastral discrepancy,REVIEW_REQUIRED,True
SYN-AUDIT-000548,SYN-USER-CITIZEN-001,citizen,DECISION_RECORDED,validation_case,SYN-CASE-000548,2024-09-17T20:08:00Z,Officer adjudication recorded in case log,SUCCESS,True
SYN-AUDIT-000549,SYN-USER-OFFICER-001,revenue_officer,MUTATION_AUDIT,mutation,SYN-RES-000549,2024-10-18T21:09:00Z,Review of mutation notice period under Sec 129 KLRA,SUCCESS,True
SYN-AUDIT-000550,SYN-USER-ADMIN-001,administrator,DOCUMENT_INGEST,document,SYN-RES-000550,2024-11-19T22:10:00Z,Citizen evidence upload and SHA-256 vault ingest,SUCCESS,True
SYN-AUDIT-000551,SYSTEM-VALIDATION-ENGINE,system_engine,VALIDATION_RUN,validation_case,SYN-CASE-000551,2024-12-20T23:11:00Z,Automated multi-field statutory comparison pipeline,SUCCESS,True
SYN-AUDIT-000552,SYN-USER-CITIZEN-001,citizen,CASE_REVIEW,validation_case,SYN-CASE-000552,2024-01-21T00:12:00Z,Revenue officer inspected cadastral discrepancy,REVIEW_REQUIRED,True
SYN-AUDIT-000553,SYN-USER-OFFICER-001,revenue_officer,DECISION_RECORDED,validation_case,SYN-CASE-000553,2024-02-22T01:13:00Z,Officer adjudication recorded in case log,SUCCESS,True
SYN-AUDIT-000554,SYN-USER-ADMIN-001,administrator,MUTATION_AUDIT,mutation,SYN-RES-000554,2024-03-23T02:14:00Z,Review of mutation notice period under Sec 129 KLRA,SUCCESS,True
SYN-AUDIT-000555,SYSTEM-VALIDATION-ENGINE,system_engine,DOCUMENT_INGEST,document,SYN-RES-000555,2024-04-24T03:15:00Z,Citizen evidence upload and SHA-256 vault ingest,SUCCESS,True
SYN-AUDIT-000556,SYN-USER-CITIZEN-001,citizen,VALIDATION_RUN,validation_case,SYN-CASE-000556,2024-05-25T04:16:00Z,Automated multi-field statutory comparison pipeline,SUCCESS,True
SYN-AUDIT-000557,SYN-USER-OFFICER-001,revenue_officer,CASE_REVIEW,validation_case,SYN-CASE-000557,2024-06-26T05:17:00Z,Revenue officer inspected cadastral discrepancy,REVIEW_REQUIRED,True
SYN-AUDIT-000558,SYN-USER-ADMIN-001,administrator,DECISION_RECORDED,validation_case,SYN-CASE-000558,2024-07-27T06:18:00Z,Officer adjudication recorded in case log,SUCCESS,True
SYN-AUDIT-000559,SYSTEM-VALIDATION-ENGINE,system_engine,MUTATION_AUDIT,mutation,SYN-RES-000559,2024-08-28T07:19:00Z,Review of mutation notice period under Sec 129 KLRA,SUCCESS,True
SYN-AUDIT-000560,SYN-USER-CITIZEN-001,citizen,DOCUMENT_INGEST,document,SYN-RES-000560,2024-09-01T08:20:00Z,Citizen evidence upload and SHA-256 vault ingest,SUCCESS,True
SYN-AUDIT-000561,SYN-USER-OFFICER-001,revenue_officer,VALIDATION_RUN,validation_case,SYN-CASE-000561,2024-10-02T09:21:00Z,Automated multi-field statutory comparison pipeline,SUCCESS,True
SYN-AUDIT-000562,SYN-USER-ADMIN-001,administrator,CASE_REVIEW,validation_case,SYN-CASE-000562,2024-11-03T10:22:00Z,Revenue officer inspected cadastral discrepancy,REVIEW_REQUIRED,True
SYN-AUDIT-000563,SYSTEM-VALIDATION-ENGINE,system_engine,DECISION_RECORDED,validation_case,SYN-CASE-000563,2024-12-04T11:23:00Z,Officer adjudication recorded in case log,SUCCESS,True
SYN-AUDIT-000564,SYN-USER-CITIZEN-001,citizen,MUTATION_AUDIT,mutation,SYN-RES-000564,2024-01-05T12:24:00Z,Review of mutation notice period under Sec 129 KLRA,SUCCESS,True
SYN-AUDIT-000565,SYN-USER-OFFICER-001,revenue_officer,DOCUMENT_INGEST,document,SYN-RES-000565,2024-02-06T13:25:00Z,Citizen evidence upload and SHA-256 vault ingest,SUCCESS,True
SYN-AUDIT-000566,SYN-USER-ADMIN-001,administrator,VALIDATION_RUN,validation_case,SYN-CASE-000566,2024-03-07T14:26:00Z,Automated multi-field statutory comparison pipeline,SUCCESS,True
SYN-AUDIT-000567,SYSTEM-VALIDATION-ENGINE,system_engine,CASE_REVIEW,validation_case,SYN-CASE-000567,2024-04-08T15:27:00Z,Revenue officer inspected cadastral discrepancy,REVIEW_REQUIRED,True
SYN-AUDIT-000568,SYN-USER-CITIZEN-001,citizen,DECISION_RECORDED,validation_case,SYN-CASE-000568,2024-05-09T16:28:00Z,Officer adjudication recorded in case log,SUCCESS,True
SYN-AUDIT-000569,SYN-USER-OFFICER-001,revenue_officer,MUTATION_AUDIT,mutation,SYN-RES-000569,2024-06-10T17:29:00Z,Review of mutation notice period under Sec 129 KLRA,SUCCESS,True
SYN-AUDIT-000570,SYN-USER-ADMIN-001,administrator,DOCUMENT_INGEST,document,SYN-RES-000570,2024-07-11T18:30:00Z,Citizen evidence upload and SHA-256 vault ingest,SUCCESS,True
SYN-AUDIT-000571,SYSTEM-VALIDATION-ENGINE,system_engine,VALIDATION_RUN,validation_case,SYN-CASE-000571,2024-08-12T19:31:00Z,Automated multi-field statutory comparison pipeline,SUCCESS,True
SYN-AUDIT-000572,SYN-USER-CITIZEN-001,citizen,CASE_REVIEW,validation_case,SYN-CASE-000572,2024-09-13T20:32:00Z,Revenue officer inspected cadastral discrepancy,REVIEW_REQUIRED,True
SYN-AUDIT-000573,SYN-USER-OFFICER-001,revenue_officer,DECISION_RECORDED,validation_case,SYN-CASE-000573,2024-10-14T21:33:00Z,Officer adjudication recorded in case log,SUCCESS,True
SYN-AUDIT-000574,SYN-USER-ADMIN-001,administrator,MUTATION_AUDIT,mutation,SYN-RES-000574,2024-11-15T22:34:00Z,Review of mutation notice period under Sec 129 KLRA,SUCCESS,True
SYN-AUDIT-000575,SYSTEM-VALIDATION-ENGINE,system_engine,DOCUMENT_INGEST,document,SYN-RES-000575,2024-12-16T23:35:00Z,Citizen evidence upload and SHA-256 vault ingest,SUCCESS,True
SYN-AUDIT-000576,SYN-USER-CITIZEN-001,citizen,VALIDATION_RUN,validation_case,SYN-CASE-000576,2024-01-17T00:36:00Z,Automated multi-field statutory comparison pipeline,SUCCESS,True
SYN-AUDIT-000577,SYN-USER-OFFICER-001,revenue_officer,CASE_REVIEW,validation_case,SYN-CASE-000577,2024-02-18T01:37:00Z,Revenue officer inspected cadastral discrepancy,REVIEW_REQUIRED,True
SYN-AUDIT-000578,SYN-USER-ADMIN-001,administrator,DECISION_RECORDED,validation_case,SYN-CASE-000578,2024-03-19T02:38:00Z,Officer adjudication recorded in case log,SUCCESS,True
SYN-AUDIT-000579,SYSTEM-VALIDATION-ENGINE,system_engine,MUTATION_AUDIT,mutation,SYN-RES-000579,2024-04-20T03:39:00Z,Review of mutation notice period under Sec 129 KLRA,SUCCESS,True
SYN-AUDIT-000580,SYN-USER-CITIZEN-001,citizen,DOCUMENT_INGEST,document,SYN-RES-000580,2024-05-21T04:40:00Z,Citizen evidence upload and SHA-256 vault ingest,SUCCESS,True
SYN-AUDIT-000581,SYN-USER-OFFICER-001,revenue_officer,VALIDATION_RUN,validation_case,SYN-CASE-000581,2024-06-22T05:41:00Z,Automated multi-field statutory comparison pipeline,SUCCESS,True
SYN-AUDIT-000582,SYN-USER-ADMIN-001,administrator,CASE_REVIEW,validation_case,SYN-CASE-000582,2024-07-23T06:42:00Z,Revenue officer inspected cadastral discrepancy,REVIEW_REQUIRED,True
SYN-AUDIT-000583,SYSTEM-VALIDATION-ENGINE,system_engine,DECISION_RECORDED,validation_case,SYN-CASE-000583,2024-08-24T07:43:00Z,Officer adjudication recorded in case log,SUCCESS,True
SYN-AUDIT-000584,SYN-USER-CITIZEN-001,citizen,MUTATION_AUDIT,mutation,SYN-RES-000584,2024-09-25T08:44:00Z,Review of mutation notice period under Sec 129 KLRA,SUCCESS,True
SYN-AUDIT-000585,SYN-USER-OFFICER-001,revenue_officer,DOCUMENT_INGEST,document,SYN-RES-000585,2024-10-26T09:45:00Z,Citizen evidence upload and SHA-256 vault ingest,SUCCESS,True
SYN-AUDIT-000586,SYN-USER-ADMIN-001,administrator,VALIDATION_RUN,validation_case,SYN-CASE-000586,2024-11-27T10:46:00Z,Automated multi-field statutory comparison pipeline,SUCCESS,True
SYN-AUDIT-000587,SYSTEM-VALIDATION-ENGINE,system_engine,CASE_REVIEW,validation_case,SYN-CASE-000587,2024-12-28T11:47:00Z,Revenue officer inspected cadastral discrepancy,REVIEW_REQUIRED,True
SYN-AUDIT-000588,SYN-USER-CITIZEN-001,citizen,DECISION_RECORDED,validation_case,SYN-CASE-000588,2024-01-01T12:48:00Z,Officer adjudication recorded in case log,SUCCESS,True
SYN-AUDIT-000589,SYN-USER-OFFICER-001,revenue_officer,MUTATION_AUDIT,mutation,SYN-RES-000589,2024-02-02T13:49:00Z,Review of mutation notice period under Sec 129 KLRA,SUCCESS,True
SYN-AUDIT-000590,SYN-USER-ADMIN-001,administrator,DOCUMENT_INGEST,document,SYN-RES-000590,2024-03-03T14:50:00Z,Citizen evidence upload and SHA-256 vault ingest,SUCCESS,True
SYN-AUDIT-000591,SYSTEM-VALIDATION-ENGINE,system_engine,VALIDATION_RUN,validation_case,SYN-CASE-000591,2024-04-04T15:51:00Z,Automated multi-field statutory comparison pipeline,SUCCESS,True
SYN-AUDIT-000592,SYN-USER-CITIZEN-001,citizen,CASE_REVIEW,validation_case,SYN-CASE-000592,2024-05-05T16:52:00Z,Revenue officer inspected cadastral discrepancy,REVIEW_REQUIRED,True
SYN-AUDIT-000593,SYN-USER-OFFICER-001,revenue_officer,DECISION_RECORDED,validation_case,SYN-CASE-000593,2024-06-06T17:53:00Z,Officer adjudication recorded in case log,SUCCESS,True
SYN-AUDIT-000594,SYN-USER-ADMIN-001,administrator,MUTATION_AUDIT,mutation,SYN-RES-000594,2024-07-07T18:54:00Z,Review of mutation notice period under Sec 129 KLRA,SUCCESS,True
SYN-AUDIT-000595,SYSTEM-VALIDATION-ENGINE,system_engine,DOCUMENT_INGEST,document,SYN-RES-000595,2024-08-08T19:55:00Z,Citizen evidence upload and SHA-256 vault ingest,SUCCESS,True
SYN-AUDIT-000596,SYN-USER-CITIZEN-001,citizen,VALIDATION_RUN,validation_case,SYN-CASE-000596,2024-09-09T20:56:00Z,Automated multi-field statutory comparison pipeline,SUCCESS,True
SYN-AUDIT-000597,SYN-USER-OFFICER-001,revenue_officer,CASE_REVIEW,validation_case,SYN-CASE-000597,2024-10-10T21:57:00Z,Revenue officer inspected cadastral discrepancy,REVIEW_REQUIRED,True
SYN-AUDIT-000598,SYN-USER-ADMIN-001,administrator,DECISION_RECORDED,validation_case,SYN-CASE-000598,2024-11-11T22:58:00Z,Officer adjudication recorded in case log,SUCCESS,True
SYN-AUDIT-000599,SYSTEM-VALIDATION-ENGINE,system_engine,MUTATION_AUDIT,mutation,SYN-RES-000599,2024-12-12T23:59:00Z,Review of mutation notice period under Sec 129 KLRA,SUCCESS,True
SYN-AUDIT-000600,SYN-USER-CITIZEN-001,citizen,DOCUMENT_INGEST,document,SYN-RES-000600,2024-01-13T00:00:00Z,Citizen evidence upload and SHA-256 vault ingest,SUCCESS,True
SYN-AUDIT-000601,SYN-USER-OFFICER-001,revenue_officer,VALIDATION_RUN,validation_case,SYN-CASE-000601,2024-02-14T01:01:00Z,Automated multi-field statutory comparison pipeline,SUCCESS,True
SYN-AUDIT-000602,SYN-USER-ADMIN-001,administrator,CASE_REVIEW,validation_case,SYN-CASE-000602,2024-03-15T02:02:00Z,Revenue officer inspected cadastral discrepancy,REVIEW_REQUIRED,True
SYN-AUDIT-000603,SYSTEM-VALIDATION-ENGINE,system_engine,DECISION_RECORDED,validation_case,SYN-CASE-000603,2024-04-16T03:03:00Z,Officer adjudication recorded in case log,SUCCESS,True
SYN-AUDIT-000604,SYN-USER-CITIZEN-001,citizen,MUTATION_AUDIT,mutation,SYN-RES-000604,2024-05-17T04:04:00Z,Review of mutation notice period under Sec 129 KLRA,SUCCESS,True
SYN-AUDIT-000605,SYN-USER-OFFICER-001,revenue_officer,DOCUMENT_INGEST,document,SYN-RES-000605,2024-06-18T05:05:00Z,Citizen evidence upload and SHA-256 vault ingest,SUCCESS,True
SYN-AUDIT-000606,SYN-USER-ADMIN-001,administrator,VALIDATION_RUN,validation_case,SYN-CASE-000606,2024-07-19T06:06:00Z,Automated multi-field statutory comparison pipeline,SUCCESS,True
SYN-AUDIT-000607,SYSTEM-VALIDATION-ENGINE,system_engine,CASE_REVIEW,validation_case,SYN-CASE-000607,2024-08-20T07:07:00Z,Revenue officer inspected cadastral discrepancy,REVIEW_REQUIRED,True
SYN-AUDIT-000608,SYN-USER-CITIZEN-001,citizen,DECISION_RECORDED,validation_case,SYN-CASE-000608,2024-09-21T08:08:00Z,Officer adjudication recorded in case log,SUCCESS,True
SYN-AUDIT-000609,SYN-USER-OFFICER-001,revenue_officer,MUTATION_AUDIT,mutation,SYN-RES-000609,2024-10-22T09:09:00Z,Review of mutation notice period under Sec 129 KLRA,SUCCESS,True
SYN-AUDIT-000610,SYN-USER-ADMIN-001,administrator,DOCUMENT_INGEST,document,SYN-RES-000610,2024-11-23T10:10:00Z,Citizen evidence upload and SHA-256 vault ingest,SUCCESS,True
SYN-AUDIT-000611,SYSTEM-VALIDATION-ENGINE,system_engine,VALIDATION_RUN,validation_case,SYN-CASE-000611,2024-12-24T11:11:00Z,Automated multi-field statutory comparison pipeline,SUCCESS,True
SYN-AUDIT-000612,SYN-USER-CITIZEN-001,citizen,CASE_REVIEW,validation_case,SYN-CASE-000612,2024-01-25T12:12:00Z,Revenue officer inspected cadastral discrepancy,REVIEW_REQUIRED,True
SYN-AUDIT-000613,SYN-USER-OFFICER-001,revenue_officer,DECISION_RECORDED,validation_case,SYN-CASE-000613,2024-02-26T13:13:00Z,Officer adjudication recorded in case log,SUCCESS,True
SYN-AUDIT-000614,SYN-USER-ADMIN-001,administrator,MUTATION_AUDIT,mutation,SYN-RES-000614,2024-03-27T14:14:00Z,Review of mutation notice period under Sec 129 KLRA,SUCCESS,True
SYN-AUDIT-000615,SYSTEM-VALIDATION-ENGINE,system_engine,DOCUMENT_INGEST,document,SYN-RES-000615,2024-04-28T15:15:00Z,Citizen evidence upload and SHA-256 vault ingest,SUCCESS,True
SYN-AUDIT-000616,SYN-USER-CITIZEN-001,citizen,VALIDATION_RUN,validation_case,SYN-CASE-000616,2024-05-01T16:16:00Z,Automated multi-field statutory comparison pipeline,SUCCESS,True
SYN-AUDIT-000617,SYN-USER-OFFICER-001,revenue_officer,CASE_REVIEW,validation_case,SYN-CASE-000617,2024-06-02T17:17:00Z,Revenue officer inspected cadastral discrepancy,REVIEW_REQUIRED,True
SYN-AUDIT-000618,SYN-USER-ADMIN-001,administrator,DECISION_RECORDED,validation_case,SYN-CASE-000618,2024-07-03T18:18:00Z,Officer adjudication recorded in case log,SUCCESS,True
SYN-AUDIT-000619,SYSTEM-VALIDATION-ENGINE,system_engine,MUTATION_AUDIT,mutation,SYN-RES-000619,2024-08-04T19:19:00Z,Review of mutation notice period under Sec 129 KLRA,SUCCESS,True
SYN-AUDIT-000620,SYN-USER-CITIZEN-001,citizen,DOCUMENT_INGEST,document,SYN-RES-000620,2024-09-05T20:20:00Z,Citizen evidence upload and SHA-256 vault ingest,SUCCESS,True
SYN-AUDIT-000621,SYN-USER-OFFICER-001,revenue_officer,VALIDATION_RUN,validation_case,SYN-CASE-000621,2024-10-06T21:21:00Z,Automated multi-field statutory comparison pipeline,SUCCESS,True
SYN-AUDIT-000622,SYN-USER-ADMIN-001,administrator,CASE_REVIEW,validation_case,SYN-CASE-000622,2024-11-07T22:22:00Z,Revenue officer inspected cadastral discrepancy,REVIEW_REQUIRED,True
SYN-AUDIT-000623,SYSTEM-VALIDATION-ENGINE,system_engine,DECISION_RECORDED,validation_case,SYN-CASE-000623,2024-12-08T23:23:00Z,Officer adjudication recorded in case log,SUCCESS,True
SYN-AUDIT-000624,SYN-USER-CITIZEN-001,citizen,MUTATION_AUDIT,mutation,SYN-RES-000624,2024-01-09T00:24:00Z,Review of mutation notice period under Sec 129 KLRA,SUCCESS,True
SYN-AUDIT-000625,SYN-USER-OFFICER-001,revenue_officer,DOCUMENT_INGEST,document,SYN-RES-000625,2024-02-10T01:25:00Z,Citizen evidence upload and SHA-256 vault ingest,SUCCESS,True
SYN-AUDIT-000626,SYN-USER-ADMIN-001,administrator,VALIDATION_RUN,validation_case,SYN-CASE-000626,2024-03-11T02:26:00Z,Automated multi-field statutory comparison pipeline,SUCCESS,True
SYN-AUDIT-000627,SYSTEM-VALIDATION-ENGINE,system_engine,CASE_REVIEW,validation_case,SYN-CASE-000627,2024-04-12T03:27:00Z,Revenue officer inspected cadastral discrepancy,REVIEW_REQUIRED,True
SYN-AUDIT-000628,SYN-USER-CITIZEN-001,citizen,DECISION_RECORDED,validation_case,SYN-CASE-000628,2024-05-13T04:28:00Z,Officer adjudication recorded in case log,SUCCESS,True
SYN-AUDIT-000629,SYN-USER-OFFICER-001,revenue_officer,MUTATION_AUDIT,mutation,SYN-RES-000629,2024-06-14T05:29:00Z,Review of mutation notice period under Sec 129 KLRA,SUCCESS,True
SYN-AUDIT-000630,SYN-USER-ADMIN-001,administrator,DOCUMENT_INGEST,document,SYN-RES-000630,2024-07-15T06:30:00Z,Citizen evidence upload and SHA-256 vault ingest,SUCCESS,True
SYN-AUDIT-000631,SYSTEM-VALIDATION-ENGINE,system_engine,VALIDATION_RUN,validation_case,SYN-CASE-000631,2024-08-16T07:31:00Z,Automated multi-field statutory comparison pipeline,SUCCESS,True
SYN-AUDIT-000632,SYN-USER-CITIZEN-001,citizen,CASE_REVIEW,validation_case,SYN-CASE-000632,2024-09-17T08:32:00Z,Revenue officer inspected cadastral discrepancy,REVIEW_REQUIRED,True
SYN-AUDIT-000633,SYN-USER-OFFICER-001,revenue_officer,DECISION_RECORDED,validation_case,SYN-CASE-000633,2024-10-18T09:33:00Z,Officer adjudication recorded in case log,SUCCESS,True
SYN-AUDIT-000634,SYN-USER-ADMIN-001,administrator,MUTATION_AUDIT,mutation,SYN-RES-000634,2024-11-19T10:34:00Z,Review of mutation notice period under Sec 129 KLRA,SUCCESS,True
SYN-AUDIT-000635,SYSTEM-VALIDATION-ENGINE,system_engine,DOCUMENT_INGEST,document,SYN-RES-000635,2024-12-20T11:35:00Z,Citizen evidence upload and SHA-256 vault ingest,SUCCESS,True
SYN-AUDIT-000636,SYN-USER-CITIZEN-001,citizen,VALIDATION_RUN,validation_case,SYN-CASE-000636,2024-01-21T12:36:00Z,Automated multi-field statutory comparison pipeline,SUCCESS,True
SYN-AUDIT-000637,SYN-USER-OFFICER-001,revenue_officer,CASE_REVIEW,validation_case,SYN-CASE-000637,2024-02-22T13:37:00Z,Revenue officer inspected cadastral discrepancy,REVIEW_REQUIRED,True
SYN-AUDIT-000638,SYN-USER-ADMIN-001,administrator,DECISION_RECORDED,validation_case,SYN-CASE-000638,2024-03-23T14:38:00Z,Officer adjudication recorded in case log,SUCCESS,True
SYN-AUDIT-000639,SYSTEM-VALIDATION-ENGINE,system_engine,MUTATION_AUDIT,mutation,SYN-RES-000639,2024-04-24T15:39:00Z,Review of mutation notice period under Sec 129 KLRA,SUCCESS,True
SYN-AUDIT-000640,SYN-USER-CITIZEN-001,citizen,DOCUMENT_INGEST,document,SYN-RES-000640,2024-05-25T16:40:00Z,Citizen evidence upload and SHA-256 vault ingest,SUCCESS,True
SYN-AUDIT-000641,SYN-USER-OFFICER-001,revenue_officer,VALIDATION_RUN,validation_case,SYN-CASE-000641,2024-06-26T17:41:00Z,Automated multi-field statutory comparison pipeline,SUCCESS,True
SYN-AUDIT-000642,SYN-USER-ADMIN-001,administrator,CASE_REVIEW,validation_case,SYN-CASE-000642,2024-07-27T18:42:00Z,Revenue officer inspected cadastral discrepancy,REVIEW_REQUIRED,True
SYN-AUDIT-000643,SYSTEM-VALIDATION-ENGINE,system_engine,DECISION_RECORDED,validation_case,SYN-CASE-000643,2024-08-28T19:43:00Z,Officer adjudication recorded in case log,SUCCESS,True
SYN-AUDIT-000644,SYN-USER-CITIZEN-001,citizen,MUTATION_AUDIT,mutation,SYN-RES-000644,2024-09-01T20:44:00Z,Review of mutation notice period under Sec 129 KLRA,SUCCESS,True
SYN-AUDIT-000645,SYN-USER-OFFICER-001,revenue_officer,DOCUMENT_INGEST,document,SYN-RES-000645,2024-10-02T21:45:00Z,Citizen evidence upload and SHA-256 vault ingest,SUCCESS,True
SYN-AUDIT-000646,SYN-USER-ADMIN-001,administrator,VALIDATION_RUN,validation_case,SYN-CASE-000646,2024-11-03T22:46:00Z,Automated multi-field statutory comparison pipeline,SUCCESS,True
SYN-AUDIT-000647,SYSTEM-VALIDATION-ENGINE,system_engine,CASE_REVIEW,validation_case,SYN-CASE-000647,2024-12-04T23:47:00Z,Revenue officer inspected cadastral discrepancy,REVIEW_REQUIRED,True
SYN-AUDIT-000648,SYN-USER-CITIZEN-001,citizen,DECISION_RECORDED,validation_case,SYN-CASE-000648,2024-01-05T00:48:00Z,Officer adjudication recorded in case log,SUCCESS,True
SYN-AUDIT-000649,SYN-USER-OFFICER-001,revenue_officer,MUTATION_AUDIT,mutation,SYN-RES-000649,2024-02-06T01:49:00Z,Review of mutation notice period under Sec 129 KLRA,SUCCESS,True
SYN-AUDIT-000650,SYN-USER-ADMIN-001,administrator,DOCUMENT_INGEST,document,SYN-RES-000650,2024-03-07T02:50:00Z,Citizen evidence upload and SHA-256 vault ingest,SUCCESS,True
SYN-AUDIT-000651,SYSTEM-VALIDATION-ENGINE,system_engine,VALIDATION_RUN,validation_case,SYN-CASE-000651,2024-04-08T03:51:00Z,Automated multi-field statutory comparison pipeline,SUCCESS,True
SYN-AUDIT-000652,SYN-USER-CITIZEN-001,citizen,CASE_REVIEW,validation_case,SYN-CASE-000652,2024-05-09T04:52:00Z,Revenue officer inspected cadastral discrepancy,REVIEW_REQUIRED,True
SYN-AUDIT-000653,SYN-USER-OFFICER-001,revenue_officer,DECISION_RECORDED,validation_case,SYN-CASE-000653,2024-06-10T05:53:00Z,Officer adjudication recorded in case log,SUCCESS,True
SYN-AUDIT-000654,SYN-USER-ADMIN-001,administrator,MUTATION_AUDIT,mutation,SYN-RES-000654,2024-07-11T06:54:00Z,Review of mutation notice period under Sec 129 KLRA,SUCCESS,True
SYN-AUDIT-000655,SYSTEM-VALIDATION-ENGINE,system_engine,DOCUMENT_INGEST,document,SYN-RES-000655,2024-08-12T07:55:00Z,Citizen evidence upload and SHA-256 vault ingest,SUCCESS,True
SYN-AUDIT-000656,SYN-USER-CITIZEN-001,citizen,VALIDATION_RUN,validation_case,SYN-CASE-000656,2024-09-13T08:56:00Z,Automated multi-field statutory comparison pipeline,SUCCESS,True
SYN-AUDIT-000657,SYN-USER-OFFICER-001,revenue_officer,CASE_REVIEW,validation_case,SYN-CASE-000657,2024-10-14T09:57:00Z,Revenue officer inspected cadastral discrepancy,REVIEW_REQUIRED,True
SYN-AUDIT-000658,SYN-USER-ADMIN-001,administrator,DECISION_RECORDED,validation_case,SYN-CASE-000658,2024-11-15T10:58:00Z,Officer adjudication recorded in case log,SUCCESS,True
SYN-AUDIT-000659,SYSTEM-VALIDATION-ENGINE,system_engine,MUTATION_AUDIT,mutation,SYN-RES-000659,2024-12-16T11:59:00Z,Review of mutation notice period under Sec 129 KLRA,SUCCESS,True
SYN-AUDIT-000660,SYN-USER-CITIZEN-001,citizen,DOCUMENT_INGEST,document,SYN-RES-000660,2024-01-17T12:00:00Z,Citizen evidence upload and SHA-256 vault ingest,SUCCESS,True
SYN-AUDIT-000661,SYN-USER-OFFICER-001,revenue_officer,VALIDATION_RUN,validation_case,SYN-CASE-000661,2024-02-18T13:01:00Z,Automated multi-field statutory comparison pipeline,SUCCESS,True
SYN-AUDIT-000662,SYN-USER-ADMIN-001,administrator,CASE_REVIEW,validation_case,SYN-CASE-000662,2024-03-19T14:02:00Z,Revenue officer inspected cadastral discrepancy,REVIEW_REQUIRED,True
SYN-AUDIT-000663,SYSTEM-VALIDATION-ENGINE,system_engine,DECISION_RECORDED,validation_case,SYN-CASE-000663,2024-04-20T15:03:00Z,Officer adjudication recorded in case log,SUCCESS,True
SYN-AUDIT-000664,SYN-USER-CITIZEN-001,citizen,MUTATION_AUDIT,mutation,SYN-RES-000664,2024-05-21T16:04:00Z,Review of mutation notice period under Sec 129 KLRA,SUCCESS,True
SYN-AUDIT-000665,SYN-USER-OFFICER-001,revenue_officer,DOCUMENT_INGEST,document,SYN-RES-000665,2024-06-22T17:05:00Z,Citizen evidence upload and SHA-256 vault ingest,SUCCESS,True
SYN-AUDIT-000666,SYN-USER-ADMIN-001,administrator,VALIDATION_RUN,validation_case,SYN-CASE-000666,2024-07-23T18:06:00Z,Automated multi-field statutory comparison pipeline,SUCCESS,True
SYN-AUDIT-000667,SYSTEM-VALIDATION-ENGINE,system_engine,CASE_REVIEW,validation_case,SYN-CASE-000667,2024-08-24T19:07:00Z,Revenue officer inspected cadastral discrepancy,REVIEW_REQUIRED,True
SYN-AUDIT-000668,SYN-USER-CITIZEN-001,citizen,DECISION_RECORDED,validation_case,SYN-CASE-000668,2024-09-25T20:08:00Z,Officer adjudication recorded in case log,SUCCESS,True
SYN-AUDIT-000669,SYN-USER-OFFICER-001,revenue_officer,MUTATION_AUDIT,mutation,SYN-RES-000669,2024-10-26T21:09:00Z,Review of mutation notice period under Sec 129 KLRA,SUCCESS,True
SYN-AUDIT-000670,SYN-USER-ADMIN-001,administrator,DOCUMENT_INGEST,document,SYN-RES-000670,2024-11-27T22:10:00Z,Citizen evidence upload and SHA-256 vault ingest,SUCCESS,True
SYN-AUDIT-000671,SYSTEM-VALIDATION-ENGINE,system_engine,VALIDATION_RUN,validation_case,SYN-CASE-000671,2024-12-28T23:11:00Z,Automated multi-field statutory comparison pipeline,SUCCESS,True
SYN-AUDIT-000672,SYN-USER-CITIZEN-001,citizen,CASE_REVIEW,validation_case,SYN-CASE-000672,2024-01-01T00:12:00Z,Revenue officer inspected cadastral discrepancy,REVIEW_REQUIRED,True
SYN-AUDIT-000673,SYN-USER-OFFICER-001,revenue_officer,DECISION_RECORDED,validation_case,SYN-CASE-000673,2024-02-02T01:13:00Z,Officer adjudication recorded in case log,SUCCESS,True
SYN-AUDIT-000674,SYN-USER-ADMIN-001,administrator,MUTATION_AUDIT,mutation,SYN-RES-000674,2024-03-03T02:14:00Z,Review of mutation notice period under Sec 129 KLRA,SUCCESS,True
SYN-AUDIT-000675,SYSTEM-VALIDATION-ENGINE,system_engine,DOCUMENT_INGEST,document,SYN-RES-000675,2024-04-04T03:15:00Z,Citizen evidence upload and SHA-256 vault ingest,SUCCESS,True
SYN-AUDIT-000676,SYN-USER-CITIZEN-001,citizen,VALIDATION_RUN,validation_case,SYN-CASE-000676,2024-05-05T04:16:00Z,Automated multi-field statutory comparison pipeline,SUCCESS,True
SYN-AUDIT-000677,SYN-USER-OFFICER-001,revenue_officer,CASE_REVIEW,validation_case,SYN-CASE-000677,2024-06-06T05:17:00Z,Revenue officer inspected cadastral discrepancy,REVIEW_REQUIRED,True
SYN-AUDIT-000678,SYN-USER-ADMIN-001,administrator,DECISION_RECORDED,validation_case,SYN-CASE-000678,2024-07-07T06:18:00Z,Officer adjudication recorded in case log,SUCCESS,True
SYN-AUDIT-000679,SYSTEM-VALIDATION-ENGINE,system_engine,MUTATION_AUDIT,mutation,SYN-RES-000679,2024-08-08T07:19:00Z,Review of mutation notice period under Sec 129 KLRA,SUCCESS,True
SYN-AUDIT-000680,SYN-USER-CITIZEN-001,citizen,DOCUMENT_INGEST,document,SYN-RES-000680,2024-09-09T08:20:00Z,Citizen evidence upload and SHA-256 vault ingest,SUCCESS,True
SYN-AUDIT-000681,SYN-USER-OFFICER-001,revenue_officer,VALIDATION_RUN,validation_case,SYN-CASE-000681,2024-10-10T09:21:00Z,Automated multi-field statutory comparison pipeline,SUCCESS,True
SYN-AUDIT-000682,SYN-USER-ADMIN-001,administrator,CASE_REVIEW,validation_case,SYN-CASE-000682,2024-11-11T10:22:00Z,Revenue officer inspected cadastral discrepancy,REVIEW_REQUIRED,True
SYN-AUDIT-000683,SYSTEM-VALIDATION-ENGINE,system_engine,DECISION_RECORDED,validation_case,SYN-CASE-000683,2024-12-12T11:23:00Z,Officer adjudication recorded in case log,SUCCESS,True
SYN-AUDIT-000684,SYN-USER-CITIZEN-001,citizen,MUTATION_AUDIT,mutation,SYN-RES-000684,2024-01-13T12:24:00Z,Review of mutation notice period under Sec 129 KLRA,SUCCESS,True
SYN-AUDIT-000685,SYN-USER-OFFICER-001,revenue_officer,DOCUMENT_INGEST,document,SYN-RES-000685,2024-02-14T13:25:00Z,Citizen evidence upload and SHA-256 vault ingest,SUCCESS,True
SYN-AUDIT-000686,SYN-USER-ADMIN-001,administrator,VALIDATION_RUN,validation_case,SYN-CASE-000686,2024-03-15T14:26:00Z,Automated multi-field statutory comparison pipeline,SUCCESS,True
SYN-AUDIT-000687,SYSTEM-VALIDATION-ENGINE,system_engine,CASE_REVIEW,validation_case,SYN-CASE-000687,2024-04-16T15:27:00Z,Revenue officer inspected cadastral discrepancy,REVIEW_REQUIRED,True
SYN-AUDIT-000688,SYN-USER-CITIZEN-001,citizen,DECISION_RECORDED,validation_case,SYN-CASE-000688,2024-05-17T16:28:00Z,Officer adjudication recorded in case log,SUCCESS,True
SYN-AUDIT-000689,SYN-USER-OFFICER-001,revenue_officer,MUTATION_AUDIT,mutation,SYN-RES-000689,2024-06-18T17:29:00Z,Review of mutation notice period under Sec 129 KLRA,SUCCESS,True
SYN-AUDIT-000690,SYN-USER-ADMIN-001,administrator,DOCUMENT_INGEST,document,SYN-RES-000690,2024-07-19T18:30:00Z,Citizen evidence upload and SHA-256 vault ingest,SUCCESS,True
SYN-AUDIT-000691,SYSTEM-VALIDATION-ENGINE,system_engine,VALIDATION_RUN,validation_case,SYN-CASE-000691,2024-08-20T19:31:00Z,Automated multi-field statutory comparison pipeline,SUCCESS,True
SYN-AUDIT-000692,SYN-USER-CITIZEN-001,citizen,CASE_REVIEW,validation_case,SYN-CASE-000692,2024-09-21T20:32:00Z,Revenue officer inspected cadastral discrepancy,REVIEW_REQUIRED,True
SYN-AUDIT-000693,SYN-USER-OFFICER-001,revenue_officer,DECISION_RECORDED,validation_case,SYN-CASE-000693,2024-10-22T21:33:00Z,Officer adjudication recorded in case log,SUCCESS,True
SYN-AUDIT-000694,SYN-USER-ADMIN-001,administrator,MUTATION_AUDIT,mutation,SYN-RES-000694,2024-11-23T22:34:00Z,Review of mutation notice period under Sec 129 KLRA,SUCCESS,True
SYN-AUDIT-000695,SYSTEM-VALIDATION-ENGINE,system_engine,DOCUMENT_INGEST,document,SYN-RES-000695,2024-12-24T23:35:00Z,Citizen evidence upload and SHA-256 vault ingest,SUCCESS,True
SYN-AUDIT-000696,SYN-USER-CITIZEN-001,citizen,VALIDATION_RUN,validation_case,SYN-CASE-000696,2024-01-25T00:36:00Z,Automated multi-field statutory comparison pipeline,SUCCESS,True
SYN-AUDIT-000697,SYN-USER-OFFICER-001,revenue_officer,CASE_REVIEW,validation_case,SYN-CASE-000697,2024-02-26T01:37:00Z,Revenue officer inspected cadastral discrepancy,REVIEW_REQUIRED,True
SYN-AUDIT-000698,SYN-USER-ADMIN-001,administrator,DECISION_RECORDED,validation_case,SYN-CASE-000698,2024-03-27T02:38:00Z,Officer adjudication recorded in case log,SUCCESS,True
SYN-AUDIT-000699,SYSTEM-VALIDATION-ENGINE,system_engine,MUTATION_AUDIT,mutation,SYN-RES-000699,2024-04-28T03:39:00Z,Review of mutation notice period under Sec 129 KLRA,SUCCESS,True
SYN-AUDIT-000700,SYN-USER-CITIZEN-001,citizen,DOCUMENT_INGEST,document,SYN-RES-000700,2024-05-01T04:40:00Z,Citizen evidence upload and SHA-256 vault ingest,SUCCESS,True
SYN-AUDIT-000701,SYN-USER-OFFICER-001,revenue_officer,VALIDATION_RUN,validation_case,SYN-CASE-000701,2024-06-02T05:41:00Z,Automated multi-field statutory comparison pipeline,SUCCESS,True
SYN-AUDIT-000702,SYN-USER-ADMIN-001,administrator,CASE_REVIEW,validation_case,SYN-CASE-000702,2024-07-03T06:42:00Z,Revenue officer inspected cadastral discrepancy,REVIEW_REQUIRED,True
SYN-AUDIT-000703,SYSTEM-VALIDATION-ENGINE,system_engine,DECISION_RECORDED,validation_case,SYN-CASE-000703,2024-08-04T07:43:00Z,Officer adjudication recorded in case log,SUCCESS,True
SYN-AUDIT-000704,SYN-USER-CITIZEN-001,citizen,MUTATION_AUDIT,mutation,SYN-RES-000704,2024-09-05T08:44:00Z,Review of mutation notice period under Sec 129 KLRA,SUCCESS,True
SYN-AUDIT-000705,SYN-USER-OFFICER-001,revenue_officer,DOCUMENT_INGEST,document,SYN-RES-000705,2024-10-06T09:45:00Z,Citizen evidence upload and SHA-256 vault ingest,SUCCESS,True
SYN-AUDIT-000706,SYN-USER-ADMIN-001,administrator,VALIDATION_RUN,validation_case,SYN-CASE-000706,2024-11-07T10:46:00Z,Automated multi-field statutory comparison pipeline,SUCCESS,True
SYN-AUDIT-000707,SYSTEM-VALIDATION-ENGINE,system_engine,CASE_REVIEW,validation_case,SYN-CASE-000707,2024-12-08T11:47:00Z,Revenue officer inspected cadastral discrepancy,REVIEW_REQUIRED,True
SYN-AUDIT-000708,SYN-USER-CITIZEN-001,citizen,DECISION_RECORDED,validation_case,SYN-CASE-000708,2024-01-09T12:48:00Z,Officer adjudication recorded in case log,SUCCESS,True
SYN-AUDIT-000709,SYN-USER-OFFICER-001,revenue_officer,MUTATION_AUDIT,mutation,SYN-RES-000709,2024-02-10T13:49:00Z,Review of mutation notice period under Sec 129 KLRA,SUCCESS,True
SYN-AUDIT-000710,SYN-USER-ADMIN-001,administrator,DOCUMENT_INGEST,document,SYN-RES-000710,2024-03-11T14:50:00Z,Citizen evidence upload and SHA-256 vault ingest,SUCCESS,True
SYN-AUDIT-000711,SYSTEM-VALIDATION-ENGINE,system_engine,VALIDATION_RUN,validation_case,SYN-CASE-000711,2024-04-12T15:51:00Z,Automated multi-field statutory comparison pipeline,SUCCESS,True
SYN-AUDIT-000712,SYN-USER-CITIZEN-001,citizen,CASE_REVIEW,validation_case,SYN-CASE-000712,2024-05-13T16:52:00Z,Revenue officer inspected cadastral discrepancy,REVIEW_REQUIRED,True
SYN-AUDIT-000713,SYN-USER-OFFICER-001,revenue_officer,DECISION_RECORDED,validation_case,SYN-CASE-000713,2024-06-14T17:53:00Z,Officer adjudication recorded in case log,SUCCESS,True
SYN-AUDIT-000714,SYN-USER-ADMIN-001,administrator,MUTATION_AUDIT,mutation,SYN-RES-000714,2024-07-15T18:54:00Z,Review of mutation notice period under Sec 129 KLRA,SUCCESS,True
SYN-AUDIT-000715,SYSTEM-VALIDATION-ENGINE,system_engine,DOCUMENT_INGEST,document,SYN-RES-000715,2024-08-16T19:55:00Z,Citizen evidence upload and SHA-256 vault ingest,SUCCESS,True
SYN-AUDIT-000716,SYN-USER-CITIZEN-001,citizen,VALIDATION_RUN,validation_case,SYN-CASE-000716,2024-09-17T20:56:00Z,Automated multi-field statutory comparison pipeline,SUCCESS,True
SYN-AUDIT-000717,SYN-USER-OFFICER-001,revenue_officer,CASE_REVIEW,validation_case,SYN-CASE-000717,2024-10-18T21:57:00Z,Revenue officer inspected cadastral discrepancy,REVIEW_REQUIRED,True
SYN-AUDIT-000718,SYN-USER-ADMIN-001,administrator,DECISION_RECORDED,validation_case,SYN-CASE-000718,2024-11-19T22:58:00Z,Officer adjudication recorded in case log,SUCCESS,True
SYN-AUDIT-000719,SYSTEM-VALIDATION-ENGINE,system_engine,MUTATION_AUDIT,mutation,SYN-RES-000719,2024-12-20T23:59:00Z,Review of mutation notice period under Sec 129 KLRA,SUCCESS,True
SYN-AUDIT-000720,SYN-USER-CITIZEN-001,citizen,DOCUMENT_INGEST,document,SYN-RES-000720,2024-01-21T00:00:00Z,Citizen evidence upload and SHA-256 vault ingest,SUCCESS,True
SYN-AUDIT-000721,SYN-USER-OFFICER-001,revenue_officer,VALIDATION_RUN,validation_case,SYN-CASE-000721,2024-02-22T01:01:00Z,Automated multi-field statutory comparison pipeline,SUCCESS,True
SYN-AUDIT-000722,SYN-USER-ADMIN-001,administrator,CASE_REVIEW,validation_case,SYN-CASE-000722,2024-03-23T02:02:00Z,Revenue officer inspected cadastral discrepancy,REVIEW_REQUIRED,True
SYN-AUDIT-000723,SYSTEM-VALIDATION-ENGINE,system_engine,DECISION_RECORDED,validation_case,SYN-CASE-000723,2024-04-24T03:03:00Z,Officer adjudication recorded in case log,SUCCESS,True
SYN-AUDIT-000724,SYN-USER-CITIZEN-001,citizen,MUTATION_AUDIT,mutation,SYN-RES-000724,2024-05-25T04:04:00Z,Review of mutation notice period under Sec 129 KLRA,SUCCESS,True
SYN-AUDIT-000725,SYN-USER-OFFICER-001,revenue_officer,DOCUMENT_INGEST,document,SYN-RES-000725,2024-06-26T05:05:00Z,Citizen evidence upload and SHA-256 vault ingest,SUCCESS,True
SYN-AUDIT-000726,SYN-USER-ADMIN-001,administrator,VALIDATION_RUN,validation_case,SYN-CASE-000726,2024-07-27T06:06:00Z,Automated multi-field statutory comparison pipeline,SUCCESS,True
SYN-AUDIT-000727,SYSTEM-VALIDATION-ENGINE,system_engine,CASE_REVIEW,validation_case,SYN-CASE-000727,2024-08-28T07:07:00Z,Revenue officer inspected cadastral discrepancy,REVIEW_REQUIRED,True
SYN-AUDIT-000728,SYN-USER-CITIZEN-001,citizen,DECISION_RECORDED,validation_case,SYN-CASE-000728,2024-09-01T08:08:00Z,Officer adjudication recorded in case log,SUCCESS,True
SYN-AUDIT-000729,SYN-USER-OFFICER-001,revenue_officer,MUTATION_AUDIT,mutation,SYN-RES-000729,2024-10-02T09:09:00Z,Review of mutation notice period under Sec 129 KLRA,SUCCESS,True
SYN-AUDIT-000730,SYN-USER-ADMIN-001,administrator,DOCUMENT_INGEST,document,SYN-RES-000730,2024-11-03T10:10:00Z,Citizen evidence upload and SHA-256 vault ingest,SUCCESS,True
SYN-AUDIT-000731,SYSTEM-VALIDATION-ENGINE,system_engine,VALIDATION_RUN,validation_case,SYN-CASE-000731,2024-12-04T11:11:00Z,Automated multi-field statutory comparison pipeline,SUCCESS,True
SYN-AUDIT-000732,SYN-USER-CITIZEN-001,citizen,CASE_REVIEW,validation_case,SYN-CASE-000732,2024-01-05T12:12:00Z,Revenue officer inspected cadastral discrepancy,REVIEW_REQUIRED,True
SYN-AUDIT-000733,SYN-USER-OFFICER-001,revenue_officer,DECISION_RECORDED,validation_case,SYN-CASE-000733,2024-02-06T13:13:00Z,Officer adjudication recorded in case log,SUCCESS,True
SYN-AUDIT-000734,SYN-USER-ADMIN-001,administrator,MUTATION_AUDIT,mutation,SYN-RES-000734,2024-03-07T14:14:00Z,Review of mutation notice period under Sec 129 KLRA,SUCCESS,True
SYN-AUDIT-000735,SYSTEM-VALIDATION-ENGINE,system_engine,DOCUMENT_INGEST,document,SYN-RES-000735,2024-04-08T15:15:00Z,Citizen evidence upload and SHA-256 vault ingest,SUCCESS,True
SYN-AUDIT-000736,SYN-USER-CITIZEN-001,citizen,VALIDATION_RUN,validation_case,SYN-CASE-000736,2024-05-09T16:16:00Z,Automated multi-field statutory comparison pipeline,SUCCESS,True
SYN-AUDIT-000737,SYN-USER-OFFICER-001,revenue_officer,CASE_REVIEW,validation_case,SYN-CASE-000737,2024-06-10T17:17:00Z,Revenue officer inspected cadastral discrepancy,REVIEW_REQUIRED,True
SYN-AUDIT-000738,SYN-USER-ADMIN-001,administrator,DECISION_RECORDED,validation_case,SYN-CASE-000738,2024-07-11T18:18:00Z,Officer adjudication recorded in case log,SUCCESS,True
SYN-AUDIT-000739,SYSTEM-VALIDATION-ENGINE,system_engine,MUTATION_AUDIT,mutation,SYN-RES-000739,2024-08-12T19:19:00Z,Review of mutation notice period under Sec 129 KLRA,SUCCESS,True
SYN-AUDIT-000740,SYN-USER-CITIZEN-001,citizen,DOCUMENT_INGEST,document,SYN-RES-000740,2024-09-13T20:20:00Z,Citizen evidence upload and SHA-256 vault ingest,SUCCESS,True
SYN-AUDIT-000741,SYN-USER-OFFICER-001,revenue_officer,VALIDATION_RUN,validation_case,SYN-CASE-000741,2024-10-14T21:21:00Z,Automated multi-field statutory comparison pipeline,SUCCESS,True
SYN-AUDIT-000742,SYN-USER-ADMIN-001,administrator,CASE_REVIEW,validation_case,SYN-CASE-000742,2024-11-15T22:22:00Z,Revenue officer inspected cadastral discrepancy,REVIEW_REQUIRED,True
SYN-AUDIT-000743,SYSTEM-VALIDATION-ENGINE,system_engine,DECISION_RECORDED,validation_case,SYN-CASE-000743,2024-12-16T23:23:00Z,Officer adjudication recorded in case log,SUCCESS,True
SYN-AUDIT-000744,SYN-USER-CITIZEN-001,citizen,MUTATION_AUDIT,mutation,SYN-RES-000744,2024-01-17T00:24:00Z,Review of mutation notice period under Sec 129 KLRA,SUCCESS,True
SYN-AUDIT-000745,SYN-USER-OFFICER-001,revenue_officer,DOCUMENT_INGEST,document,SYN-RES-000745,2024-02-18T01:25:00Z,Citizen evidence upload and SHA-256 vault ingest,SUCCESS,True
SYN-AUDIT-000746,SYN-USER-ADMIN-001,administrator,VALIDATION_RUN,validation_case,SYN-CASE-000746,2024-03-19T02:26:00Z,Automated multi-field statutory comparison pipeline,SUCCESS,True
SYN-AUDIT-000747,SYSTEM-VALIDATION-ENGINE,system_engine,CASE_REVIEW,validation_case,SYN-CASE-000747,2024-04-20T03:27:00Z,Revenue officer inspected cadastral discrepancy,REVIEW_REQUIRED,True
SYN-AUDIT-000748,SYN-USER-CITIZEN-001,citizen,DECISION_RECORDED,validation_case,SYN-CASE-000748,2024-05-21T04:28:00Z,Officer adjudication recorded in case log,SUCCESS,True
SYN-AUDIT-000749,SYN-USER-OFFICER-001,revenue_officer,MUTATION_AUDIT,mutation,SYN-RES-000749,2024-06-22T05:29:00Z,Review of mutation notice period under Sec 129 KLRA,SUCCESS,True
SYN-AUDIT-000750,SYN-USER-ADMIN-001,administrator,DOCUMENT_INGEST,document,SYN-RES-000750,2024-07-23T06:30:00Z,Citizen evidence upload and SHA-256 vault ingest,SUCCESS,True
SYN-AUDIT-000751,SYSTEM-VALIDATION-ENGINE,system_engine,VALIDATION_RUN,validation_case,SYN-CASE-000751,2024-08-24T07:31:00Z,Automated multi-field statutory comparison pipeline,SUCCESS,True
SYN-AUDIT-000752,SYN-USER-CITIZEN-001,citizen,CASE_REVIEW,validation_case,SYN-CASE-000752,2024-09-25T08:32:00Z,Revenue officer inspected cadastral discrepancy,REVIEW_REQUIRED,True
SYN-AUDIT-000753,SYN-USER-OFFICER-001,revenue_officer,DECISION_RECORDED,validation_case,SYN-CASE-000753,2024-10-26T09:33:00Z,Officer adjudication recorded in case log,SUCCESS,True
SYN-AUDIT-000754,SYN-USER-ADMIN-001,administrator,MUTATION_AUDIT,mutation,SYN-RES-000754,2024-11-27T10:34:00Z,Review of mutation notice period under Sec 129 KLRA,SUCCESS,True
SYN-AUDIT-000755,SYSTEM-VALIDATION-ENGINE,system_engine,DOCUMENT_INGEST,document,SYN-RES-000755,2024-12-28T11:35:00Z,Citizen evidence upload and SHA-256 vault ingest,SUCCESS,True
SYN-AUDIT-000756,SYN-USER-CITIZEN-001,citizen,VALIDATION_RUN,validation_case,SYN-CASE-000756,2024-01-01T12:36:00Z,Automated multi-field statutory comparison pipeline,SUCCESS,True
SYN-AUDIT-000757,SYN-USER-OFFICER-001,revenue_officer,CASE_REVIEW,validation_case,SYN-CASE-000757,2024-02-02T13:37:00Z,Revenue officer inspected cadastral discrepancy,REVIEW_REQUIRED,True
SYN-AUDIT-000758,SYN-USER-ADMIN-001,administrator,DECISION_RECORDED,validation_case,SYN-CASE-000758,2024-03-03T14:38:00Z,Officer adjudication recorded in case log,SUCCESS,True
SYN-AUDIT-000759,SYSTEM-VALIDATION-ENGINE,system_engine,MUTATION_AUDIT,mutation,SYN-RES-000759,2024-04-04T15:39:00Z,Review of mutation notice period under Sec 129 KLRA,SUCCESS,True
SYN-AUDIT-000760,SYN-USER-CITIZEN-001,citizen,DOCUMENT_INGEST,document,SYN-RES-000760,2024-05-05T16:40:00Z,Citizen evidence upload and SHA-256 vault ingest,SUCCESS,True
SYN-AUDIT-000761,SYN-USER-OFFICER-001,revenue_officer,VALIDATION_RUN,validation_case,SYN-CASE-000761,2024-06-06T17:41:00Z,Automated multi-field statutory comparison pipeline,SUCCESS,True
SYN-AUDIT-000762,SYN-USER-ADMIN-001,administrator,CASE_REVIEW,validation_case,SYN-CASE-000762,2024-07-07T18:42:00Z,Revenue officer inspected cadastral discrepancy,REVIEW_REQUIRED,True
SYN-AUDIT-000763,SYSTEM-VALIDATION-ENGINE,system_engine,DECISION_RECORDED,validation_case,SYN-CASE-000763,2024-08-08T19:43:00Z,Officer adjudication recorded in case log,SUCCESS,True
SYN-AUDIT-000764,SYN-USER-CITIZEN-001,citizen,MUTATION_AUDIT,mutation,SYN-RES-000764,2024-09-09T20:44:00Z,Review of mutation notice period under Sec 129 KLRA,SUCCESS,True
SYN-AUDIT-000765,SYN-USER-OFFICER-001,revenue_officer,DOCUMENT_INGEST,document,SYN-RES-000765,2024-10-10T21:45:00Z,Citizen evidence upload and SHA-256 vault ingest,SUCCESS,True
SYN-AUDIT-000766,SYN-USER-ADMIN-001,administrator,VALIDATION_RUN,validation_case,SYN-CASE-000766,2024-11-11T22:46:00Z,Automated multi-field statutory comparison pipeline,SUCCESS,True
SYN-AUDIT-000767,SYSTEM-VALIDATION-ENGINE,system_engine,CASE_REVIEW,validation_case,SYN-CASE-000767,2024-12-12T23:47:00Z,Revenue officer inspected cadastral discrepancy,REVIEW_REQUIRED,True
SYN-AUDIT-000768,SYN-USER-CITIZEN-001,citizen,DECISION_RECORDED,validation_case,SYN-CASE-000768,2024-01-13T00:48:00Z,Officer adjudication recorded in case log,SUCCESS,True
SYN-AUDIT-000769,SYN-USER-OFFICER-001,revenue_officer,MUTATION_AUDIT,mutation,SYN-RES-000769,2024-02-14T01:49:00Z,Review of mutation notice period under Sec 129 KLRA,SUCCESS,True
SYN-AUDIT-000770,SYN-USER-ADMIN-001,administrator,DOCUMENT_INGEST,document,SYN-RES-000770,2024-03-15T02:50:00Z,Citizen evidence upload and SHA-256 vault ingest,SUCCESS,True
SYN-AUDIT-000771,SYSTEM-VALIDATION-ENGINE,system_engine,VALIDATION_RUN,validation_case,SYN-CASE-000771,2024-04-16T03:51:00Z,Automated multi-field statutory comparison pipeline,SUCCESS,True
SYN-AUDIT-000772,SYN-USER-CITIZEN-001,citizen,CASE_REVIEW,validation_case,SYN-CASE-000772,2024-05-17T04:52:00Z,Revenue officer inspected cadastral discrepancy,REVIEW_REQUIRED,True
SYN-AUDIT-000773,SYN-USER-OFFICER-001,revenue_officer,DECISION_RECORDED,validation_case,SYN-CASE-000773,2024-06-18T05:53:00Z,Officer adjudication recorded in case log,SUCCESS,True
SYN-AUDIT-000774,SYN-USER-ADMIN-001,administrator,MUTATION_AUDIT,mutation,SYN-RES-000774,2024-07-19T06:54:00Z,Review of mutation notice period under Sec 129 KLRA,SUCCESS,True
SYN-AUDIT-000775,SYSTEM-VALIDATION-ENGINE,system_engine,DOCUMENT_INGEST,document,SYN-RES-000775,2024-08-20T07:55:00Z,Citizen evidence upload and SHA-256 vault ingest,SUCCESS,True
SYN-AUDIT-000776,SYN-USER-CITIZEN-001,citizen,VALIDATION_RUN,validation_case,SYN-CASE-000776,2024-09-21T08:56:00Z,Automated multi-field statutory comparison pipeline,SUCCESS,True
SYN-AUDIT-000777,SYN-USER-OFFICER-001,revenue_officer,CASE_REVIEW,validation_case,SYN-CASE-000777,2024-10-22T09:57:00Z,Revenue officer inspected cadastral discrepancy,REVIEW_REQUIRED,True
SYN-AUDIT-000778,SYN-USER-ADMIN-001,administrator,DECISION_RECORDED,validation_case,SYN-CASE-000778,2024-11-23T10:58:00Z,Officer adjudication recorded in case log,SUCCESS,True
SYN-AUDIT-000779,SYSTEM-VALIDATION-ENGINE,system_engine,MUTATION_AUDIT,mutation,SYN-RES-000779,2024-12-24T11:59:00Z,Review of mutation notice period under Sec 129 KLRA,SUCCESS,True
SYN-AUDIT-000780,SYN-USER-CITIZEN-001,citizen,DOCUMENT_INGEST,document,SYN-RES-000780,2024-01-25T12:00:00Z,Citizen evidence upload and SHA-256 vault ingest,SUCCESS,True
SYN-AUDIT-000781,SYN-USER-OFFICER-001,revenue_officer,VALIDATION_RUN,validation_case,SYN-CASE-000781,2024-02-26T13:01:00Z,Automated multi-field statutory comparison pipeline,SUCCESS,True
SYN-AUDIT-000782,SYN-USER-ADMIN-001,administrator,CASE_REVIEW,validation_case,SYN-CASE-000782,2024-03-27T14:02:00Z,Revenue officer inspected cadastral discrepancy,REVIEW_REQUIRED,True
SYN-AUDIT-000783,SYSTEM-VALIDATION-ENGINE,system_engine,DECISION_RECORDED,validation_case,SYN-CASE-000783,2024-04-28T15:03:00Z,Officer adjudication recorded in case log,SUCCESS,True
SYN-AUDIT-000784,SYN-USER-CITIZEN-001,citizen,MUTATION_AUDIT,mutation,SYN-RES-000784,2024-05-01T16:04:00Z,Review of mutation notice period under Sec 129 KLRA,SUCCESS,True
SYN-AUDIT-000785,SYN-USER-OFFICER-001,revenue_officer,DOCUMENT_INGEST,document,SYN-RES-000785,2024-06-02T17:05:00Z,Citizen evidence upload and SHA-256 vault ingest,SUCCESS,True
SYN-AUDIT-000786,SYN-USER-ADMIN-001,administrator,VALIDATION_RUN,validation_case,SYN-CASE-000786,2024-07-03T18:06:00Z,Automated multi-field statutory comparison pipeline,SUCCESS,True
SYN-AUDIT-000787,SYSTEM-VALIDATION-ENGINE,system_engine,CASE_REVIEW,validation_case,SYN-CASE-000787,2024-08-04T19:07:00Z,Revenue officer inspected cadastral discrepancy,REVIEW_REQUIRED,True
SYN-AUDIT-000788,SYN-USER-CITIZEN-001,citizen,DECISION_RECORDED,validation_case,SYN-CASE-000788,2024-09-05T20:08:00Z,Officer adjudication recorded in case log,SUCCESS,True
SYN-AUDIT-000789,SYN-USER-OFFICER-001,revenue_officer,MUTATION_AUDIT,mutation,SYN-RES-000789,2024-10-06T21:09:00Z,Review of mutation notice period under Sec 129 KLRA,SUCCESS,True
SYN-AUDIT-000790,SYN-USER-ADMIN-001,administrator,DOCUMENT_INGEST,document,SYN-RES-000790,2024-11-07T22:10:00Z,Citizen evidence upload and SHA-256 vault ingest,SUCCESS,True
SYN-AUDIT-000791,SYSTEM-VALIDATION-ENGINE,system_engine,VALIDATION_RUN,validation_case,SYN-CASE-000791,2024-12-08T23:11:00Z,Automated multi-field statutory comparison pipeline,SUCCESS,True
SYN-AUDIT-000792,SYN-USER-CITIZEN-001,citizen,CASE_REVIEW,validation_case,SYN-CASE-000792,2024-01-09T00:12:00Z,Revenue officer inspected cadastral discrepancy,REVIEW_REQUIRED,True
SYN-AUDIT-000793,SYN-USER-OFFICER-001,revenue_officer,DECISION_RECORDED,validation_case,SYN-CASE-000793,2024-02-10T01:13:00Z,Officer adjudication recorded in case log,SUCCESS,True
SYN-AUDIT-000794,SYN-USER-ADMIN-001,administrator,MUTATION_AUDIT,mutation,SYN-RES-000794,2024-03-11T02:14:00Z,Review of mutation notice period under Sec 129 KLRA,SUCCESS,True
SYN-AUDIT-000795,SYSTEM-VALIDATION-ENGINE,system_engine,DOCUMENT_INGEST,document,SYN-RES-000795,2024-04-12T03:15:00Z,Citizen evidence upload and SHA-256 vault ingest,SUCCESS,True
SYN-AUDIT-000796,SYN-USER-CITIZEN-001,citizen,VALIDATION_RUN,validation_case,SYN-CASE-000796,2024-05-13T04:16:00Z,Automated multi-field statutory comparison pipeline,SUCCESS,True
SYN-AUDIT-000797,SYN-USER-OFFICER-001,revenue_officer,CASE_REVIEW,validation_case,SYN-CASE-000797,2024-06-14T05:17:00Z,Revenue officer inspected cadastral discrepancy,REVIEW_REQUIRED,True
SYN-AUDIT-000798,SYN-USER-ADMIN-001,administrator,DECISION_RECORDED,validation_case,SYN-CASE-000798,2024-07-15T06:18:00Z,Officer adjudication recorded in case log,SUCCESS,True
SYN-AUDIT-000799,SYSTEM-VALIDATION-ENGINE,system_engine,MUTATION_AUDIT,mutation,SYN-RES-000799,2024-08-16T07:19:00Z,Review of mutation notice period under Sec 129 KLRA,SUCCESS,True
SYN-AUDIT-000800,SYN-USER-CITIZEN-001,citizen,DOCUMENT_INGEST,document,SYN-RES-000800,2024-09-17T08:20:00Z,Citizen evidence upload and SHA-256 vault ingest,SUCCESS,True
SYN-AUDIT-000801,SYN-USER-OFFICER-001,revenue_officer,VALIDATION_RUN,validation_case,SYN-CASE-000801,2024-10-18T09:21:00Z,Automated multi-field statutory comparison pipeline,SUCCESS,True
SYN-AUDIT-000802,SYN-USER-ADMIN-001,administrator,CASE_REVIEW,validation_case,SYN-CASE-000802,2024-11-19T10:22:00Z,Revenue officer inspected cadastral discrepancy,REVIEW_REQUIRED,True
SYN-AUDIT-000803,SYSTEM-VALIDATION-ENGINE,system_engine,DECISION_RECORDED,validation_case,SYN-CASE-000803,2024-12-20T11:23:00Z,Officer adjudication recorded in case log,SUCCESS,True
SYN-AUDIT-000804,SYN-USER-CITIZEN-001,citizen,MUTATION_AUDIT,mutation,SYN-RES-000804,2024-01-21T12:24:00Z,Review of mutation notice period under Sec 129 KLRA,SUCCESS,True
SYN-AUDIT-000805,SYN-USER-OFFICER-001,revenue_officer,DOCUMENT_INGEST,document,SYN-RES-000805,2024-02-22T13:25:00Z,Citizen evidence upload and SHA-256 vault ingest,SUCCESS,True
SYN-AUDIT-000806,SYN-USER-ADMIN-001,administrator,VALIDATION_RUN,validation_case,SYN-CASE-000806,2024-03-23T14:26:00Z,Automated multi-field statutory comparison pipeline,SUCCESS,True
SYN-AUDIT-000807,SYSTEM-VALIDATION-ENGINE,system_engine,CASE_REVIEW,validation_case,SYN-CASE-000807,2024-04-24T15:27:00Z,Revenue officer inspected cadastral discrepancy,REVIEW_REQUIRED,True
SYN-AUDIT-000808,SYN-USER-CITIZEN-001,citizen,DECISION_RECORDED,validation_case,SYN-CASE-000808,2024-05-25T16:28:00Z,Officer adjudication recorded in case log,SUCCESS,True
SYN-AUDIT-000809,SYN-USER-OFFICER-001,revenue_officer,MUTATION_AUDIT,mutation,SYN-RES-000809,2024-06-26T17:29:00Z,Review of mutation notice period under Sec 129 KLRA,SUCCESS,True
SYN-AUDIT-000810,SYN-USER-ADMIN-001,administrator,DOCUMENT_INGEST,document,SYN-RES-000810,2024-07-27T18:30:00Z,Citizen evidence upload and SHA-256 vault ingest,SUCCESS,True
SYN-AUDIT-000811,SYSTEM-VALIDATION-ENGINE,system_engine,VALIDATION_RUN,validation_case,SYN-CASE-000811,2024-08-28T19:31:00Z,Automated multi-field statutory comparison pipeline,SUCCESS,True
SYN-AUDIT-000812,SYN-USER-CITIZEN-001,citizen,CASE_REVIEW,validation_case,SYN-CASE-000812,2024-09-01T20:32:00Z,Revenue officer inspected cadastral discrepancy,REVIEW_REQUIRED,True
SYN-AUDIT-000813,SYN-USER-OFFICER-001,revenue_officer,DECISION_RECORDED,validation_case,SYN-CASE-000813,2024-10-02T21:33:00Z,Officer adjudication recorded in case log,SUCCESS,True
SYN-AUDIT-000814,SYN-USER-ADMIN-001,administrator,MUTATION_AUDIT,mutation,SYN-RES-000814,2024-11-03T22:34:00Z,Review of mutation notice period under Sec 129 KLRA,SUCCESS,True
SYN-AUDIT-000815,SYSTEM-VALIDATION-ENGINE,system_engine,DOCUMENT_INGEST,document,SYN-RES-000815,2024-12-04T23:35:00Z,Citizen evidence upload and SHA-256 vault ingest,SUCCESS,True
SYN-AUDIT-000816,SYN-USER-CITIZEN-001,citizen,VALIDATION_RUN,validation_case,SYN-CASE-000816,2024-01-05T00:36:00Z,Automated multi-field statutory comparison pipeline,SUCCESS,True
SYN-AUDIT-000817,SYN-USER-OFFICER-001,revenue_officer,CASE_REVIEW,validation_case,SYN-CASE-000817,2024-02-06T01:37:00Z,Revenue officer inspected cadastral discrepancy,REVIEW_REQUIRED,True
SYN-AUDIT-000818,SYN-USER-ADMIN-001,administrator,DECISION_RECORDED,validation_case,SYN-CASE-000818,2024-03-07T02:38:00Z,Officer adjudication recorded in case log,SUCCESS,True
SYN-AUDIT-000819,SYSTEM-VALIDATION-ENGINE,system_engine,MUTATION_AUDIT,mutation,SYN-RES-000819,2024-04-08T03:39:00Z,Review of mutation notice period under Sec 129 KLRA,SUCCESS,True
SYN-AUDIT-000820,SYN-USER-CITIZEN-001,citizen,DOCUMENT_INGEST,document,SYN-RES-000820,2024-05-09T04:40:00Z,Citizen evidence upload and SHA-256 vault ingest,SUCCESS,True
SYN-AUDIT-000821,SYN-USER-OFFICER-001,revenue_officer,VALIDATION_RUN,validation_case,SYN-CASE-000821,2024-06-10T05:41:00Z,Automated multi-field statutory comparison pipeline,SUCCESS,True
SYN-AUDIT-000822,SYN-USER-ADMIN-001,administrator,CASE_REVIEW,validation_case,SYN-CASE-000822,2024-07-11T06:42:00Z,Revenue officer inspected cadastral discrepancy,REVIEW_REQUIRED,True
SYN-AUDIT-000823,SYSTEM-VALIDATION-ENGINE,system_engine,DECISION_RECORDED,validation_case,SYN-CASE-000823,2024-08-12T07:43:00Z,Officer adjudication recorded in case log,SUCCESS,True
SYN-AUDIT-000824,SYN-USER-CITIZEN-001,citizen,MUTATION_AUDIT,mutation,SYN-RES-000824,2024-09-13T08:44:00Z,Review of mutation notice period under Sec 129 KLRA,SUCCESS,True
SYN-AUDIT-000825,SYN-USER-OFFICER-001,revenue_officer,DOCUMENT_INGEST,document,SYN-RES-000825,2024-10-14T09:45:00Z,Citizen evidence upload and SHA-256 vault ingest,SUCCESS,True
SYN-AUDIT-000826,SYN-USER-ADMIN-001,administrator,VALIDATION_RUN,validation_case,SYN-CASE-000826,2024-11-15T10:46:00Z,Automated multi-field statutory comparison pipeline,SUCCESS,True
SYN-AUDIT-000827,SYSTEM-VALIDATION-ENGINE,system_engine,CASE_REVIEW,validation_case,SYN-CASE-000827,2024-12-16T11:47:00Z,Revenue officer inspected cadastral discrepancy,REVIEW_REQUIRED,True
SYN-AUDIT-000828,SYN-USER-CITIZEN-001,citizen,DECISION_RECORDED,validation_case,SYN-CASE-000828,2024-01-17T12:48:00Z,Officer adjudication recorded in case log,SUCCESS,True
SYN-AUDIT-000829,SYN-USER-OFFICER-001,revenue_officer,MUTATION_AUDIT,mutation,SYN-RES-000829,2024-02-18T13:49:00Z,Review of mutation notice period under Sec 129 KLRA,SUCCESS,True
SYN-AUDIT-000830,SYN-USER-ADMIN-001,administrator,DOCUMENT_INGEST,document,SYN-RES-000830,2024-03-19T14:50:00Z,Citizen evidence upload and SHA-256 vault ingest,SUCCESS,True
SYN-AUDIT-000831,SYSTEM-VALIDATION-ENGINE,system_engine,VALIDATION_RUN,validation_case,SYN-CASE-000831,2024-04-20T15:51:00Z,Automated multi-field statutory comparison pipeline,SUCCESS,True
SYN-AUDIT-000832,SYN-USER-CITIZEN-001,citizen,CASE_REVIEW,validation_case,SYN-CASE-000832,2024-05-21T16:52:00Z,Revenue officer inspected cadastral discrepancy,REVIEW_REQUIRED,True
SYN-AUDIT-000833,SYN-USER-OFFICER-001,revenue_officer,DECISION_RECORDED,validation_case,SYN-CASE-000833,2024-06-22T17:53:00Z,Officer adjudication recorded in case log,SUCCESS,True
SYN-AUDIT-000834,SYN-USER-ADMIN-001,administrator,MUTATION_AUDIT,mutation,SYN-RES-000834,2024-07-23T18:54:00Z,Review of mutation notice period under Sec 129 KLRA,SUCCESS,True
SYN-AUDIT-000835,SYSTEM-VALIDATION-ENGINE,system_engine,DOCUMENT_INGEST,document,SYN-RES-000835,2024-08-24T19:55:00Z,Citizen evidence upload and SHA-256 vault ingest,SUCCESS,True
SYN-AUDIT-000836,SYN-USER-CITIZEN-001,citizen,VALIDATION_RUN,validation_case,SYN-CASE-000836,2024-09-25T20:56:00Z,Automated multi-field statutory comparison pipeline,SUCCESS,True
SYN-AUDIT-000837,SYN-USER-OFFICER-001,revenue_officer,CASE_REVIEW,validation_case,SYN-CASE-000837,2024-10-26T21:57:00Z,Revenue officer inspected cadastral discrepancy,REVIEW_REQUIRED,True
SYN-AUDIT-000838,SYN-USER-ADMIN-001,administrator,DECISION_RECORDED,validation_case,SYN-CASE-000838,2024-11-27T22:58:00Z,Officer adjudication recorded in case log,SUCCESS,True
SYN-AUDIT-000839,SYSTEM-VALIDATION-ENGINE,system_engine,MUTATION_AUDIT,mutation,SYN-RES-000839,2024-12-28T23:59:00Z,Review of mutation notice period under Sec 129 KLRA,SUCCESS,True
SYN-AUDIT-000840,SYN-USER-CITIZEN-001,citizen,DOCUMENT_INGEST,document,SYN-RES-000840,2024-01-01T00:00:00Z,Citizen evidence upload and SHA-256 vault ingest,SUCCESS,True
SYN-AUDIT-000841,SYN-USER-OFFICER-001,revenue_officer,VALIDATION_RUN,validation_case,SYN-CASE-000841,2024-02-02T01:01:00Z,Automated multi-field statutory comparison pipeline,SUCCESS,True
SYN-AUDIT-000842,SYN-USER-ADMIN-001,administrator,CASE_REVIEW,validation_case,SYN-CASE-000842,2024-03-03T02:02:00Z,Revenue officer inspected cadastral discrepancy,REVIEW_REQUIRED,True
SYN-AUDIT-000843,SYSTEM-VALIDATION-ENGINE,system_engine,DECISION_RECORDED,validation_case,SYN-CASE-000843,2024-04-04T03:03:00Z,Officer adjudication recorded in case log,SUCCESS,True
SYN-AUDIT-000844,SYN-USER-CITIZEN-001,citizen,MUTATION_AUDIT,mutation,SYN-RES-000844,2024-05-05T04:04:00Z,Review of mutation notice period under Sec 129 KLRA,SUCCESS,True
SYN-AUDIT-000845,SYN-USER-OFFICER-001,revenue_officer,DOCUMENT_INGEST,document,SYN-RES-000845,2024-06-06T05:05:00Z,Citizen evidence upload and SHA-256 vault ingest,SUCCESS,True
SYN-AUDIT-000846,SYN-USER-ADMIN-001,administrator,VALIDATION_RUN,validation_case,SYN-CASE-000846,2024-07-07T06:06:00Z,Automated multi-field statutory comparison pipeline,SUCCESS,True
SYN-AUDIT-000847,SYSTEM-VALIDATION-ENGINE,system_engine,CASE_REVIEW,validation_case,SYN-CASE-000847,2024-08-08T07:07:00Z,Revenue officer inspected cadastral discrepancy,REVIEW_REQUIRED,True
SYN-AUDIT-000848,SYN-USER-CITIZEN-001,citizen,DECISION_RECORDED,validation_case,SYN-CASE-000848,2024-09-09T08:08:00Z,Officer adjudication recorded in case log,SUCCESS,True
SYN-AUDIT-000849,SYN-USER-OFFICER-001,revenue_officer,MUTATION_AUDIT,mutation,SYN-RES-000849,2024-10-10T09:09:00Z,Review of mutation notice period under Sec 129 KLRA,SUCCESS,True
SYN-AUDIT-000850,SYN-USER-ADMIN-001,administrator,DOCUMENT_INGEST,document,SYN-RES-000850,2024-11-11T10:10:00Z,Citizen evidence upload and SHA-256 vault ingest,SUCCESS,True
SYN-AUDIT-000851,SYSTEM-VALIDATION-ENGINE,system_engine,VALIDATION_RUN,validation_case,SYN-CASE-000851,2024-12-12T11:11:00Z,Automated multi-field statutory comparison pipeline,SUCCESS,True
SYN-AUDIT-000852,SYN-USER-CITIZEN-001,citizen,CASE_REVIEW,validation_case,SYN-CASE-000852,2024-01-13T12:12:00Z,Revenue officer inspected cadastral discrepancy,REVIEW_REQUIRED,True
SYN-AUDIT-000853,SYN-USER-OFFICER-001,revenue_officer,DECISION_RECORDED,validation_case,SYN-CASE-000853,2024-02-14T13:13:00Z,Officer adjudication recorded in case log,SUCCESS,True
SYN-AUDIT-000854,SYN-USER-ADMIN-001,administrator,MUTATION_AUDIT,mutation,SYN-RES-000854,2024-03-15T14:14:00Z,Review of mutation notice period under Sec 129 KLRA,SUCCESS,True
SYN-AUDIT-000855,SYSTEM-VALIDATION-ENGINE,system_engine,DOCUMENT_INGEST,document,SYN-RES-000855,2024-04-16T15:15:00Z,Citizen evidence upload and SHA-256 vault ingest,SUCCESS,True
SYN-AUDIT-000856,SYN-USER-CITIZEN-001,citizen,VALIDATION_RUN,validation_case,SYN-CASE-000856,2024-05-17T16:16:00Z,Automated multi-field statutory comparison pipeline,SUCCESS,True
SYN-AUDIT-000857,SYN-USER-OFFICER-001,revenue_officer,CASE_REVIEW,validation_case,SYN-CASE-000857,2024-06-18T17:17:00Z,Revenue officer inspected cadastral discrepancy,REVIEW_REQUIRED,True
SYN-AUDIT-000858,SYN-USER-ADMIN-001,administrator,DECISION_RECORDED,validation_case,SYN-CASE-000858,2024-07-19T18:18:00Z,Officer adjudication recorded in case log,SUCCESS,True
SYN-AUDIT-000859,SYSTEM-VALIDATION-ENGINE,system_engine,MUTATION_AUDIT,mutation,SYN-RES-000859,2024-08-20T19:19:00Z,Review of mutation notice period under Sec 129 KLRA,SUCCESS,True
SYN-AUDIT-000860,SYN-USER-CITIZEN-001,citizen,DOCUMENT_INGEST,document,SYN-RES-000860,2024-09-21T20:20:00Z,Citizen evidence upload and SHA-256 vault ingest,SUCCESS,True
SYN-AUDIT-000861,SYN-USER-OFFICER-001,revenue_officer,VALIDATION_RUN,validation_case,SYN-CASE-000861,2024-10-22T21:21:00Z,Automated multi-field statutory comparison pipeline,SUCCESS,True
SYN-AUDIT-000862,SYN-USER-ADMIN-001,administrator,CASE_REVIEW,validation_case,SYN-CASE-000862,2024-11-23T22:22:00Z,Revenue officer inspected cadastral discrepancy,REVIEW_REQUIRED,True
SYN-AUDIT-000863,SYSTEM-VALIDATION-ENGINE,system_engine,DECISION_RECORDED,validation_case,SYN-CASE-000863,2024-12-24T23:23:00Z,Officer adjudication recorded in case log,SUCCESS,True
SYN-AUDIT-000864,SYN-USER-CITIZEN-001,citizen,MUTATION_AUDIT,mutation,SYN-RES-000864,2024-01-25T00:24:00Z,Review of mutation notice period under Sec 129 KLRA,SUCCESS,True
SYN-AUDIT-000865,SYN-USER-OFFICER-001,revenue_officer,DOCUMENT_INGEST,document,SYN-RES-000865,2024-02-26T01:25:00Z,Citizen evidence upload and SHA-256 vault ingest,SUCCESS,True
SYN-AUDIT-000866,SYN-USER-ADMIN-001,administrator,VALIDATION_RUN,validation_case,SYN-CASE-000866,2024-03-27T02:26:00Z,Automated multi-field statutory comparison pipeline,SUCCESS,True
SYN-AUDIT-000867,SYSTEM-VALIDATION-ENGINE,system_engine,CASE_REVIEW,validation_case,SYN-CASE-000867,2024-04-28T03:27:00Z,Revenue officer inspected cadastral discrepancy,REVIEW_REQUIRED,True
SYN-AUDIT-000868,SYN-USER-CITIZEN-001,citizen,DECISION_RECORDED,validation_case,SYN-CASE-000868,2024-05-01T04:28:00Z,Officer adjudication recorded in case log,SUCCESS,True
SYN-AUDIT-000869,SYN-USER-OFFICER-001,revenue_officer,MUTATION_AUDIT,mutation,SYN-RES-000869,2024-06-02T05:29:00Z,Review of mutation notice period under Sec 129 KLRA,SUCCESS,True
SYN-AUDIT-000870,SYN-USER-ADMIN-001,administrator,DOCUMENT_INGEST,document,SYN-RES-000870,2024-07-03T06:30:00Z,Citizen evidence upload and SHA-256 vault ingest,SUCCESS,True
SYN-AUDIT-000871,SYSTEM-VALIDATION-ENGINE,system_engine,VALIDATION_RUN,validation_case,SYN-CASE-000871,2024-08-04T07:31:00Z,Automated multi-field statutory comparison pipeline,SUCCESS,True
SYN-AUDIT-000872,SYN-USER-CITIZEN-001,citizen,CASE_REVIEW,validation_case,SYN-CASE-000872,2024-09-05T08:32:00Z,Revenue officer inspected cadastral discrepancy,REVIEW_REQUIRED,True
SYN-AUDIT-000873,SYN-USER-OFFICER-001,revenue_officer,DECISION_RECORDED,validation_case,SYN-CASE-000873,2024-10-06T09:33:00Z,Officer adjudication recorded in case log,SUCCESS,True
SYN-AUDIT-000874,SYN-USER-ADMIN-001,administrator,MUTATION_AUDIT,mutation,SYN-RES-000874,2024-11-07T10:34:00Z,Review of mutation notice period under Sec 129 KLRA,SUCCESS,True
SYN-AUDIT-000875,SYSTEM-VALIDATION-ENGINE,system_engine,DOCUMENT_INGEST,document,SYN-RES-000875,2024-12-08T11:35:00Z,Citizen evidence upload and SHA-256 vault ingest,SUCCESS,True
SYN-AUDIT-000876,SYN-USER-CITIZEN-001,citizen,VALIDATION_RUN,validation_case,SYN-CASE-000876,2024-01-09T12:36:00Z,Automated multi-field statutory comparison pipeline,SUCCESS,True
SYN-AUDIT-000877,SYN-USER-OFFICER-001,revenue_officer,CASE_REVIEW,validation_case,SYN-CASE-000877,2024-02-10T13:37:00Z,Revenue officer inspected cadastral discrepancy,REVIEW_REQUIRED,True
SYN-AUDIT-000878,SYN-USER-ADMIN-001,administrator,DECISION_RECORDED,validation_case,SYN-CASE-000878,2024-03-11T14:38:00Z,Officer adjudication recorded in case log,SUCCESS,True
SYN-AUDIT-000879,SYSTEM-VALIDATION-ENGINE,system_engine,MUTATION_AUDIT,mutation,SYN-RES-000879,2024-04-12T15:39:00Z,Review of mutation notice period under Sec 129 KLRA,SUCCESS,True
SYN-AUDIT-000880,SYN-USER-CITIZEN-001,citizen,DOCUMENT_INGEST,document,SYN-RES-000880,2024-05-13T16:40:00Z,Citizen evidence upload and SHA-256 vault ingest,SUCCESS,True
SYN-AUDIT-000881,SYN-USER-OFFICER-001,revenue_officer,VALIDATION_RUN,validation_case,SYN-CASE-000881,2024-06-14T17:41:00Z,Automated multi-field statutory comparison pipeline,SUCCESS,True
SYN-AUDIT-000882,SYN-USER-ADMIN-001,administrator,CASE_REVIEW,validation_case,SYN-CASE-000882,2024-07-15T18:42:00Z,Revenue officer inspected cadastral discrepancy,REVIEW_REQUIRED,True
SYN-AUDIT-000883,SYSTEM-VALIDATION-ENGINE,system_engine,DECISION_RECORDED,validation_case,SYN-CASE-000883,2024-08-16T19:43:00Z,Officer adjudication recorded in case log,SUCCESS,True
SYN-AUDIT-000884,SYN-USER-CITIZEN-001,citizen,MUTATION_AUDIT,mutation,SYN-RES-000884,2024-09-17T20:44:00Z,Review of mutation notice period under Sec 129 KLRA,SUCCESS,True
SYN-AUDIT-000885,SYN-USER-OFFICER-001,revenue_officer,DOCUMENT_INGEST,document,SYN-RES-000885,2024-10-18T21:45:00Z,Citizen evidence upload and SHA-256 vault ingest,SUCCESS,True
SYN-AUDIT-000886,SYN-USER-ADMIN-001,administrator,VALIDATION_RUN,validation_case,SYN-CASE-000886,2024-11-19T22:46:00Z,Automated multi-field statutory comparison pipeline,SUCCESS,True
SYN-AUDIT-000887,SYSTEM-VALIDATION-ENGINE,system_engine,CASE_REVIEW,validation_case,SYN-CASE-000887,2024-12-20T23:47:00Z,Revenue officer inspected cadastral discrepancy,REVIEW_REQUIRED,True
SYN-AUDIT-000888,SYN-USER-CITIZEN-001,citizen,DECISION_RECORDED,validation_case,SYN-CASE-000888,2024-01-21T00:48:00Z,Officer adjudication recorded in case log,SUCCESS,True
SYN-AUDIT-000889,SYN-USER-OFFICER-001,revenue_officer,MUTATION_AUDIT,mutation,SYN-RES-000889,2024-02-22T01:49:00Z,Review of mutation notice period under Sec 129 KLRA,SUCCESS,True
SYN-AUDIT-000890,SYN-USER-ADMIN-001,administrator,DOCUMENT_INGEST,document,SYN-RES-000890,2024-03-23T02:50:00Z,Citizen evidence upload and SHA-256 vault ingest,SUCCESS,True
SYN-AUDIT-000891,SYSTEM-VALIDATION-ENGINE,system_engine,VALIDATION_RUN,validation_case,SYN-CASE-000891,2024-04-24T03:51:00Z,Automated multi-field statutory comparison pipeline,SUCCESS,True
SYN-AUDIT-000892,SYN-USER-CITIZEN-001,citizen,CASE_REVIEW,validation_case,SYN-CASE-000892,2024-05-25T04:52:00Z,Revenue officer inspected cadastral discrepancy,REVIEW_REQUIRED,True
SYN-AUDIT-000893,SYN-USER-OFFICER-001,revenue_officer,DECISION_RECORDED,validation_case,SYN-CASE-000893,2024-06-26T05:53:00Z,Officer adjudication recorded in case log,SUCCESS,True
SYN-AUDIT-000894,SYN-USER-ADMIN-001,administrator,MUTATION_AUDIT,mutation,SYN-RES-000894,2024-07-27T06:54:00Z,Review of mutation notice period under Sec 129 KLRA,SUCCESS,True
SYN-AUDIT-000895,SYSTEM-VALIDATION-ENGINE,system_engine,DOCUMENT_INGEST,document,SYN-RES-000895,2024-08-28T07:55:00Z,Citizen evidence upload and SHA-256 vault ingest,SUCCESS,True
SYN-AUDIT-000896,SYN-USER-CITIZEN-001,citizen,VALIDATION_RUN,validation_case,SYN-CASE-000896,2024-09-01T08:56:00Z,Automated multi-field statutory comparison pipeline,SUCCESS,True
SYN-AUDIT-000897,SYN-USER-OFFICER-001,revenue_officer,CASE_REVIEW,validation_case,SYN-CASE-000897,2024-10-02T09:57:00Z,Revenue officer inspected cadastral discrepancy,REVIEW_REQUIRED,True
SYN-AUDIT-000898,SYN-USER-ADMIN-001,administrator,DECISION_RECORDED,validation_case,SYN-CASE-000898,2024-11-03T10:58:00Z,Officer adjudication recorded in case log,SUCCESS,True
SYN-AUDIT-000899,SYSTEM-VALIDATION-ENGINE,system_engine,MUTATION_AUDIT,mutation,SYN-RES-000899,2024-12-04T11:59:00Z,Review of mutation notice period under Sec 129 KLRA,SUCCESS,True
SYN-AUDIT-000900,SYN-USER-CITIZEN-001,citizen,DOCUMENT_INGEST,document,SYN-RES-000900,2024-01-05T12:00:00Z,Citizen evidence upload and SHA-256 vault ingest,SUCCESS,True
SYN-AUDIT-000901,SYN-USER-OFFICER-001,revenue_officer,VALIDATION_RUN,validation_case,SYN-CASE-000901,2024-02-06T13:01:00Z,Automated multi-field statutory comparison pipeline,SUCCESS,True
SYN-AUDIT-000902,SYN-USER-ADMIN-001,administrator,CASE_REVIEW,validation_case,SYN-CASE-000902,2024-03-07T14:02:00Z,Revenue officer inspected cadastral discrepancy,REVIEW_REQUIRED,True
SYN-AUDIT-000903,SYSTEM-VALIDATION-ENGINE,system_engine,DECISION_RECORDED,validation_case,SYN-CASE-000903,2024-04-08T15:03:00Z,Officer adjudication recorded in case log,SUCCESS,True
SYN-AUDIT-000904,SYN-USER-CITIZEN-001,citizen,MUTATION_AUDIT,mutation,SYN-RES-000904,2024-05-09T16:04:00Z,Review of mutation notice period under Sec 129 KLRA,SUCCESS,True
SYN-AUDIT-000905,SYN-USER-OFFICER-001,revenue_officer,DOCUMENT_INGEST,document,SYN-RES-000905,2024-06-10T17:05:00Z,Citizen evidence upload and SHA-256 vault ingest,SUCCESS,True
SYN-AUDIT-000906,SYN-USER-ADMIN-001,administrator,VALIDATION_RUN,validation_case,SYN-CASE-000906,2024-07-11T18:06:00Z,Automated multi-field statutory comparison pipeline,SUCCESS,True
SYN-AUDIT-000907,SYSTEM-VALIDATION-ENGINE,system_engine,CASE_REVIEW,validation_case,SYN-CASE-000907,2024-08-12T19:07:00Z,Revenue officer inspected cadastral discrepancy,REVIEW_REQUIRED,True
SYN-AUDIT-000908,SYN-USER-CITIZEN-001,citizen,DECISION_RECORDED,validation_case,SYN-CASE-000908,2024-09-13T20:08:00Z,Officer adjudication recorded in case log,SUCCESS,True
SYN-AUDIT-000909,SYN-USER-OFFICER-001,revenue_officer,MUTATION_AUDIT,mutation,SYN-RES-000909,2024-10-14T21:09:00Z,Review of mutation notice period under Sec 129 KLRA,SUCCESS,True
SYN-AUDIT-000910,SYN-USER-ADMIN-001,administrator,DOCUMENT_INGEST,document,SYN-RES-000910,2024-11-15T22:10:00Z,Citizen evidence upload and SHA-256 vault ingest,SUCCESS,True
SYN-AUDIT-000911,SYSTEM-VALIDATION-ENGINE,system_engine,VALIDATION_RUN,validation_case,SYN-CASE-000911,2024-12-16T23:11:00Z,Automated multi-field statutory comparison pipeline,SUCCESS,True
SYN-AUDIT-000912,SYN-USER-CITIZEN-001,citizen,CASE_REVIEW,validation_case,SYN-CASE-000912,2024-01-17T00:12:00Z,Revenue officer inspected cadastral discrepancy,REVIEW_REQUIRED,True
SYN-AUDIT-000913,SYN-USER-OFFICER-001,revenue_officer,DECISION_RECORDED,validation_case,SYN-CASE-000913,2024-02-18T01:13:00Z,Officer adjudication recorded in case log,SUCCESS,True
SYN-AUDIT-000914,SYN-USER-ADMIN-001,administrator,MUTATION_AUDIT,mutation,SYN-RES-000914,2024-03-19T02:14:00Z,Review of mutation notice period under Sec 129 KLRA,SUCCESS,True
SYN-AUDIT-000915,SYSTEM-VALIDATION-ENGINE,system_engine,DOCUMENT_INGEST,document,SYN-RES-000915,2024-04-20T03:15:00Z,Citizen evidence upload and SHA-256 vault ingest,SUCCESS,True
SYN-AUDIT-000916,SYN-USER-CITIZEN-001,citizen,VALIDATION_RUN,validation_case,SYN-CASE-000916,2024-05-21T04:16:00Z,Automated multi-field statutory comparison pipeline,SUCCESS,True
SYN-AUDIT-000917,SYN-USER-OFFICER-001,revenue_officer,CASE_REVIEW,validation_case,SYN-CASE-000917,2024-06-22T05:17:00Z,Revenue officer inspected cadastral discrepancy,REVIEW_REQUIRED,True
SYN-AUDIT-000918,SYN-USER-ADMIN-001,administrator,DECISION_RECORDED,validation_case,SYN-CASE-000918,2024-07-23T06:18:00Z,Officer adjudication recorded in case log,SUCCESS,True
SYN-AUDIT-000919,SYSTEM-VALIDATION-ENGINE,system_engine,MUTATION_AUDIT,mutation,SYN-RES-000919,2024-08-24T07:19:00Z,Review of mutation notice period under Sec 129 KLRA,SUCCESS,True
SYN-AUDIT-000920,SYN-USER-CITIZEN-001,citizen,DOCUMENT_INGEST,document,SYN-RES-000920,2024-09-25T08:20:00Z,Citizen evidence upload and SHA-256 vault ingest,SUCCESS,True
SYN-AUDIT-000921,SYN-USER-OFFICER-001,revenue_officer,VALIDATION_RUN,validation_case,SYN-CASE-000921,2024-10-26T09:21:00Z,Automated multi-field statutory comparison pipeline,SUCCESS,True
SYN-AUDIT-000922,SYN-USER-ADMIN-001,administrator,CASE_REVIEW,validation_case,SYN-CASE-000922,2024-11-27T10:22:00Z,Revenue officer inspected cadastral discrepancy,REVIEW_REQUIRED,True
SYN-AUDIT-000923,SYSTEM-VALIDATION-ENGINE,system_engine,DECISION_RECORDED,validation_case,SYN-CASE-000923,2024-12-28T11:23:00Z,Officer adjudication recorded in case log,SUCCESS,True
SYN-AUDIT-000924,SYN-USER-CITIZEN-001,citizen,MUTATION_AUDIT,mutation,SYN-RES-000924,2024-01-01T12:24:00Z,Review of mutation notice period under Sec 129 KLRA,SUCCESS,True
SYN-AUDIT-000925,SYN-USER-OFFICER-001,revenue_officer,DOCUMENT_INGEST,document,SYN-RES-000925,2024-02-02T13:25:00Z,Citizen evidence upload and SHA-256 vault ingest,SUCCESS,True
SYN-AUDIT-000926,SYN-USER-ADMIN-001,administrator,VALIDATION_RUN,validation_case,SYN-CASE-000926,2024-03-03T14:26:00Z,Automated multi-field statutory comparison pipeline,SUCCESS,True
SYN-AUDIT-000927,SYSTEM-VALIDATION-ENGINE,system_engine,CASE_REVIEW,validation_case,SYN-CASE-000927,2024-04-04T15:27:00Z,Revenue officer inspected cadastral discrepancy,REVIEW_REQUIRED,True
SYN-AUDIT-000928,SYN-USER-CITIZEN-001,citizen,DECISION_RECORDED,validation_case,SYN-CASE-000928,2024-05-05T16:28:00Z,Officer adjudication recorded in case log,SUCCESS,True
SYN-AUDIT-000929,SYN-USER-OFFICER-001,revenue_officer,MUTATION_AUDIT,mutation,SYN-RES-000929,2024-06-06T17:29:00Z,Review of mutation notice period under Sec 129 KLRA,SUCCESS,True
SYN-AUDIT-000930,SYN-USER-ADMIN-001,administrator,DOCUMENT_INGEST,document,SYN-RES-000930,2024-07-07T18:30:00Z,Citizen evidence upload and SHA-256 vault ingest,SUCCESS,True
SYN-AUDIT-000931,SYSTEM-VALIDATION-ENGINE,system_engine,VALIDATION_RUN,validation_case,SYN-CASE-000931,2024-08-08T19:31:00Z,Automated multi-field statutory comparison pipeline,SUCCESS,True
SYN-AUDIT-000932,SYN-USER-CITIZEN-001,citizen,CASE_REVIEW,validation_case,SYN-CASE-000932,2024-09-09T20:32:00Z,Revenue officer inspected cadastral discrepancy,REVIEW_REQUIRED,True
SYN-AUDIT-000933,SYN-USER-OFFICER-001,revenue_officer,DECISION_RECORDED,validation_case,SYN-CASE-000933,2024-10-10T21:33:00Z,Officer adjudication recorded in case log,SUCCESS,True
SYN-AUDIT-000934,SYN-USER-ADMIN-001,administrator,MUTATION_AUDIT,mutation,SYN-RES-000934,2024-11-11T22:34:00Z,Review of mutation notice period under Sec 129 KLRA,SUCCESS,True
SYN-AUDIT-000935,SYSTEM-VALIDATION-ENGINE,system_engine,DOCUMENT_INGEST,document,SYN-RES-000935,2024-12-12T23:35:00Z,Citizen evidence upload and SHA-256 vault ingest,SUCCESS,True
SYN-AUDIT-000936,SYN-USER-CITIZEN-001,citizen,VALIDATION_RUN,validation_case,SYN-CASE-000936,2024-01-13T00:36:00Z,Automated multi-field statutory comparison pipeline,SUCCESS,True
SYN-AUDIT-000937,SYN-USER-OFFICER-001,revenue_officer,CASE_REVIEW,validation_case,SYN-CASE-000937,2024-02-14T01:37:00Z,Revenue officer inspected cadastral discrepancy,REVIEW_REQUIRED,True
SYN-AUDIT-000938,SYN-USER-ADMIN-001,administrator,DECISION_RECORDED,validation_case,SYN-CASE-000938,2024-03-15T02:38:00Z,Officer adjudication recorded in case log,SUCCESS,True
SYN-AUDIT-000939,SYSTEM-VALIDATION-ENGINE,system_engine,MUTATION_AUDIT,mutation,SYN-RES-000939,2024-04-16T03:39:00Z,Review of mutation notice period under Sec 129 KLRA,SUCCESS,True
SYN-AUDIT-000940,SYN-USER-CITIZEN-001,citizen,DOCUMENT_INGEST,document,SYN-RES-000940,2024-05-17T04:40:00Z,Citizen evidence upload and SHA-256 vault ingest,SUCCESS,True
SYN-AUDIT-000941,SYN-USER-OFFICER-001,revenue_officer,VALIDATION_RUN,validation_case,SYN-CASE-000941,2024-06-18T05:41:00Z,Automated multi-field statutory comparison pipeline,SUCCESS,True
SYN-AUDIT-000942,SYN-USER-ADMIN-001,administrator,CASE_REVIEW,validation_case,SYN-CASE-000942,2024-07-19T06:42:00Z,Revenue officer inspected cadastral discrepancy,REVIEW_REQUIRED,True
SYN-AUDIT-000943,SYSTEM-VALIDATION-ENGINE,system_engine,DECISION_RECORDED,validation_case,SYN-CASE-000943,2024-08-20T07:43:00Z,Officer adjudication recorded in case log,SUCCESS,True
SYN-AUDIT-000944,SYN-USER-CITIZEN-001,citizen,MUTATION_AUDIT,mutation,SYN-RES-000944,2024-09-21T08:44:00Z,Review of mutation notice period under Sec 129 KLRA,SUCCESS,True
SYN-AUDIT-000945,SYN-USER-OFFICER-001,revenue_officer,DOCUMENT_INGEST,document,SYN-RES-000945,2024-10-22T09:45:00Z,Citizen evidence upload and SHA-256 vault ingest,SUCCESS,True
SYN-AUDIT-000946,SYN-USER-ADMIN-001,administrator,VALIDATION_RUN,validation_case,SYN-CASE-000946,2024-11-23T10:46:00Z,Automated multi-field statutory comparison pipeline,SUCCESS,True
SYN-AUDIT-000947,SYSTEM-VALIDATION-ENGINE,system_engine,CASE_REVIEW,validation_case,SYN-CASE-000947,2024-12-24T11:47:00Z,Revenue officer inspected cadastral discrepancy,REVIEW_REQUIRED,True
SYN-AUDIT-000948,SYN-USER-CITIZEN-001,citizen,DECISION_RECORDED,validation_case,SYN-CASE-000948,2024-01-25T12:48:00Z,Officer adjudication recorded in case log,SUCCESS,True
SYN-AUDIT-000949,SYN-USER-OFFICER-001,revenue_officer,MUTATION_AUDIT,mutation,SYN-RES-000949,2024-02-26T13:49:00Z,Review of mutation notice period under Sec 129 KLRA,SUCCESS,True
SYN-AUDIT-000950,SYN-USER-ADMIN-001,administrator,DOCUMENT_INGEST,document,SYN-RES-000950,2024-03-27T14:50:00Z,Citizen evidence upload and SHA-256 vault ingest,SUCCESS,True
SYN-AUDIT-000951,SYSTEM-VALIDATION-ENGINE,system_engine,VALIDATION_RUN,validation_case,SYN-CASE-000951,2024-04-28T15:51:00Z,Automated multi-field statutory comparison pipeline,SUCCESS,True
SYN-AUDIT-000952,SYN-USER-CITIZEN-001,citizen,CASE_REVIEW,validation_case,SYN-CASE-000952,2024-05-01T16:52:00Z,Revenue officer inspected cadastral discrepancy,REVIEW_REQUIRED,True
SYN-AUDIT-000953,SYN-USER-OFFICER-001,revenue_officer,DECISION_RECORDED,validation_case,SYN-CASE-000953,2024-06-02T17:53:00Z,Officer adjudication recorded in case log,SUCCESS,True
SYN-AUDIT-000954,SYN-USER-ADMIN-001,administrator,MUTATION_AUDIT,mutation,SYN-RES-000954,2024-07-03T18:54:00Z,Review of mutation notice period under Sec 129 KLRA,SUCCESS,True
SYN-AUDIT-000955,SYSTEM-VALIDATION-ENGINE,system_engine,DOCUMENT_INGEST,document,SYN-RES-000955,2024-08-04T19:55:00Z,Citizen evidence upload and SHA-256 vault ingest,SUCCESS,True
SYN-AUDIT-000956,SYN-USER-CITIZEN-001,citizen,VALIDATION_RUN,validation_case,SYN-CASE-000956,2024-09-05T20:56:00Z,Automated multi-field statutory comparison pipeline,SUCCESS,True
SYN-AUDIT-000957,SYN-USER-OFFICER-001,revenue_officer,CASE_REVIEW,validation_case,SYN-CASE-000957,2024-10-06T21:57:00Z,Revenue officer inspected cadastral discrepancy,REVIEW_REQUIRED,True
SYN-AUDIT-000958,SYN-USER-ADMIN-001,administrator,DECISION_RECORDED,validation_case,SYN-CASE-000958,2024-11-07T22:58:00Z,Officer adjudication recorded in case log,SUCCESS,True
SYN-AUDIT-000959,SYSTEM-VALIDATION-ENGINE,system_engine,MUTATION_AUDIT,mutation,SYN-RES-000959,2024-12-08T23:59:00Z,Review of mutation notice period under Sec 129 KLRA,SUCCESS,True
SYN-AUDIT-000960,SYN-USER-CITIZEN-001,citizen,DOCUMENT_INGEST,document,SYN-RES-000960,2024-01-09T00:00:00Z,Citizen evidence upload and SHA-256 vault ingest,SUCCESS,True
SYN-AUDIT-000961,SYN-USER-OFFICER-001,revenue_officer,VALIDATION_RUN,validation_case,SYN-CASE-000961,2024-02-10T01:01:00Z,Automated multi-field statutory comparison pipeline,SUCCESS,True
SYN-AUDIT-000962,SYN-USER-ADMIN-001,administrator,CASE_REVIEW,validation_case,SYN-CASE-000962,2024-03-11T02:02:00Z,Revenue officer inspected cadastral discrepancy,REVIEW_REQUIRED,True
SYN-AUDIT-000963,SYSTEM-VALIDATION-ENGINE,system_engine,DECISION_RECORDED,validation_case,SYN-CASE-000963,2024-04-12T03:03:00Z,Officer adjudication recorded in case log,SUCCESS,True
SYN-AUDIT-000964,SYN-USER-CITIZEN-001,citizen,MUTATION_AUDIT,mutation,SYN-RES-000964,2024-05-13T04:04:00Z,Review of mutation notice period under Sec 129 KLRA,SUCCESS,True
SYN-AUDIT-000965,SYN-USER-OFFICER-001,revenue_officer,DOCUMENT_INGEST,document,SYN-RES-000965,2024-06-14T05:05:00Z,Citizen evidence upload and SHA-256 vault ingest,SUCCESS,True
SYN-AUDIT-000966,SYN-USER-ADMIN-001,administrator,VALIDATION_RUN,validation_case,SYN-CASE-000966,2024-07-15T06:06:00Z,Automated multi-field statutory comparison pipeline,SUCCESS,True
SYN-AUDIT-000967,SYSTEM-VALIDATION-ENGINE,system_engine,CASE_REVIEW,validation_case,SYN-CASE-000967,2024-08-16T07:07:00Z,Revenue officer inspected cadastral discrepancy,REVIEW_REQUIRED,True
SYN-AUDIT-000968,SYN-USER-CITIZEN-001,citizen,DECISION_RECORDED,validation_case,SYN-CASE-000968,2024-09-17T08:08:00Z,Officer adjudication recorded in case log,SUCCESS,True
SYN-AUDIT-000969,SYN-USER-OFFICER-001,revenue_officer,MUTATION_AUDIT,mutation,SYN-RES-000969,2024-10-18T09:09:00Z,Review of mutation notice period under Sec 129 KLRA,SUCCESS,True
SYN-AUDIT-000970,SYN-USER-ADMIN-001,administrator,DOCUMENT_INGEST,document,SYN-RES-000970,2024-11-19T10:10:00Z,Citizen evidence upload and SHA-256 vault ingest,SUCCESS,True
SYN-AUDIT-000971,SYSTEM-VALIDATION-ENGINE,system_engine,VALIDATION_RUN,validation_case,SYN-CASE-000971,2024-12-20T11:11:00Z,Automated multi-field statutory comparison pipeline,SUCCESS,True
SYN-AUDIT-000972,SYN-USER-CITIZEN-001,citizen,CASE_REVIEW,validation_case,SYN-CASE-000972,2024-01-21T12:12:00Z,Revenue officer inspected cadastral discrepancy,REVIEW_REQUIRED,True
SYN-AUDIT-000973,SYN-USER-OFFICER-001,revenue_officer,DECISION_RECORDED,validation_case,SYN-CASE-000973,2024-02-22T13:13:00Z,Officer adjudication recorded in case log,SUCCESS,True
SYN-AUDIT-000974,SYN-USER-ADMIN-001,administrator,MUTATION_AUDIT,mutation,SYN-RES-000974,2024-03-23T14:14:00Z,Review of mutation notice period under Sec 129 KLRA,SUCCESS,True
SYN-AUDIT-000975,SYSTEM-VALIDATION-ENGINE,system_engine,DOCUMENT_INGEST,document,SYN-RES-000975,2024-04-24T15:15:00Z,Citizen evidence upload and SHA-256 vault ingest,SUCCESS,True
SYN-AUDIT-000976,SYN-USER-CITIZEN-001,citizen,VALIDATION_RUN,validation_case,SYN-CASE-000976,2024-05-25T16:16:00Z,Automated multi-field statutory comparison pipeline,SUCCESS,True
SYN-AUDIT-000977,SYN-USER-OFFICER-001,revenue_officer,CASE_REVIEW,validation_case,SYN-CASE-000977,2024-06-26T17:17:00Z,Revenue officer inspected cadastral discrepancy,REVIEW_REQUIRED,True
SYN-AUDIT-000978,SYN-USER-ADMIN-001,administrator,DECISION_RECORDED,validation_case,SYN-CASE-000978,2024-07-27T18:18:00Z,Officer adjudication recorded in case log,SUCCESS,True
SYN-AUDIT-000979,SYSTEM-VALIDATION-ENGINE,system_engine,MUTATION_AUDIT,mutation,SYN-RES-000979,2024-08-28T19:19:00Z,Review of mutation notice period under Sec 129 KLRA,SUCCESS,True
SYN-AUDIT-000980,SYN-USER-CITIZEN-001,citizen,DOCUMENT_INGEST,document,SYN-RES-000980,2024-09-01T20:20:00Z,Citizen evidence upload and SHA-256 vault ingest,SUCCESS,True
SYN-AUDIT-000981,SYN-USER-OFFICER-001,revenue_officer,VALIDATION_RUN,validation_case,SYN-CASE-000981,2024-10-02T21:21:00Z,Automated multi-field statutory comparison pipeline,SUCCESS,True
SYN-AUDIT-000982,SYN-USER-ADMIN-001,administrator,CASE_REVIEW,validation_case,SYN-CASE-000982,2024-11-03T22:22:00Z,Revenue officer inspected cadastral discrepancy,REVIEW_REQUIRED,True
SYN-AUDIT-000983,SYSTEM-VALIDATION-ENGINE,system_engine,DECISION_RECORDED,validation_case,SYN-CASE-000983,2024-12-04T23:23:00Z,Officer adjudication recorded in case log,SUCCESS,True
SYN-AUDIT-000984,SYN-USER-CITIZEN-001,citizen,MUTATION_AUDIT,mutation,SYN-RES-000984,2024-01-05T00:24:00Z,Review of mutation notice period under Sec 129 KLRA,SUCCESS,True
SYN-AUDIT-000985,SYN-USER-OFFICER-001,revenue_officer,DOCUMENT_INGEST,document,SYN-RES-000985,2024-02-06T01:25:00Z,Citizen evidence upload and SHA-256 vault ingest,SUCCESS,True
SYN-AUDIT-000986,SYN-USER-ADMIN-001,administrator,VALIDATION_RUN,validation_case,SYN-CASE-000986,2024-03-07T02:26:00Z,Automated multi-field statutory comparison pipeline,SUCCESS,True
SYN-AUDIT-000987,SYSTEM-VALIDATION-ENGINE,system_engine,CASE_REVIEW,validation_case,SYN-CASE-000987,2024-04-08T03:27:00Z,Revenue officer inspected cadastral discrepancy,REVIEW_REQUIRED,True
SYN-AUDIT-000988,SYN-USER-CITIZEN-001,citizen,DECISION_RECORDED,validation_case,SYN-CASE-000988,2024-05-09T04:28:00Z,Officer adjudication recorded in case log,SUCCESS,True
SYN-AUDIT-000989,SYN-USER-OFFICER-001,revenue_officer,MUTATION_AUDIT,mutation,SYN-RES-000989,2024-06-10T05:29:00Z,Review of mutation notice period under Sec 129 KLRA,SUCCESS,True
SYN-AUDIT-000990,SYN-USER-ADMIN-001,administrator,DOCUMENT_INGEST,document,SYN-RES-000990,2024-07-11T06:30:00Z,Citizen evidence upload and SHA-256 vault ingest,SUCCESS,True
SYN-AUDIT-000991,SYSTEM-VALIDATION-ENGINE,system_engine,VALIDATION_RUN,validation_case,SYN-CASE-000991,2024-08-12T07:31:00Z,Automated multi-field statutory comparison pipeline,SUCCESS,True
SYN-AUDIT-000992,SYN-USER-CITIZEN-001,citizen,CASE_REVIEW,validation_case,SYN-CASE-000992,2024-09-13T08:32:00Z,Revenue officer inspected cadastral discrepancy,REVIEW_REQUIRED,True
SYN-AUDIT-000993,SYN-USER-OFFICER-001,revenue_officer,DECISION_RECORDED,validation_case,SYN-CASE-000993,2024-10-14T09:33:00Z,Officer adjudication recorded in case log,SUCCESS,True
SYN-AUDIT-000994,SYN-USER-ADMIN-001,administrator,MUTATION_AUDIT,mutation,SYN-RES-000994,2024-11-15T10:34:00Z,Review of mutation notice period under Sec 129 KLRA,SUCCESS,True
SYN-AUDIT-000995,SYSTEM-VALIDATION-ENGINE,system_engine,DOCUMENT_INGEST,document,SYN-RES-000995,2024-12-16T11:35:00Z,Citizen evidence upload and SHA-256 vault ingest,SUCCESS,True
SYN-AUDIT-000996,SYN-USER-CITIZEN-001,citizen,VALIDATION_RUN,validation_case,SYN-CASE-000996,2024-01-17T12:36:00Z,Automated multi-field statutory comparison pipeline,SUCCESS,True
SYN-AUDIT-000997,SYN-USER-OFFICER-001,revenue_officer,CASE_REVIEW,validation_case,SYN-CASE-000997,2024-02-18T13:37:00Z,Revenue officer inspected cadastral discrepancy,REVIEW_REQUIRED,True
SYN-AUDIT-000998,SYN-USER-ADMIN-001,administrator,DECISION_RECORDED,validation_case,SYN-CASE-000998,2024-03-19T14:38:00Z,Officer adjudication recorded in case log,SUCCESS,True
SYN-AUDIT-000999,SYSTEM-VALIDATION-ENGINE,system_engine,MUTATION_AUDIT,mutation,SYN-RES-000999,2024-04-20T15:39:00Z,Review of mutation notice period under Sec 129 KLRA,SUCCESS,True
SYN-AUDIT-001000,SYN-USER-CITIZEN-001,citizen,DOCUMENT_INGEST,document,SYN-RES-001000,2024-05-21T16:40:00Z,Citizen evidence upload and SHA-256 vault ingest,SUCCESS,True
SYN-AUDIT-001001,SYN-USER-OFFICER-001,revenue_officer,VALIDATION_RUN,validation_case,SYN-CASE-001001,2024-06-22T17:41:00Z,Automated multi-field statutory comparison pipeline,SUCCESS,True
SYN-AUDIT-001002,SYN-USER-ADMIN-001,administrator,CASE_REVIEW,validation_case,SYN-CASE-001002,2024-07-23T18:42:00Z,Revenue officer inspected cadastral discrepancy,REVIEW_REQUIRED,True
SYN-AUDIT-001003,SYSTEM-VALIDATION-ENGINE,system_engine,DECISION_RECORDED,validation_case,SYN-CASE-001003,2024-08-24T19:43:00Z,Officer adjudication recorded in case log,SUCCESS,True
SYN-AUDIT-001004,SYN-USER-CITIZEN-001,citizen,MUTATION_AUDIT,mutation,SYN-RES-001004,2024-09-25T20:44:00Z,Review of mutation notice period under Sec 129 KLRA,SUCCESS,True
SYN-AUDIT-001005,SYN-USER-OFFICER-001,revenue_officer,DOCUMENT_INGEST,document,SYN-RES-001005,2024-10-26T21:45:00Z,Citizen evidence upload and SHA-256 vault ingest,SUCCESS,True
SYN-AUDIT-001006,SYN-USER-ADMIN-001,administrator,VALIDATION_RUN,validation_case,SYN-CASE-001006,2024-11-27T22:46:00Z,Automated multi-field statutory comparison pipeline,SUCCESS,True
SYN-AUDIT-001007,SYSTEM-VALIDATION-ENGINE,system_engine,CASE_REVIEW,validation_case,SYN-CASE-001007,2024-12-28T23:47:00Z,Revenue officer inspected cadastral discrepancy,REVIEW_REQUIRED,True
SYN-AUDIT-001008,SYN-USER-CITIZEN-001,citizen,DECISION_RECORDED,validation_case,SYN-CASE-001008,2024-01-01T00:48:00Z,Officer adjudication recorded in case log,SUCCESS,True
SYN-AUDIT-001009,SYN-USER-OFFICER-001,revenue_officer,MUTATION_AUDIT,mutation,SYN-RES-001009,2024-02-02T01:49:00Z,Review of mutation notice period under Sec 129 KLRA,SUCCESS,True
SYN-AUDIT-001010,SYN-USER-ADMIN-001,administrator,DOCUMENT_INGEST,document,SYN-RES-001010,2024-03-03T02:50:00Z,Citizen evidence upload and SHA-256 vault ingest,SUCCESS,True
SYN-AUDIT-001011,SYSTEM-VALIDATION-ENGINE,system_engine,VALIDATION_RUN,validation_case,SYN-CASE-001011,2024-04-04T03:51:00Z,Automated multi-field statutory comparison pipeline,SUCCESS,True
SYN-AUDIT-001012,SYN-USER-CITIZEN-001,citizen,CASE_REVIEW,validation_case,SYN-CASE-001012,2024-05-05T04:52:00Z,Revenue officer inspected cadastral discrepancy,REVIEW_REQUIRED,True
SYN-AUDIT-001013,SYN-USER-OFFICER-001,revenue_officer,DECISION_RECORDED,validation_case,SYN-CASE-001013,2024-06-06T05:53:00Z,Officer adjudication recorded in case log,SUCCESS,True
SYN-AUDIT-001014,SYN-USER-ADMIN-001,administrator,MUTATION_AUDIT,mutation,SYN-RES-001014,2024-07-07T06:54:00Z,Review of mutation notice period under Sec 129 KLRA,SUCCESS,True
SYN-AUDIT-001015,SYSTEM-VALIDATION-ENGINE,system_engine,DOCUMENT_INGEST,document,SYN-RES-001015,2024-08-08T07:55:00Z,Citizen evidence upload and SHA-256 vault ingest,SUCCESS,True
SYN-AUDIT-001016,SYN-USER-CITIZEN-001,citizen,VALIDATION_RUN,validation_case,SYN-CASE-001016,2024-09-09T08:56:00Z,Automated multi-field statutory comparison pipeline,SUCCESS,True
SYN-AUDIT-001017,SYN-USER-OFFICER-001,revenue_officer,CASE_REVIEW,validation_case,SYN-CASE-001017,2024-10-10T09:57:00Z,Revenue officer inspected cadastral discrepancy,REVIEW_REQUIRED,True
SYN-AUDIT-001018,SYN-USER-ADMIN-001,administrator,DECISION_RECORDED,validation_case,SYN-CASE-001018,2024-11-11T10:58:00Z,Officer adjudication recorded in case log,SUCCESS,True
SYN-AUDIT-001019,SYSTEM-VALIDATION-ENGINE,system_engine,MUTATION_AUDIT,mutation,SYN-RES-001019,2024-12-12T11:59:00Z,Review of mutation notice period under Sec 129 KLRA,SUCCESS,True
SYN-AUDIT-001020,SYN-USER-CITIZEN-001,citizen,DOCUMENT_INGEST,document,SYN-RES-001020,2024-01-13T12:00:00Z,Citizen evidence upload and SHA-256 vault ingest,SUCCESS,True
SYN-AUDIT-001021,SYN-USER-OFFICER-001,revenue_officer,VALIDATION_RUN,validation_case,SYN-CASE-001021,2024-02-14T13:01:00Z,Automated multi-field statutory comparison pipeline,SUCCESS,True
SYN-AUDIT-001022,SYN-USER-ADMIN-001,administrator,CASE_REVIEW,validation_case,SYN-CASE-001022,2024-03-15T14:02:00Z,Revenue officer inspected cadastral discrepancy,REVIEW_REQUIRED,True
SYN-AUDIT-001023,SYSTEM-VALIDATION-ENGINE,system_engine,DECISION_RECORDED,validation_case,SYN-CASE-001023,2024-04-16T15:03:00Z,Officer adjudication recorded in case log,SUCCESS,True
SYN-AUDIT-001024,SYN-USER-CITIZEN-001,citizen,MUTATION_AUDIT,mutation,SYN-RES-001024,2024-05-17T16:04:00Z,Review of mutation notice period under Sec 129 KLRA,SUCCESS,True
SYN-AUDIT-001025,SYN-USER-OFFICER-001,revenue_officer,DOCUMENT_INGEST,document,SYN-RES-001025,2024-06-18T17:05:00Z,Citizen evidence upload and SHA-256 vault ingest,SUCCESS,True
SYN-AUDIT-001026,SYN-USER-ADMIN-001,administrator,VALIDATION_RUN,validation_case,SYN-CASE-001026,2024-07-19T18:06:00Z,Automated multi-field statutory comparison pipeline,SUCCESS,True
SYN-AUDIT-001027,SYSTEM-VALIDATION-ENGINE,system_engine,CASE_REVIEW,validation_case,SYN-CASE-001027,2024-08-20T19:07:00Z,Revenue officer inspected cadastral discrepancy,REVIEW_REQUIRED,True
SYN-AUDIT-001028,SYN-USER-CITIZEN-001,citizen,DECISION_RECORDED,validation_case,SYN-CASE-001028,2024-09-21T20:08:00Z,Officer adjudication recorded in case log,SUCCESS,True
SYN-AUDIT-001029,SYN-USER-OFFICER-001,revenue_officer,MUTATION_AUDIT,mutation,SYN-RES-001029,2024-10-22T21:09:00Z,Review of mutation notice period under Sec 129 KLRA,SUCCESS,True
SYN-AUDIT-001030,SYN-USER-ADMIN-001,administrator,DOCUMENT_INGEST,document,SYN-RES-001030,2024-11-23T22:10:00Z,Citizen evidence upload and SHA-256 vault ingest,SUCCESS,True
SYN-AUDIT-001031,SYSTEM-VALIDATION-ENGINE,system_engine,VALIDATION_RUN,validation_case,SYN-CASE-001031,2024-12-24T23:11:00Z,Automated multi-field statutory comparison pipeline,SUCCESS,True
SYN-AUDIT-001032,SYN-USER-CITIZEN-001,citizen,CASE_REVIEW,validation_case,SYN-CASE-001032,2024-01-25T00:12:00Z,Revenue officer inspected cadastral discrepancy,REVIEW_REQUIRED,True
SYN-AUDIT-001033,SYN-USER-OFFICER-001,revenue_officer,DECISION_RECORDED,validation_case,SYN-CASE-001033,2024-02-26T01:13:00Z,Officer adjudication recorded in case log,SUCCESS,True
SYN-AUDIT-001034,SYN-USER-ADMIN-001,administrator,MUTATION_AUDIT,mutation,SYN-RES-001034,2024-03-27T02:14:00Z,Review of mutation notice period under Sec 129 KLRA,SUCCESS,True
SYN-AUDIT-001035,SYSTEM-VALIDATION-ENGINE,system_engine,DOCUMENT_INGEST,document,SYN-RES-001035,2024-04-28T03:15:00Z,Citizen evidence upload and SHA-256 vault ingest,SUCCESS,True
SYN-AUDIT-001036,SYN-USER-CITIZEN-001,citizen,VALIDATION_RUN,validation_case,SYN-CASE-001036,2024-05-01T04:16:00Z,Automated multi-field statutory comparison pipeline,SUCCESS,True
SYN-AUDIT-001037,SYN-USER-OFFICER-001,revenue_officer,CASE_REVIEW,validation_case,SYN-CASE-001037,2024-06-02T05:17:00Z,Revenue officer inspected cadastral discrepancy,REVIEW_REQUIRED,True
SYN-AUDIT-001038,SYN-USER-ADMIN-001,administrator,DECISION_RECORDED,validation_case,SYN-CASE-001038,2024-07-03T06:18:00Z,Officer adjudication recorded in case log,SUCCESS,True
SYN-AUDIT-001039,SYSTEM-VALIDATION-ENGINE,system_engine,MUTATION_AUDIT,mutation,SYN-RES-001039,2024-08-04T07:19:00Z,Review of mutation notice period under Sec 129 KLRA,SUCCESS,True
SYN-AUDIT-001040,SYN-USER-CITIZEN-001,citizen,DOCUMENT_INGEST,document,SYN-RES-001040,2024-09-05T08:20:00Z,Citizen evidence upload and SHA-256 vault ingest,SUCCESS,True
SYN-AUDIT-001041,SYN-USER-OFFICER-001,revenue_officer,VALIDATION_RUN,validation_case,SYN-CASE-001041,2024-10-06T09:21:00Z,Automated multi-field statutory comparison pipeline,SUCCESS,True
SYN-AUDIT-001042,SYN-USER-ADMIN-001,administrator,CASE_REVIEW,validation_case,SYN-CASE-001042,2024-11-07T10:22:00Z,Revenue officer inspected cadastral discrepancy,REVIEW_REQUIRED,True
SYN-AUDIT-001043,SYSTEM-VALIDATION-ENGINE,system_engine,DECISION_RECORDED,validation_case,SYN-CASE-001043,2024-12-08T11:23:00Z,Officer adjudication recorded in case log,SUCCESS,True
SYN-AUDIT-001044,SYN-USER-CITIZEN-001,citizen,MUTATION_AUDIT,mutation,SYN-RES-001044,2024-01-09T12:24:00Z,Review of mutation notice period under Sec 129 KLRA,SUCCESS,True
SYN-AUDIT-001045,SYN-USER-OFFICER-001,revenue_officer,DOCUMENT_INGEST,document,SYN-RES-001045,2024-02-10T13:25:00Z,Citizen evidence upload and SHA-256 vault ingest,SUCCESS,True
SYN-AUDIT-001046,SYN-USER-ADMIN-001,administrator,VALIDATION_RUN,validation_case,SYN-CASE-001046,2024-03-11T14:26:00Z,Automated multi-field statutory comparison pipeline,SUCCESS,True
SYN-AUDIT-001047,SYSTEM-VALIDATION-ENGINE,system_engine,CASE_REVIEW,validation_case,SYN-CASE-001047,2024-04-12T15:27:00Z,Revenue officer inspected cadastral discrepancy,REVIEW_REQUIRED,True
SYN-AUDIT-001048,SYN-USER-CITIZEN-001,citizen,DECISION_RECORDED,validation_case,SYN-CASE-001048,2024-05-13T16:28:00Z,Officer adjudication recorded in case log,SUCCESS,True
SYN-AUDIT-001049,SYN-USER-OFFICER-001,revenue_officer,MUTATION_AUDIT,mutation,SYN-RES-001049,2024-06-14T17:29:00Z,Review of mutation notice period under Sec 129 KLRA,SUCCESS,True
SYN-AUDIT-001050,SYN-USER-ADMIN-001,administrator,DOCUMENT_INGEST,document,SYN-RES-001050,2024-07-15T18:30:00Z,Citizen evidence upload and SHA-256 vault ingest,SUCCESS,True
SYN-AUDIT-001051,SYSTEM-VALIDATION-ENGINE,system_engine,VALIDATION_RUN,validation_case,SYN-CASE-001051,2024-08-16T19:31:00Z,Automated multi-field statutory comparison pipeline,SUCCESS,True
SYN-AUDIT-001052,SYN-USER-CITIZEN-001,citizen,CASE_REVIEW,validation_case,SYN-CASE-001052,2024-09-17T20:32:00Z,Revenue officer inspected cadastral discrepancy,REVIEW_REQUIRED,True
SYN-AUDIT-001053,SYN-USER-OFFICER-001,revenue_officer,DECISION_RECORDED,validation_case,SYN-CASE-001053,2024-10-18T21:33:00Z,Officer adjudication recorded in case log,SUCCESS,True
SYN-AUDIT-001054,SYN-USER-ADMIN-001,administrator,MUTATION_AUDIT,mutation,SYN-RES-001054,2024-11-19T22:34:00Z,Review of mutation notice period under Sec 129 KLRA,SUCCESS,True
SYN-AUDIT-001055,SYSTEM-VALIDATION-ENGINE,system_engine,DOCUMENT_INGEST,document,SYN-RES-001055,2024-12-20T23:35:00Z,Citizen evidence upload and SHA-256 vault ingest,SUCCESS,True
SYN-AUDIT-001056,SYN-USER-CITIZEN-001,citizen,VALIDATION_RUN,validation_case,SYN-CASE-001056,2024-01-21T00:36:00Z,Automated multi-field statutory comparison pipeline,SUCCESS,True
SYN-AUDIT-001057,SYN-USER-OFFICER-001,revenue_officer,CASE_REVIEW,validation_case,SYN-CASE-001057,2024-02-22T01:37:00Z,Revenue officer inspected cadastral discrepancy,REVIEW_REQUIRED,True
SYN-AUDIT-001058,SYN-USER-ADMIN-001,administrator,DECISION_RECORDED,validation_case,SYN-CASE-001058,2024-03-23T02:38:00Z,Officer adjudication recorded in case log,SUCCESS,True
SYN-AUDIT-001059,SYSTEM-VALIDATION-ENGINE,system_engine,MUTATION_AUDIT,mutation,SYN-RES-001059,2024-04-24T03:39:00Z,Review of mutation notice period under Sec 129 KLRA,SUCCESS,True
SYN-AUDIT-001060,SYN-USER-CITIZEN-001,citizen,DOCUMENT_INGEST,document,SYN-RES-001060,2024-05-25T04:40:00Z,Citizen evidence upload and SHA-256 vault ingest,SUCCESS,True
SYN-AUDIT-001061,SYN-USER-OFFICER-001,revenue_officer,VALIDATION_RUN,validation_case,SYN-CASE-001061,2024-06-26T05:41:00Z,Automated multi-field statutory comparison pipeline,SUCCESS,True
SYN-AUDIT-001062,SYN-USER-ADMIN-001,administrator,CASE_REVIEW,validation_case,SYN-CASE-001062,2024-07-27T06:42:00Z,Revenue officer inspected cadastral discrepancy,REVIEW_REQUIRED,True
SYN-AUDIT-001063,SYSTEM-VALIDATION-ENGINE,system_engine,DECISION_RECORDED,validation_case,SYN-CASE-001063,2024-08-28T07:43:00Z,Officer adjudication recorded in case log,SUCCESS,True
SYN-AUDIT-001064,SYN-USER-CITIZEN-001,citizen,MUTATION_AUDIT,mutation,SYN-RES-001064,2024-09-01T08:44:00Z,Review of mutation notice period under Sec 129 KLRA,SUCCESS,True
SYN-AUDIT-001065,SYN-USER-OFFICER-001,revenue_officer,DOCUMENT_INGEST,document,SYN-RES-001065,2024-10-02T09:45:00Z,Citizen evidence upload and SHA-256 vault ingest,SUCCESS,True
SYN-AUDIT-001066,SYN-USER-ADMIN-001,administrator,VALIDATION_RUN,validation_case,SYN-CASE-001066,2024-11-03T10:46:00Z,Automated multi-field statutory comparison pipeline,SUCCESS,True
SYN-AUDIT-001067,SYSTEM-VALIDATION-ENGINE,system_engine,CASE_REVIEW,validation_case,SYN-CASE-001067,2024-12-04T11:47:00Z,Revenue officer inspected cadastral discrepancy,REVIEW_REQUIRED,True
SYN-AUDIT-001068,SYN-USER-CITIZEN-001,citizen,DECISION_RECORDED,validation_case,SYN-CASE-001068,2024-01-05T12:48:00Z,Officer adjudication recorded in case log,SUCCESS,True
SYN-AUDIT-001069,SYN-USER-OFFICER-001,revenue_officer,MUTATION_AUDIT,mutation,SYN-RES-001069,2024-02-06T13:49:00Z,Review of mutation notice period under Sec 129 KLRA,SUCCESS,True
SYN-AUDIT-001070,SYN-USER-ADMIN-001,administrator,DOCUMENT_INGEST,document,SYN-RES-001070,2024-03-07T14:50:00Z,Citizen evidence upload and SHA-256 vault ingest,SUCCESS,True
SYN-AUDIT-001071,SYSTEM-VALIDATION-ENGINE,system_engine,VALIDATION_RUN,validation_case,SYN-CASE-001071,2024-04-08T15:51:00Z,Automated multi-field statutory comparison pipeline,SUCCESS,True
SYN-AUDIT-001072,SYN-USER-CITIZEN-001,citizen,CASE_REVIEW,validation_case,SYN-CASE-001072,2024-05-09T16:52:00Z,Revenue officer inspected cadastral discrepancy,REVIEW_REQUIRED,True
SYN-AUDIT-001073,SYN-USER-OFFICER-001,revenue_officer,DECISION_RECORDED,validation_case,SYN-CASE-001073,2024-06-10T17:53:00Z,Officer adjudication recorded in case log,SUCCESS,True
SYN-AUDIT-001074,SYN-USER-ADMIN-001,administrator,MUTATION_AUDIT,mutation,SYN-RES-001074,2024-07-11T18:54:00Z,Review of mutation notice period under Sec 129 KLRA,SUCCESS,True
SYN-AUDIT-001075,SYSTEM-VALIDATION-ENGINE,system_engine,DOCUMENT_INGEST,document,SYN-RES-001075,2024-08-12T19:55:00Z,Citizen evidence upload and SHA-256 vault ingest,SUCCESS,True
SYN-AUDIT-001076,SYN-USER-CITIZEN-001,citizen,VALIDATION_RUN,validation_case,SYN-CASE-001076,2024-09-13T20:56:00Z,Automated multi-field statutory comparison pipeline,SUCCESS,True
SYN-AUDIT-001077,SYN-USER-OFFICER-001,revenue_officer,CASE_REVIEW,validation_case,SYN-CASE-001077,2024-10-14T21:57:00Z,Revenue officer inspected cadastral discrepancy,REVIEW_REQUIRED,True
SYN-AUDIT-001078,SYN-USER-ADMIN-001,administrator,DECISION_RECORDED,validation_case,SYN-CASE-001078,2024-11-15T22:58:00Z,Officer adjudication recorded in case log,SUCCESS,True
SYN-AUDIT-001079,SYSTEM-VALIDATION-ENGINE,system_engine,MUTATION_AUDIT,mutation,SYN-RES-001079,2024-12-16T23:59:00Z,Review of mutation notice period under Sec 129 KLRA,SUCCESS,True
SYN-AUDIT-001080,SYN-USER-CITIZEN-001,citizen,DOCUMENT_INGEST,document,SYN-RES-001080,2024-01-17T00:00:00Z,Citizen evidence upload and SHA-256 vault ingest,SUCCESS,True
SYN-AUDIT-001081,SYN-USER-OFFICER-001,revenue_officer,VALIDATION_RUN,validation_case,SYN-CASE-001081,2024-02-18T01:01:00Z,Automated multi-field statutory comparison pipeline,SUCCESS,True
SYN-AUDIT-001082,SYN-USER-ADMIN-001,administrator,CASE_REVIEW,validation_case,SYN-CASE-001082,2024-03-19T02:02:00Z,Revenue officer inspected cadastral discrepancy,REVIEW_REQUIRED,True
SYN-AUDIT-001083,SYSTEM-VALIDATION-ENGINE,system_engine,DECISION_RECORDED,validation_case,SYN-CASE-001083,2024-04-20T03:03:00Z,Officer adjudication recorded in case log,SUCCESS,True
SYN-AUDIT-001084,SYN-USER-CITIZEN-001,citizen,MUTATION_AUDIT,mutation,SYN-RES-001084,2024-05-21T04:04:00Z,Review of mutation notice period under Sec 129 KLRA,SUCCESS,True
SYN-AUDIT-001085,SYN-USER-OFFICER-001,revenue_officer,DOCUMENT_INGEST,document,SYN-RES-001085,2024-06-22T05:05:00Z,Citizen evidence upload and SHA-256 vault ingest,SUCCESS,True
SYN-AUDIT-001086,SYN-USER-ADMIN-001,administrator,VALIDATION_RUN,validation_case,SYN-CASE-001086,2024-07-23T06:06:00Z,Automated multi-field statutory comparison pipeline,SUCCESS,True
SYN-AUDIT-001087,SYSTEM-VALIDATION-ENGINE,system_engine,CASE_REVIEW,validation_case,SYN-CASE-001087,2024-08-24T07:07:00Z,Revenue officer inspected cadastral discrepancy,REVIEW_REQUIRED,True
SYN-AUDIT-001088,SYN-USER-CITIZEN-001,citizen,DECISION_RECORDED,validation_case,SYN-CASE-001088,2024-09-25T08:08:00Z,Officer adjudication recorded in case log,SUCCESS,True
SYN-AUDIT-001089,SYN-USER-OFFICER-001,revenue_officer,MUTATION_AUDIT,mutation,SYN-RES-001089,2024-10-26T09:09:00Z,Review of mutation notice period under Sec 129 KLRA,SUCCESS,True
SYN-AUDIT-001090,SYN-USER-ADMIN-001,administrator,DOCUMENT_INGEST,document,SYN-RES-001090,2024-11-27T10:10:00Z,Citizen evidence upload and SHA-256 vault ingest,SUCCESS,True
SYN-AUDIT-001091,SYSTEM-VALIDATION-ENGINE,system_engine,VALIDATION_RUN,validation_case,SYN-CASE-001091,2024-12-28T11:11:00Z,Automated multi-field statutory comparison pipeline,SUCCESS,True
SYN-AUDIT-001092,SYN-USER-CITIZEN-001,citizen,CASE_REVIEW,validation_case,SYN-CASE-001092,2024-01-01T12:12:00Z,Revenue officer inspected cadastral discrepancy,REVIEW_REQUIRED,True
SYN-AUDIT-001093,SYN-USER-OFFICER-001,revenue_officer,DECISION_RECORDED,validation_case,SYN-CASE-001093,2024-02-02T13:13:00Z,Officer adjudication recorded in case log,SUCCESS,True
SYN-AUDIT-001094,SYN-USER-ADMIN-001,administrator,MUTATION_AUDIT,mutation,SYN-RES-001094,2024-03-03T14:14:00Z,Review of mutation notice period under Sec 129 KLRA,SUCCESS,True
SYN-AUDIT-001095,SYSTEM-VALIDATION-ENGINE,system_engine,DOCUMENT_INGEST,document,SYN-RES-001095,2024-04-04T15:15:00Z,Citizen evidence upload and SHA-256 vault ingest,SUCCESS,True
SYN-AUDIT-001096,SYN-USER-CITIZEN-001,citizen,VALIDATION_RUN,validation_case,SYN-CASE-001096,2024-05-05T16:16:00Z,Automated multi-field statutory comparison pipeline,SUCCESS,True
SYN-AUDIT-001097,SYN-USER-OFFICER-001,revenue_officer,CASE_REVIEW,validation_case,SYN-CASE-001097,2024-06-06T17:17:00Z,Revenue officer inspected cadastral discrepancy,REVIEW_REQUIRED,True
SYN-AUDIT-001098,SYN-USER-ADMIN-001,administrator,DECISION_RECORDED,validation_case,SYN-CASE-001098,2024-07-07T18:18:00Z,Officer adjudication recorded in case log,SUCCESS,True
SYN-AUDIT-001099,SYSTEM-VALIDATION-ENGINE,system_engine,MUTATION_AUDIT,mutation,SYN-RES-001099,2024-08-08T19:19:00Z,Review of mutation notice period under Sec 129 KLRA,SUCCESS,True
SYN-AUDIT-001100,SYN-USER-CITIZEN-001,citizen,DOCUMENT_INGEST,document,SYN-RES-001100,2024-09-09T20:20:00Z,Citizen evidence upload and SHA-256 vault ingest,SUCCESS,True
SYN-AUDIT-001101,SYN-USER-OFFICER-001,revenue_officer,VALIDATION_RUN,validation_case,SYN-CASE-001101,2024-10-10T21:21:00Z,Automated multi-field statutory comparison pipeline,SUCCESS,True
SYN-AUDIT-001102,SYN-USER-ADMIN-001,administrator,CASE_REVIEW,validation_case,SYN-CASE-001102,2024-11-11T22:22:00Z,Revenue officer inspected cadastral discrepancy,REVIEW_REQUIRED,True
SYN-AUDIT-001103,SYSTEM-VALIDATION-ENGINE,system_engine,DECISION_RECORDED,validation_case,SYN-CASE-001103,2024-12-12T23:23:00Z,Officer adjudication recorded in case log,SUCCESS,True
SYN-AUDIT-001104,SYN-USER-CITIZEN-001,citizen,MUTATION_AUDIT,mutation,SYN-RES-001104,2024-01-13T00:24:00Z,Review of mutation notice period under Sec 129 KLRA,SUCCESS,True
SYN-AUDIT-001105,SYN-USER-OFFICER-001,revenue_officer,DOCUMENT_INGEST,document,SYN-RES-001105,2024-02-14T01:25:00Z,Citizen evidence upload and SHA-256 vault ingest,SUCCESS,True
SYN-AUDIT-001106,SYN-USER-ADMIN-001,administrator,VALIDATION_RUN,validation_case,SYN-CASE-001106,2024-03-15T02:26:00Z,Automated multi-field statutory comparison pipeline,SUCCESS,True
SYN-AUDIT-001107,SYSTEM-VALIDATION-ENGINE,system_engine,CASE_REVIEW,validation_case,SYN-CASE-001107,2024-04-16T03:27:00Z,Revenue officer inspected cadastral discrepancy,REVIEW_REQUIRED,True
SYN-AUDIT-001108,SYN-USER-CITIZEN-001,citizen,DECISION_RECORDED,validation_case,SYN-CASE-001108,2024-05-17T04:28:00Z,Officer adjudication recorded in case log,SUCCESS,True
SYN-AUDIT-001109,SYN-USER-OFFICER-001,revenue_officer,MUTATION_AUDIT,mutation,SYN-RES-001109,2024-06-18T05:29:00Z,Review of mutation notice period under Sec 129 KLRA,SUCCESS,True
SYN-AUDIT-001110,SYN-USER-ADMIN-001,administrator,DOCUMENT_INGEST,document,SYN-RES-001110,2024-07-19T06:30:00Z,Citizen evidence upload and SHA-256 vault ingest,SUCCESS,True
SYN-AUDIT-001111,SYSTEM-VALIDATION-ENGINE,system_engine,VALIDATION_RUN,validation_case,SYN-CASE-001111,2024-08-20T07:31:00Z,Automated multi-field statutory comparison pipeline,SUCCESS,True
SYN-AUDIT-001112,SYN-USER-CITIZEN-001,citizen,CASE_REVIEW,validation_case,SYN-CASE-001112,2024-09-21T08:32:00Z,Revenue officer inspected cadastral discrepancy,REVIEW_REQUIRED,True
SYN-AUDIT-001113,SYN-USER-OFFICER-001,revenue_officer,DECISION_RECORDED,validation_case,SYN-CASE-001113,2024-10-22T09:33:00Z,Officer adjudication recorded in case log,SUCCESS,True
SYN-AUDIT-001114,SYN-USER-ADMIN-001,administrator,MUTATION_AUDIT,mutation,SYN-RES-001114,2024-11-23T10:34:00Z,Review of mutation notice period under Sec 129 KLRA,SUCCESS,True
SYN-AUDIT-001115,SYSTEM-VALIDATION-ENGINE,system_engine,DOCUMENT_INGEST,document,SYN-RES-001115,2024-12-24T11:35:00Z,Citizen evidence upload and SHA-256 vault ingest,SUCCESS,True
SYN-AUDIT-001116,SYN-USER-CITIZEN-001,citizen,VALIDATION_RUN,validation_case,SYN-CASE-001116,2024-01-25T12:36:00Z,Automated multi-field statutory comparison pipeline,SUCCESS,True
SYN-AUDIT-001117,SYN-USER-OFFICER-001,revenue_officer,CASE_REVIEW,validation_case,SYN-CASE-001117,2024-02-26T13:37:00Z,Revenue officer inspected cadastral discrepancy,REVIEW_REQUIRED,True
SYN-AUDIT-001118,SYN-USER-ADMIN-001,administrator,DECISION_RECORDED,validation_case,SYN-CASE-001118,2024-03-27T14:38:00Z,Officer adjudication recorded in case log,SUCCESS,True
SYN-AUDIT-001119,SYSTEM-VALIDATION-ENGINE,system_engine,MUTATION_AUDIT,mutation,SYN-RES-001119,2024-04-28T15:39:00Z,Review of mutation notice period under Sec 129 KLRA,SUCCESS,True
SYN-AUDIT-001120,SYN-USER-CITIZEN-001,citizen,DOCUMENT_INGEST,document,SYN-RES-001120,2024-05-01T16:40:00Z,Citizen evidence upload and SHA-256 vault ingest,SUCCESS,True
SYN-AUDIT-001121,SYN-USER-OFFICER-001,revenue_officer,VALIDATION_RUN,validation_case,SYN-CASE-001121,2024-06-02T17:41:00Z,Automated multi-field statutory comparison pipeline,SUCCESS,True
SYN-AUDIT-001122,SYN-USER-ADMIN-001,administrator,CASE_REVIEW,validation_case,SYN-CASE-001122,2024-07-03T18:42:00Z,Revenue officer inspected cadastral discrepancy,REVIEW_REQUIRED,True
SYN-AUDIT-001123,SYSTEM-VALIDATION-ENGINE,system_engine,DECISION_RECORDED,validation_case,SYN-CASE-001123,2024-08-04T19:43:00Z,Officer adjudication recorded in case log,SUCCESS,True
SYN-AUDIT-001124,SYN-USER-CITIZEN-001,citizen,MUTATION_AUDIT,mutation,SYN-RES-001124,2024-09-05T20:44:00Z,Review of mutation notice period under Sec 129 KLRA,SUCCESS,True
SYN-AUDIT-001125,SYN-USER-OFFICER-001,revenue_officer,DOCUMENT_INGEST,document,SYN-RES-001125,2024-10-06T21:45:00Z,Citizen evidence upload and SHA-256 vault ingest,SUCCESS,True
SYN-AUDIT-001126,SYN-USER-ADMIN-001,administrator,VALIDATION_RUN,validation_case,SYN-CASE-001126,2024-11-07T22:46:00Z,Automated multi-field statutory comparison pipeline,SUCCESS,True
SYN-AUDIT-001127,SYSTEM-VALIDATION-ENGINE,system_engine,CASE_REVIEW,validation_case,SYN-CASE-001127,2024-12-08T23:47:00Z,Revenue officer inspected cadastral discrepancy,REVIEW_REQUIRED,True
SYN-AUDIT-001128,SYN-USER-CITIZEN-001,citizen,DECISION_RECORDED,validation_case,SYN-CASE-001128,2024-01-09T00:48:00Z,Officer adjudication recorded in case log,SUCCESS,True
SYN-AUDIT-001129,SYN-USER-OFFICER-001,revenue_officer,MUTATION_AUDIT,mutation,SYN-RES-001129,2024-02-10T01:49:00Z,Review of mutation notice period under Sec 129 KLRA,SUCCESS,True
SYN-AUDIT-001130,SYN-USER-ADMIN-001,administrator,DOCUMENT_INGEST,document,SYN-RES-001130,2024-03-11T02:50:00Z,Citizen evidence upload and SHA-256 vault ingest,SUCCESS,True
SYN-AUDIT-001131,SYSTEM-VALIDATION-ENGINE,system_engine,VALIDATION_RUN,validation_case,SYN-CASE-001131,2024-04-12T03:51:00Z,Automated multi-field statutory comparison pipeline,SUCCESS,True
SYN-AUDIT-001132,SYN-USER-CITIZEN-001,citizen,CASE_REVIEW,validation_case,SYN-CASE-001132,2024-05-13T04:52:00Z,Revenue officer inspected cadastral discrepancy,REVIEW_REQUIRED,True
SYN-AUDIT-001133,SYN-USER-OFFICER-001,revenue_officer,DECISION_RECORDED,validation_case,SYN-CASE-001133,2024-06-14T05:53:00Z,Officer adjudication recorded in case log,SUCCESS,True
SYN-AUDIT-001134,SYN-USER-ADMIN-001,administrator,MUTATION_AUDIT,mutation,SYN-RES-001134,2024-07-15T06:54:00Z,Review of mutation notice period under Sec 129 KLRA,SUCCESS,True
SYN-AUDIT-001135,SYSTEM-VALIDATION-ENGINE,system_engine,DOCUMENT_INGEST,document,SYN-RES-001135,2024-08-16T07:55:00Z,Citizen evidence upload and SHA-256 vault ingest,SUCCESS,True
SYN-AUDIT-001136,SYN-USER-CITIZEN-001,citizen,VALIDATION_RUN,validation_case,SYN-CASE-001136,2024-09-17T08:56:00Z,Automated multi-field statutory comparison pipeline,SUCCESS,True
SYN-AUDIT-001137,SYN-USER-OFFICER-001,revenue_officer,CASE_REVIEW,validation_case,SYN-CASE-001137,2024-10-18T09:57:00Z,Revenue officer inspected cadastral discrepancy,REVIEW_REQUIRED,True
SYN-AUDIT-001138,SYN-USER-ADMIN-001,administrator,DECISION_RECORDED,validation_case,SYN-CASE-001138,2024-11-19T10:58:00Z,Officer adjudication recorded in case log,SUCCESS,True
SYN-AUDIT-001139,SYSTEM-VALIDATION-ENGINE,system_engine,MUTATION_AUDIT,mutation,SYN-RES-001139,2024-12-20T11:59:00Z,Review of mutation notice period under Sec 129 KLRA,SUCCESS,True
SYN-AUDIT-001140,SYN-USER-CITIZEN-001,citizen,DOCUMENT_INGEST,document,SYN-RES-001140,2024-01-21T12:00:00Z,Citizen evidence upload and SHA-256 vault ingest,SUCCESS,True
SYN-AUDIT-001141,SYN-USER-OFFICER-001,revenue_officer,VALIDATION_RUN,validation_case,SYN-CASE-001141,2024-02-22T13:01:00Z,Automated multi-field statutory comparison pipeline,SUCCESS,True
SYN-AUDIT-001142,SYN-USER-ADMIN-001,administrator,CASE_REVIEW,validation_case,SYN-CASE-001142,2024-03-23T14:02:00Z,Revenue officer inspected cadastral discrepancy,REVIEW_REQUIRED,True
SYN-AUDIT-001143,SYSTEM-VALIDATION-ENGINE,system_engine,DECISION_RECORDED,validation_case,SYN-CASE-001143,2024-04-24T15:03:00Z,Officer adjudication recorded in case log,SUCCESS,True
SYN-AUDIT-001144,SYN-USER-CITIZEN-001,citizen,MUTATION_AUDIT,mutation,SYN-RES-001144,2024-05-25T16:04:00Z,Review of mutation notice period under Sec 129 KLRA,SUCCESS,True
SYN-AUDIT-001145,SYN-USER-OFFICER-001,revenue_officer,DOCUMENT_INGEST,document,SYN-RES-001145,2024-06-26T17:05:00Z,Citizen evidence upload and SHA-256 vault ingest,SUCCESS,True
SYN-AUDIT-001146,SYN-USER-ADMIN-001,administrator,VALIDATION_RUN,validation_case,SYN-CASE-001146,2024-07-27T18:06:00Z,Automated multi-field statutory comparison pipeline,SUCCESS,True
SYN-AUDIT-001147,SYSTEM-VALIDATION-ENGINE,system_engine,CASE_REVIEW,validation_case,SYN-CASE-001147,2024-08-28T19:07:00Z,Revenue officer inspected cadastral discrepancy,REVIEW_REQUIRED,True
SYN-AUDIT-001148,SYN-USER-CITIZEN-001,citizen,DECISION_RECORDED,validation_case,SYN-CASE-001148,2024-09-01T20:08:00Z,Officer adjudication recorded in case log,SUCCESS,True
SYN-AUDIT-001149,SYN-USER-OFFICER-001,revenue_officer,MUTATION_AUDIT,mutation,SYN-RES-001149,2024-10-02T21:09:00Z,Review of mutation notice period under Sec 129 KLRA,SUCCESS,True
SYN-AUDIT-001150,SYN-USER-ADMIN-001,administrator,DOCUMENT_INGEST,document,SYN-RES-001150,2024-11-03T22:10:00Z,Citizen evidence upload and SHA-256 vault ingest,SUCCESS,True
SYN-AUDIT-001151,SYSTEM-VALIDATION-ENGINE,system_engine,VALIDATION_RUN,validation_case,SYN-CASE-001151,2024-12-04T23:11:00Z,Automated multi-field statutory comparison pipeline,SUCCESS,True
SYN-AUDIT-001152,SYN-USER-CITIZEN-001,citizen,CASE_REVIEW,validation_case,SYN-CASE-001152,2024-01-05T00:12:00Z,Revenue officer inspected cadastral discrepancy,REVIEW_REQUIRED,True
SYN-AUDIT-001153,SYN-USER-OFFICER-001,revenue_officer,DECISION_RECORDED,validation_case,SYN-CASE-001153,2024-02-06T01:13:00Z,Officer adjudication recorded in case log,SUCCESS,True
SYN-AUDIT-001154,SYN-USER-ADMIN-001,administrator,MUTATION_AUDIT,mutation,SYN-RES-001154,2024-03-07T02:14:00Z,Review of mutation notice period under Sec 129 KLRA,SUCCESS,True
SYN-AUDIT-001155,SYSTEM-VALIDATION-ENGINE,system_engine,DOCUMENT_INGEST,document,SYN-RES-001155,2024-04-08T03:15:00Z,Citizen evidence upload and SHA-256 vault ingest,SUCCESS,True
SYN-AUDIT-001156,SYN-USER-CITIZEN-001,citizen,VALIDATION_RUN,validation_case,SYN-CASE-001156,2024-05-09T04:16:00Z,Automated multi-field statutory comparison pipeline,SUCCESS,True
SYN-AUDIT-001157,SYN-USER-OFFICER-001,revenue_officer,CASE_REVIEW,validation_case,SYN-CASE-001157,2024-06-10T05:17:00Z,Revenue officer inspected cadastral discrepancy,REVIEW_REQUIRED,True
SYN-AUDIT-001158,SYN-USER-ADMIN-001,administrator,DECISION_RECORDED,validation_case,SYN-CASE-001158,2024-07-11T06:18:00Z,Officer adjudication recorded in case log,SUCCESS,True
SYN-AUDIT-001159,SYSTEM-VALIDATION-ENGINE,system_engine,MUTATION_AUDIT,mutation,SYN-RES-001159,2024-08-12T07:19:00Z,Review of mutation notice period under Sec 129 KLRA,SUCCESS,True
SYN-AUDIT-001160,SYN-USER-CITIZEN-001,citizen,DOCUMENT_INGEST,document,SYN-RES-001160,2024-09-13T08:20:00Z,Citizen evidence upload and SHA-256 vault ingest,SUCCESS,True
SYN-AUDIT-001161,SYN-USER-OFFICER-001,revenue_officer,VALIDATION_RUN,validation_case,SYN-CASE-001161,2024-10-14T09:21:00Z,Automated multi-field statutory comparison pipeline,SUCCESS,True
SYN-AUDIT-001162,SYN-USER-ADMIN-001,administrator,CASE_REVIEW,validation_case,SYN-CASE-001162,2024-11-15T10:22:00Z,Revenue officer inspected cadastral discrepancy,REVIEW_REQUIRED,True
SYN-AUDIT-001163,SYSTEM-VALIDATION-ENGINE,system_engine,DECISION_RECORDED,validation_case,SYN-CASE-001163,2024-12-16T11:23:00Z,Officer adjudication recorded in case log,SUCCESS,True
SYN-AUDIT-001164,SYN-USER-CITIZEN-001,citizen,MUTATION_AUDIT,mutation,SYN-RES-001164,2024-01-17T12:24:00Z,Review of mutation notice period under Sec 129 KLRA,SUCCESS,True
SYN-AUDIT-001165,SYN-USER-OFFICER-001,revenue_officer,DOCUMENT_INGEST,document,SYN-RES-001165,2024-02-18T13:25:00Z,Citizen evidence upload and SHA-256 vault ingest,SUCCESS,True
SYN-AUDIT-001166,SYN-USER-ADMIN-001,administrator,VALIDATION_RUN,validation_case,SYN-CASE-001166,2024-03-19T14:26:00Z,Automated multi-field statutory comparison pipeline,SUCCESS,True
SYN-AUDIT-001167,SYSTEM-VALIDATION-ENGINE,system_engine,CASE_REVIEW,validation_case,SYN-CASE-001167,2024-04-20T15:27:00Z,Revenue officer inspected cadastral discrepancy,REVIEW_REQUIRED,True
SYN-AUDIT-001168,SYN-USER-CITIZEN-001,citizen,DECISION_RECORDED,validation_case,SYN-CASE-001168,2024-05-21T16:28:00Z,Officer adjudication recorded in case log,SUCCESS,True
SYN-AUDIT-001169,SYN-USER-OFFICER-001,revenue_officer,MUTATION_AUDIT,mutation,SYN-RES-001169,2024-06-22T17:29:00Z,Review of mutation notice period under Sec 129 KLRA,SUCCESS,True
SYN-AUDIT-001170,SYN-USER-ADMIN-001,administrator,DOCUMENT_INGEST,document,SYN-RES-001170,2024-07-23T18:30:00Z,Citizen evidence upload and SHA-256 vault ingest,SUCCESS,True
SYN-AUDIT-001171,SYSTEM-VALIDATION-ENGINE,system_engine,VALIDATION_RUN,validation_case,SYN-CASE-001171,2024-08-24T19:31:00Z,Automated multi-field statutory comparison pipeline,SUCCESS,True
SYN-AUDIT-001172,SYN-USER-CITIZEN-001,citizen,CASE_REVIEW,validation_case,SYN-CASE-001172,2024-09-25T20:32:00Z,Revenue officer inspected cadastral discrepancy,REVIEW_REQUIRED,True
SYN-AUDIT-001173,SYN-USER-OFFICER-001,revenue_officer,DECISION_RECORDED,validation_case,SYN-CASE-001173,2024-10-26T21:33:00Z,Officer adjudication recorded in case log,SUCCESS,True
SYN-AUDIT-001174,SYN-USER-ADMIN-001,administrator,MUTATION_AUDIT,mutation,SYN-RES-001174,2024-11-27T22:34:00Z,Review of mutation notice period under Sec 129 KLRA,SUCCESS,True
SYN-AUDIT-001175,SYSTEM-VALIDATION-ENGINE,system_engine,DOCUMENT_INGEST,document,SYN-RES-001175,2024-12-28T23:35:00Z,Citizen evidence upload and SHA-256 vault ingest,SUCCESS,True
SYN-AUDIT-001176,SYN-USER-CITIZEN-001,citizen,VALIDATION_RUN,validation_case,SYN-CASE-001176,2024-01-01T00:36:00Z,Automated multi-field statutory comparison pipeline,SUCCESS,True
SYN-AUDIT-001177,SYN-USER-OFFICER-001,revenue_officer,CASE_REVIEW,validation_case,SYN-CASE-001177,2024-02-02T01:37:00Z,Revenue officer inspected cadastral discrepancy,REVIEW_REQUIRED,True
SYN-AUDIT-001178,SYN-USER-ADMIN-001,administrator,DECISION_RECORDED,validation_case,SYN-CASE-001178,2024-03-03T02:38:00Z,Officer adjudication recorded in case log,SUCCESS,True
SYN-AUDIT-001179,SYSTEM-VALIDATION-ENGINE,system_engine,MUTATION_AUDIT,mutation,SYN-RES-001179,2024-04-04T03:39:00Z,Review of mutation notice period under Sec 129 KLRA,SUCCESS,True
SYN-AUDIT-001180,SYN-USER-CITIZEN-001,citizen,DOCUMENT_INGEST,document,SYN-RES-001180,2024-05-05T04:40:00Z,Citizen evidence upload and SHA-256 vault ingest,SUCCESS,True
SYN-AUDIT-001181,SYN-USER-OFFICER-001,revenue_officer,VALIDATION_RUN,validation_case,SYN-CASE-001181,2024-06-06T05:41:00Z,Automated multi-field statutory comparison pipeline,SUCCESS,True
SYN-AUDIT-001182,SYN-USER-ADMIN-001,administrator,CASE_REVIEW,validation_case,SYN-CASE-001182,2024-07-07T06:42:00Z,Revenue officer inspected cadastral discrepancy,REVIEW_REQUIRED,True
SYN-AUDIT-001183,SYSTEM-VALIDATION-ENGINE,system_engine,DECISION_RECORDED,validation_case,SYN-CASE-001183,2024-08-08T07:43:00Z,Officer adjudication recorded in case log,SUCCESS,True
SYN-AUDIT-001184,SYN-USER-CITIZEN-001,citizen,MUTATION_AUDIT,mutation,SYN-RES-001184,2024-09-09T08:44:00Z,Review of mutation notice period under Sec 129 KLRA,SUCCESS,True
SYN-AUDIT-001185,SYN-USER-OFFICER-001,revenue_officer,DOCUMENT_INGEST,document,SYN-RES-001185,2024-10-10T09:45:00Z,Citizen evidence upload and SHA-256 vault ingest,SUCCESS,True
SYN-AUDIT-001186,SYN-USER-ADMIN-001,administrator,VALIDATION_RUN,validation_case,SYN-CASE-001186,2024-11-11T10:46:00Z,Automated multi-field statutory comparison pipeline,SUCCESS,True
SYN-AUDIT-001187,SYSTEM-VALIDATION-ENGINE,system_engine,CASE_REVIEW,validation_case,SYN-CASE-001187,2024-12-12T11:47:00Z,Revenue officer inspected cadastral discrepancy,REVIEW_REQUIRED,True
SYN-AUDIT-001188,SYN-USER-CITIZEN-001,citizen,DECISION_RECORDED,validation_case,SYN-CASE-001188,2024-01-13T12:48:00Z,Officer adjudication recorded in case log,SUCCESS,True
SYN-AUDIT-001189,SYN-USER-OFFICER-001,revenue_officer,MUTATION_AUDIT,mutation,SYN-RES-001189,2024-02-14T13:49:00Z,Review of mutation notice period under Sec 129 KLRA,SUCCESS,True
SYN-AUDIT-001190,SYN-USER-ADMIN-001,administrator,DOCUMENT_INGEST,document,SYN-RES-001190,2024-03-15T14:50:00Z,Citizen evidence upload and SHA-256 vault ingest,SUCCESS,True
SYN-AUDIT-001191,SYSTEM-VALIDATION-ENGINE,system_engine,VALIDATION_RUN,validation_case,SYN-CASE-001191,2024-04-16T15:51:00Z,Automated multi-field statutory comparison pipeline,SUCCESS,True
SYN-AUDIT-001192,SYN-USER-CITIZEN-001,citizen,CASE_REVIEW,validation_case,SYN-CASE-001192,2024-05-17T16:52:00Z,Revenue officer inspected cadastral discrepancy,REVIEW_REQUIRED,True
SYN-AUDIT-001193,SYN-USER-OFFICER-001,revenue_officer,DECISION_RECORDED,validation_case,SYN-CASE-001193,2024-06-18T17:53:00Z,Officer adjudication recorded in case log,SUCCESS,True
SYN-AUDIT-001194,SYN-USER-ADMIN-001,administrator,MUTATION_AUDIT,mutation,SYN-RES-001194,2024-07-19T18:54:00Z,Review of mutation notice period under Sec 129 KLRA,SUCCESS,True
SYN-AUDIT-001195,SYSTEM-VALIDATION-ENGINE,system_engine,DOCUMENT_INGEST,document,SYN-RES-001195,2024-08-20T19:55:00Z,Citizen evidence upload and SHA-256 vault ingest,SUCCESS,True
SYN-AUDIT-001196,SYN-USER-CITIZEN-001,citizen,VALIDATION_RUN,validation_case,SYN-CASE-001196,2024-09-21T20:56:00Z,Automated multi-field statutory comparison pipeline,SUCCESS,True
SYN-AUDIT-001197,SYN-USER-OFFICER-001,revenue_officer,CASE_REVIEW,validation_case,SYN-CASE-001197,2024-10-22T21:57:00Z,Revenue officer inspected cadastral discrepancy,REVIEW_REQUIRED,True
SYN-AUDIT-001198,SYN-USER-ADMIN-001,administrator,DECISION_RECORDED,validation_case,SYN-CASE-001198,2024-11-23T22:58:00Z,Officer adjudication recorded in case log,SUCCESS,True
SYN-AUDIT-001199,SYSTEM-VALIDATION-ENGINE,system_engine,MUTATION_AUDIT,mutation,SYN-RES-001199,2024-12-24T23:59:00Z,Review of mutation notice period under Sec 129 KLRA,SUCCESS,True
SYN-AUDIT-001200,SYN-USER-CITIZEN-001,citizen,DOCUMENT_INGEST,document,SYN-RES-001200,2024-01-25T00:00:00Z,Citizen evidence upload and SHA-256 vault ingest,SUCCESS,True
SYN-AUDIT-001201,SYN-USER-OFFICER-001,revenue_officer,VALIDATION_RUN,validation_case,SYN-CASE-001201,2024-02-26T01:01:00Z,Automated multi-field statutory comparison pipeline,SUCCESS,True
SYN-AUDIT-001202,SYN-USER-ADMIN-001,administrator,CASE_REVIEW,validation_case,SYN-CASE-001202,2024-03-27T02:02:00Z,Revenue officer inspected cadastral discrepancy,REVIEW_REQUIRED,True
SYN-AUDIT-001203,SYSTEM-VALIDATION-ENGINE,system_engine,DECISION_RECORDED,validation_case,SYN-CASE-001203,2024-04-28T03:03:00Z,Officer adjudication recorded in case log,SUCCESS,True
SYN-AUDIT-001204,SYN-USER-CITIZEN-001,citizen,MUTATION_AUDIT,mutation,SYN-RES-001204,2024-05-01T04:04:00Z,Review of mutation notice period under Sec 129 KLRA,SUCCESS,True
SYN-AUDIT-001205,SYN-USER-OFFICER-001,revenue_officer,DOCUMENT_INGEST,document,SYN-RES-001205,2024-06-02T05:05:00Z,Citizen evidence upload and SHA-256 vault ingest,SUCCESS,True
SYN-AUDIT-001206,SYN-USER-ADMIN-001,administrator,VALIDATION_RUN,validation_case,SYN-CASE-001206,2024-07-03T06:06:00Z,Automated multi-field statutory comparison pipeline,SUCCESS,True
SYN-AUDIT-001207,SYSTEM-VALIDATION-ENGINE,system_engine,CASE_REVIEW,validation_case,SYN-CASE-001207,2024-08-04T07:07:00Z,Revenue officer inspected cadastral discrepancy,REVIEW_REQUIRED,True
SYN-AUDIT-001208,SYN-USER-CITIZEN-001,citizen,DECISION_RECORDED,validation_case,SYN-CASE-001208,2024-09-05T08:08:00Z,Officer adjudication recorded in case log,SUCCESS,True
SYN-AUDIT-001209,SYN-USER-OFFICER-001,revenue_officer,MUTATION_AUDIT,mutation,SYN-RES-001209,2024-10-06T09:09:00Z,Review of mutation notice period under Sec 129 KLRA,SUCCESS,True
SYN-AUDIT-001210,SYN-USER-ADMIN-001,administrator,DOCUMENT_INGEST,document,SYN-RES-001210,2024-11-07T10:10:00Z,Citizen evidence upload and SHA-256 vault ingest,SUCCESS,True
SYN-AUDIT-001211,SYSTEM-VALIDATION-ENGINE,system_engine,VALIDATION_RUN,validation_case,SYN-CASE-001211,2024-12-08T11:11:00Z,Automated multi-field statutory comparison pipeline,SUCCESS,True
SYN-AUDIT-001212,SYN-USER-CITIZEN-001,citizen,CASE_REVIEW,validation_case,SYN-CASE-001212,2024-01-09T12:12:00Z,Revenue officer inspected cadastral discrepancy,REVIEW_REQUIRED,True
SYN-AUDIT-001213,SYN-USER-OFFICER-001,revenue_officer,DECISION_RECORDED,validation_case,SYN-CASE-001213,2024-02-10T13:13:00Z,Officer adjudication recorded in case log,SUCCESS,True
SYN-AUDIT-001214,SYN-USER-ADMIN-001,administrator,MUTATION_AUDIT,mutation,SYN-RES-001214,2024-03-11T14:14:00Z,Review of mutation notice period under Sec 129 KLRA,SUCCESS,True
SYN-AUDIT-001215,SYSTEM-VALIDATION-ENGINE,system_engine,DOCUMENT_INGEST,document,SYN-RES-001215,2024-04-12T15:15:00Z,Citizen evidence upload and SHA-256 vault ingest,SUCCESS,True
SYN-AUDIT-001216,SYN-USER-CITIZEN-001,citizen,VALIDATION_RUN,validation_case,SYN-CASE-001216,2024-05-13T16:16:00Z,Automated multi-field statutory comparison pipeline,SUCCESS,True
SYN-AUDIT-001217,SYN-USER-OFFICER-001,revenue_officer,CASE_REVIEW,validation_case,SYN-CASE-001217,2024-06-14T17:17:00Z,Revenue officer inspected cadastral discrepancy,REVIEW_REQUIRED,True
SYN-AUDIT-001218,SYN-USER-ADMIN-001,administrator,DECISION_RECORDED,validation_case,SYN-CASE-001218,2024-07-15T18:18:00Z,Officer adjudication recorded in case log,SUCCESS,True
SYN-AUDIT-001219,SYSTEM-VALIDATION-ENGINE,system_engine,MUTATION_AUDIT,mutation,SYN-RES-001219,2024-08-16T19:19:00Z,Review of mutation notice period under Sec 129 KLRA,SUCCESS,True
SYN-AUDIT-001220,SYN-USER-CITIZEN-001,citizen,DOCUMENT_INGEST,document,SYN-RES-001220,2024-09-17T20:20:00Z,Citizen evidence upload and SHA-256 vault ingest,SUCCESS,True
SYN-AUDIT-001221,SYN-USER-OFFICER-001,revenue_officer,VALIDATION_RUN,validation_case,SYN-CASE-001221,2024-10-18T21:21:00Z,Automated multi-field statutory comparison pipeline,SUCCESS,True
SYN-AUDIT-001222,SYN-USER-ADMIN-001,administrator,CASE_REVIEW,validation_case,SYN-CASE-001222,2024-11-19T22:22:00Z,Revenue officer inspected cadastral discrepancy,REVIEW_REQUIRED,True
SYN-AUDIT-001223,SYSTEM-VALIDATION-ENGINE,system_engine,DECISION_RECORDED,validation_case,SYN-CASE-001223,2024-12-20T23:23:00Z,Officer adjudication recorded in case log,SUCCESS,True
SYN-AUDIT-001224,SYN-USER-CITIZEN-001,citizen,MUTATION_AUDIT,mutation,SYN-RES-001224,2024-01-21T00:24:00Z,Review of mutation notice period under Sec 129 KLRA,SUCCESS,True
SYN-AUDIT-001225,SYN-USER-OFFICER-001,revenue_officer,DOCUMENT_INGEST,document,SYN-RES-001225,2024-02-22T01:25:00Z,Citizen evidence upload and SHA-256 vault ingest,SUCCESS,True
SYN-AUDIT-001226,SYN-USER-ADMIN-001,administrator,VALIDATION_RUN,validation_case,SYN-CASE-001226,2024-03-23T02:26:00Z,Automated multi-field statutory comparison pipeline,SUCCESS,True
SYN-AUDIT-001227,SYSTEM-VALIDATION-ENGINE,system_engine,CASE_REVIEW,validation_case,SYN-CASE-001227,2024-04-24T03:27:00Z,Revenue officer inspected cadastral discrepancy,REVIEW_REQUIRED,True
SYN-AUDIT-001228,SYN-USER-CITIZEN-001,citizen,DECISION_RECORDED,validation_case,SYN-CASE-001228,2024-05-25T04:28:00Z,Officer adjudication recorded in case log,SUCCESS,True
SYN-AUDIT-001229,SYN-USER-OFFICER-001,revenue_officer,MUTATION_AUDIT,mutation,SYN-RES-001229,2024-06-26T05:29:00Z,Review of mutation notice period under Sec 129 KLRA,SUCCESS,True
SYN-AUDIT-001230,SYN-USER-ADMIN-001,administrator,DOCUMENT_INGEST,document,SYN-RES-001230,2024-07-27T06:30:00Z,Citizen evidence upload and SHA-256 vault ingest,SUCCESS,True
SYN-AUDIT-001231,SYSTEM-VALIDATION-ENGINE,system_engine,VALIDATION_RUN,validation_case,SYN-CASE-001231,2024-08-28T07:31:00Z,Automated multi-field statutory comparison pipeline,SUCCESS,True
SYN-AUDIT-001232,SYN-USER-CITIZEN-001,citizen,CASE_REVIEW,validation_case,SYN-CASE-001232,2024-09-01T08:32:00Z,Revenue officer inspected cadastral discrepancy,REVIEW_REQUIRED,True
SYN-AUDIT-001233,SYN-USER-OFFICER-001,revenue_officer,DECISION_RECORDED,validation_case,SYN-CASE-001233,2024-10-02T09:33:00Z,Officer adjudication recorded in case log,SUCCESS,True
SYN-AUDIT-001234,SYN-USER-ADMIN-001,administrator,MUTATION_AUDIT,mutation,SYN-RES-001234,2024-11-03T10:34:00Z,Review of mutation notice period under Sec 129 KLRA,SUCCESS,True
SYN-AUDIT-001235,SYSTEM-VALIDATION-ENGINE,system_engine,DOCUMENT_INGEST,document,SYN-RES-001235,2024-12-04T11:35:00Z,Citizen evidence upload and SHA-256 vault ingest,SUCCESS,True
SYN-AUDIT-001236,SYN-USER-CITIZEN-001,citizen,VALIDATION_RUN,validation_case,SYN-CASE-001236,2024-01-05T12:36:00Z,Automated multi-field statutory comparison pipeline,SUCCESS,True
SYN-AUDIT-001237,SYN-USER-OFFICER-001,revenue_officer,CASE_REVIEW,validation_case,SYN-CASE-001237,2024-02-06T13:37:00Z,Revenue officer inspected cadastral discrepancy,REVIEW_REQUIRED,True
SYN-AUDIT-001238,SYN-USER-ADMIN-001,administrator,DECISION_RECORDED,validation_case,SYN-CASE-001238,2024-03-07T14:38:00Z,Officer adjudication recorded in case log,SUCCESS,True
SYN-AUDIT-001239,SYSTEM-VALIDATION-ENGINE,system_engine,MUTATION_AUDIT,mutation,SYN-RES-001239,2024-04-08T15:39:00Z,Review of mutation notice period under Sec 129 KLRA,SUCCESS,True
SYN-AUDIT-001240,SYN-USER-CITIZEN-001,citizen,DOCUMENT_INGEST,document,SYN-RES-001240,2024-05-09T16:40:00Z,Citizen evidence upload and SHA-256 vault ingest,SUCCESS,True
SYN-AUDIT-001241,SYN-USER-OFFICER-001,revenue_officer,VALIDATION_RUN,validation_case,SYN-CASE-001241,2024-06-10T17:41:00Z,Automated multi-field statutory comparison pipeline,SUCCESS,True
SYN-AUDIT-001242,SYN-USER-ADMIN-001,administrator,CASE_REVIEW,validation_case,SYN-CASE-001242,2024-07-11T18:42:00Z,Revenue officer inspected cadastral discrepancy,REVIEW_REQUIRED,True
SYN-AUDIT-001243,SYSTEM-VALIDATION-ENGINE,system_engine,DECISION_RECORDED,validation_case,SYN-CASE-001243,2024-08-12T19:43:00Z,Officer adjudication recorded in case log,SUCCESS,True
SYN-AUDIT-001244,SYN-USER-CITIZEN-001,citizen,MUTATION_AUDIT,mutation,SYN-RES-001244,2024-09-13T20:44:00Z,Review of mutation notice period under Sec 129 KLRA,SUCCESS,True
SYN-AUDIT-001245,SYN-USER-OFFICER-001,revenue_officer,DOCUMENT_INGEST,document,SYN-RES-001245,2024-10-14T21:45:00Z,Citizen evidence upload and SHA-256 vault ingest,SUCCESS,True
SYN-AUDIT-001246,SYN-USER-ADMIN-001,administrator,VALIDATION_RUN,validation_case,SYN-CASE-001246,2024-11-15T22:46:00Z,Automated multi-field statutory comparison pipeline,SUCCESS,True
SYN-AUDIT-001247,SYSTEM-VALIDATION-ENGINE,system_engine,CASE_REVIEW,validation_case,SYN-CASE-001247,2024-12-16T23:47:00Z,Revenue officer inspected cadastral discrepancy,REVIEW_REQUIRED,True
SYN-AUDIT-001248,SYN-USER-CITIZEN-001,citizen,DECISION_RECORDED,validation_case,SYN-CASE-001248,2024-01-17T00:48:00Z,Officer adjudication recorded in case log,SUCCESS,True
SYN-AUDIT-001249,SYN-USER-OFFICER-001,revenue_officer,MUTATION_AUDIT,mutation,SYN-RES-001249,2024-02-18T01:49:00Z,Review of mutation notice period under Sec 129 KLRA,SUCCESS,True
SYN-AUDIT-001250,SYN-USER-ADMIN-001,administrator,DOCUMENT_INGEST,document,SYN-RES-001250,2024-03-19T02:50:00Z,Citizen evidence upload and SHA-256 vault ingest,SUCCESS,True
SYN-AUDIT-001251,SYSTEM-VALIDATION-ENGINE,system_engine,VALIDATION_RUN,validation_case,SYN-CASE-001251,2024-04-20T03:51:00Z,Automated multi-field statutory comparison pipeline,SUCCESS,True
SYN-AUDIT-001252,SYN-USER-CITIZEN-001,citizen,CASE_REVIEW,validation_case,SYN-CASE-001252,2024-05-21T04:52:00Z,Revenue officer inspected cadastral discrepancy,REVIEW_REQUIRED,True
SYN-AUDIT-001253,SYN-USER-OFFICER-001,revenue_officer,DECISION_RECORDED,validation_case,SYN-CASE-001253,2024-06-22T05:53:00Z,Officer adjudication recorded in case log,SUCCESS,True
SYN-AUDIT-001254,SYN-USER-ADMIN-001,administrator,MUTATION_AUDIT,mutation,SYN-RES-001254,2024-07-23T06:54:00Z,Review of mutation notice period under Sec 129 KLRA,SUCCESS,True
SYN-AUDIT-001255,SYSTEM-VALIDATION-ENGINE,system_engine,DOCUMENT_INGEST,document,SYN-RES-001255,2024-08-24T07:55:00Z,Citizen evidence upload and SHA-256 vault ingest,SUCCESS,True
SYN-AUDIT-001256,SYN-USER-CITIZEN-001,citizen,VALIDATION_RUN,validation_case,SYN-CASE-001256,2024-09-25T08:56:00Z,Automated multi-field statutory comparison pipeline,SUCCESS,True
SYN-AUDIT-001257,SYN-USER-OFFICER-001,revenue_officer,CASE_REVIEW,validation_case,SYN-CASE-001257,2024-10-26T09:57:00Z,Revenue officer inspected cadastral discrepancy,REVIEW_REQUIRED,True
SYN-AUDIT-001258,SYN-USER-ADMIN-001,administrator,DECISION_RECORDED,validation_case,SYN-CASE-001258,2024-11-27T10:58:00Z,Officer adjudication recorded in case log,SUCCESS,True
SYN-AUDIT-001259,SYSTEM-VALIDATION-ENGINE,system_engine,MUTATION_AUDIT,mutation,SYN-RES-001259,2024-12-28T11:59:00Z,Review of mutation notice period under Sec 129 KLRA,SUCCESS,True
SYN-AUDIT-001260,SYN-USER-CITIZEN-001,citizen,DOCUMENT_INGEST,document,SYN-RES-001260,2024-01-01T12:00:00Z,Citizen evidence upload and SHA-256 vault ingest,SUCCESS,True
SYN-AUDIT-001261,SYN-USER-OFFICER-001,revenue_officer,VALIDATION_RUN,validation_case,SYN-CASE-001261,2024-02-02T13:01:00Z,Automated multi-field statutory comparison pipeline,SUCCESS,True
SYN-AUDIT-001262,SYN-USER-ADMIN-001,administrator,CASE_REVIEW,validation_case,SYN-CASE-001262,2024-03-03T14:02:00Z,Revenue officer inspected cadastral discrepancy,REVIEW_REQUIRED,True
SYN-AUDIT-001263,SYSTEM-VALIDATION-ENGINE,system_engine,DECISION_RECORDED,validation_case,SYN-CASE-001263,2024-04-04T15:03:00Z,Officer adjudication recorded in case log,SUCCESS,True
SYN-AUDIT-001264,SYN-USER-CITIZEN-001,citizen,MUTATION_AUDIT,mutation,SYN-RES-001264,2024-05-05T16:04:00Z,Review of mutation notice period under Sec 129 KLRA,SUCCESS,True
SYN-AUDIT-001265,SYN-USER-OFFICER-001,revenue_officer,DOCUMENT_INGEST,document,SYN-RES-001265,2024-06-06T17:05:00Z,Citizen evidence upload and SHA-256 vault ingest,SUCCESS,True
SYN-AUDIT-001266,SYN-USER-ADMIN-001,administrator,VALIDATION_RUN,validation_case,SYN-CASE-001266,2024-07-07T18:06:00Z,Automated multi-field statutory comparison pipeline,SUCCESS,True
SYN-AUDIT-001267,SYSTEM-VALIDATION-ENGINE,system_engine,CASE_REVIEW,validation_case,SYN-CASE-001267,2024-08-08T19:07:00Z,Revenue officer inspected cadastral discrepancy,REVIEW_REQUIRED,True
SYN-AUDIT-001268,SYN-USER-CITIZEN-001,citizen,DECISION_RECORDED,validation_case,SYN-CASE-001268,2024-09-09T20:08:00Z,Officer adjudication recorded in case log,SUCCESS,True
SYN-AUDIT-001269,SYN-USER-OFFICER-001,revenue_officer,MUTATION_AUDIT,mutation,SYN-RES-001269,2024-10-10T21:09:00Z,Review of mutation notice period under Sec 129 KLRA,SUCCESS,True
SYN-AUDIT-001270,SYN-USER-ADMIN-001,administrator,DOCUMENT_INGEST,document,SYN-RES-001270,2024-11-11T22:10:00Z,Citizen evidence upload and SHA-256 vault ingest,SUCCESS,True
SYN-AUDIT-001271,SYSTEM-VALIDATION-ENGINE,system_engine,VALIDATION_RUN,validation_case,SYN-CASE-001271,2024-12-12T23:11:00Z,Automated multi-field statutory comparison pipeline,SUCCESS,True
SYN-AUDIT-001272,SYN-USER-CITIZEN-001,citizen,CASE_REVIEW,validation_case,SYN-CASE-001272,2024-01-13T00:12:00Z,Revenue officer inspected cadastral discrepancy,REVIEW_REQUIRED,True
SYN-AUDIT-001273,SYN-USER-OFFICER-001,revenue_officer,DECISION_RECORDED,validation_case,SYN-CASE-001273,2024-02-14T01:13:00Z,Officer adjudication recorded in case log,SUCCESS,True
SYN-AUDIT-001274,SYN-USER-ADMIN-001,administrator,MUTATION_AUDIT,mutation,SYN-RES-001274,2024-03-15T02:14:00Z,Review of mutation notice period under Sec 129 KLRA,SUCCESS,True
SYN-AUDIT-001275,SYSTEM-VALIDATION-ENGINE,system_engine,DOCUMENT_INGEST,document,SYN-RES-001275,2024-04-16T03:15:00Z,Citizen evidence upload and SHA-256 vault ingest,SUCCESS,True
SYN-AUDIT-001276,SYN-USER-CITIZEN-001,citizen,VALIDATION_RUN,validation_case,SYN-CASE-001276,2024-05-17T04:16:00Z,Automated multi-field statutory comparison pipeline,SUCCESS,True
SYN-AUDIT-001277,SYN-USER-OFFICER-001,revenue_officer,CASE_REVIEW,validation_case,SYN-CASE-001277,2024-06-18T05:17:00Z,Revenue officer inspected cadastral discrepancy,REVIEW_REQUIRED,True
SYN-AUDIT-001278,SYN-USER-ADMIN-001,administrator,DECISION_RECORDED,validation_case,SYN-CASE-001278,2024-07-19T06:18:00Z,Officer adjudication recorded in case log,SUCCESS,True
SYN-AUDIT-001279,SYSTEM-VALIDATION-ENGINE,system_engine,MUTATION_AUDIT,mutation,SYN-RES-001279,2024-08-20T07:19:00Z,Review of mutation notice period under Sec 129 KLRA,SUCCESS,True
SYN-AUDIT-001280,SYN-USER-CITIZEN-001,citizen,DOCUMENT_INGEST,document,SYN-RES-001280,2024-09-21T08:20:00Z,Citizen evidence upload and SHA-256 vault ingest,SUCCESS,True
SYN-AUDIT-001281,SYN-USER-OFFICER-001,revenue_officer,VALIDATION_RUN,validation_case,SYN-CASE-001281,2024-10-22T09:21:00Z,Automated multi-field statutory comparison pipeline,SUCCESS,True
SYN-AUDIT-001282,SYN-USER-ADMIN-001,administrator,CASE_REVIEW,validation_case,SYN-CASE-001282,2024-11-23T10:22:00Z,Revenue officer inspected cadastral discrepancy,REVIEW_REQUIRED,True
SYN-AUDIT-001283,SYSTEM-VALIDATION-ENGINE,system_engine,DECISION_RECORDED,validation_case,SYN-CASE-001283,2024-12-24T11:23:00Z,Officer adjudication recorded in case log,SUCCESS,True
SYN-AUDIT-001284,SYN-USER-CITIZEN-001,citizen,MUTATION_AUDIT,mutation,SYN-RES-001284,2024-01-25T12:24:00Z,Review of mutation notice period under Sec 129 KLRA,SUCCESS,True
SYN-AUDIT-001285,SYN-USER-OFFICER-001,revenue_officer,DOCUMENT_INGEST,document,SYN-RES-001285,2024-02-26T13:25:00Z,Citizen evidence upload and SHA-256 vault ingest,SUCCESS,True
SYN-AUDIT-001286,SYN-USER-ADMIN-001,administrator,VALIDATION_RUN,validation_case,SYN-CASE-001286,2024-03-27T14:26:00Z,Automated multi-field statutory comparison pipeline,SUCCESS,True
SYN-AUDIT-001287,SYSTEM-VALIDATION-ENGINE,system_engine,CASE_REVIEW,validation_case,SYN-CASE-001287,2024-04-28T15:27:00Z,Revenue officer inspected cadastral discrepancy,REVIEW_REQUIRED,True
SYN-AUDIT-001288,SYN-USER-CITIZEN-001,citizen,DECISION_RECORDED,validation_case,SYN-CASE-001288,2024-05-01T16:28:00Z,Officer adjudication recorded in case log,SUCCESS,True
SYN-AUDIT-001289,SYN-USER-OFFICER-001,revenue_officer,MUTATION_AUDIT,mutation,SYN-RES-001289,2024-06-02T17:29:00Z,Review of mutation notice period under Sec 129 KLRA,SUCCESS,True
SYN-AUDIT-001290,SYN-USER-ADMIN-001,administrator,DOCUMENT_INGEST,document,SYN-RES-001290,2024-07-03T18:30:00Z,Citizen evidence upload and SHA-256 vault ingest,SUCCESS,True
SYN-AUDIT-001291,SYSTEM-VALIDATION-ENGINE,system_engine,VALIDATION_RUN,validation_case,SYN-CASE-001291,2024-08-04T19:31:00Z,Automated multi-field statutory comparison pipeline,SUCCESS,True
SYN-AUDIT-001292,SYN-USER-CITIZEN-001,citizen,CASE_REVIEW,validation_case,SYN-CASE-001292,2024-09-05T20:32:00Z,Revenue officer inspected cadastral discrepancy,REVIEW_REQUIRED,True
SYN-AUDIT-001293,SYN-USER-OFFICER-001,revenue_officer,DECISION_RECORDED,validation_case,SYN-CASE-001293,2024-10-06T21:33:00Z,Officer adjudication recorded in case log,SUCCESS,True
SYN-AUDIT-001294,SYN-USER-ADMIN-001,administrator,MUTATION_AUDIT,mutation,SYN-RES-001294,2024-11-07T22:34:00Z,Review of mutation notice period under Sec 129 KLRA,SUCCESS,True
SYN-AUDIT-001295,SYSTEM-VALIDATION-ENGINE,system_engine,DOCUMENT_INGEST,document,SYN-RES-001295,2024-12-08T23:35:00Z,Citizen evidence upload and SHA-256 vault ingest,SUCCESS,True
SYN-AUDIT-001296,SYN-USER-CITIZEN-001,citizen,VALIDATION_RUN,validation_case,SYN-CASE-001296,2024-01-09T00:36:00Z,Automated multi-field statutory comparison pipeline,SUCCESS,True
SYN-AUDIT-001297,SYN-USER-OFFICER-001,revenue_officer,CASE_REVIEW,validation_case,SYN-CASE-001297,2024-02-10T01:37:00Z,Revenue officer inspected cadastral discrepancy,REVIEW_REQUIRED,True
SYN-AUDIT-001298,SYN-USER-ADMIN-001,administrator,DECISION_RECORDED,validation_case,SYN-CASE-001298,2024-03-11T02:38:00Z,Officer adjudication recorded in case log,SUCCESS,True
SYN-AUDIT-001299,SYSTEM-VALIDATION-ENGINE,system_engine,MUTATION_AUDIT,mutation,SYN-RES-001299,2024-04-12T03:39:00Z,Review of mutation notice period under Sec 129 KLRA,SUCCESS,True
SYN-AUDIT-001300,SYN-USER-CITIZEN-001,citizen,DOCUMENT_INGEST,document,SYN-RES-001300,2024-05-13T04:40:00Z,Citizen evidence upload and SHA-256 vault ingest,SUCCESS,True
SYN-AUDIT-001301,SYN-USER-OFFICER-001,revenue_officer,VALIDATION_RUN,validation_case,SYN-CASE-001301,2024-06-14T05:41:00Z,Automated multi-field statutory comparison pipeline,SUCCESS,True
SYN-AUDIT-001302,SYN-USER-ADMIN-001,administrator,CASE_REVIEW,validation_case,SYN-CASE-001302,2024-07-15T06:42:00Z,Revenue officer inspected cadastral discrepancy,REVIEW_REQUIRED,True
SYN-AUDIT-001303,SYSTEM-VALIDATION-ENGINE,system_engine,DECISION_RECORDED,validation_case,SYN-CASE-001303,2024-08-16T07:43:00Z,Officer adjudication recorded in case log,SUCCESS,True
SYN-AUDIT-001304,SYN-USER-CITIZEN-001,citizen,MUTATION_AUDIT,mutation,SYN-RES-001304,2024-09-17T08:44:00Z,Review of mutation notice period under Sec 129 KLRA,SUCCESS,True
SYN-AUDIT-001305,SYN-USER-OFFICER-001,revenue_officer,DOCUMENT_INGEST,document,SYN-RES-001305,2024-10-18T09:45:00Z,Citizen evidence upload and SHA-256 vault ingest,SUCCESS,True
SYN-AUDIT-001306,SYN-USER-ADMIN-001,administrator,VALIDATION_RUN,validation_case,SYN-CASE-001306,2024-11-19T10:46:00Z,Automated multi-field statutory comparison pipeline,SUCCESS,True
SYN-AUDIT-001307,SYSTEM-VALIDATION-ENGINE,system_engine,CASE_REVIEW,validation_case,SYN-CASE-001307,2024-12-20T11:47:00Z,Revenue officer inspected cadastral discrepancy,REVIEW_REQUIRED,True
SYN-AUDIT-001308,SYN-USER-CITIZEN-001,citizen,DECISION_RECORDED,validation_case,SYN-CASE-001308,2024-01-21T12:48:00Z,Officer adjudication recorded in case log,SUCCESS,True
SYN-AUDIT-001309,SYN-USER-OFFICER-001,revenue_officer,MUTATION_AUDIT,mutation,SYN-RES-001309,2024-02-22T13:49:00Z,Review of mutation notice period under Sec 129 KLRA,SUCCESS,True
SYN-AUDIT-001310,SYN-USER-ADMIN-001,administrator,DOCUMENT_INGEST,document,SYN-RES-001310,2024-03-23T14:50:00Z,Citizen evidence upload and SHA-256 vault ingest,SUCCESS,True
SYN-AUDIT-001311,SYSTEM-VALIDATION-ENGINE,system_engine,VALIDATION_RUN,validation_case,SYN-CASE-001311,2024-04-24T15:51:00Z,Automated multi-field statutory comparison pipeline,SUCCESS,True
SYN-AUDIT-001312,SYN-USER-CITIZEN-001,citizen,CASE_REVIEW,validation_case,SYN-CASE-001312,2024-05-25T16:52:00Z,Revenue officer inspected cadastral discrepancy,REVIEW_REQUIRED,True
SYN-AUDIT-001313,SYN-USER-OFFICER-001,revenue_officer,DECISION_RECORDED,validation_case,SYN-CASE-001313,2024-06-26T17:53:00Z,Officer adjudication recorded in case log,SUCCESS,True
SYN-AUDIT-001314,SYN-USER-ADMIN-001,administrator,MUTATION_AUDIT,mutation,SYN-RES-001314,2024-07-27T18:54:00Z,Review of mutation notice period under Sec 129 KLRA,SUCCESS,True
SYN-AUDIT-001315,SYSTEM-VALIDATION-ENGINE,system_engine,DOCUMENT_INGEST,document,SYN-RES-001315,2024-08-28T19:55:00Z,Citizen evidence upload and SHA-256 vault ingest,SUCCESS,True
SYN-AUDIT-001316,SYN-USER-CITIZEN-001,citizen,VALIDATION_RUN,validation_case,SYN-CASE-001316,2024-09-01T20:56:00Z,Automated multi-field statutory comparison pipeline,SUCCESS,True
SYN-AUDIT-001317,SYN-USER-OFFICER-001,revenue_officer,CASE_REVIEW,validation_case,SYN-CASE-001317,2024-10-02T21:57:00Z,Revenue officer inspected cadastral discrepancy,REVIEW_REQUIRED,True
SYN-AUDIT-001318,SYN-USER-ADMIN-001,administrator,DECISION_RECORDED,validation_case,SYN-CASE-001318,2024-11-03T22:58:00Z,Officer adjudication recorded in case log,SUCCESS,True
SYN-AUDIT-001319,SYSTEM-VALIDATION-ENGINE,system_engine,MUTATION_AUDIT,mutation,SYN-RES-001319,2024-12-04T23:59:00Z,Review of mutation notice period under Sec 129 KLRA,SUCCESS,True
SYN-AUDIT-001320,SYN-USER-CITIZEN-001,citizen,DOCUMENT_INGEST,document,SYN-RES-001320,2024-01-05T00:00:00Z,Citizen evidence upload and SHA-256 vault ingest,SUCCESS,True
SYN-AUDIT-001321,SYN-USER-OFFICER-001,revenue_officer,VALIDATION_RUN,validation_case,SYN-CASE-001321,2024-02-06T01:01:00Z,Automated multi-field statutory comparison pipeline,SUCCESS,True
SYN-AUDIT-001322,SYN-USER-ADMIN-001,administrator,CASE_REVIEW,validation_case,SYN-CASE-001322,2024-03-07T02:02:00Z,Revenue officer inspected cadastral discrepancy,REVIEW_REQUIRED,True
SYN-AUDIT-001323,SYSTEM-VALIDATION-ENGINE,system_engine,DECISION_RECORDED,validation_case,SYN-CASE-001323,2024-04-08T03:03:00Z,Officer adjudication recorded in case log,SUCCESS,True
SYN-AUDIT-001324,SYN-USER-CITIZEN-001,citizen,MUTATION_AUDIT,mutation,SYN-RES-001324,2024-05-09T04:04:00Z,Review of mutation notice period under Sec 129 KLRA,SUCCESS,True
SYN-AUDIT-001325,SYN-USER-OFFICER-001,revenue_officer,DOCUMENT_INGEST,document,SYN-RES-001325,2024-06-10T05:05:00Z,Citizen evidence upload and SHA-256 vault ingest,SUCCESS,True
SYN-AUDIT-001326,SYN-USER-ADMIN-001,administrator,VALIDATION_RUN,validation_case,SYN-CASE-001326,2024-07-11T06:06:00Z,Automated multi-field statutory comparison pipeline,SUCCESS,True
SYN-AUDIT-001327,SYSTEM-VALIDATION-ENGINE,system_engine,CASE_REVIEW,validation_case,SYN-CASE-001327,2024-08-12T07:07:00Z,Revenue officer inspected cadastral discrepancy,REVIEW_REQUIRED,True
SYN-AUDIT-001328,SYN-USER-CITIZEN-001,citizen,DECISION_RECORDED,validation_case,SYN-CASE-001328,2024-09-13T08:08:00Z,Officer adjudication recorded in case log,SUCCESS,True
SYN-AUDIT-001329,SYN-USER-OFFICER-001,revenue_officer,MUTATION_AUDIT,mutation,SYN-RES-001329,2024-10-14T09:09:00Z,Review of mutation notice period under Sec 129 KLRA,SUCCESS,True
SYN-AUDIT-001330,SYN-USER-ADMIN-001,administrator,DOCUMENT_INGEST,document,SYN-RES-001330,2024-11-15T10:10:00Z,Citizen evidence upload and SHA-256 vault ingest,SUCCESS,True
SYN-AUDIT-001331,SYSTEM-VALIDATION-ENGINE,system_engine,VALIDATION_RUN,validation_case,SYN-CASE-001331,2024-12-16T11:11:00Z,Automated multi-field statutory comparison pipeline,SUCCESS,True
SYN-AUDIT-001332,SYN-USER-CITIZEN-001,citizen,CASE_REVIEW,validation_case,SYN-CASE-001332,2024-01-17T12:12:00Z,Revenue officer inspected cadastral discrepancy,REVIEW_REQUIRED,True
SYN-AUDIT-001333,SYN-USER-OFFICER-001,revenue_officer,DECISION_RECORDED,validation_case,SYN-CASE-001333,2024-02-18T13:13:00Z,Officer adjudication recorded in case log,SUCCESS,True
SYN-AUDIT-001334,SYN-USER-ADMIN-001,administrator,MUTATION_AUDIT,mutation,SYN-RES-001334,2024-03-19T14:14:00Z,Review of mutation notice period under Sec 129 KLRA,SUCCESS,True
SYN-AUDIT-001335,SYSTEM-VALIDATION-ENGINE,system_engine,DOCUMENT_INGEST,document,SYN-RES-001335,2024-04-20T15:15:00Z,Citizen evidence upload and SHA-256 vault ingest,SUCCESS,True
SYN-AUDIT-001336,SYN-USER-CITIZEN-001,citizen,VALIDATION_RUN,validation_case,SYN-CASE-001336,2024-05-21T16:16:00Z,Automated multi-field statutory comparison pipeline,SUCCESS,True
SYN-AUDIT-001337,SYN-USER-OFFICER-001,revenue_officer,CASE_REVIEW,validation_case,SYN-CASE-001337,2024-06-22T17:17:00Z,Revenue officer inspected cadastral discrepancy,REVIEW_REQUIRED,True
SYN-AUDIT-001338,SYN-USER-ADMIN-001,administrator,DECISION_RECORDED,validation_case,SYN-CASE-001338,2024-07-23T18:18:00Z,Officer adjudication recorded in case log,SUCCESS,True
SYN-AUDIT-001339,SYSTEM-VALIDATION-ENGINE,system_engine,MUTATION_AUDIT,mutation,SYN-RES-001339,2024-08-24T19:19:00Z,Review of mutation notice period under Sec 129 KLRA,SUCCESS,True
SYN-AUDIT-001340,SYN-USER-CITIZEN-001,citizen,DOCUMENT_INGEST,document,SYN-RES-001340,2024-09-25T20:20:00Z,Citizen evidence upload and SHA-256 vault ingest,SUCCESS,True
SYN-AUDIT-001341,SYN-USER-OFFICER-001,revenue_officer,VALIDATION_RUN,validation_case,SYN-CASE-001341,2024-10-26T21:21:00Z,Automated multi-field statutory comparison pipeline,SUCCESS,True
SYN-AUDIT-001342,SYN-USER-ADMIN-001,administrator,CASE_REVIEW,validation_case,SYN-CASE-001342,2024-11-27T22:22:00Z,Revenue officer inspected cadastral discrepancy,REVIEW_REQUIRED,True
SYN-AUDIT-001343,SYSTEM-VALIDATION-ENGINE,system_engine,DECISION_RECORDED,validation_case,SYN-CASE-001343,2024-12-28T23:23:00Z,Officer adjudication recorded in case log,SUCCESS,True
SYN-AUDIT-001344,SYN-USER-CITIZEN-001,citizen,MUTATION_AUDIT,mutation,SYN-RES-001344,2024-01-01T00:24:00Z,Review of mutation notice period under Sec 129 KLRA,SUCCESS,True
SYN-AUDIT-001345,SYN-USER-OFFICER-001,revenue_officer,DOCUMENT_INGEST,document,SYN-RES-001345,2024-02-02T01:25:00Z,Citizen evidence upload and SHA-256 vault ingest,SUCCESS,True
SYN-AUDIT-001346,SYN-USER-ADMIN-001,administrator,VALIDATION_RUN,validation_case,SYN-CASE-001346,2024-03-03T02:26:00Z,Automated multi-field statutory comparison pipeline,SUCCESS,True
SYN-AUDIT-001347,SYSTEM-VALIDATION-ENGINE,system_engine,CASE_REVIEW,validation_case,SYN-CASE-001347,2024-04-04T03:27:00Z,Revenue officer inspected cadastral discrepancy,REVIEW_REQUIRED,True
SYN-AUDIT-001348,SYN-USER-CITIZEN-001,citizen,DECISION_RECORDED,validation_case,SYN-CASE-001348,2024-05-05T04:28:00Z,Officer adjudication recorded in case log,SUCCESS,True
SYN-AUDIT-001349,SYN-USER-OFFICER-001,revenue_officer,MUTATION_AUDIT,mutation,SYN-RES-001349,2024-06-06T05:29:00Z,Review of mutation notice period under Sec 129 KLRA,SUCCESS,True
SYN-AUDIT-001350,SYN-USER-ADMIN-001,administrator,DOCUMENT_INGEST,document,SYN-RES-001350,2024-07-07T06:30:00Z,Citizen evidence upload and SHA-256 vault ingest,SUCCESS,True
SYN-AUDIT-001351,SYSTEM-VALIDATION-ENGINE,system_engine,VALIDATION_RUN,validation_case,SYN-CASE-001351,2024-08-08T07:31:00Z,Automated multi-field statutory comparison pipeline,SUCCESS,True
SYN-AUDIT-001352,SYN-USER-CITIZEN-001,citizen,CASE_REVIEW,validation_case,SYN-CASE-001352,2024-09-09T08:32:00Z,Revenue officer inspected cadastral discrepancy,REVIEW_REQUIRED,True
SYN-AUDIT-001353,SYN-USER-OFFICER-001,revenue_officer,DECISION_RECORDED,validation_case,SYN-CASE-001353,2024-10-10T09:33:00Z,Officer adjudication recorded in case log,SUCCESS,True
SYN-AUDIT-001354,SYN-USER-ADMIN-001,administrator,MUTATION_AUDIT,mutation,SYN-RES-001354,2024-11-11T10:34:00Z,Review of mutation notice period under Sec 129 KLRA,SUCCESS,True
SYN-AUDIT-001355,SYSTEM-VALIDATION-ENGINE,system_engine,DOCUMENT_INGEST,document,SYN-RES-001355,2024-12-12T11:35:00Z,Citizen evidence upload and SHA-256 vault ingest,SUCCESS,True
SYN-AUDIT-001356,SYN-USER-CITIZEN-001,citizen,VALIDATION_RUN,validation_case,SYN-CASE-001356,2024-01-13T12:36:00Z,Automated multi-field statutory comparison pipeline,SUCCESS,True
SYN-AUDIT-001357,SYN-USER-OFFICER-001,revenue_officer,CASE_REVIEW,validation_case,SYN-CASE-001357,2024-02-14T13:37:00Z,Revenue officer inspected cadastral discrepancy,REVIEW_REQUIRED,True
SYN-AUDIT-001358,SYN-USER-ADMIN-001,administrator,DECISION_RECORDED,validation_case,SYN-CASE-001358,2024-03-15T14:38:00Z,Officer adjudication recorded in case log,SUCCESS,True
SYN-AUDIT-001359,SYSTEM-VALIDATION-ENGINE,system_engine,MUTATION_AUDIT,mutation,SYN-RES-001359,2024-04-16T15:39:00Z,Review of mutation notice period under Sec 129 KLRA,SUCCESS,True
SYN-AUDIT-001360,SYN-USER-CITIZEN-001,citizen,DOCUMENT_INGEST,document,SYN-RES-001360,2024-05-17T16:40:00Z,Citizen evidence upload and SHA-256 vault ingest,SUCCESS,True
SYN-AUDIT-001361,SYN-USER-OFFICER-001,revenue_officer,VALIDATION_RUN,validation_case,SYN-CASE-001361,2024-06-18T17:41:00Z,Automated multi-field statutory comparison pipeline,SUCCESS,True
SYN-AUDIT-001362,SYN-USER-ADMIN-001,administrator,CASE_REVIEW,validation_case,SYN-CASE-001362,2024-07-19T18:42:00Z,Revenue officer inspected cadastral discrepancy,REVIEW_REQUIRED,True
SYN-AUDIT-001363,SYSTEM-VALIDATION-ENGINE,system_engine,DECISION_RECORDED,validation_case,SYN-CASE-001363,2024-08-20T19:43:00Z,Officer adjudication recorded in case log,SUCCESS,True
SYN-AUDIT-001364,SYN-USER-CITIZEN-001,citizen,MUTATION_AUDIT,mutation,SYN-RES-001364,2024-09-21T20:44:00Z,Review of mutation notice period under Sec 129 KLRA,SUCCESS,True
SYN-AUDIT-001365,SYN-USER-OFFICER-001,revenue_officer,DOCUMENT_INGEST,document,SYN-RES-001365,2024-10-22T21:45:00Z,Citizen evidence upload and SHA-256 vault ingest,SUCCESS,True
SYN-AUDIT-001366,SYN-USER-ADMIN-001,administrator,VALIDATION_RUN,validation_case,SYN-CASE-001366,2024-11-23T22:46:00Z,Automated multi-field statutory comparison pipeline,SUCCESS,True
SYN-AUDIT-001367,SYSTEM-VALIDATION-ENGINE,system_engine,CASE_REVIEW,validation_case,SYN-CASE-001367,2024-12-24T23:47:00Z,Revenue officer inspected cadastral discrepancy,REVIEW_REQUIRED,True
SYN-AUDIT-001368,SYN-USER-CITIZEN-001,citizen,DECISION_RECORDED,validation_case,SYN-CASE-001368,2024-01-25T00:48:00Z,Officer adjudication recorded in case log,SUCCESS,True
SYN-AUDIT-001369,SYN-USER-OFFICER-001,revenue_officer,MUTATION_AUDIT,mutation,SYN-RES-001369,2024-02-26T01:49:00Z,Review of mutation notice period under Sec 129 KLRA,SUCCESS,True
SYN-AUDIT-001370,SYN-USER-ADMIN-001,administrator,DOCUMENT_INGEST,document,SYN-RES-001370,2024-03-27T02:50:00Z,Citizen evidence upload and SHA-256 vault ingest,SUCCESS,True
SYN-AUDIT-001371,SYSTEM-VALIDATION-ENGINE,system_engine,VALIDATION_RUN,validation_case,SYN-CASE-001371,2024-04-28T03:51:00Z,Automated multi-field statutory comparison pipeline,SUCCESS,True
SYN-AUDIT-001372,SYN-USER-CITIZEN-001,citizen,CASE_REVIEW,validation_case,SYN-CASE-001372,2024-05-01T04:52:00Z,Revenue officer inspected cadastral discrepancy,REVIEW_REQUIRED,True
SYN-AUDIT-001373,SYN-USER-OFFICER-001,revenue_officer,DECISION_RECORDED,validation_case,SYN-CASE-001373,2024-06-02T05:53:00Z,Officer adjudication recorded in case log,SUCCESS,True
SYN-AUDIT-001374,SYN-USER-ADMIN-001,administrator,MUTATION_AUDIT,mutation,SYN-RES-001374,2024-07-03T06:54:00Z,Review of mutation notice period under Sec 129 KLRA,SUCCESS,True
SYN-AUDIT-001375,SYSTEM-VALIDATION-ENGINE,system_engine,DOCUMENT_INGEST,document,SYN-RES-001375,2024-08-04T07:55:00Z,Citizen evidence upload and SHA-256 vault ingest,SUCCESS,True
SYN-AUDIT-001376,SYN-USER-CITIZEN-001,citizen,VALIDATION_RUN,validation_case,SYN-CASE-001376,2024-09-05T08:56:00Z,Automated multi-field statutory comparison pipeline,SUCCESS,True
SYN-AUDIT-001377,SYN-USER-OFFICER-001,revenue_officer,CASE_REVIEW,validation_case,SYN-CASE-001377,2024-10-06T09:57:00Z,Revenue officer inspected cadastral discrepancy,REVIEW_REQUIRED,True
SYN-AUDIT-001378,SYN-USER-ADMIN-001,administrator,DECISION_RECORDED,validation_case,SYN-CASE-001378,2024-11-07T10:58:00Z,Officer adjudication recorded in case log,SUCCESS,True
SYN-AUDIT-001379,SYSTEM-VALIDATION-ENGINE,system_engine,MUTATION_AUDIT,mutation,SYN-RES-001379,2024-12-08T11:59:00Z,Review of mutation notice period under Sec 129 KLRA,SUCCESS,True
SYN-AUDIT-001380,SYN-USER-CITIZEN-001,citizen,DOCUMENT_INGEST,document,SYN-RES-001380,2024-01-09T12:00:00Z,Citizen evidence upload and SHA-256 vault ingest,SUCCESS,True
SYN-AUDIT-001381,SYN-USER-OFFICER-001,revenue_officer,VALIDATION_RUN,validation_case,SYN-CASE-001381,2024-02-10T13:01:00Z,Automated multi-field statutory comparison pipeline,SUCCESS,True
SYN-AUDIT-001382,SYN-USER-ADMIN-001,administrator,CASE_REVIEW,validation_case,SYN-CASE-001382,2024-03-11T14:02:00Z,Revenue officer inspected cadastral discrepancy,REVIEW_REQUIRED,True
SYN-AUDIT-001383,SYSTEM-VALIDATION-ENGINE,system_engine,DECISION_RECORDED,validation_case,SYN-CASE-001383,2024-04-12T15:03:00Z,Officer adjudication recorded in case log,SUCCESS,True
SYN-AUDIT-001384,SYN-USER-CITIZEN-001,citizen,MUTATION_AUDIT,mutation,SYN-RES-001384,2024-05-13T16:04:00Z,Review of mutation notice period under Sec 129 KLRA,SUCCESS,True
SYN-AUDIT-001385,SYN-USER-OFFICER-001,revenue_officer,DOCUMENT_INGEST,document,SYN-RES-001385,2024-06-14T17:05:00Z,Citizen evidence upload and SHA-256 vault ingest,SUCCESS,True
SYN-AUDIT-001386,SYN-USER-ADMIN-001,administrator,VALIDATION_RUN,validation_case,SYN-CASE-001386,2024-07-15T18:06:00Z,Automated multi-field statutory comparison pipeline,SUCCESS,True
SYN-AUDIT-001387,SYSTEM-VALIDATION-ENGINE,system_engine,CASE_REVIEW,validation_case,SYN-CASE-001387,2024-08-16T19:07:00Z,Revenue officer inspected cadastral discrepancy,REVIEW_REQUIRED,True
SYN-AUDIT-001388,SYN-USER-CITIZEN-001,citizen,DECISION_RECORDED,validation_case,SYN-CASE-001388,2024-09-17T20:08:00Z,Officer adjudication recorded in case log,SUCCESS,True
SYN-AUDIT-001389,SYN-USER-OFFICER-001,revenue_officer,MUTATION_AUDIT,mutation,SYN-RES-001389,2024-10-18T21:09:00Z,Review of mutation notice period under Sec 129 KLRA,SUCCESS,True
SYN-AUDIT-001390,SYN-USER-ADMIN-001,administrator,DOCUMENT_INGEST,document,SYN-RES-001390,2024-11-19T22:10:00Z,Citizen evidence upload and SHA-256 vault ingest,SUCCESS,True
SYN-AUDIT-001391,SYSTEM-VALIDATION-ENGINE,system_engine,VALIDATION_RUN,validation_case,SYN-CASE-001391,2024-12-20T23:11:00Z,Automated multi-field statutory comparison pipeline,SUCCESS,True
SYN-AUDIT-001392,SYN-USER-CITIZEN-001,citizen,CASE_REVIEW,validation_case,SYN-CASE-001392,2024-01-21T00:12:00Z,Revenue officer inspected cadastral discrepancy,REVIEW_REQUIRED,True
SYN-AUDIT-001393,SYN-USER-OFFICER-001,revenue_officer,DECISION_RECORDED,validation_case,SYN-CASE-001393,2024-02-22T01:13:00Z,Officer adjudication recorded in case log,SUCCESS,True
SYN-AUDIT-001394,SYN-USER-ADMIN-001,administrator,MUTATION_AUDIT,mutation,SYN-RES-001394,2024-03-23T02:14:00Z,Review of mutation notice period under Sec 129 KLRA,SUCCESS,True
SYN-AUDIT-001395,SYSTEM-VALIDATION-ENGINE,system_engine,DOCUMENT_INGEST,document,SYN-RES-001395,2024-04-24T03:15:00Z,Citizen evidence upload and SHA-256 vault ingest,SUCCESS,True
SYN-AUDIT-001396,SYN-USER-CITIZEN-001,citizen,VALIDATION_RUN,validation_case,SYN-CASE-001396,2024-05-25T04:16:00Z,Automated multi-field statutory comparison pipeline,SUCCESS,True
SYN-AUDIT-001397,SYN-USER-OFFICER-001,revenue_officer,CASE_REVIEW,validation_case,SYN-CASE-001397,2024-06-26T05:17:00Z,Revenue officer inspected cadastral discrepancy,REVIEW_REQUIRED,True
SYN-AUDIT-001398,SYN-USER-ADMIN-001,administrator,DECISION_RECORDED,validation_case,SYN-CASE-001398,2024-07-27T06:18:00Z,Officer adjudication recorded in case log,SUCCESS,True
SYN-AUDIT-001399,SYSTEM-VALIDATION-ENGINE,system_engine,MUTATION_AUDIT,mutation,SYN-RES-001399,2024-08-28T07:19:00Z,Review of mutation notice period under Sec 129 KLRA,SUCCESS,True
SYN-AUDIT-001400,SYN-USER-CITIZEN-001,citizen,DOCUMENT_INGEST,document,SYN-RES-001400,2024-09-01T08:20:00Z,Citizen evidence upload and SHA-256 vault ingest,SUCCESS,True
SYN-AUDIT-001401,SYN-USER-OFFICER-001,revenue_officer,VALIDATION_RUN,validation_case,SYN-CASE-001401,2024-10-02T09:21:00Z,Automated multi-field statutory comparison pipeline,SUCCESS,True
SYN-AUDIT-001402,SYN-USER-ADMIN-001,administrator,CASE_REVIEW,validation_case,SYN-CASE-001402,2024-11-03T10:22:00Z,Revenue officer inspected cadastral discrepancy,REVIEW_REQUIRED,True
SYN-AUDIT-001403,SYSTEM-VALIDATION-ENGINE,system_engine,DECISION_RECORDED,validation_case,SYN-CASE-001403,2024-12-04T11:23:00Z,Officer adjudication recorded in case log,SUCCESS,True
SYN-AUDIT-001404,SYN-USER-CITIZEN-001,citizen,MUTATION_AUDIT,mutation,SYN-RES-001404,2024-01-05T12:24:00Z,Review of mutation notice period under Sec 129 KLRA,SUCCESS,True
SYN-AUDIT-001405,SYN-USER-OFFICER-001,revenue_officer,DOCUMENT_INGEST,document,SYN-RES-001405,2024-02-06T13:25:00Z,Citizen evidence upload and SHA-256 vault ingest,SUCCESS,True
SYN-AUDIT-001406,SYN-USER-ADMIN-001,administrator,VALIDATION_RUN,validation_case,SYN-CASE-001406,2024-03-07T14:26:00Z,Automated multi-field statutory comparison pipeline,SUCCESS,True
SYN-AUDIT-001407,SYSTEM-VALIDATION-ENGINE,system_engine,CASE_REVIEW,validation_case,SYN-CASE-001407,2024-04-08T15:27:00Z,Revenue officer inspected cadastral discrepancy,REVIEW_REQUIRED,True
SYN-AUDIT-001408,SYN-USER-CITIZEN-001,citizen,DECISION_RECORDED,validation_case,SYN-CASE-001408,2024-05-09T16:28:00Z,Officer adjudication recorded in case log,SUCCESS,True
SYN-AUDIT-001409,SYN-USER-OFFICER-001,revenue_officer,MUTATION_AUDIT,mutation,SYN-RES-001409,2024-06-10T17:29:00Z,Review of mutation notice period under Sec 129 KLRA,SUCCESS,True
SYN-AUDIT-001410,SYN-USER-ADMIN-001,administrator,DOCUMENT_INGEST,document,SYN-RES-001410,2024-07-11T18:30:00Z,Citizen evidence upload and SHA-256 vault ingest,SUCCESS,True
SYN-AUDIT-001411,SYSTEM-VALIDATION-ENGINE,system_engine,VALIDATION_RUN,validation_case,SYN-CASE-001411,2024-08-12T19:31:00Z,Automated multi-field statutory comparison pipeline,SUCCESS,True
SYN-AUDIT-001412,SYN-USER-CITIZEN-001,citizen,CASE_REVIEW,validation_case,SYN-CASE-001412,2024-09-13T20:32:00Z,Revenue officer inspected cadastral discrepancy,REVIEW_REQUIRED,True
SYN-AUDIT-001413,SYN-USER-OFFICER-001,revenue_officer,DECISION_RECORDED,validation_case,SYN-CASE-001413,2024-10-14T21:33:00Z,Officer adjudication recorded in case log,SUCCESS,True
SYN-AUDIT-001414,SYN-USER-ADMIN-001,administrator,MUTATION_AUDIT,mutation,SYN-RES-001414,2024-11-15T22:34:00Z,Review of mutation notice period under Sec 129 KLRA,SUCCESS,True
SYN-AUDIT-001415,SYSTEM-VALIDATION-ENGINE,system_engine,DOCUMENT_INGEST,document,SYN-RES-001415,2024-12-16T23:35:00Z,Citizen evidence upload and SHA-256 vault ingest,SUCCESS,True
SYN-AUDIT-001416,SYN-USER-CITIZEN-001,citizen,VALIDATION_RUN,validation_case,SYN-CASE-001416,2024-01-17T00:36:00Z,Automated multi-field statutory comparison pipeline,SUCCESS,True
SYN-AUDIT-001417,SYN-USER-OFFICER-001,revenue_officer,CASE_REVIEW,validation_case,SYN-CASE-001417,2024-02-18T01:37:00Z,Revenue officer inspected cadastral discrepancy,REVIEW_REQUIRED,True
SYN-AUDIT-001418,SYN-USER-ADMIN-001,administrator,DECISION_RECORDED,validation_case,SYN-CASE-001418,2024-03-19T02:38:00Z,Officer adjudication recorded in case log,SUCCESS,True
SYN-AUDIT-001419,SYSTEM-VALIDATION-ENGINE,system_engine,MUTATION_AUDIT,mutation,SYN-RES-001419,2024-04-20T03:39:00Z,Review of mutation notice period under Sec 129 KLRA,SUCCESS,True
SYN-AUDIT-001420,SYN-USER-CITIZEN-001,citizen,DOCUMENT_INGEST,document,SYN-RES-001420,2024-05-21T04:40:00Z,Citizen evidence upload and SHA-256 vault ingest,SUCCESS,True
SYN-AUDIT-001421,SYN-USER-OFFICER-001,revenue_officer,VALIDATION_RUN,validation_case,SYN-CASE-001421,2024-06-22T05:41:00Z,Automated multi-field statutory comparison pipeline,SUCCESS,True
SYN-AUDIT-001422,SYN-USER-ADMIN-001,administrator,CASE_REVIEW,validation_case,SYN-CASE-001422,2024-07-23T06:42:00Z,Revenue officer inspected cadastral discrepancy,REVIEW_REQUIRED,True
SYN-AUDIT-001423,SYSTEM-VALIDATION-ENGINE,system_engine,DECISION_RECORDED,validation_case,SYN-CASE-001423,2024-08-24T07:43:00Z,Officer adjudication recorded in case log,SUCCESS,True
SYN-AUDIT-001424,SYN-USER-CITIZEN-001,citizen,MUTATION_AUDIT,mutation,SYN-RES-001424,2024-09-25T08:44:00Z,Review of mutation notice period under Sec 129 KLRA,SUCCESS,True
SYN-AUDIT-001425,SYN-USER-OFFICER-001,revenue_officer,DOCUMENT_INGEST,document,SYN-RES-001425,2024-10-26T09:45:00Z,Citizen evidence upload and SHA-256 vault ingest,SUCCESS,True
SYN-AUDIT-001426,SYN-USER-ADMIN-001,administrator,VALIDATION_RUN,validation_case,SYN-CASE-001426,2024-11-27T10:46:00Z,Automated multi-field statutory comparison pipeline,SUCCESS,True
SYN-AUDIT-001427,SYSTEM-VALIDATION-ENGINE,system_engine,CASE_REVIEW,validation_case,SYN-CASE-001427,2024-12-28T11:47:00Z,Revenue officer inspected cadastral discrepancy,REVIEW_REQUIRED,True
SYN-AUDIT-001428,SYN-USER-CITIZEN-001,citizen,DECISION_RECORDED,validation_case,SYN-CASE-001428,2024-01-01T12:48:00Z,Officer adjudication recorded in case log,SUCCESS,True
SYN-AUDIT-001429,SYN-USER-OFFICER-001,revenue_officer,MUTATION_AUDIT,mutation,SYN-RES-001429,2024-02-02T13:49:00Z,Review of mutation notice period under Sec 129 KLRA,SUCCESS,True
SYN-AUDIT-001430,SYN-USER-ADMIN-001,administrator,DOCUMENT_INGEST,document,SYN-RES-001430,2024-03-03T14:50:00Z,Citizen evidence upload and SHA-256 vault ingest,SUCCESS,True
SYN-AUDIT-001431,SYSTEM-VALIDATION-ENGINE,system_engine,VALIDATION_RUN,validation_case,SYN-CASE-001431,2024-04-04T15:51:00Z,Automated multi-field statutory comparison pipeline,SUCCESS,True
SYN-AUDIT-001432,SYN-USER-CITIZEN-001,citizen,CASE_REVIEW,validation_case,SYN-CASE-001432,2024-05-05T16:52:00Z,Revenue officer inspected cadastral discrepancy,REVIEW_REQUIRED,True
SYN-AUDIT-001433,SYN-USER-OFFICER-001,revenue_officer,DECISION_RECORDED,validation_case,SYN-CASE-001433,2024-06-06T17:53:00Z,Officer adjudication recorded in case log,SUCCESS,True
SYN-AUDIT-001434,SYN-USER-ADMIN-001,administrator,MUTATION_AUDIT,mutation,SYN-RES-001434,2024-07-07T18:54:00Z,Review of mutation notice period under Sec 129 KLRA,SUCCESS,True
SYN-AUDIT-001435,SYSTEM-VALIDATION-ENGINE,system_engine,DOCUMENT_INGEST,document,SYN-RES-001435,2024-08-08T19:55:00Z,Citizen evidence upload and SHA-256 vault ingest,SUCCESS,True
SYN-AUDIT-001436,SYN-USER-CITIZEN-001,citizen,VALIDATION_RUN,validation_case,SYN-CASE-001436,2024-09-09T20:56:00Z,Automated multi-field statutory comparison pipeline,SUCCESS,True
SYN-AUDIT-001437,SYN-USER-OFFICER-001,revenue_officer,CASE_REVIEW,validation_case,SYN-CASE-001437,2024-10-10T21:57:00Z,Revenue officer inspected cadastral discrepancy,REVIEW_REQUIRED,True
SYN-AUDIT-001438,SYN-USER-ADMIN-001,administrator,DECISION_RECORDED,validation_case,SYN-CASE-001438,2024-11-11T22:58:00Z,Officer adjudication recorded in case log,SUCCESS,True
SYN-AUDIT-001439,SYSTEM-VALIDATION-ENGINE,system_engine,MUTATION_AUDIT,mutation,SYN-RES-001439,2024-12-12T23:59:00Z,Review of mutation notice period under Sec 129 KLRA,SUCCESS,True
SYN-AUDIT-001440,SYN-USER-CITIZEN-001,citizen,DOCUMENT_INGEST,document,SYN-RES-001440,2024-01-13T00:00:00Z,Citizen evidence upload and SHA-256 vault ingest,SUCCESS,True
SYN-AUDIT-001441,SYN-USER-OFFICER-001,revenue_officer,VALIDATION_RUN,validation_case,SYN-CASE-001441,2024-02-14T01:01:00Z,Automated multi-field statutory comparison pipeline,SUCCESS,True
SYN-AUDIT-001442,SYN-USER-ADMIN-001,administrator,CASE_REVIEW,validation_case,SYN-CASE-001442,2024-03-15T02:02:00Z,Revenue officer inspected cadastral discrepancy,REVIEW_REQUIRED,True
SYN-AUDIT-001443,SYSTEM-VALIDATION-ENGINE,system_engine,DECISION_RECORDED,validation_case,SYN-CASE-001443,2024-04-16T03:03:00Z,Officer adjudication recorded in case log,SUCCESS,True
SYN-AUDIT-001444,SYN-USER-CITIZEN-001,citizen,MUTATION_AUDIT,mutation,SYN-RES-001444,2024-05-17T04:04:00Z,Review of mutation notice period under Sec 129 KLRA,SUCCESS,True
SYN-AUDIT-001445,SYN-USER-OFFICER-001,revenue_officer,DOCUMENT_INGEST,document,SYN-RES-001445,2024-06-18T05:05:00Z,Citizen evidence upload and SHA-256 vault ingest,SUCCESS,True
SYN-AUDIT-001446,SYN-USER-ADMIN-001,administrator,VALIDATION_RUN,validation_case,SYN-CASE-001446,2024-07-19T06:06:00Z,Automated multi-field statutory comparison pipeline,SUCCESS,True
SYN-AUDIT-001447,SYSTEM-VALIDATION-ENGINE,system_engine,CASE_REVIEW,validation_case,SYN-CASE-001447,2024-08-20T07:07:00Z,Revenue officer inspected cadastral discrepancy,REVIEW_REQUIRED,True
SYN-AUDIT-001448,SYN-USER-CITIZEN-001,citizen,DECISION_RECORDED,validation_case,SYN-CASE-001448,2024-09-21T08:08:00Z,Officer adjudication recorded in case log,SUCCESS,True
SYN-AUDIT-001449,SYN-USER-OFFICER-001,revenue_officer,MUTATION_AUDIT,mutation,SYN-RES-001449,2024-10-22T09:09:00Z,Review of mutation notice period under Sec 129 KLRA,SUCCESS,True
SYN-AUDIT-001450,SYN-USER-ADMIN-001,administrator,DOCUMENT_INGEST,document,SYN-RES-001450,2024-11-23T10:10:00Z,Citizen evidence upload and SHA-256 vault ingest,SUCCESS,True
SYN-AUDIT-001451,SYSTEM-VALIDATION-ENGINE,system_engine,VALIDATION_RUN,validation_case,SYN-CASE-001451,2024-12-24T11:11:00Z,Automated multi-field statutory comparison pipeline,SUCCESS,True
SYN-AUDIT-001452,SYN-USER-CITIZEN-001,citizen,CASE_REVIEW,validation_case,SYN-CASE-001452,2024-01-25T12:12:00Z,Revenue officer inspected cadastral discrepancy,REVIEW_REQUIRED,True
SYN-AUDIT-001453,SYN-USER-OFFICER-001,revenue_officer,DECISION_RECORDED,validation_case,SYN-CASE-001453,2024-02-26T13:13:00Z,Officer adjudication recorded in case log,SUCCESS,True
SYN-AUDIT-001454,SYN-USER-ADMIN-001,administrator,MUTATION_AUDIT,mutation,SYN-RES-001454,2024-03-27T14:14:00Z,Review of mutation notice period under Sec 129 KLRA,SUCCESS,True
SYN-AUDIT-001455,SYSTEM-VALIDATION-ENGINE,system_engine,DOCUMENT_INGEST,document,SYN-RES-001455,2024-04-28T15:15:00Z,Citizen evidence upload and SHA-256 vault ingest,SUCCESS,True
SYN-AUDIT-001456,SYN-USER-CITIZEN-001,citizen,VALIDATION_RUN,validation_case,SYN-CASE-001456,2024-05-01T16:16:00Z,Automated multi-field statutory comparison pipeline,SUCCESS,True
SYN-AUDIT-001457,SYN-USER-OFFICER-001,revenue_officer,CASE_REVIEW,validation_case,SYN-CASE-001457,2024-06-02T17:17:00Z,Revenue officer inspected cadastral discrepancy,REVIEW_REQUIRED,True
SYN-AUDIT-001458,SYN-USER-ADMIN-001,administrator,DECISION_RECORDED,validation_case,SYN-CASE-001458,2024-07-03T18:18:00Z,Officer adjudication recorded in case log,SUCCESS,True
SYN-AUDIT-001459,SYSTEM-VALIDATION-ENGINE,system_engine,MUTATION_AUDIT,mutation,SYN-RES-001459,2024-08-04T19:19:00Z,Review of mutation notice period under Sec 129 KLRA,SUCCESS,True
SYN-AUDIT-001460,SYN-USER-CITIZEN-001,citizen,DOCUMENT_INGEST,document,SYN-RES-001460,2024-09-05T20:20:00Z,Citizen evidence upload and SHA-256 vault ingest,SUCCESS,True
SYN-AUDIT-001461,SYN-USER-OFFICER-001,revenue_officer,VALIDATION_RUN,validation_case,SYN-CASE-001461,2024-10-06T21:21:00Z,Automated multi-field statutory comparison pipeline,SUCCESS,True
SYN-AUDIT-001462,SYN-USER-ADMIN-001,administrator,CASE_REVIEW,validation_case,SYN-CASE-001462,2024-11-07T22:22:00Z,Revenue officer inspected cadastral discrepancy,REVIEW_REQUIRED,True
SYN-AUDIT-001463,SYSTEM-VALIDATION-ENGINE,system_engine,DECISION_RECORDED,validation_case,SYN-CASE-001463,2024-12-08T23:23:00Z,Officer adjudication recorded in case log,SUCCESS,True
SYN-AUDIT-001464,SYN-USER-CITIZEN-001,citizen,MUTATION_AUDIT,mutation,SYN-RES-001464,2024-01-09T00:24:00Z,Review of mutation notice period under Sec 129 KLRA,SUCCESS,True
SYN-AUDIT-001465,SYN-USER-OFFICER-001,revenue_officer,DOCUMENT_INGEST,document,SYN-RES-001465,2024-02-10T01:25:00Z,Citizen evidence upload and SHA-256 vault ingest,SUCCESS,True
SYN-AUDIT-001466,SYN-USER-ADMIN-001,administrator,VALIDATION_RUN,validation_case,SYN-CASE-001466,2024-03-11T02:26:00Z,Automated multi-field statutory comparison pipeline,SUCCESS,True
SYN-AUDIT-001467,SYSTEM-VALIDATION-ENGINE,system_engine,CASE_REVIEW,validation_case,SYN-CASE-001467,2024-04-12T03:27:00Z,Revenue officer inspected cadastral discrepancy,REVIEW_REQUIRED,True
SYN-AUDIT-001468,SYN-USER-CITIZEN-001,citizen,DECISION_RECORDED,validation_case,SYN-CASE-001468,2024-05-13T04:28:00Z,Officer adjudication recorded in case log,SUCCESS,True
SYN-AUDIT-001469,SYN-USER-OFFICER-001,revenue_officer,MUTATION_AUDIT,mutation,SYN-RES-001469,2024-06-14T05:29:00Z,Review of mutation notice period under Sec 129 KLRA,SUCCESS,True
SYN-AUDIT-001470,SYN-USER-ADMIN-001,administrator,DOCUMENT_INGEST,document,SYN-RES-001470,2024-07-15T06:30:00Z,Citizen evidence upload and SHA-256 vault ingest,SUCCESS,True
SYN-AUDIT-001471,SYSTEM-VALIDATION-ENGINE,system_engine,VALIDATION_RUN,validation_case,SYN-CASE-001471,2024-08-16T07:31:00Z,Automated multi-field statutory comparison pipeline,SUCCESS,True
SYN-AUDIT-001472,SYN-USER-CITIZEN-001,citizen,CASE_REVIEW,validation_case,SYN-CASE-001472,2024-09-17T08:32:00Z,Revenue officer inspected cadastral discrepancy,REVIEW_REQUIRED,True
SYN-AUDIT-001473,SYN-USER-OFFICER-001,revenue_officer,DECISION_RECORDED,validation_case,SYN-CASE-001473,2024-10-18T09:33:00Z,Officer adjudication recorded in case log,SUCCESS,True
SYN-AUDIT-001474,SYN-USER-ADMIN-001,administrator,MUTATION_AUDIT,mutation,SYN-RES-001474,2024-11-19T10:34:00Z,Review of mutation notice period under Sec 129 KLRA,SUCCESS,True
SYN-AUDIT-001475,SYSTEM-VALIDATION-ENGINE,system_engine,DOCUMENT_INGEST,document,SYN-RES-001475,2024-12-20T11:35:00Z,Citizen evidence upload and SHA-256 vault ingest,SUCCESS,True
SYN-AUDIT-001476,SYN-USER-CITIZEN-001,citizen,VALIDATION_RUN,validation_case,SYN-CASE-001476,2024-01-21T12:36:00Z,Automated multi-field statutory comparison pipeline,SUCCESS,True
SYN-AUDIT-001477,SYN-USER-OFFICER-001,revenue_officer,CASE_REVIEW,validation_case,SYN-CASE-001477,2024-02-22T13:37:00Z,Revenue officer inspected cadastral discrepancy,REVIEW_REQUIRED,True
SYN-AUDIT-001478,SYN-USER-ADMIN-001,administrator,DECISION_RECORDED,validation_case,SYN-CASE-001478,2024-03-23T14:38:00Z,Officer adjudication recorded in case log,SUCCESS,True
SYN-AUDIT-001479,SYSTEM-VALIDATION-ENGINE,system_engine,MUTATION_AUDIT,mutation,SYN-RES-001479,2024-04-24T15:39:00Z,Review of mutation notice period under Sec 129 KLRA,SUCCESS,True
SYN-AUDIT-001480,SYN-USER-CITIZEN-001,citizen,DOCUMENT_INGEST,document,SYN-RES-001480,2024-05-25T16:40:00Z,Citizen evidence upload and SHA-256 vault ingest,SUCCESS,True
SYN-AUDIT-001481,SYN-USER-OFFICER-001,revenue_officer,VALIDATION_RUN,validation_case,SYN-CASE-001481,2024-06-26T17:41:00Z,Automated multi-field statutory comparison pipeline,SUCCESS,True
SYN-AUDIT-001482,SYN-USER-ADMIN-001,administrator,CASE_REVIEW,validation_case,SYN-CASE-001482,2024-07-27T18:42:00Z,Revenue officer inspected cadastral discrepancy,REVIEW_REQUIRED,True
SYN-AUDIT-001483,SYSTEM-VALIDATION-ENGINE,system_engine,DECISION_RECORDED,validation_case,SYN-CASE-001483,2024-08-28T19:43:00Z,Officer adjudication recorded in case log,SUCCESS,True
SYN-AUDIT-001484,SYN-USER-CITIZEN-001,citizen,MUTATION_AUDIT,mutation,SYN-RES-001484,2024-09-01T20:44:00Z,Review of mutation notice period under Sec 129 KLRA,SUCCESS,True
SYN-AUDIT-001485,SYN-USER-OFFICER-001,revenue_officer,DOCUMENT_INGEST,document,SYN-RES-001485,2024-10-02T21:45:00Z,Citizen evidence upload and SHA-256 vault ingest,SUCCESS,True
SYN-AUDIT-001486,SYN-USER-ADMIN-001,administrator,VALIDATION_RUN,validation_case,SYN-CASE-001486,2024-11-03T22:46:00Z,Automated multi-field statutory comparison pipeline,SUCCESS,True
SYN-AUDIT-001487,SYSTEM-VALIDATION-ENGINE,system_engine,CASE_REVIEW,validation_case,SYN-CASE-001487,2024-12-04T23:47:00Z,Revenue officer inspected cadastral discrepancy,REVIEW_REQUIRED,True
SYN-AUDIT-001488,SYN-USER-CITIZEN-001,citizen,DECISION_RECORDED,validation_case,SYN-CASE-001488,2024-01-05T00:48:00Z,Officer adjudication recorded in case log,SUCCESS,True
SYN-AUDIT-001489,SYN-USER-OFFICER-001,revenue_officer,MUTATION_AUDIT,mutation,SYN-RES-001489,2024-02-06T01:49:00Z,Review of mutation notice period under Sec 129 KLRA,SUCCESS,True
SYN-AUDIT-001490,SYN-USER-ADMIN-001,administrator,DOCUMENT_INGEST,document,SYN-RES-001490,2024-03-07T02:50:00Z,Citizen evidence upload and SHA-256 vault ingest,SUCCESS,True
SYN-AUDIT-001491,SYSTEM-VALIDATION-ENGINE,system_engine,VALIDATION_RUN,validation_case,SYN-CASE-001491,2024-04-08T03:51:00Z,Automated multi-field statutory comparison pipeline,SUCCESS,True
SYN-AUDIT-001492,SYN-USER-CITIZEN-001,citizen,CASE_REVIEW,validation_case,SYN-CASE-001492,2024-05-09T04:52:00Z,Revenue officer inspected cadastral discrepancy,REVIEW_REQUIRED,True
SYN-AUDIT-001493,SYN-USER-OFFICER-001,revenue_officer,DECISION_RECORDED,validation_case,SYN-CASE-001493,2024-06-10T05:53:00Z,Officer adjudication recorded in case log,SUCCESS,True
SYN-AUDIT-001494,SYN-USER-ADMIN-001,administrator,MUTATION_AUDIT,mutation,SYN-RES-001494,2024-07-11T06:54:00Z,Review of mutation notice period under Sec 129 KLRA,SUCCESS,True
SYN-AUDIT-001495,SYSTEM-VALIDATION-ENGINE,system_engine,DOCUMENT_INGEST,document,SYN-RES-001495,2024-08-12T07:55:00Z,Citizen evidence upload and SHA-256 vault ingest,SUCCESS,True
SYN-AUDIT-001496,SYN-USER-CITIZEN-001,citizen,VALIDATION_RUN,validation_case,SYN-CASE-001496,2024-09-13T08:56:00Z,Automated multi-field statutory comparison pipeline,SUCCESS,True
SYN-AUDIT-001497,SYN-USER-OFFICER-001,revenue_officer,CASE_REVIEW,validation_case,SYN-CASE-001497,2024-10-14T09:57:00Z,Revenue officer inspected cadastral discrepancy,REVIEW_REQUIRED,True
SYN-AUDIT-001498,SYN-USER-ADMIN-001,administrator,DECISION_RECORDED,validation_case,SYN-CASE-001498,2024-11-15T10:58:00Z,Officer adjudication recorded in case log,SUCCESS,True
SYN-AUDIT-001499,SYSTEM-VALIDATION-ENGINE,system_engine,MUTATION_AUDIT,mutation,SYN-RES-001499,2024-12-16T11:59:00Z,Review of mutation notice period under Sec 129 KLRA,SUCCESS,True
SYN-AUDIT-001500,SYN-USER-CITIZEN-001,citizen,DOCUMENT_INGEST,document,SYN-RES-001500,2024-01-17T12:00:00Z,Citizen evidence upload and SHA-256 vault ingest,SUCCESS,True
SYN-AUDIT-001501,SYN-USER-OFFICER-001,revenue_officer,VALIDATION_RUN,validation_case,SYN-CASE-001501,2024-02-18T13:01:00Z,Automated multi-field statutory comparison pipeline,SUCCESS,True
SYN-AUDIT-001502,SYN-USER-ADMIN-001,administrator,CASE_REVIEW,validation_case,SYN-CASE-001502,2024-03-19T14:02:00Z,Revenue officer inspected cadastral discrepancy,REVIEW_REQUIRED,True
SYN-AUDIT-001503,SYSTEM-VALIDATION-ENGINE,system_engine,DECISION_RECORDED,validation_case,SYN-CASE-001503,2024-04-20T15:03:00Z,Officer adjudication recorded in case log,SUCCESS,True
SYN-AUDIT-001504,SYN-USER-CITIZEN-001,citizen,MUTATION_AUDIT,mutation,SYN-RES-001504,2024-05-21T16:04:00Z,Review of mutation notice period under Sec 129 KLRA,SUCCESS,True
SYN-AUDIT-001505,SYN-USER-OFFICER-001,revenue_officer,DOCUMENT_INGEST,document,SYN-RES-001505,2024-06-22T17:05:00Z,Citizen evidence upload and SHA-256 vault ingest,SUCCESS,True
SYN-AUDIT-001506,SYN-USER-ADMIN-001,administrator,VALIDATION_RUN,validation_case,SYN-CASE-001506,2024-07-23T18:06:00Z,Automated multi-field statutory comparison pipeline,SUCCESS,True
SYN-AUDIT-001507,SYSTEM-VALIDATION-ENGINE,system_engine,CASE_REVIEW,validation_case,SYN-CASE-001507,2024-08-24T19:07:00Z,Revenue officer inspected cadastral discrepancy,REVIEW_REQUIRED,True
SYN-AUDIT-001508,SYN-USER-CITIZEN-001,citizen,DECISION_RECORDED,validation_case,SYN-CASE-001508,2024-09-25T20:08:00Z,Officer adjudication recorded in case log,SUCCESS,True
SYN-AUDIT-001509,SYN-USER-OFFICER-001,revenue_officer,MUTATION_AUDIT,mutation,SYN-RES-001509,2024-10-26T21:09:00Z,Review of mutation notice period under Sec 129 KLRA,SUCCESS,True
SYN-AUDIT-001510,SYN-USER-ADMIN-001,administrator,DOCUMENT_INGEST,document,SYN-RES-001510,2024-11-27T22:10:00Z,Citizen evidence upload and SHA-256 vault ingest,SUCCESS,True
SYN-AUDIT-001511,SYSTEM-VALIDATION-ENGINE,system_engine,VALIDATION_RUN,validation_case,SYN-CASE-001511,2024-12-28T23:11:00Z,Automated multi-field statutory comparison pipeline,SUCCESS,True
SYN-AUDIT-001512,SYN-USER-CITIZEN-001,citizen,CASE_REVIEW,validation_case,SYN-CASE-001512,2024-01-01T00:12:00Z,Revenue officer inspected cadastral discrepancy,REVIEW_REQUIRED,True
SYN-AUDIT-001513,SYN-USER-OFFICER-001,revenue_officer,DECISION_RECORDED,validation_case,SYN-CASE-001513,2024-02-02T01:13:00Z,Officer adjudication recorded in case log,SUCCESS,True
SYN-AUDIT-001514,SYN-USER-ADMIN-001,administrator,MUTATION_AUDIT,mutation,SYN-RES-001514,2024-03-03T02:14:00Z,Review of mutation notice period under Sec 129 KLRA,SUCCESS,True
SYN-AUDIT-001515,SYSTEM-VALIDATION-ENGINE,system_engine,DOCUMENT_INGEST,document,SYN-RES-001515,2024-04-04T03:15:00Z,Citizen evidence upload and SHA-256 vault ingest,SUCCESS,True
SYN-AUDIT-001516,SYN-USER-CITIZEN-001,citizen,VALIDATION_RUN,validation_case,SYN-CASE-001516,2024-05-05T04:16:00Z,Automated multi-field statutory comparison pipeline,SUCCESS,True
SYN-AUDIT-001517,SYN-USER-OFFICER-001,revenue_officer,CASE_REVIEW,validation_case,SYN-CASE-001517,2024-06-06T05:17:00Z,Revenue officer inspected cadastral discrepancy,REVIEW_REQUIRED,True
SYN-AUDIT-001518,SYN-USER-ADMIN-001,administrator,DECISION_RECORDED,validation_case,SYN-CASE-001518,2024-07-07T06:18:00Z,Officer adjudication recorded in case log,SUCCESS,True
SYN-AUDIT-001519,SYSTEM-VALIDATION-ENGINE,system_engine,MUTATION_AUDIT,mutation,SYN-RES-001519,2024-08-08T07:19:00Z,Review of mutation notice period under Sec 129 KLRA,SUCCESS,True
SYN-AUDIT-001520,SYN-USER-CITIZEN-001,citizen,DOCUMENT_INGEST,document,SYN-RES-001520,2024-09-09T08:20:00Z,Citizen evidence upload and SHA-256 vault ingest,SUCCESS,True
SYN-AUDIT-001521,SYN-USER-OFFICER-001,revenue_officer,VALIDATION_RUN,validation_case,SYN-CASE-001521,2024-10-10T09:21:00Z,Automated multi-field statutory comparison pipeline,SUCCESS,True
SYN-AUDIT-001522,SYN-USER-ADMIN-001,administrator,CASE_REVIEW,validation_case,SYN-CASE-001522,2024-11-11T10:22:00Z,Revenue officer inspected cadastral discrepancy,REVIEW_REQUIRED,True
SYN-AUDIT-001523,SYSTEM-VALIDATION-ENGINE,system_engine,DECISION_RECORDED,validation_case,SYN-CASE-001523,2024-12-12T11:23:00Z,Officer adjudication recorded in case log,SUCCESS,True
SYN-AUDIT-001524,SYN-USER-CITIZEN-001,citizen,MUTATION_AUDIT,mutation,SYN-RES-001524,2024-01-13T12:24:00Z,Review of mutation notice period under Sec 129 KLRA,SUCCESS,True
SYN-AUDIT-001525,SYN-USER-OFFICER-001,revenue_officer,DOCUMENT_INGEST,document,SYN-RES-001525,2024-02-14T13:25:00Z,Citizen evidence upload and SHA-256 vault ingest,SUCCESS,True
SYN-AUDIT-001526,SYN-USER-ADMIN-001,administrator,VALIDATION_RUN,validation_case,SYN-CASE-001526,2024-03-15T14:26:00Z,Automated multi-field statutory comparison pipeline,SUCCESS,True
SYN-AUDIT-001527,SYSTEM-VALIDATION-ENGINE,system_engine,CASE_REVIEW,validation_case,SYN-CASE-001527,2024-04-16T15:27:00Z,Revenue officer inspected cadastral discrepancy,REVIEW_REQUIRED,True
SYN-AUDIT-001528,SYN-USER-CITIZEN-001,citizen,DECISION_RECORDED,validation_case,SYN-CASE-001528,2024-05-17T16:28:00Z,Officer adjudication recorded in case log,SUCCESS,True
SYN-AUDIT-001529,SYN-USER-OFFICER-001,revenue_officer,MUTATION_AUDIT,mutation,SYN-RES-001529,2024-06-18T17:29:00Z,Review of mutation notice period under Sec 129 KLRA,SUCCESS,True
SYN-AUDIT-001530,SYN-USER-ADMIN-001,administrator,DOCUMENT_INGEST,document,SYN-RES-001530,2024-07-19T18:30:00Z,Citizen evidence upload and SHA-256 vault ingest,SUCCESS,True
SYN-AUDIT-001531,SYSTEM-VALIDATION-ENGINE,system_engine,VALIDATION_RUN,validation_case,SYN-CASE-001531,2024-08-20T19:31:00Z,Automated multi-field statutory comparison pipeline,SUCCESS,True
SYN-AUDIT-001532,SYN-USER-CITIZEN-001,citizen,CASE_REVIEW,validation_case,SYN-CASE-001532,2024-09-21T20:32:00Z,Revenue officer inspected cadastral discrepancy,REVIEW_REQUIRED,True
SYN-AUDIT-001533,SYN-USER-OFFICER-001,revenue_officer,DECISION_RECORDED,validation_case,SYN-CASE-001533,2024-10-22T21:33:00Z,Officer adjudication recorded in case log,SUCCESS,True
SYN-AUDIT-001534,SYN-USER-ADMIN-001,administrator,MUTATION_AUDIT,mutation,SYN-RES-001534,2024-11-23T22:34:00Z,Review of mutation notice period under Sec 129 KLRA,SUCCESS,True
SYN-AUDIT-001535,SYSTEM-VALIDATION-ENGINE,system_engine,DOCUMENT_INGEST,document,SYN-RES-001535,2024-12-24T23:35:00Z,Citizen evidence upload and SHA-256 vault ingest,SUCCESS,True
SYN-AUDIT-001536,SYN-USER-CITIZEN-001,citizen,VALIDATION_RUN,validation_case,SYN-CASE-001536,2024-01-25T00:36:00Z,Automated multi-field statutory comparison pipeline,SUCCESS,True
SYN-AUDIT-001537,SYN-USER-OFFICER-001,revenue_officer,CASE_REVIEW,validation_case,SYN-CASE-001537,2024-02-26T01:37:00Z,Revenue officer inspected cadastral discrepancy,REVIEW_REQUIRED,True
SYN-AUDIT-001538,SYN-USER-ADMIN-001,administrator,DECISION_RECORDED,validation_case,SYN-CASE-001538,2024-03-27T02:38:00Z,Officer adjudication recorded in case log,SUCCESS,True
SYN-AUDIT-001539,SYSTEM-VALIDATION-ENGINE,system_engine,MUTATION_AUDIT,mutation,SYN-RES-001539,2024-04-28T03:39:00Z,Review of mutation notice period under Sec 129 KLRA,SUCCESS,True
SYN-AUDIT-001540,SYN-USER-CITIZEN-001,citizen,DOCUMENT_INGEST,document,SYN-RES-001540,2024-05-01T04:40:00Z,Citizen evidence upload and SHA-256 vault ingest,SUCCESS,True
SYN-AUDIT-001541,SYN-USER-OFFICER-001,revenue_officer,VALIDATION_RUN,validation_case,SYN-CASE-001541,2024-06-02T05:41:00Z,Automated multi-field statutory comparison pipeline,SUCCESS,True
SYN-AUDIT-001542,SYN-USER-ADMIN-001,administrator,CASE_REVIEW,validation_case,SYN-CASE-001542,2024-07-03T06:42:00Z,Revenue officer inspected cadastral discrepancy,REVIEW_REQUIRED,True
SYN-AUDIT-001543,SYSTEM-VALIDATION-ENGINE,system_engine,DECISION_RECORDED,validation_case,SYN-CASE-001543,2024-08-04T07:43:00Z,Officer adjudication recorded in case log,SUCCESS,True
SYN-AUDIT-001544,SYN-USER-CITIZEN-001,citizen,MUTATION_AUDIT,mutation,SYN-RES-001544,2024-09-05T08:44:00Z,Review of mutation notice period under Sec 129 KLRA,SUCCESS,True
SYN-AUDIT-001545,SYN-USER-OFFICER-001,revenue_officer,DOCUMENT_INGEST,document,SYN-RES-001545,2024-10-06T09:45:00Z,Citizen evidence upload and SHA-256 vault ingest,SUCCESS,True
SYN-AUDIT-001546,SYN-USER-ADMIN-001,administrator,VALIDATION_RUN,validation_case,SYN-CASE-001546,2024-11-07T10:46:00Z,Automated multi-field statutory comparison pipeline,SUCCESS,True
SYN-AUDIT-001547,SYSTEM-VALIDATION-ENGINE,system_engine,CASE_REVIEW,validation_case,SYN-CASE-001547,2024-12-08T11:47:00Z,Revenue officer inspected cadastral discrepancy,REVIEW_REQUIRED,True
SYN-AUDIT-001548,SYN-USER-CITIZEN-001,citizen,DECISION_RECORDED,validation_case,SYN-CASE-001548,2024-01-09T12:48:00Z,Officer adjudication recorded in case log,SUCCESS,True
SYN-AUDIT-001549,SYN-USER-OFFICER-001,revenue_officer,MUTATION_AUDIT,mutation,SYN-RES-001549,2024-02-10T13:49:00Z,Review of mutation notice period under Sec 129 KLRA,SUCCESS,True
SYN-AUDIT-001550,SYN-USER-ADMIN-001,administrator,DOCUMENT_INGEST,document,SYN-RES-001550,2024-03-11T14:50:00Z,Citizen evidence upload and SHA-256 vault ingest,SUCCESS,True
SYN-AUDIT-001551,SYSTEM-VALIDATION-ENGINE,system_engine,VALIDATION_RUN,validation_case,SYN-CASE-001551,2024-04-12T15:51:00Z,Automated multi-field statutory comparison pipeline,SUCCESS,True
SYN-AUDIT-001552,SYN-USER-CITIZEN-001,citizen,CASE_REVIEW,validation_case,SYN-CASE-001552,2024-05-13T16:52:00Z,Revenue officer inspected cadastral discrepancy,REVIEW_REQUIRED,True
SYN-AUDIT-001553,SYN-USER-OFFICER-001,revenue_officer,DECISION_RECORDED,validation_case,SYN-CASE-001553,2024-06-14T17:53:00Z,Officer adjudication recorded in case log,SUCCESS,True
SYN-AUDIT-001554,SYN-USER-ADMIN-001,administrator,MUTATION_AUDIT,mutation,SYN-RES-001554,2024-07-15T18:54:00Z,Review of mutation notice period under Sec 129 KLRA,SUCCESS,True
SYN-AUDIT-001555,SYSTEM-VALIDATION-ENGINE,system_engine,DOCUMENT_INGEST,document,SYN-RES-001555,2024-08-16T19:55:00Z,Citizen evidence upload and SHA-256 vault ingest,SUCCESS,True
SYN-AUDIT-001556,SYN-USER-CITIZEN-001,citizen,VALIDATION_RUN,validation_case,SYN-CASE-001556,2024-09-17T20:56:00Z,Automated multi-field statutory comparison pipeline,SUCCESS,True
SYN-AUDIT-001557,SYN-USER-OFFICER-001,revenue_officer,CASE_REVIEW,validation_case,SYN-CASE-001557,2024-10-18T21:57:00Z,Revenue officer inspected cadastral discrepancy,REVIEW_REQUIRED,True
SYN-AUDIT-001558,SYN-USER-ADMIN-001,administrator,DECISION_RECORDED,validation_case,SYN-CASE-001558,2024-11-19T22:58:00Z,Officer adjudication recorded in case log,SUCCESS,True
SYN-AUDIT-001559,SYSTEM-VALIDATION-ENGINE,system_engine,MUTATION_AUDIT,mutation,SYN-RES-001559,2024-12-20T23:59:00Z,Review of mutation notice period under Sec 129 KLRA,SUCCESS,True
SYN-AUDIT-001560,SYN-USER-CITIZEN-001,citizen,DOCUMENT_INGEST,document,SYN-RES-001560,2024-01-21T00:00:00Z,Citizen evidence upload and SHA-256 vault ingest,SUCCESS,True
SYN-AUDIT-001561,SYN-USER-OFFICER-001,revenue_officer,VALIDATION_RUN,validation_case,SYN-CASE-001561,2024-02-22T01:01:00Z,Automated multi-field statutory comparison pipeline,SUCCESS,True
SYN-AUDIT-001562,SYN-USER-ADMIN-001,administrator,CASE_REVIEW,validation_case,SYN-CASE-001562,2024-03-23T02:02:00Z,Revenue officer inspected cadastral discrepancy,REVIEW_REQUIRED,True
SYN-AUDIT-001563,SYSTEM-VALIDATION-ENGINE,system_engine,DECISION_RECORDED,validation_case,SYN-CASE-001563,2024-04-24T03:03:00Z,Officer adjudication recorded in case log,SUCCESS,True
SYN-AUDIT-001564,SYN-USER-CITIZEN-001,citizen,MUTATION_AUDIT,mutation,SYN-RES-001564,2024-05-25T04:04:00Z,Review of mutation notice period under Sec 129 KLRA,SUCCESS,True
SYN-AUDIT-001565,SYN-USER-OFFICER-001,revenue_officer,DOCUMENT_INGEST,document,SYN-RES-001565,2024-06-26T05:05:00Z,Citizen evidence upload and SHA-256 vault ingest,SUCCESS,True
SYN-AUDIT-001566,SYN-USER-ADMIN-001,administrator,VALIDATION_RUN,validation_case,SYN-CASE-001566,2024-07-27T06:06:00Z,Automated multi-field statutory comparison pipeline,SUCCESS,True
SYN-AUDIT-001567,SYSTEM-VALIDATION-ENGINE,system_engine,CASE_REVIEW,validation_case,SYN-CASE-001567,2024-08-28T07:07:00Z,Revenue officer inspected cadastral discrepancy,REVIEW_REQUIRED,True
SYN-AUDIT-001568,SYN-USER-CITIZEN-001,citizen,DECISION_RECORDED,validation_case,SYN-CASE-001568,2024-09-01T08:08:00Z,Officer adjudication recorded in case log,SUCCESS,True
SYN-AUDIT-001569,SYN-USER-OFFICER-001,revenue_officer,MUTATION_AUDIT,mutation,SYN-RES-001569,2024-10-02T09:09:00Z,Review of mutation notice period under Sec 129 KLRA,SUCCESS,True
SYN-AUDIT-001570,SYN-USER-ADMIN-001,administrator,DOCUMENT_INGEST,document,SYN-RES-001570,2024-11-03T10:10:00Z,Citizen evidence upload and SHA-256 vault ingest,SUCCESS,True
SYN-AUDIT-001571,SYSTEM-VALIDATION-ENGINE,system_engine,VALIDATION_RUN,validation_case,SYN-CASE-001571,2024-12-04T11:11:00Z,Automated multi-field statutory comparison pipeline,SUCCESS,True
SYN-AUDIT-001572,SYN-USER-CITIZEN-001,citizen,CASE_REVIEW,validation_case,SYN-CASE-001572,2024-01-05T12:12:00Z,Revenue officer inspected cadastral discrepancy,REVIEW_REQUIRED,True
SYN-AUDIT-001573,SYN-USER-OFFICER-001,revenue_officer,DECISION_RECORDED,validation_case,SYN-CASE-001573,2024-02-06T13:13:00Z,Officer adjudication recorded in case log,SUCCESS,True
SYN-AUDIT-001574,SYN-USER-ADMIN-001,administrator,MUTATION_AUDIT,mutation,SYN-RES-001574,2024-03-07T14:14:00Z,Review of mutation notice period under Sec 129 KLRA,SUCCESS,True
SYN-AUDIT-001575,SYSTEM-VALIDATION-ENGINE,system_engine,DOCUMENT_INGEST,document,SYN-RES-001575,2024-04-08T15:15:00Z,Citizen evidence upload and SHA-256 vault ingest,SUCCESS,True
SYN-AUDIT-001576,SYN-USER-CITIZEN-001,citizen,VALIDATION_RUN,validation_case,SYN-CASE-001576,2024-05-09T16:16:00Z,Automated multi-field statutory comparison pipeline,SUCCESS,True
SYN-AUDIT-001577,SYN-USER-OFFICER-001,revenue_officer,CASE_REVIEW,validation_case,SYN-CASE-001577,2024-06-10T17:17:00Z,Revenue officer inspected cadastral discrepancy,REVIEW_REQUIRED,True
SYN-AUDIT-001578,SYN-USER-ADMIN-001,administrator,DECISION_RECORDED,validation_case,SYN-CASE-001578,2024-07-11T18:18:00Z,Officer adjudication recorded in case log,SUCCESS,True
SYN-AUDIT-001579,SYSTEM-VALIDATION-ENGINE,system_engine,MUTATION_AUDIT,mutation,SYN-RES-001579,2024-08-12T19:19:00Z,Review of mutation notice period under Sec 129 KLRA,SUCCESS,True
SYN-AUDIT-001580,SYN-USER-CITIZEN-001,citizen,DOCUMENT_INGEST,document,SYN-RES-001580,2024-09-13T20:20:00Z,Citizen evidence upload and SHA-256 vault ingest,SUCCESS,True
SYN-AUDIT-001581,SYN-USER-OFFICER-001,revenue_officer,VALIDATION_RUN,validation_case,SYN-CASE-001581,2024-10-14T21:21:00Z,Automated multi-field statutory comparison pipeline,SUCCESS,True
SYN-AUDIT-001582,SYN-USER-ADMIN-001,administrator,CASE_REVIEW,validation_case,SYN-CASE-001582,2024-11-15T22:22:00Z,Revenue officer inspected cadastral discrepancy,REVIEW_REQUIRED,True
SYN-AUDIT-001583,SYSTEM-VALIDATION-ENGINE,system_engine,DECISION_RECORDED,validation_case,SYN-CASE-001583,2024-12-16T23:23:00Z,Officer adjudication recorded in case log,SUCCESS,True
SYN-AUDIT-001584,SYN-USER-CITIZEN-001,citizen,MUTATION_AUDIT,mutation,SYN-RES-001584,2024-01-17T00:24:00Z,Review of mutation notice period under Sec 129 KLRA,SUCCESS,True
SYN-AUDIT-001585,SYN-USER-OFFICER-001,revenue_officer,DOCUMENT_INGEST,document,SYN-RES-001585,2024-02-18T01:25:00Z,Citizen evidence upload and SHA-256 vault ingest,SUCCESS,True
SYN-AUDIT-001586,SYN-USER-ADMIN-001,administrator,VALIDATION_RUN,validation_case,SYN-CASE-001586,2024-03-19T02:26:00Z,Automated multi-field statutory comparison pipeline,SUCCESS,True
SYN-AUDIT-001587,SYSTEM-VALIDATION-ENGINE,system_engine,CASE_REVIEW,validation_case,SYN-CASE-001587,2024-04-20T03:27:00Z,Revenue officer inspected cadastral discrepancy,REVIEW_REQUIRED,True
SYN-AUDIT-001588,SYN-USER-CITIZEN-001,citizen,DECISION_RECORDED,validation_case,SYN-CASE-001588,2024-05-21T04:28:00Z,Officer adjudication recorded in case log,SUCCESS,True
SYN-AUDIT-001589,SYN-USER-OFFICER-001,revenue_officer,MUTATION_AUDIT,mutation,SYN-RES-001589,2024-06-22T05:29:00Z,Review of mutation notice period under Sec 129 KLRA,SUCCESS,True
SYN-AUDIT-001590,SYN-USER-ADMIN-001,administrator,DOCUMENT_INGEST,document,SYN-RES-001590,2024-07-23T06:30:00Z,Citizen evidence upload and SHA-256 vault ingest,SUCCESS,True
SYN-AUDIT-001591,SYSTEM-VALIDATION-ENGINE,system_engine,VALIDATION_RUN,validation_case,SYN-CASE-001591,2024-08-24T07:31:00Z,Automated multi-field statutory comparison pipeline,SUCCESS,True
SYN-AUDIT-001592,SYN-USER-CITIZEN-001,citizen,CASE_REVIEW,validation_case,SYN-CASE-001592,2024-09-25T08:32:00Z,Revenue officer inspected cadastral discrepancy,REVIEW_REQUIRED,True
SYN-AUDIT-001593,SYN-USER-OFFICER-001,revenue_officer,DECISION_RECORDED,validation_case,SYN-CASE-001593,2024-10-26T09:33:00Z,Officer adjudication recorded in case log,SUCCESS,True
SYN-AUDIT-001594,SYN-USER-ADMIN-001,administrator,MUTATION_AUDIT,mutation,SYN-RES-001594,2024-11-27T10:34:00Z,Review of mutation notice period under Sec 129 KLRA,SUCCESS,True
SYN-AUDIT-001595,SYSTEM-VALIDATION-ENGINE,system_engine,DOCUMENT_INGEST,document,SYN-RES-001595,2024-12-28T11:35:00Z,Citizen evidence upload and SHA-256 vault ingest,SUCCESS,True
SYN-AUDIT-001596,SYN-USER-CITIZEN-001,citizen,VALIDATION_RUN,validation_case,SYN-CASE-001596,2024-01-01T12:36:00Z,Automated multi-field statutory comparison pipeline,SUCCESS,True
SYN-AUDIT-001597,SYN-USER-OFFICER-001,revenue_officer,CASE_REVIEW,validation_case,SYN-CASE-001597,2024-02-02T13:37:00Z,Revenue officer inspected cadastral discrepancy,REVIEW_REQUIRED,True
SYN-AUDIT-001598,SYN-USER-ADMIN-001,administrator,DECISION_RECORDED,validation_case,SYN-CASE-001598,2024-03-03T14:38:00Z,Officer adjudication recorded in case log,SUCCESS,True
SYN-AUDIT-001599,SYSTEM-VALIDATION-ENGINE,system_engine,MUTATION_AUDIT,mutation,SYN-RES-001599,2024-04-04T15:39:00Z,Review of mutation notice period under Sec 129 KLRA,SUCCESS,True
SYN-AUDIT-001600,SYN-USER-CITIZEN-001,citizen,DOCUMENT_INGEST,document,SYN-RES-001600,2024-05-05T16:40:00Z,Citizen evidence upload and SHA-256 vault ingest,SUCCESS,True
SYN-AUDIT-001601,SYN-USER-OFFICER-001,revenue_officer,VALIDATION_RUN,validation_case,SYN-CASE-001601,2024-06-06T17:41:00Z,Automated multi-field statutory comparison pipeline,SUCCESS,True
SYN-AUDIT-001602,SYN-USER-ADMIN-001,administrator,CASE_REVIEW,validation_case,SYN-CASE-001602,2024-07-07T18:42:00Z,Revenue officer inspected cadastral discrepancy,REVIEW_REQUIRED,True
SYN-AUDIT-001603,SYSTEM-VALIDATION-ENGINE,system_engine,DECISION_RECORDED,validation_case,SYN-CASE-001603,2024-08-08T19:43:00Z,Officer adjudication recorded in case log,SUCCESS,True
SYN-AUDIT-001604,SYN-USER-CITIZEN-001,citizen,MUTATION_AUDIT,mutation,SYN-RES-001604,2024-09-09T20:44:00Z,Review of mutation notice period under Sec 129 KLRA,SUCCESS,True
SYN-AUDIT-001605,SYN-USER-OFFICER-001,revenue_officer,DOCUMENT_INGEST,document,SYN-RES-001605,2024-10-10T21:45:00Z,Citizen evidence upload and SHA-256 vault ingest,SUCCESS,True
SYN-AUDIT-001606,SYN-USER-ADMIN-001,administrator,VALIDATION_RUN,validation_case,SYN-CASE-001606,2024-11-11T22:46:00Z,Automated multi-field statutory comparison pipeline,SUCCESS,True
SYN-AUDIT-001607,SYSTEM-VALIDATION-ENGINE,system_engine,CASE_REVIEW,validation_case,SYN-CASE-001607,2024-12-12T23:47:00Z,Revenue officer inspected cadastral discrepancy,REVIEW_REQUIRED,True
SYN-AUDIT-001608,SYN-USER-CITIZEN-001,citizen,DECISION_RECORDED,validation_case,SYN-CASE-001608,2024-01-13T00:48:00Z,Officer adjudication recorded in case log,SUCCESS,True
SYN-AUDIT-001609,SYN-USER-OFFICER-001,revenue_officer,MUTATION_AUDIT,mutation,SYN-RES-001609,2024-02-14T01:49:00Z,Review of mutation notice period under Sec 129 KLRA,SUCCESS,True
SYN-AUDIT-001610,SYN-USER-ADMIN-001,administrator,DOCUMENT_INGEST,document,SYN-RES-001610,2024-03-15T02:50:00Z,Citizen evidence upload and SHA-256 vault ingest,SUCCESS,True
SYN-AUDIT-001611,SYSTEM-VALIDATION-ENGINE,system_engine,VALIDATION_RUN,validation_case,SYN-CASE-001611,2024-04-16T03:51:00Z,Automated multi-field statutory comparison pipeline,SUCCESS,True
SYN-AUDIT-001612,SYN-USER-CITIZEN-001,citizen,CASE_REVIEW,validation_case,SYN-CASE-001612,2024-05-17T04:52:00Z,Revenue officer inspected cadastral discrepancy,REVIEW_REQUIRED,True
SYN-AUDIT-001613,SYN-USER-OFFICER-001,revenue_officer,DECISION_RECORDED,validation_case,SYN-CASE-001613,2024-06-18T05:53:00Z,Officer adjudication recorded in case log,SUCCESS,True
SYN-AUDIT-001614,SYN-USER-ADMIN-001,administrator,MUTATION_AUDIT,mutation,SYN-RES-001614,2024-07-19T06:54:00Z,Review of mutation notice period under Sec 129 KLRA,SUCCESS,True
SYN-AUDIT-001615,SYSTEM-VALIDATION-ENGINE,system_engine,DOCUMENT_INGEST,document,SYN-RES-001615,2024-08-20T07:55:00Z,Citizen evidence upload and SHA-256 vault ingest,SUCCESS,True
SYN-AUDIT-001616,SYN-USER-CITIZEN-001,citizen,VALIDATION_RUN,validation_case,SYN-CASE-001616,2024-09-21T08:56:00Z,Automated multi-field statutory comparison pipeline,SUCCESS,True
SYN-AUDIT-001617,SYN-USER-OFFICER-001,revenue_officer,CASE_REVIEW,validation_case,SYN-CASE-001617,2024-10-22T09:57:00Z,Revenue officer inspected cadastral discrepancy,REVIEW_REQUIRED,True
SYN-AUDIT-001618,SYN-USER-ADMIN-001,administrator,DECISION_RECORDED,validation_case,SYN-CASE-001618,2024-11-23T10:58:00Z,Officer adjudication recorded in case log,SUCCESS,True
SYN-AUDIT-001619,SYSTEM-VALIDATION-ENGINE,system_engine,MUTATION_AUDIT,mutation,SYN-RES-001619,2024-12-24T11:59:00Z,Review of mutation notice period under Sec 129 KLRA,SUCCESS,True
SYN-AUDIT-001620,SYN-USER-CITIZEN-001,citizen,DOCUMENT_INGEST,document,SYN-RES-001620,2024-01-25T12:00:00Z,Citizen evidence upload and SHA-256 vault ingest,SUCCESS,True
SYN-AUDIT-001621,SYN-USER-OFFICER-001,revenue_officer,VALIDATION_RUN,validation_case,SYN-CASE-001621,2024-02-26T13:01:00Z,Automated multi-field statutory comparison pipeline,SUCCESS,True
SYN-AUDIT-001622,SYN-USER-ADMIN-001,administrator,CASE_REVIEW,validation_case,SYN-CASE-001622,2024-03-27T14:02:00Z,Revenue officer inspected cadastral discrepancy,REVIEW_REQUIRED,True
SYN-AUDIT-001623,SYSTEM-VALIDATION-ENGINE,system_engine,DECISION_RECORDED,validation_case,SYN-CASE-001623,2024-04-28T15:03:00Z,Officer adjudication recorded in case log,SUCCESS,True
SYN-AUDIT-001624,SYN-USER-CITIZEN-001,citizen,MUTATION_AUDIT,mutation,SYN-RES-001624,2024-05-01T16:04:00Z,Review of mutation notice period under Sec 129 KLRA,SUCCESS,True
SYN-AUDIT-001625,SYN-USER-OFFICER-001,revenue_officer,DOCUMENT_INGEST,document,SYN-RES-001625,2024-06-02T17:05:00Z,Citizen evidence upload and SHA-256 vault ingest,SUCCESS,True
SYN-AUDIT-001626,SYN-USER-ADMIN-001,administrator,VALIDATION_RUN,validation_case,SYN-CASE-001626,2024-07-03T18:06:00Z,Automated multi-field statutory comparison pipeline,SUCCESS,True
SYN-AUDIT-001627,SYSTEM-VALIDATION-ENGINE,system_engine,CASE_REVIEW,validation_case,SYN-CASE-001627,2024-08-04T19:07:00Z,Revenue officer inspected cadastral discrepancy,REVIEW_REQUIRED,True
SYN-AUDIT-001628,SYN-USER-CITIZEN-001,citizen,DECISION_RECORDED,validation_case,SYN-CASE-001628,2024-09-05T20:08:00Z,Officer adjudication recorded in case log,SUCCESS,True
SYN-AUDIT-001629,SYN-USER-OFFICER-001,revenue_officer,MUTATION_AUDIT,mutation,SYN-RES-001629,2024-10-06T21:09:00Z,Review of mutation notice period under Sec 129 KLRA,SUCCESS,True
SYN-AUDIT-001630,SYN-USER-ADMIN-001,administrator,DOCUMENT_INGEST,document,SYN-RES-001630,2024-11-07T22:10:00Z,Citizen evidence upload and SHA-256 vault ingest,SUCCESS,True
SYN-AUDIT-001631,SYSTEM-VALIDATION-ENGINE,system_engine,VALIDATION_RUN,validation_case,SYN-CASE-001631,2024-12-08T23:11:00Z,Automated multi-field statutory comparison pipeline,SUCCESS,True
SYN-AUDIT-001632,SYN-USER-CITIZEN-001,citizen,CASE_REVIEW,validation_case,SYN-CASE-001632,2024-01-09T00:12:00Z,Revenue officer inspected cadastral discrepancy,REVIEW_REQUIRED,True
SYN-AUDIT-001633,SYN-USER-OFFICER-001,revenue_officer,DECISION_RECORDED,validation_case,SYN-CASE-001633,2024-02-10T01:13:00Z,Officer adjudication recorded in case log,SUCCESS,True
SYN-AUDIT-001634,SYN-USER-ADMIN-001,administrator,MUTATION_AUDIT,mutation,SYN-RES-001634,2024-03-11T02:14:00Z,Review of mutation notice period under Sec 129 KLRA,SUCCESS,True
SYN-AUDIT-001635,SYSTEM-VALIDATION-ENGINE,system_engine,DOCUMENT_INGEST,document,SYN-RES-001635,2024-04-12T03:15:00Z,Citizen evidence upload and SHA-256 vault ingest,SUCCESS,True
SYN-AUDIT-001636,SYN-USER-CITIZEN-001,citizen,VALIDATION_RUN,validation_case,SYN-CASE-001636,2024-05-13T04:16:00Z,Automated multi-field statutory comparison pipeline,SUCCESS,True
SYN-AUDIT-001637,SYN-USER-OFFICER-001,revenue_officer,CASE_REVIEW,validation_case,SYN-CASE-001637,2024-06-14T05:17:00Z,Revenue officer inspected cadastral discrepancy,REVIEW_REQUIRED,True
SYN-AUDIT-001638,SYN-USER-ADMIN-001,administrator,DECISION_RECORDED,validation_case,SYN-CASE-001638,2024-07-15T06:18:00Z,Officer adjudication recorded in case log,SUCCESS,True
SYN-AUDIT-001639,SYSTEM-VALIDATION-ENGINE,system_engine,MUTATION_AUDIT,mutation,SYN-RES-001639,2024-08-16T07:19:00Z,Review of mutation notice period under Sec 129 KLRA,SUCCESS,True
SYN-AUDIT-001640,SYN-USER-CITIZEN-001,citizen,DOCUMENT_INGEST,document,SYN-RES-001640,2024-09-17T08:20:00Z,Citizen evidence upload and SHA-256 vault ingest,SUCCESS,True
SYN-AUDIT-001641,SYN-USER-OFFICER-001,revenue_officer,VALIDATION_RUN,validation_case,SYN-CASE-001641,2024-10-18T09:21:00Z,Automated multi-field statutory comparison pipeline,SUCCESS,True
SYN-AUDIT-001642,SYN-USER-ADMIN-001,administrator,CASE_REVIEW,validation_case,SYN-CASE-001642,2024-11-19T10:22:00Z,Revenue officer inspected cadastral discrepancy,REVIEW_REQUIRED,True
SYN-AUDIT-001643,SYSTEM-VALIDATION-ENGINE,system_engine,DECISION_RECORDED,validation_case,SYN-CASE-001643,2024-12-20T11:23:00Z,Officer adjudication recorded in case log,SUCCESS,True
SYN-AUDIT-001644,SYN-USER-CITIZEN-001,citizen,MUTATION_AUDIT,mutation,SYN-RES-001644,2024-01-21T12:24:00Z,Review of mutation notice period under Sec 129 KLRA,SUCCESS,True
SYN-AUDIT-001645,SYN-USER-OFFICER-001,revenue_officer,DOCUMENT_INGEST,document,SYN-RES-001645,2024-02-22T13:25:00Z,Citizen evidence upload and SHA-256 vault ingest,SUCCESS,True
SYN-AUDIT-001646,SYN-USER-ADMIN-001,administrator,VALIDATION_RUN,validation_case,SYN-CASE-001646,2024-03-23T14:26:00Z,Automated multi-field statutory comparison pipeline,SUCCESS,True
SYN-AUDIT-001647,SYSTEM-VALIDATION-ENGINE,system_engine,CASE_REVIEW,validation_case,SYN-CASE-001647,2024-04-24T15:27:00Z,Revenue officer inspected cadastral discrepancy,REVIEW_REQUIRED,True
SYN-AUDIT-001648,SYN-USER-CITIZEN-001,citizen,DECISION_RECORDED,validation_case,SYN-CASE-001648,2024-05-25T16:28:00Z,Officer adjudication recorded in case log,SUCCESS,True
SYN-AUDIT-001649,SYN-USER-OFFICER-001,revenue_officer,MUTATION_AUDIT,mutation,SYN-RES-001649,2024-06-26T17:29:00Z,Review of mutation notice period under Sec 129 KLRA,SUCCESS,True
SYN-AUDIT-001650,SYN-USER-ADMIN-001,administrator,DOCUMENT_INGEST,document,SYN-RES-001650,2024-07-27T18:30:00Z,Citizen evidence upload and SHA-256 vault ingest,SUCCESS,True
SYN-AUDIT-001651,SYSTEM-VALIDATION-ENGINE,system_engine,VALIDATION_RUN,validation_case,SYN-CASE-001651,2024-08-28T19:31:00Z,Automated multi-field statutory comparison pipeline,SUCCESS,True
SYN-AUDIT-001652,SYN-USER-CITIZEN-001,citizen,CASE_REVIEW,validation_case,SYN-CASE-001652,2024-09-01T20:32:00Z,Revenue officer inspected cadastral discrepancy,REVIEW_REQUIRED,True
SYN-AUDIT-001653,SYN-USER-OFFICER-001,revenue_officer,DECISION_RECORDED,validation_case,SYN-CASE-001653,2024-10-02T21:33:00Z,Officer adjudication recorded in case log,SUCCESS,True
SYN-AUDIT-001654,SYN-USER-ADMIN-001,administrator,MUTATION_AUDIT,mutation,SYN-RES-001654,2024-11-03T22:34:00Z,Review of mutation notice period under Sec 129 KLRA,SUCCESS,True
SYN-AUDIT-001655,SYSTEM-VALIDATION-ENGINE,system_engine,DOCUMENT_INGEST,document,SYN-RES-001655,2024-12-04T23:35:00Z,Citizen evidence upload and SHA-256 vault ingest,SUCCESS,True
SYN-AUDIT-001656,SYN-USER-CITIZEN-001,citizen,VALIDATION_RUN,validation_case,SYN-CASE-001656,2024-01-05T00:36:00Z,Automated multi-field statutory comparison pipeline,SUCCESS,True
SYN-AUDIT-001657,SYN-USER-OFFICER-001,revenue_officer,CASE_REVIEW,validation_case,SYN-CASE-001657,2024-02-06T01:37:00Z,Revenue officer inspected cadastral discrepancy,REVIEW_REQUIRED,True
SYN-AUDIT-001658,SYN-USER-ADMIN-001,administrator,DECISION_RECORDED,validation_case,SYN-CASE-001658,2024-03-07T02:38:00Z,Officer adjudication recorded in case log,SUCCESS,True
SYN-AUDIT-001659,SYSTEM-VALIDATION-ENGINE,system_engine,MUTATION_AUDIT,mutation,SYN-RES-001659,2024-04-08T03:39:00Z,Review of mutation notice period under Sec 129 KLRA,SUCCESS,True
SYN-AUDIT-001660,SYN-USER-CITIZEN-001,citizen,DOCUMENT_INGEST,document,SYN-RES-001660,2024-05-09T04:40:00Z,Citizen evidence upload and SHA-256 vault ingest,SUCCESS,True
SYN-AUDIT-001661,SYN-USER-OFFICER-001,revenue_officer,VALIDATION_RUN,validation_case,SYN-CASE-001661,2024-06-10T05:41:00Z,Automated multi-field statutory comparison pipeline,SUCCESS,True
SYN-AUDIT-001662,SYN-USER-ADMIN-001,administrator,CASE_REVIEW,validation_case,SYN-CASE-001662,2024-07-11T06:42:00Z,Revenue officer inspected cadastral discrepancy,REVIEW_REQUIRED,True
SYN-AUDIT-001663,SYSTEM-VALIDATION-ENGINE,system_engine,DECISION_RECORDED,validation_case,SYN-CASE-001663,2024-08-12T07:43:00Z,Officer adjudication recorded in case log,SUCCESS,True
SYN-AUDIT-001664,SYN-USER-CITIZEN-001,citizen,MUTATION_AUDIT,mutation,SYN-RES-001664,2024-09-13T08:44:00Z,Review of mutation notice period under Sec 129 KLRA,SUCCESS,True
SYN-AUDIT-001665,SYN-USER-OFFICER-001,revenue_officer,DOCUMENT_INGEST,document,SYN-RES-001665,2024-10-14T09:45:00Z,Citizen evidence upload and SHA-256 vault ingest,SUCCESS,True
SYN-AUDIT-001666,SYN-USER-ADMIN-001,administrator,VALIDATION_RUN,validation_case,SYN-CASE-001666,2024-11-15T10:46:00Z,Automated multi-field statutory comparison pipeline,SUCCESS,True
SYN-AUDIT-001667,SYSTEM-VALIDATION-ENGINE,system_engine,CASE_REVIEW,validation_case,SYN-CASE-001667,2024-12-16T11:47:00Z,Revenue officer inspected cadastral discrepancy,REVIEW_REQUIRED,True
SYN-AUDIT-001668,SYN-USER-CITIZEN-001,citizen,DECISION_RECORDED,validation_case,SYN-CASE-001668,2024-01-17T12:48:00Z,Officer adjudication recorded in case log,SUCCESS,True
SYN-AUDIT-001669,SYN-USER-OFFICER-001,revenue_officer,MUTATION_AUDIT,mutation,SYN-RES-001669,2024-02-18T13:49:00Z,Review of mutation notice period under Sec 129 KLRA,SUCCESS,True
SYN-AUDIT-001670,SYN-USER-ADMIN-001,administrator,DOCUMENT_INGEST,document,SYN-RES-001670,2024-03-19T14:50:00Z,Citizen evidence upload and SHA-256 vault ingest,SUCCESS,True
SYN-AUDIT-001671,SYSTEM-VALIDATION-ENGINE,system_engine,VALIDATION_RUN,validation_case,SYN-CASE-001671,2024-04-20T15:51:00Z,Automated multi-field statutory comparison pipeline,SUCCESS,True
SYN-AUDIT-001672,SYN-USER-CITIZEN-001,citizen,CASE_REVIEW,validation_case,SYN-CASE-001672,2024-05-21T16:52:00Z,Revenue officer inspected cadastral discrepancy,REVIEW_REQUIRED,True
SYN-AUDIT-001673,SYN-USER-OFFICER-001,revenue_officer,DECISION_RECORDED,validation_case,SYN-CASE-001673,2024-06-22T17:53:00Z,Officer adjudication recorded in case log,SUCCESS,True
SYN-AUDIT-001674,SYN-USER-ADMIN-001,administrator,MUTATION_AUDIT,mutation,SYN-RES-001674,2024-07-23T18:54:00Z,Review of mutation notice period under Sec 129 KLRA,SUCCESS,True
SYN-AUDIT-001675,SYSTEM-VALIDATION-ENGINE,system_engine,DOCUMENT_INGEST,document,SYN-RES-001675,2024-08-24T19:55:00Z,Citizen evidence upload and SHA-256 vault ingest,SUCCESS,True
SYN-AUDIT-001676,SYN-USER-CITIZEN-001,citizen,VALIDATION_RUN,validation_case,SYN-CASE-001676,2024-09-25T20:56:00Z,Automated multi-field statutory comparison pipeline,SUCCESS,True
SYN-AUDIT-001677,SYN-USER-OFFICER-001,revenue_officer,CASE_REVIEW,validation_case,SYN-CASE-001677,2024-10-26T21:57:00Z,Revenue officer inspected cadastral discrepancy,REVIEW_REQUIRED,True
SYN-AUDIT-001678,SYN-USER-ADMIN-001,administrator,DECISION_RECORDED,validation_case,SYN-CASE-001678,2024-11-27T22:58:00Z,Officer adjudication recorded in case log,SUCCESS,True
SYN-AUDIT-001679,SYSTEM-VALIDATION-ENGINE,system_engine,MUTATION_AUDIT,mutation,SYN-RES-001679,2024-12-28T23:59:00Z,Review of mutation notice period under Sec 129 KLRA,SUCCESS,True
SYN-AUDIT-001680,SYN-USER-CITIZEN-001,citizen,DOCUMENT_INGEST,document,SYN-RES-001680,2024-01-01T00:00:00Z,Citizen evidence upload and SHA-256 vault ingest,SUCCESS,True
SYN-AUDIT-001681,SYN-USER-OFFICER-001,revenue_officer,VALIDATION_RUN,validation_case,SYN-CASE-001681,2024-02-02T01:01:00Z,Automated multi-field statutory comparison pipeline,SUCCESS,True
SYN-AUDIT-001682,SYN-USER-ADMIN-001,administrator,CASE_REVIEW,validation_case,SYN-CASE-001682,2024-03-03T02:02:00Z,Revenue officer inspected cadastral discrepancy,REVIEW_REQUIRED,True
SYN-AUDIT-001683,SYSTEM-VALIDATION-ENGINE,system_engine,DECISION_RECORDED,validation_case,SYN-CASE-001683,2024-04-04T03:03:00Z,Officer adjudication recorded in case log,SUCCESS,True
SYN-AUDIT-001684,SYN-USER-CITIZEN-001,citizen,MUTATION_AUDIT,mutation,SYN-RES-001684,2024-05-05T04:04:00Z,Review of mutation notice period under Sec 129 KLRA,SUCCESS,True
SYN-AUDIT-001685,SYN-USER-OFFICER-001,revenue_officer,DOCUMENT_INGEST,document,SYN-RES-001685,2024-06-06T05:05:00Z,Citizen evidence upload and SHA-256 vault ingest,SUCCESS,True
SYN-AUDIT-001686,SYN-USER-ADMIN-001,administrator,VALIDATION_RUN,validation_case,SYN-CASE-001686,2024-07-07T06:06:00Z,Automated multi-field statutory comparison pipeline,SUCCESS,True
SYN-AUDIT-001687,SYSTEM-VALIDATION-ENGINE,system_engine,CASE_REVIEW,validation_case,SYN-CASE-001687,2024-08-08T07:07:00Z,Revenue officer inspected cadastral discrepancy,REVIEW_REQUIRED,True
SYN-AUDIT-001688,SYN-USER-CITIZEN-001,citizen,DECISION_RECORDED,validation_case,SYN-CASE-001688,2024-09-09T08:08:00Z,Officer adjudication recorded in case log,SUCCESS,True
SYN-AUDIT-001689,SYN-USER-OFFICER-001,revenue_officer,MUTATION_AUDIT,mutation,SYN-RES-001689,2024-10-10T09:09:00Z,Review of mutation notice period under Sec 129 KLRA,SUCCESS,True
SYN-AUDIT-001690,SYN-USER-ADMIN-001,administrator,DOCUMENT_INGEST,document,SYN-RES-001690,2024-11-11T10:10:00Z,Citizen evidence upload and SHA-256 vault ingest,SUCCESS,True
SYN-AUDIT-001691,SYSTEM-VALIDATION-ENGINE,system_engine,VALIDATION_RUN,validation_case,SYN-CASE-001691,2024-12-12T11:11:00Z,Automated multi-field statutory comparison pipeline,SUCCESS,True
SYN-AUDIT-001692,SYN-USER-CITIZEN-001,citizen,CASE_REVIEW,validation_case,SYN-CASE-001692,2024-01-13T12:12:00Z,Revenue officer inspected cadastral discrepancy,REVIEW_REQUIRED,True
SYN-AUDIT-001693,SYN-USER-OFFICER-001,revenue_officer,DECISION_RECORDED,validation_case,SYN-CASE-001693,2024-02-14T13:13:00Z,Officer adjudication recorded in case log,SUCCESS,True
SYN-AUDIT-001694,SYN-USER-ADMIN-001,administrator,MUTATION_AUDIT,mutation,SYN-RES-001694,2024-03-15T14:14:00Z,Review of mutation notice period under Sec 129 KLRA,SUCCESS,True
SYN-AUDIT-001695,SYSTEM-VALIDATION-ENGINE,system_engine,DOCUMENT_INGEST,document,SYN-RES-001695,2024-04-16T15:15:00Z,Citizen evidence upload and SHA-256 vault ingest,SUCCESS,True
SYN-AUDIT-001696,SYN-USER-CITIZEN-001,citizen,VALIDATION_RUN,validation_case,SYN-CASE-001696,2024-05-17T16:16:00Z,Automated multi-field statutory comparison pipeline,SUCCESS,True
SYN-AUDIT-001697,SYN-USER-OFFICER-001,revenue_officer,CASE_REVIEW,validation_case,SYN-CASE-001697,2024-06-18T17:17:00Z,Revenue officer inspected cadastral discrepancy,REVIEW_REQUIRED,True
SYN-AUDIT-001698,SYN-USER-ADMIN-001,administrator,DECISION_RECORDED,validation_case,SYN-CASE-001698,2024-07-19T18:18:00Z,Officer adjudication recorded in case log,SUCCESS,True
SYN-AUDIT-001699,SYSTEM-VALIDATION-ENGINE,system_engine,MUTATION_AUDIT,mutation,SYN-RES-001699,2024-08-20T19:19:00Z,Review of mutation notice period under Sec 129 KLRA,SUCCESS,True
SYN-AUDIT-001700,SYN-USER-CITIZEN-001,citizen,DOCUMENT_INGEST,document,SYN-RES-001700,2024-09-21T20:20:00Z,Citizen evidence upload and SHA-256 vault ingest,SUCCESS,True
SYN-AUDIT-001701,SYN-USER-OFFICER-001,revenue_officer,VALIDATION_RUN,validation_case,SYN-CASE-001701,2024-10-22T21:21:00Z,Automated multi-field statutory comparison pipeline,SUCCESS,True
SYN-AUDIT-001702,SYN-USER-ADMIN-001,administrator,CASE_REVIEW,validation_case,SYN-CASE-001702,2024-11-23T22:22:00Z,Revenue officer inspected cadastral discrepancy,REVIEW_REQUIRED,True
SYN-AUDIT-001703,SYSTEM-VALIDATION-ENGINE,system_engine,DECISION_RECORDED,validation_case,SYN-CASE-001703,2024-12-24T23:23:00Z,Officer adjudication recorded in case log,SUCCESS,True
SYN-AUDIT-001704,SYN-USER-CITIZEN-001,citizen,MUTATION_AUDIT,mutation,SYN-RES-001704,2024-01-25T00:24:00Z,Review of mutation notice period under Sec 129 KLRA,SUCCESS,True
SYN-AUDIT-001705,SYN-USER-OFFICER-001,revenue_officer,DOCUMENT_INGEST,document,SYN-RES-001705,2024-02-26T01:25:00Z,Citizen evidence upload and SHA-256 vault ingest,SUCCESS,True
SYN-AUDIT-001706,SYN-USER-ADMIN-001,administrator,VALIDATION_RUN,validation_case,SYN-CASE-001706,2024-03-27T02:26:00Z,Automated multi-field statutory comparison pipeline,SUCCESS,True
SYN-AUDIT-001707,SYSTEM-VALIDATION-ENGINE,system_engine,CASE_REVIEW,validation_case,SYN-CASE-001707,2024-04-28T03:27:00Z,Revenue officer inspected cadastral discrepancy,REVIEW_REQUIRED,True
SYN-AUDIT-001708,SYN-USER-CITIZEN-001,citizen,DECISION_RECORDED,validation_case,SYN-CASE-001708,2024-05-01T04:28:00Z,Officer adjudication recorded in case log,SUCCESS,True
SYN-AUDIT-001709,SYN-USER-OFFICER-001,revenue_officer,MUTATION_AUDIT,mutation,SYN-RES-001709,2024-06-02T05:29:00Z,Review of mutation notice period under Sec 129 KLRA,SUCCESS,True
SYN-AUDIT-001710,SYN-USER-ADMIN-001,administrator,DOCUMENT_INGEST,document,SYN-RES-001710,2024-07-03T06:30:00Z,Citizen evidence upload and SHA-256 vault ingest,SUCCESS,True
SYN-AUDIT-001711,SYSTEM-VALIDATION-ENGINE,system_engine,VALIDATION_RUN,validation_case,SYN-CASE-001711,2024-08-04T07:31:00Z,Automated multi-field statutory comparison pipeline,SUCCESS,True
SYN-AUDIT-001712,SYN-USER-CITIZEN-001,citizen,CASE_REVIEW,validation_case,SYN-CASE-001712,2024-09-05T08:32:00Z,Revenue officer inspected cadastral discrepancy,REVIEW_REQUIRED,True
SYN-AUDIT-001713,SYN-USER-OFFICER-001,revenue_officer,DECISION_RECORDED,validation_case,SYN-CASE-001713,2024-10-06T09:33:00Z,Officer adjudication recorded in case log,SUCCESS,True
SYN-AUDIT-001714,SYN-USER-ADMIN-001,administrator,MUTATION_AUDIT,mutation,SYN-RES-001714,2024-11-07T10:34:00Z,Review of mutation notice period under Sec 129 KLRA,SUCCESS,True
SYN-AUDIT-001715,SYSTEM-VALIDATION-ENGINE,system_engine,DOCUMENT_INGEST,document,SYN-RES-001715,2024-12-08T11:35:00Z,Citizen evidence upload and SHA-256 vault ingest,SUCCESS,True
SYN-AUDIT-001716,SYN-USER-CITIZEN-001,citizen,VALIDATION_RUN,validation_case,SYN-CASE-001716,2024-01-09T12:36:00Z,Automated multi-field statutory comparison pipeline,SUCCESS,True
SYN-AUDIT-001717,SYN-USER-OFFICER-001,revenue_officer,CASE_REVIEW,validation_case,SYN-CASE-001717,2024-02-10T13:37:00Z,Revenue officer inspected cadastral discrepancy,REVIEW_REQUIRED,True
SYN-AUDIT-001718,SYN-USER-ADMIN-001,administrator,DECISION_RECORDED,validation_case,SYN-CASE-001718,2024-03-11T14:38:00Z,Officer adjudication recorded in case log,SUCCESS,True
SYN-AUDIT-001719,SYSTEM-VALIDATION-ENGINE,system_engine,MUTATION_AUDIT,mutation,SYN-RES-001719,2024-04-12T15:39:00Z,Review of mutation notice period under Sec 129 KLRA,SUCCESS,True
SYN-AUDIT-001720,SYN-USER-CITIZEN-001,citizen,DOCUMENT_INGEST,document,SYN-RES-001720,2024-05-13T16:40:00Z,Citizen evidence upload and SHA-256 vault ingest,SUCCESS,True
SYN-AUDIT-001721,SYN-USER-OFFICER-001,revenue_officer,VALIDATION_RUN,validation_case,SYN-CASE-001721,2024-06-14T17:41:00Z,Automated multi-field statutory comparison pipeline,SUCCESS,True
SYN-AUDIT-001722,SYN-USER-ADMIN-001,administrator,CASE_REVIEW,validation_case,SYN-CASE-001722,2024-07-15T18:42:00Z,Revenue officer inspected cadastral discrepancy,REVIEW_REQUIRED,True
SYN-AUDIT-001723,SYSTEM-VALIDATION-ENGINE,system_engine,DECISION_RECORDED,validation_case,SYN-CASE-001723,2024-08-16T19:43:00Z,Officer adjudication recorded in case log,SUCCESS,True
SYN-AUDIT-001724,SYN-USER-CITIZEN-001,citizen,MUTATION_AUDIT,mutation,SYN-RES-001724,2024-09-17T20:44:00Z,Review of mutation notice period under Sec 129 KLRA,SUCCESS,True
SYN-AUDIT-001725,SYN-USER-OFFICER-001,revenue_officer,DOCUMENT_INGEST,document,SYN-RES-001725,2024-10-18T21:45:00Z,Citizen evidence upload and SHA-256 vault ingest,SUCCESS,True
SYN-AUDIT-001726,SYN-USER-ADMIN-001,administrator,VALIDATION_RUN,validation_case,SYN-CASE-001726,2024-11-19T22:46:00Z,Automated multi-field statutory comparison pipeline,SUCCESS,True
SYN-AUDIT-001727,SYSTEM-VALIDATION-ENGINE,system_engine,CASE_REVIEW,validation_case,SYN-CASE-001727,2024-12-20T23:47:00Z,Revenue officer inspected cadastral discrepancy,REVIEW_REQUIRED,True
SYN-AUDIT-001728,SYN-USER-CITIZEN-001,citizen,DECISION_RECORDED,validation_case,SYN-CASE-001728,2024-01-21T00:48:00Z,Officer adjudication recorded in case log,SUCCESS,True
SYN-AUDIT-001729,SYN-USER-OFFICER-001,revenue_officer,MUTATION_AUDIT,mutation,SYN-RES-001729,2024-02-22T01:49:00Z,Review of mutation notice period under Sec 129 KLRA,SUCCESS,True
SYN-AUDIT-001730,SYN-USER-ADMIN-001,administrator,DOCUMENT_INGEST,document,SYN-RES-001730,2024-03-23T02:50:00Z,Citizen evidence upload and SHA-256 vault ingest,SUCCESS,True
SYN-AUDIT-001731,SYSTEM-VALIDATION-ENGINE,system_engine,VALIDATION_RUN,validation_case,SYN-CASE-001731,2024-04-24T03:51:00Z,Automated multi-field statutory comparison pipeline,SUCCESS,True
SYN-AUDIT-001732,SYN-USER-CITIZEN-001,citizen,CASE_REVIEW,validation_case,SYN-CASE-001732,2024-05-25T04:52:00Z,Revenue officer inspected cadastral discrepancy,REVIEW_REQUIRED,True
SYN-AUDIT-001733,SYN-USER-OFFICER-001,revenue_officer,DECISION_RECORDED,validation_case,SYN-CASE-001733,2024-06-26T05:53:00Z,Officer adjudication recorded in case log,SUCCESS,True
SYN-AUDIT-001734,SYN-USER-ADMIN-001,administrator,MUTATION_AUDIT,mutation,SYN-RES-001734,2024-07-27T06:54:00Z,Review of mutation notice period under Sec 129 KLRA,SUCCESS,True
SYN-AUDIT-001735,SYSTEM-VALIDATION-ENGINE,system_engine,DOCUMENT_INGEST,document,SYN-RES-001735,2024-08-28T07:55:00Z,Citizen evidence upload and SHA-256 vault ingest,SUCCESS,True
SYN-AUDIT-001736,SYN-USER-CITIZEN-001,citizen,VALIDATION_RUN,validation_case,SYN-CASE-001736,2024-09-01T08:56:00Z,Automated multi-field statutory comparison pipeline,SUCCESS,True
SYN-AUDIT-001737,SYN-USER-OFFICER-001,revenue_officer,CASE_REVIEW,validation_case,SYN-CASE-001737,2024-10-02T09:57:00Z,Revenue officer inspected cadastral discrepancy,REVIEW_REQUIRED,True
SYN-AUDIT-001738,SYN-USER-ADMIN-001,administrator,DECISION_RECORDED,validation_case,SYN-CASE-001738,2024-11-03T10:58:00Z,Officer adjudication recorded in case log,SUCCESS,True
SYN-AUDIT-001739,SYSTEM-VALIDATION-ENGINE,system_engine,MUTATION_AUDIT,mutation,SYN-RES-001739,2024-12-04T11:59:00Z,Review of mutation notice period under Sec 129 KLRA,SUCCESS,True
SYN-AUDIT-001740,SYN-USER-CITIZEN-001,citizen,DOCUMENT_INGEST,document,SYN-RES-001740,2024-01-05T12:00:00Z,Citizen evidence upload and SHA-256 vault ingest,SUCCESS,True
SYN-AUDIT-001741,SYN-USER-OFFICER-001,revenue_officer,VALIDATION_RUN,validation_case,SYN-CASE-001741,2024-02-06T13:01:00Z,Automated multi-field statutory comparison pipeline,SUCCESS,True
SYN-AUDIT-001742,SYN-USER-ADMIN-001,administrator,CASE_REVIEW,validation_case,SYN-CASE-001742,2024-03-07T14:02:00Z,Revenue officer inspected cadastral discrepancy,REVIEW_REQUIRED,True
SYN-AUDIT-001743,SYSTEM-VALIDATION-ENGINE,system_engine,DECISION_RECORDED,validation_case,SYN-CASE-001743,2024-04-08T15:03:00Z,Officer adjudication recorded in case log,SUCCESS,True
SYN-AUDIT-001744,SYN-USER-CITIZEN-001,citizen,MUTATION_AUDIT,mutation,SYN-RES-001744,2024-05-09T16:04:00Z,Review of mutation notice period under Sec 129 KLRA,SUCCESS,True
SYN-AUDIT-001745,SYN-USER-OFFICER-001,revenue_officer,DOCUMENT_INGEST,document,SYN-RES-001745,2024-06-10T17:05:00Z,Citizen evidence upload and SHA-256 vault ingest,SUCCESS,True
SYN-AUDIT-001746,SYN-USER-ADMIN-001,administrator,VALIDATION_RUN,validation_case,SYN-CASE-001746,2024-07-11T18:06:00Z,Automated multi-field statutory comparison pipeline,SUCCESS,True
SYN-AUDIT-001747,SYSTEM-VALIDATION-ENGINE,system_engine,CASE_REVIEW,validation_case,SYN-CASE-001747,2024-08-12T19:07:00Z,Revenue officer inspected cadastral discrepancy,REVIEW_REQUIRED,True
SYN-AUDIT-001748,SYN-USER-CITIZEN-001,citizen,DECISION_RECORDED,validation_case,SYN-CASE-001748,2024-09-13T20:08:00Z,Officer adjudication recorded in case log,SUCCESS,True
SYN-AUDIT-001749,SYN-USER-OFFICER-001,revenue_officer,MUTATION_AUDIT,mutation,SYN-RES-001749,2024-10-14T21:09:00Z,Review of mutation notice period under Sec 129 KLRA,SUCCESS,True
SYN-AUDIT-001750,SYN-USER-ADMIN-001,administrator,DOCUMENT_INGEST,document,SYN-RES-001750,2024-11-15T22:10:00Z,Citizen evidence upload and SHA-256 vault ingest,SUCCESS,True
SYN-AUDIT-001751,SYSTEM-VALIDATION-ENGINE,system_engine,VALIDATION_RUN,validation_case,SYN-CASE-001751,2024-12-16T23:11:00Z,Automated multi-field statutory comparison pipeline,SUCCESS,True
SYN-AUDIT-001752,SYN-USER-CITIZEN-001,citizen,CASE_REVIEW,validation_case,SYN-CASE-001752,2024-01-17T00:12:00Z,Revenue officer inspected cadastral discrepancy,REVIEW_REQUIRED,True
SYN-AUDIT-001753,SYN-USER-OFFICER-001,revenue_officer,DECISION_RECORDED,validation_case,SYN-CASE-001753,2024-02-18T01:13:00Z,Officer adjudication recorded in case log,SUCCESS,True
SYN-AUDIT-001754,SYN-USER-ADMIN-001,administrator,MUTATION_AUDIT,mutation,SYN-RES-001754,2024-03-19T02:14:00Z,Review of mutation notice period under Sec 129 KLRA,SUCCESS,True
SYN-AUDIT-001755,SYSTEM-VALIDATION-ENGINE,system_engine,DOCUMENT_INGEST,document,SYN-RES-001755,2024-04-20T03:15:00Z,Citizen evidence upload and SHA-256 vault ingest,SUCCESS,True
SYN-AUDIT-001756,SYN-USER-CITIZEN-001,citizen,VALIDATION_RUN,validation_case,SYN-CASE-001756,2024-05-21T04:16:00Z,Automated multi-field statutory comparison pipeline,SUCCESS,True
SYN-AUDIT-001757,SYN-USER-OFFICER-001,revenue_officer,CASE_REVIEW,validation_case,SYN-CASE-001757,2024-06-22T05:17:00Z,Revenue officer inspected cadastral discrepancy,REVIEW_REQUIRED,True
SYN-AUDIT-001758,SYN-USER-ADMIN-001,administrator,DECISION_RECORDED,validation_case,SYN-CASE-001758,2024-07-23T06:18:00Z,Officer adjudication recorded in case log,SUCCESS,True
SYN-AUDIT-001759,SYSTEM-VALIDATION-ENGINE,system_engine,MUTATION_AUDIT,mutation,SYN-RES-001759,2024-08-24T07:19:00Z,Review of mutation notice period under Sec 129 KLRA,SUCCESS,True
SYN-AUDIT-001760,SYN-USER-CITIZEN-001,citizen,DOCUMENT_INGEST,document,SYN-RES-001760,2024-09-25T08:20:00Z,Citizen evidence upload and SHA-256 vault ingest,SUCCESS,True
SYN-AUDIT-001761,SYN-USER-OFFICER-001,revenue_officer,VALIDATION_RUN,validation_case,SYN-CASE-001761,2024-10-26T09:21:00Z,Automated multi-field statutory comparison pipeline,SUCCESS,True
SYN-AUDIT-001762,SYN-USER-ADMIN-001,administrator,CASE_REVIEW,validation_case,SYN-CASE-001762,2024-11-27T10:22:00Z,Revenue officer inspected cadastral discrepancy,REVIEW_REQUIRED,True
SYN-AUDIT-001763,SYSTEM-VALIDATION-ENGINE,system_engine,DECISION_RECORDED,validation_case,SYN-CASE-001763,2024-12-28T11:23:00Z,Officer adjudication recorded in case log,SUCCESS,True
SYN-AUDIT-001764,SYN-USER-CITIZEN-001,citizen,MUTATION_AUDIT,mutation,SYN-RES-001764,2024-01-01T12:24:00Z,Review of mutation notice period under Sec 129 KLRA,SUCCESS,True
SYN-AUDIT-001765,SYN-USER-OFFICER-001,revenue_officer,DOCUMENT_INGEST,document,SYN-RES-001765,2024-02-02T13:25:00Z,Citizen evidence upload and SHA-256 vault ingest,SUCCESS,True
SYN-AUDIT-001766,SYN-USER-ADMIN-001,administrator,VALIDATION_RUN,validation_case,SYN-CASE-001766,2024-03-03T14:26:00Z,Automated multi-field statutory comparison pipeline,SUCCESS,True
SYN-AUDIT-001767,SYSTEM-VALIDATION-ENGINE,system_engine,CASE_REVIEW,validation_case,SYN-CASE-001767,2024-04-04T15:27:00Z,Revenue officer inspected cadastral discrepancy,REVIEW_REQUIRED,True
SYN-AUDIT-001768,SYN-USER-CITIZEN-001,citizen,DECISION_RECORDED,validation_case,SYN-CASE-001768,2024-05-05T16:28:00Z,Officer adjudication recorded in case log,SUCCESS,True
SYN-AUDIT-001769,SYN-USER-OFFICER-001,revenue_officer,MUTATION_AUDIT,mutation,SYN-RES-001769,2024-06-06T17:29:00Z,Review of mutation notice period under Sec 129 KLRA,SUCCESS,True
SYN-AUDIT-001770,SYN-USER-ADMIN-001,administrator,DOCUMENT_INGEST,document,SYN-RES-001770,2024-07-07T18:30:00Z,Citizen evidence upload and SHA-256 vault ingest,SUCCESS,True
SYN-AUDIT-001771,SYSTEM-VALIDATION-ENGINE,system_engine,VALIDATION_RUN,validation_case,SYN-CASE-001771,2024-08-08T19:31:00Z,Automated multi-field statutory comparison pipeline,SUCCESS,True
SYN-AUDIT-001772,SYN-USER-CITIZEN-001,citizen,CASE_REVIEW,validation_case,SYN-CASE-001772,2024-09-09T20:32:00Z,Revenue officer inspected cadastral discrepancy,REVIEW_REQUIRED,True
SYN-AUDIT-001773,SYN-USER-OFFICER-001,revenue_officer,DECISION_RECORDED,validation_case,SYN-CASE-001773,2024-10-10T21:33:00Z,Officer adjudication recorded in case log,SUCCESS,True
SYN-AUDIT-001774,SYN-USER-ADMIN-001,administrator,MUTATION_AUDIT,mutation,SYN-RES-001774,2024-11-11T22:34:00Z,Review of mutation notice period under Sec 129 KLRA,SUCCESS,True
SYN-AUDIT-001775,SYSTEM-VALIDATION-ENGINE,system_engine,DOCUMENT_INGEST,document,SYN-RES-001775,2024-12-12T23:35:00Z,Citizen evidence upload and SHA-256 vault ingest,SUCCESS,True
SYN-AUDIT-001776,SYN-USER-CITIZEN-001,citizen,VALIDATION_RUN,validation_case,SYN-CASE-001776,2024-01-13T00:36:00Z,Automated multi-field statutory comparison pipeline,SUCCESS,True
SYN-AUDIT-001777,SYN-USER-OFFICER-001,revenue_officer,CASE_REVIEW,validation_case,SYN-CASE-001777,2024-02-14T01:37:00Z,Revenue officer inspected cadastral discrepancy,REVIEW_REQUIRED,True
SYN-AUDIT-001778,SYN-USER-ADMIN-001,administrator,DECISION_RECORDED,validation_case,SYN-CASE-001778,2024-03-15T02:38:00Z,Officer adjudication recorded in case log,SUCCESS,True
SYN-AUDIT-001779,SYSTEM-VALIDATION-ENGINE,system_engine,MUTATION_AUDIT,mutation,SYN-RES-001779,2024-04-16T03:39:00Z,Review of mutation notice period under Sec 129 KLRA,SUCCESS,True
SYN-AUDIT-001780,SYN-USER-CITIZEN-001,citizen,DOCUMENT_INGEST,document,SYN-RES-001780,2024-05-17T04:40:00Z,Citizen evidence upload and SHA-256 vault ingest,SUCCESS,True
SYN-AUDIT-001781,SYN-USER-OFFICER-001,revenue_officer,VALIDATION_RUN,validation_case,SYN-CASE-001781,2024-06-18T05:41:00Z,Automated multi-field statutory comparison pipeline,SUCCESS,True
SYN-AUDIT-001782,SYN-USER-ADMIN-001,administrator,CASE_REVIEW,validation_case,SYN-CASE-001782,2024-07-19T06:42:00Z,Revenue officer inspected cadastral discrepancy,REVIEW_REQUIRED,True
SYN-AUDIT-001783,SYSTEM-VALIDATION-ENGINE,system_engine,DECISION_RECORDED,validation_case,SYN-CASE-001783,2024-08-20T07:43:00Z,Officer adjudication recorded in case log,SUCCESS,True
SYN-AUDIT-001784,SYN-USER-CITIZEN-001,citizen,MUTATION_AUDIT,mutation,SYN-RES-001784,2024-09-21T08:44:00Z,Review of mutation notice period under Sec 129 KLRA,SUCCESS,True
SYN-AUDIT-001785,SYN-USER-OFFICER-001,revenue_officer,DOCUMENT_INGEST,document,SYN-RES-001785,2024-10-22T09:45:00Z,Citizen evidence upload and SHA-256 vault ingest,SUCCESS,True
SYN-AUDIT-001786,SYN-USER-ADMIN-001,administrator,VALIDATION_RUN,validation_case,SYN-CASE-001786,2024-11-23T10:46:00Z,Automated multi-field statutory comparison pipeline,SUCCESS,True
SYN-AUDIT-001787,SYSTEM-VALIDATION-ENGINE,system_engine,CASE_REVIEW,validation_case,SYN-CASE-001787,2024-12-24T11:47:00Z,Revenue officer inspected cadastral discrepancy,REVIEW_REQUIRED,True
SYN-AUDIT-001788,SYN-USER-CITIZEN-001,citizen,DECISION_RECORDED,validation_case,SYN-CASE-001788,2024-01-25T12:48:00Z,Officer adjudication recorded in case log,SUCCESS,True
SYN-AUDIT-001789,SYN-USER-OFFICER-001,revenue_officer,MUTATION_AUDIT,mutation,SYN-RES-001789,2024-02-26T13:49:00Z,Review of mutation notice period under Sec 129 KLRA,SUCCESS,True
SYN-AUDIT-001790,SYN-USER-ADMIN-001,administrator,DOCUMENT_INGEST,document,SYN-RES-001790,2024-03-27T14:50:00Z,Citizen evidence upload and SHA-256 vault ingest,SUCCESS,True
SYN-AUDIT-001791,SYSTEM-VALIDATION-ENGINE,system_engine,VALIDATION_RUN,validation_case,SYN-CASE-001791,2024-04-28T15:51:00Z,Automated multi-field statutory comparison pipeline,SUCCESS,True
SYN-AUDIT-001792,SYN-USER-CITIZEN-001,citizen,CASE_REVIEW,validation_case,SYN-CASE-001792,2024-05-01T16:52:00Z,Revenue officer inspected cadastral discrepancy,REVIEW_REQUIRED,True
SYN-AUDIT-001793,SYN-USER-OFFICER-001,revenue_officer,DECISION_RECORDED,validation_case,SYN-CASE-001793,2024-06-02T17:53:00Z,Officer adjudication recorded in case log,SUCCESS,True
SYN-AUDIT-001794,SYN-USER-ADMIN-001,administrator,MUTATION_AUDIT,mutation,SYN-RES-001794,2024-07-03T18:54:00Z,Review of mutation notice period under Sec 129 KLRA,SUCCESS,True
SYN-AUDIT-001795,SYSTEM-VALIDATION-ENGINE,system_engine,DOCUMENT_INGEST,document,SYN-RES-001795,2024-08-04T19:55:00Z,Citizen evidence upload and SHA-256 vault ingest,SUCCESS,True
SYN-AUDIT-001796,SYN-USER-CITIZEN-001,citizen,VALIDATION_RUN,validation_case,SYN-CASE-001796,2024-09-05T20:56:00Z,Automated multi-field statutory comparison pipeline,SUCCESS,True
SYN-AUDIT-001797,SYN-USER-OFFICER-001,revenue_officer,CASE_REVIEW,validation_case,SYN-CASE-001797,2024-10-06T21:57:00Z,Revenue officer inspected cadastral discrepancy,REVIEW_REQUIRED,True
SYN-AUDIT-001798,SYN-USER-ADMIN-001,administrator,DECISION_RECORDED,validation_case,SYN-CASE-001798,2024-11-07T22:58:00Z,Officer adjudication recorded in case log,SUCCESS,True
SYN-AUDIT-001799,SYSTEM-VALIDATION-ENGINE,system_engine,MUTATION_AUDIT,mutation,SYN-RES-001799,2024-12-08T23:59:00Z,Review of mutation notice period under Sec 129 KLRA,SUCCESS,True
SYN-AUDIT-001800,SYN-USER-CITIZEN-001,citizen,DOCUMENT_INGEST,document,SYN-RES-001800,2024-01-09T00:00:00Z,Citizen evidence upload and SHA-256 vault ingest,SUCCESS,True
SYN-AUDIT-001801,SYN-USER-OFFICER-001,revenue_officer,VALIDATION_RUN,validation_case,SYN-CASE-001801,2024-02-10T01:01:00Z,Automated multi-field statutory comparison pipeline,SUCCESS,True
SYN-AUDIT-001802,SYN-USER-ADMIN-001,administrator,CASE_REVIEW,validation_case,SYN-CASE-001802,2024-03-11T02:02:00Z,Revenue officer inspected cadastral discrepancy,REVIEW_REQUIRED,True
SYN-AUDIT-001803,SYSTEM-VALIDATION-ENGINE,system_engine,DECISION_RECORDED,validation_case,SYN-CASE-001803,2024-04-12T03:03:00Z,Officer adjudication recorded in case log,SUCCESS,True
SYN-AUDIT-001804,SYN-USER-CITIZEN-001,citizen,MUTATION_AUDIT,mutation,SYN-RES-001804,2024-05-13T04:04:00Z,Review of mutation notice period under Sec 129 KLRA,SUCCESS,True
SYN-AUDIT-001805,SYN-USER-OFFICER-001,revenue_officer,DOCUMENT_INGEST,document,SYN-RES-001805,2024-06-14T05:05:00Z,Citizen evidence upload and SHA-256 vault ingest,SUCCESS,True
SYN-AUDIT-001806,SYN-USER-ADMIN-001,administrator,VALIDATION_RUN,validation_case,SYN-CASE-001806,2024-07-15T06:06:00Z,Automated multi-field statutory comparison pipeline,SUCCESS,True
SYN-AUDIT-001807,SYSTEM-VALIDATION-ENGINE,system_engine,CASE_REVIEW,validation_case,SYN-CASE-001807,2024-08-16T07:07:00Z,Revenue officer inspected cadastral discrepancy,REVIEW_REQUIRED,True
SYN-AUDIT-001808,SYN-USER-CITIZEN-001,citizen,DECISION_RECORDED,validation_case,SYN-CASE-001808,2024-09-17T08:08:00Z,Officer adjudication recorded in case log,SUCCESS,True
SYN-AUDIT-001809,SYN-USER-OFFICER-001,revenue_officer,MUTATION_AUDIT,mutation,SYN-RES-001809,2024-10-18T09:09:00Z,Review of mutation notice period under Sec 129 KLRA,SUCCESS,True
SYN-AUDIT-001810,SYN-USER-ADMIN-001,administrator,DOCUMENT_INGEST,document,SYN-RES-001810,2024-11-19T10:10:00Z,Citizen evidence upload and SHA-256 vault ingest,SUCCESS,True
SYN-AUDIT-001811,SYSTEM-VALIDATION-ENGINE,system_engine,VALIDATION_RUN,validation_case,SYN-CASE-001811,2024-12-20T11:11:00Z,Automated multi-field statutory comparison pipeline,SUCCESS,True
SYN-AUDIT-001812,SYN-USER-CITIZEN-001,citizen,CASE_REVIEW,validation_case,SYN-CASE-001812,2024-01-21T12:12:00Z,Revenue officer inspected cadastral discrepancy,REVIEW_REQUIRED,True
SYN-AUDIT-001813,SYN-USER-OFFICER-001,revenue_officer,DECISION_RECORDED,validation_case,SYN-CASE-001813,2024-02-22T13:13:00Z,Officer adjudication recorded in case log,SUCCESS,True
SYN-AUDIT-001814,SYN-USER-ADMIN-001,administrator,MUTATION_AUDIT,mutation,SYN-RES-001814,2024-03-23T14:14:00Z,Review of mutation notice period under Sec 129 KLRA,SUCCESS,True
SYN-AUDIT-001815,SYSTEM-VALIDATION-ENGINE,system_engine,DOCUMENT_INGEST,document,SYN-RES-001815,2024-04-24T15:15:00Z,Citizen evidence upload and SHA-256 vault ingest,SUCCESS,True
SYN-AUDIT-001816,SYN-USER-CITIZEN-001,citizen,VALIDATION_RUN,validation_case,SYN-CASE-001816,2024-05-25T16:16:00Z,Automated multi-field statutory comparison pipeline,SUCCESS,True
SYN-AUDIT-001817,SYN-USER-OFFICER-001,revenue_officer,CASE_REVIEW,validation_case,SYN-CASE-001817,2024-06-26T17:17:00Z,Revenue officer inspected cadastral discrepancy,REVIEW_REQUIRED,True
SYN-AUDIT-001818,SYN-USER-ADMIN-001,administrator,DECISION_RECORDED,validation_case,SYN-CASE-001818,2024-07-27T18:18:00Z,Officer adjudication recorded in case log,SUCCESS,True
SYN-AUDIT-001819,SYSTEM-VALIDATION-ENGINE,system_engine,MUTATION_AUDIT,mutation,SYN-RES-001819,2024-08-28T19:19:00Z,Review of mutation notice period under Sec 129 KLRA,SUCCESS,True
SYN-AUDIT-001820,SYN-USER-CITIZEN-001,citizen,DOCUMENT_INGEST,document,SYN-RES-001820,2024-09-01T20:20:00Z,Citizen evidence upload and SHA-256 vault ingest,SUCCESS,True
SYN-AUDIT-001821,SYN-USER-OFFICER-001,revenue_officer,VALIDATION_RUN,validation_case,SYN-CASE-001821,2024-10-02T21:21:00Z,Automated multi-field statutory comparison pipeline,SUCCESS,True
SYN-AUDIT-001822,SYN-USER-ADMIN-001,administrator,CASE_REVIEW,validation_case,SYN-CASE-001822,2024-11-03T22:22:00Z,Revenue officer inspected cadastral discrepancy,REVIEW_REQUIRED,True
SYN-AUDIT-001823,SYSTEM-VALIDATION-ENGINE,system_engine,DECISION_RECORDED,validation_case,SYN-CASE-001823,2024-12-04T23:23:00Z,Officer adjudication recorded in case log,SUCCESS,True
SYN-AUDIT-001824,SYN-USER-CITIZEN-001,citizen,MUTATION_AUDIT,mutation,SYN-RES-001824,2024-01-05T00:24:00Z,Review of mutation notice period under Sec 129 KLRA,SUCCESS,True
SYN-AUDIT-001825,SYN-USER-OFFICER-001,revenue_officer,DOCUMENT_INGEST,document,SYN-RES-001825,2024-02-06T01:25:00Z,Citizen evidence upload and SHA-256 vault ingest,SUCCESS,True
SYN-AUDIT-001826,SYN-USER-ADMIN-001,administrator,VALIDATION_RUN,validation_case,SYN-CASE-001826,2024-03-07T02:26:00Z,Automated multi-field statutory comparison pipeline,SUCCESS,True
SYN-AUDIT-001827,SYSTEM-VALIDATION-ENGINE,system_engine,CASE_REVIEW,validation_case,SYN-CASE-001827,2024-04-08T03:27:00Z,Revenue officer inspected cadastral discrepancy,REVIEW_REQUIRED,True
SYN-AUDIT-001828,SYN-USER-CITIZEN-001,citizen,DECISION_RECORDED,validation_case,SYN-CASE-001828,2024-05-09T04:28:00Z,Officer adjudication recorded in case log,SUCCESS,True
SYN-AUDIT-001829,SYN-USER-OFFICER-001,revenue_officer,MUTATION_AUDIT,mutation,SYN-RES-001829,2024-06-10T05:29:00Z,Review of mutation notice period under Sec 129 KLRA,SUCCESS,True
SYN-AUDIT-001830,SYN-USER-ADMIN-001,administrator,DOCUMENT_INGEST,document,SYN-RES-001830,2024-07-11T06:30:00Z,Citizen evidence upload and SHA-256 vault ingest,SUCCESS,True
SYN-AUDIT-001831,SYSTEM-VALIDATION-ENGINE,system_engine,VALIDATION_RUN,validation_case,SYN-CASE-001831,2024-08-12T07:31:00Z,Automated multi-field statutory comparison pipeline,SUCCESS,True
SYN-AUDIT-001832,SYN-USER-CITIZEN-001,citizen,CASE_REVIEW,validation_case,SYN-CASE-001832,2024-09-13T08:32:00Z,Revenue officer inspected cadastral discrepancy,REVIEW_REQUIRED,True
SYN-AUDIT-001833,SYN-USER-OFFICER-001,revenue_officer,DECISION_RECORDED,validation_case,SYN-CASE-001833,2024-10-14T09:33:00Z,Officer adjudication recorded in case log,SUCCESS,True
SYN-AUDIT-001834,SYN-USER-ADMIN-001,administrator,MUTATION_AUDIT,mutation,SYN-RES-001834,2024-11-15T10:34:00Z,Review of mutation notice period under Sec 129 KLRA,SUCCESS,True
SYN-AUDIT-001835,SYSTEM-VALIDATION-ENGINE,system_engine,DOCUMENT_INGEST,document,SYN-RES-001835,2024-12-16T11:35:00Z,Citizen evidence upload and SHA-256 vault ingest,SUCCESS,True
SYN-AUDIT-001836,SYN-USER-CITIZEN-001,citizen,VALIDATION_RUN,validation_case,SYN-CASE-001836,2024-01-17T12:36:00Z,Automated multi-field statutory comparison pipeline,SUCCESS,True
SYN-AUDIT-001837,SYN-USER-OFFICER-001,revenue_officer,CASE_REVIEW,validation_case,SYN-CASE-001837,2024-02-18T13:37:00Z,Revenue officer inspected cadastral discrepancy,REVIEW_REQUIRED,True
SYN-AUDIT-001838,SYN-USER-ADMIN-001,administrator,DECISION_RECORDED,validation_case,SYN-CASE-001838,2024-03-19T14:38:00Z,Officer adjudication recorded in case log,SUCCESS,True
SYN-AUDIT-001839,SYSTEM-VALIDATION-ENGINE,system_engine,MUTATION_AUDIT,mutation,SYN-RES-001839,2024-04-20T15:39:00Z,Review of mutation notice period under Sec 129 KLRA,SUCCESS,True
SYN-AUDIT-001840,SYN-USER-CITIZEN-001,citizen,DOCUMENT_INGEST,document,SYN-RES-001840,2024-05-21T16:40:00Z,Citizen evidence upload and SHA-256 vault ingest,SUCCESS,True
SYN-AUDIT-001841,SYN-USER-OFFICER-001,revenue_officer,VALIDATION_RUN,validation_case,SYN-CASE-001841,2024-06-22T17:41:00Z,Automated multi-field statutory comparison pipeline,SUCCESS,True
SYN-AUDIT-001842,SYN-USER-ADMIN-001,administrator,CASE_REVIEW,validation_case,SYN-CASE-001842,2024-07-23T18:42:00Z,Revenue officer inspected cadastral discrepancy,REVIEW_REQUIRED,True
SYN-AUDIT-001843,SYSTEM-VALIDATION-ENGINE,system_engine,DECISION_RECORDED,validation_case,SYN-CASE-001843,2024-08-24T19:43:00Z,Officer adjudication recorded in case log,SUCCESS,True
SYN-AUDIT-001844,SYN-USER-CITIZEN-001,citizen,MUTATION_AUDIT,mutation,SYN-RES-001844,2024-09-25T20:44:00Z,Review of mutation notice period under Sec 129 KLRA,SUCCESS,True
SYN-AUDIT-001845,SYN-USER-OFFICER-001,revenue_officer,DOCUMENT_INGEST,document,SYN-RES-001845,2024-10-26T21:45:00Z,Citizen evidence upload and SHA-256 vault ingest,SUCCESS,True
SYN-AUDIT-001846,SYN-USER-ADMIN-001,administrator,VALIDATION_RUN,validation_case,SYN-CASE-001846,2024-11-27T22:46:00Z,Automated multi-field statutory comparison pipeline,SUCCESS,True
SYN-AUDIT-001847,SYSTEM-VALIDATION-ENGINE,system_engine,CASE_REVIEW,validation_case,SYN-CASE-001847,2024-12-28T23:47:00Z,Revenue officer inspected cadastral discrepancy,REVIEW_REQUIRED,True
SYN-AUDIT-001848,SYN-USER-CITIZEN-001,citizen,DECISION_RECORDED,validation_case,SYN-CASE-001848,2024-01-01T00:48:00Z,Officer adjudication recorded in case log,SUCCESS,True
SYN-AUDIT-001849,SYN-USER-OFFICER-001,revenue_officer,MUTATION_AUDIT,mutation,SYN-RES-001849,2024-02-02T01:49:00Z,Review of mutation notice period under Sec 129 KLRA,SUCCESS,True
SYN-AUDIT-001850,SYN-USER-ADMIN-001,administrator,DOCUMENT_INGEST,document,SYN-RES-001850,2024-03-03T02:50:00Z,Citizen evidence upload and SHA-256 vault ingest,SUCCESS,True
SYN-AUDIT-001851,SYSTEM-VALIDATION-ENGINE,system_engine,VALIDATION_RUN,validation_case,SYN-CASE-001851,2024-04-04T03:51:00Z,Automated multi-field statutory comparison pipeline,SUCCESS,True
SYN-AUDIT-001852,SYN-USER-CITIZEN-001,citizen,CASE_REVIEW,validation_case,SYN-CASE-001852,2024-05-05T04:52:00Z,Revenue officer inspected cadastral discrepancy,REVIEW_REQUIRED,True
SYN-AUDIT-001853,SYN-USER-OFFICER-001,revenue_officer,DECISION_RECORDED,validation_case,SYN-CASE-001853,2024-06-06T05:53:00Z,Officer adjudication recorded in case log,SUCCESS,True
SYN-AUDIT-001854,SYN-USER-ADMIN-001,administrator,MUTATION_AUDIT,mutation,SYN-RES-001854,2024-07-07T06:54:00Z,Review of mutation notice period under Sec 129 KLRA,SUCCESS,True
SYN-AUDIT-001855,SYSTEM-VALIDATION-ENGINE,system_engine,DOCUMENT_INGEST,document,SYN-RES-001855,2024-08-08T07:55:00Z,Citizen evidence upload and SHA-256 vault ingest,SUCCESS,True
SYN-AUDIT-001856,SYN-USER-CITIZEN-001,citizen,VALIDATION_RUN,validation_case,SYN-CASE-001856,2024-09-09T08:56:00Z,Automated multi-field statutory comparison pipeline,SUCCESS,True
SYN-AUDIT-001857,SYN-USER-OFFICER-001,revenue_officer,CASE_REVIEW,validation_case,SYN-CASE-001857,2024-10-10T09:57:00Z,Revenue officer inspected cadastral discrepancy,REVIEW_REQUIRED,True
SYN-AUDIT-001858,SYN-USER-ADMIN-001,administrator,DECISION_RECORDED,validation_case,SYN-CASE-001858,2024-11-11T10:58:00Z,Officer adjudication recorded in case log,SUCCESS,True
SYN-AUDIT-001859,SYSTEM-VALIDATION-ENGINE,system_engine,MUTATION_AUDIT,mutation,SYN-RES-001859,2024-12-12T11:59:00Z,Review of mutation notice period under Sec 129 KLRA,SUCCESS,True
SYN-AUDIT-001860,SYN-USER-CITIZEN-001,citizen,DOCUMENT_INGEST,document,SYN-RES-001860,2024-01-13T12:00:00Z,Citizen evidence upload and SHA-256 vault ingest,SUCCESS,True
SYN-AUDIT-001861,SYN-USER-OFFICER-001,revenue_officer,VALIDATION_RUN,validation_case,SYN-CASE-001861,2024-02-14T13:01:00Z,Automated multi-field statutory comparison pipeline,SUCCESS,True
SYN-AUDIT-001862,SYN-USER-ADMIN-001,administrator,CASE_REVIEW,validation_case,SYN-CASE-001862,2024-03-15T14:02:00Z,Revenue officer inspected cadastral discrepancy,REVIEW_REQUIRED,True
SYN-AUDIT-001863,SYSTEM-VALIDATION-ENGINE,system_engine,DECISION_RECORDED,validation_case,SYN-CASE-001863,2024-04-16T15:03:00Z,Officer adjudication recorded in case log,SUCCESS,True
SYN-AUDIT-001864,SYN-USER-CITIZEN-001,citizen,MUTATION_AUDIT,mutation,SYN-RES-001864,2024-05-17T16:04:00Z,Review of mutation notice period under Sec 129 KLRA,SUCCESS,True
SYN-AUDIT-001865,SYN-USER-OFFICER-001,revenue_officer,DOCUMENT_INGEST,document,SYN-RES-001865,2024-06-18T17:05:00Z,Citizen evidence upload and SHA-256 vault ingest,SUCCESS,True
SYN-AUDIT-001866,SYN-USER-ADMIN-001,administrator,VALIDATION_RUN,validation_case,SYN-CASE-001866,2024-07-19T18:06:00Z,Automated multi-field statutory comparison pipeline,SUCCESS,True
SYN-AUDIT-001867,SYSTEM-VALIDATION-ENGINE,system_engine,CASE_REVIEW,validation_case,SYN-CASE-001867,2024-08-20T19:07:00Z,Revenue officer inspected cadastral discrepancy,REVIEW_REQUIRED,True
SYN-AUDIT-001868,SYN-USER-CITIZEN-001,citizen,DECISION_RECORDED,validation_case,SYN-CASE-001868,2024-09-21T20:08:00Z,Officer adjudication recorded in case log,SUCCESS,True
SYN-AUDIT-001869,SYN-USER-OFFICER-001,revenue_officer,MUTATION_AUDIT,mutation,SYN-RES-001869,2024-10-22T21:09:00Z,Review of mutation notice period under Sec 129 KLRA,SUCCESS,True
SYN-AUDIT-001870,SYN-USER-ADMIN-001,administrator,DOCUMENT_INGEST,document,SYN-RES-001870,2024-11-23T22:10:00Z,Citizen evidence upload and SHA-256 vault ingest,SUCCESS,True
SYN-AUDIT-001871,SYSTEM-VALIDATION-ENGINE,system_engine,VALIDATION_RUN,validation_case,SYN-CASE-001871,2024-12-24T23:11:00Z,Automated multi-field statutory comparison pipeline,SUCCESS,True
SYN-AUDIT-001872,SYN-USER-CITIZEN-001,citizen,CASE_REVIEW,validation_case,SYN-CASE-001872,2024-01-25T00:12:00Z,Revenue officer inspected cadastral discrepancy,REVIEW_REQUIRED,True
SYN-AUDIT-001873,SYN-USER-OFFICER-001,revenue_officer,DECISION_RECORDED,validation_case,SYN-CASE-001873,2024-02-26T01:13:00Z,Officer adjudication recorded in case log,SUCCESS,True
SYN-AUDIT-001874,SYN-USER-ADMIN-001,administrator,MUTATION_AUDIT,mutation,SYN-RES-001874,2024-03-27T02:14:00Z,Review of mutation notice period under Sec 129 KLRA,SUCCESS,True
SYN-AUDIT-001875,SYSTEM-VALIDATION-ENGINE,system_engine,DOCUMENT_INGEST,document,SYN-RES-001875,2024-04-28T03:15:00Z,Citizen evidence upload and SHA-256 vault ingest,SUCCESS,True
SYN-AUDIT-001876,SYN-USER-CITIZEN-001,citizen,VALIDATION_RUN,validation_case,SYN-CASE-001876,2024-05-01T04:16:00Z,Automated multi-field statutory comparison pipeline,SUCCESS,True
SYN-AUDIT-001877,SYN-USER-OFFICER-001,revenue_officer,CASE_REVIEW,validation_case,SYN-CASE-001877,2024-06-02T05:17:00Z,Revenue officer inspected cadastral discrepancy,REVIEW_REQUIRED,True
SYN-AUDIT-001878,SYN-USER-ADMIN-001,administrator,DECISION_RECORDED,validation_case,SYN-CASE-001878,2024-07-03T06:18:00Z,Officer adjudication recorded in case log,SUCCESS,True
SYN-AUDIT-001879,SYSTEM-VALIDATION-ENGINE,system_engine,MUTATION_AUDIT,mutation,SYN-RES-001879,2024-08-04T07:19:00Z,Review of mutation notice period under Sec 129 KLRA,SUCCESS,True
SYN-AUDIT-001880,SYN-USER-CITIZEN-001,citizen,DOCUMENT_INGEST,document,SYN-RES-001880,2024-09-05T08:20:00Z,Citizen evidence upload and SHA-256 vault ingest,SUCCESS,True
SYN-AUDIT-001881,SYN-USER-OFFICER-001,revenue_officer,VALIDATION_RUN,validation_case,SYN-CASE-001881,2024-10-06T09:21:00Z,Automated multi-field statutory comparison pipeline,SUCCESS,True
SYN-AUDIT-001882,SYN-USER-ADMIN-001,administrator,CASE_REVIEW,validation_case,SYN-CASE-001882,2024-11-07T10:22:00Z,Revenue officer inspected cadastral discrepancy,REVIEW_REQUIRED,True
SYN-AUDIT-001883,SYSTEM-VALIDATION-ENGINE,system_engine,DECISION_RECORDED,validation_case,SYN-CASE-001883,2024-12-08T11:23:00Z,Officer adjudication recorded in case log,SUCCESS,True
SYN-AUDIT-001884,SYN-USER-CITIZEN-001,citizen,MUTATION_AUDIT,mutation,SYN-RES-001884,2024-01-09T12:24:00Z,Review of mutation notice period under Sec 129 KLRA,SUCCESS,True
SYN-AUDIT-001885,SYN-USER-OFFICER-001,revenue_officer,DOCUMENT_INGEST,document,SYN-RES-001885,2024-02-10T13:25:00Z,Citizen evidence upload and SHA-256 vault ingest,SUCCESS,True
SYN-AUDIT-001886,SYN-USER-ADMIN-001,administrator,VALIDATION_RUN,validation_case,SYN-CASE-001886,2024-03-11T14:26:00Z,Automated multi-field statutory comparison pipeline,SUCCESS,True
SYN-AUDIT-001887,SYSTEM-VALIDATION-ENGINE,system_engine,CASE_REVIEW,validation_case,SYN-CASE-001887,2024-04-12T15:27:00Z,Revenue officer inspected cadastral discrepancy,REVIEW_REQUIRED,True
SYN-AUDIT-001888,SYN-USER-CITIZEN-001,citizen,DECISION_RECORDED,validation_case,SYN-CASE-001888,2024-05-13T16:28:00Z,Officer adjudication recorded in case log,SUCCESS,True
SYN-AUDIT-001889,SYN-USER-OFFICER-001,revenue_officer,MUTATION_AUDIT,mutation,SYN-RES-001889,2024-06-14T17:29:00Z,Review of mutation notice period under Sec 129 KLRA,SUCCESS,True
SYN-AUDIT-001890,SYN-USER-ADMIN-001,administrator,DOCUMENT_INGEST,document,SYN-RES-001890,2024-07-15T18:30:00Z,Citizen evidence upload and SHA-256 vault ingest,SUCCESS,True
SYN-AUDIT-001891,SYSTEM-VALIDATION-ENGINE,system_engine,VALIDATION_RUN,validation_case,SYN-CASE-001891,2024-08-16T19:31:00Z,Automated multi-field statutory comparison pipeline,SUCCESS,True
SYN-AUDIT-001892,SYN-USER-CITIZEN-001,citizen,CASE_REVIEW,validation_case,SYN-CASE-001892,2024-09-17T20:32:00Z,Revenue officer inspected cadastral discrepancy,REVIEW_REQUIRED,True
SYN-AUDIT-001893,SYN-USER-OFFICER-001,revenue_officer,DECISION_RECORDED,validation_case,SYN-CASE-001893,2024-10-18T21:33:00Z,Officer adjudication recorded in case log,SUCCESS,True
SYN-AUDIT-001894,SYN-USER-ADMIN-001,administrator,MUTATION_AUDIT,mutation,SYN-RES-001894,2024-11-19T22:34:00Z,Review of mutation notice period under Sec 129 KLRA,SUCCESS,True
SYN-AUDIT-001895,SYSTEM-VALIDATION-ENGINE,system_engine,DOCUMENT_INGEST,document,SYN-RES-001895,2024-12-20T23:35:00Z,Citizen evidence upload and SHA-256 vault ingest,SUCCESS,True
SYN-AUDIT-001896,SYN-USER-CITIZEN-001,citizen,VALIDATION_RUN,validation_case,SYN-CASE-001896,2024-01-21T00:36:00Z,Automated multi-field statutory comparison pipeline,SUCCESS,True
SYN-AUDIT-001897,SYN-USER-OFFICER-001,revenue_officer,CASE_REVIEW,validation_case,SYN-CASE-001897,2024-02-22T01:37:00Z,Revenue officer inspected cadastral discrepancy,REVIEW_REQUIRED,True
SYN-AUDIT-001898,SYN-USER-ADMIN-001,administrator,DECISION_RECORDED,validation_case,SYN-CASE-001898,2024-03-23T02:38:00Z,Officer adjudication recorded in case log,SUCCESS,True
SYN-AUDIT-001899,SYSTEM-VALIDATION-ENGINE,system_engine,MUTATION_AUDIT,mutation,SYN-RES-001899,2024-04-24T03:39:00Z,Review of mutation notice period under Sec 129 KLRA,SUCCESS,True
SYN-AUDIT-001900,SYN-USER-CITIZEN-001,citizen,DOCUMENT_INGEST,document,SYN-RES-001900,2024-05-25T04:40:00Z,Citizen evidence upload and SHA-256 vault ingest,SUCCESS,True
SYN-AUDIT-001901,SYN-USER-OFFICER-001,revenue_officer,VALIDATION_RUN,validation_case,SYN-CASE-001901,2024-06-26T05:41:00Z,Automated multi-field statutory comparison pipeline,SUCCESS,True
SYN-AUDIT-001902,SYN-USER-ADMIN-001,administrator,CASE_REVIEW,validation_case,SYN-CASE-001902,2024-07-27T06:42:00Z,Revenue officer inspected cadastral discrepancy,REVIEW_REQUIRED,True
SYN-AUDIT-001903,SYSTEM-VALIDATION-ENGINE,system_engine,DECISION_RECORDED,validation_case,SYN-CASE-001903,2024-08-28T07:43:00Z,Officer adjudication recorded in case log,SUCCESS,True
SYN-AUDIT-001904,SYN-USER-CITIZEN-001,citizen,MUTATION_AUDIT,mutation,SYN-RES-001904,2024-09-01T08:44:00Z,Review of mutation notice period under Sec 129 KLRA,SUCCESS,True
SYN-AUDIT-001905,SYN-USER-OFFICER-001,revenue_officer,DOCUMENT_INGEST,document,SYN-RES-001905,2024-10-02T09:45:00Z,Citizen evidence upload and SHA-256 vault ingest,SUCCESS,True
SYN-AUDIT-001906,SYN-USER-ADMIN-001,administrator,VALIDATION_RUN,validation_case,SYN-CASE-001906,2024-11-03T10:46:00Z,Automated multi-field statutory comparison pipeline,SUCCESS,True
SYN-AUDIT-001907,SYSTEM-VALIDATION-ENGINE,system_engine,CASE_REVIEW,validation_case,SYN-CASE-001907,2024-12-04T11:47:00Z,Revenue officer inspected cadastral discrepancy,REVIEW_REQUIRED,True
SYN-AUDIT-001908,SYN-USER-CITIZEN-001,citizen,DECISION_RECORDED,validation_case,SYN-CASE-001908,2024-01-05T12:48:00Z,Officer adjudication recorded in case log,SUCCESS,True
SYN-AUDIT-001909,SYN-USER-OFFICER-001,revenue_officer,MUTATION_AUDIT,mutation,SYN-RES-001909,2024-02-06T13:49:00Z,Review of mutation notice period under Sec 129 KLRA,SUCCESS,True
SYN-AUDIT-001910,SYN-USER-ADMIN-001,administrator,DOCUMENT_INGEST,document,SYN-RES-001910,2024-03-07T14:50:00Z,Citizen evidence upload and SHA-256 vault ingest,SUCCESS,True
SYN-AUDIT-001911,SYSTEM-VALIDATION-ENGINE,system_engine,VALIDATION_RUN,validation_case,SYN-CASE-001911,2024-04-08T15:51:00Z,Automated multi-field statutory comparison pipeline,SUCCESS,True
SYN-AUDIT-001912,SYN-USER-CITIZEN-001,citizen,CASE_REVIEW,validation_case,SYN-CASE-001912,2024-05-09T16:52:00Z,Revenue officer inspected cadastral discrepancy,REVIEW_REQUIRED,True
SYN-AUDIT-001913,SYN-USER-OFFICER-001,revenue_officer,DECISION_RECORDED,validation_case,SYN-CASE-001913,2024-06-10T17:53:00Z,Officer adjudication recorded in case log,SUCCESS,True
SYN-AUDIT-001914,SYN-USER-ADMIN-001,administrator,MUTATION_AUDIT,mutation,SYN-RES-001914,2024-07-11T18:54:00Z,Review of mutation notice period under Sec 129 KLRA,SUCCESS,True
SYN-AUDIT-001915,SYSTEM-VALIDATION-ENGINE,system_engine,DOCUMENT_INGEST,document,SYN-RES-001915,2024-08-12T19:55:00Z,Citizen evidence upload and SHA-256 vault ingest,SUCCESS,True
SYN-AUDIT-001916,SYN-USER-CITIZEN-001,citizen,VALIDATION_RUN,validation_case,SYN-CASE-001916,2024-09-13T20:56:00Z,Automated multi-field statutory comparison pipeline,SUCCESS,True
SYN-AUDIT-001917,SYN-USER-OFFICER-001,revenue_officer,CASE_REVIEW,validation_case,SYN-CASE-001917,2024-10-14T21:57:00Z,Revenue officer inspected cadastral discrepancy,REVIEW_REQUIRED,True
SYN-AUDIT-001918,SYN-USER-ADMIN-001,administrator,DECISION_RECORDED,validation_case,SYN-CASE-001918,2024-11-15T22:58:00Z,Officer adjudication recorded in case log,SUCCESS,True
SYN-AUDIT-001919,SYSTEM-VALIDATION-ENGINE,system_engine,MUTATION_AUDIT,mutation,SYN-RES-001919,2024-12-16T23:59:00Z,Review of mutation notice period under Sec 129 KLRA,SUCCESS,True
SYN-AUDIT-001920,SYN-USER-CITIZEN-001,citizen,DOCUMENT_INGEST,document,SYN-RES-001920,2024-01-17T00:00:00Z,Citizen evidence upload and SHA-256 vault ingest,SUCCESS,True
SYN-AUDIT-001921,SYN-USER-OFFICER-001,revenue_officer,VALIDATION_RUN,validation_case,SYN-CASE-001921,2024-02-18T01:01:00Z,Automated multi-field statutory comparison pipeline,SUCCESS,True
SYN-AUDIT-001922,SYN-USER-ADMIN-001,administrator,CASE_REVIEW,validation_case,SYN-CASE-001922,2024-03-19T02:02:00Z,Revenue officer inspected cadastral discrepancy,REVIEW_REQUIRED,True
SYN-AUDIT-001923,SYSTEM-VALIDATION-ENGINE,system_engine,DECISION_RECORDED,validation_case,SYN-CASE-001923,2024-04-20T03:03:00Z,Officer adjudication recorded in case log,SUCCESS,True
SYN-AUDIT-001924,SYN-USER-CITIZEN-001,citizen,MUTATION_AUDIT,mutation,SYN-RES-001924,2024-05-21T04:04:00Z,Review of mutation notice period under Sec 129 KLRA,SUCCESS,True
SYN-AUDIT-001925,SYN-USER-OFFICER-001,revenue_officer,DOCUMENT_INGEST,document,SYN-RES-001925,2024-06-22T05:05:00Z,Citizen evidence upload and SHA-256 vault ingest,SUCCESS,True
SYN-AUDIT-001926,SYN-USER-ADMIN-001,administrator,VALIDATION_RUN,validation_case,SYN-CASE-001926,2024-07-23T06:06:00Z,Automated multi-field statutory comparison pipeline,SUCCESS,True
SYN-AUDIT-001927,SYSTEM-VALIDATION-ENGINE,system_engine,CASE_REVIEW,validation_case,SYN-CASE-001927,2024-08-24T07:07:00Z,Revenue officer inspected cadastral discrepancy,REVIEW_REQUIRED,True
SYN-AUDIT-001928,SYN-USER-CITIZEN-001,citizen,DECISION_RECORDED,validation_case,SYN-CASE-001928,2024-09-25T08:08:00Z,Officer adjudication recorded in case log,SUCCESS,True
SYN-AUDIT-001929,SYN-USER-OFFICER-001,revenue_officer,MUTATION_AUDIT,mutation,SYN-RES-001929,2024-10-26T09:09:00Z,Review of mutation notice period under Sec 129 KLRA,SUCCESS,True
SYN-AUDIT-001930,SYN-USER-ADMIN-001,administrator,DOCUMENT_INGEST,document,SYN-RES-001930,2024-11-27T10:10:00Z,Citizen evidence upload and SHA-256 vault ingest,SUCCESS,True
SYN-AUDIT-001931,SYSTEM-VALIDATION-ENGINE,system_engine,VALIDATION_RUN,validation_case,SYN-CASE-001931,2024-12-28T11:11:00Z,Automated multi-field statutory comparison pipeline,SUCCESS,True
SYN-AUDIT-001932,SYN-USER-CITIZEN-001,citizen,CASE_REVIEW,validation_case,SYN-CASE-001932,2024-01-01T12:12:00Z,Revenue officer inspected cadastral discrepancy,REVIEW_REQUIRED,True
SYN-AUDIT-001933,SYN-USER-OFFICER-001,revenue_officer,DECISION_RECORDED,validation_case,SYN-CASE-001933,2024-02-02T13:13:00Z,Officer adjudication recorded in case log,SUCCESS,True
SYN-AUDIT-001934,SYN-USER-ADMIN-001,administrator,MUTATION_AUDIT,mutation,SYN-RES-001934,2024-03-03T14:14:00Z,Review of mutation notice period under Sec 129 KLRA,SUCCESS,True
SYN-AUDIT-001935,SYSTEM-VALIDATION-ENGINE,system_engine,DOCUMENT_INGEST,document,SYN-RES-001935,2024-04-04T15:15:00Z,Citizen evidence upload and SHA-256 vault ingest,SUCCESS,True
SYN-AUDIT-001936,SYN-USER-CITIZEN-001,citizen,VALIDATION_RUN,validation_case,SYN-CASE-001936,2024-05-05T16:16:00Z,Automated multi-field statutory comparison pipeline,SUCCESS,True
SYN-AUDIT-001937,SYN-USER-OFFICER-001,revenue_officer,CASE_REVIEW,validation_case,SYN-CASE-001937,2024-06-06T17:17:00Z,Revenue officer inspected cadastral discrepancy,REVIEW_REQUIRED,True
SYN-AUDIT-001938,SYN-USER-ADMIN-001,administrator,DECISION_RECORDED,validation_case,SYN-CASE-001938,2024-07-07T18:18:00Z,Officer adjudication recorded in case log,SUCCESS,True
SYN-AUDIT-001939,SYSTEM-VALIDATION-ENGINE,system_engine,MUTATION_AUDIT,mutation,SYN-RES-001939,2024-08-08T19:19:00Z,Review of mutation notice period under Sec 129 KLRA,SUCCESS,True
SYN-AUDIT-001940,SYN-USER-CITIZEN-001,citizen,DOCUMENT_INGEST,document,SYN-RES-001940,2024-09-09T20:20:00Z,Citizen evidence upload and SHA-256 vault ingest,SUCCESS,True
SYN-AUDIT-001941,SYN-USER-OFFICER-001,revenue_officer,VALIDATION_RUN,validation_case,SYN-CASE-001941,2024-10-10T21:21:00Z,Automated multi-field statutory comparison pipeline,SUCCESS,True
SYN-AUDIT-001942,SYN-USER-ADMIN-001,administrator,CASE_REVIEW,validation_case,SYN-CASE-001942,2024-11-11T22:22:00Z,Revenue officer inspected cadastral discrepancy,REVIEW_REQUIRED,True
SYN-AUDIT-001943,SYSTEM-VALIDATION-ENGINE,system_engine,DECISION_RECORDED,validation_case,SYN-CASE-001943,2024-12-12T23:23:00Z,Officer adjudication recorded in case log,SUCCESS,True
SYN-AUDIT-001944,SYN-USER-CITIZEN-001,citizen,MUTATION_AUDIT,mutation,SYN-RES-001944,2024-01-13T00:24:00Z,Review of mutation notice period under Sec 129 KLRA,SUCCESS,True
SYN-AUDIT-001945,SYN-USER-OFFICER-001,revenue_officer,DOCUMENT_INGEST,document,SYN-RES-001945,2024-02-14T01:25:00Z,Citizen evidence upload and SHA-256 vault ingest,SUCCESS,True
SYN-AUDIT-001946,SYN-USER-ADMIN-001,administrator,VALIDATION_RUN,validation_case,SYN-CASE-001946,2024-03-15T02:26:00Z,Automated multi-field statutory comparison pipeline,SUCCESS,True
SYN-AUDIT-001947,SYSTEM-VALIDATION-ENGINE,system_engine,CASE_REVIEW,validation_case,SYN-CASE-001947,2024-04-16T03:27:00Z,Revenue officer inspected cadastral discrepancy,REVIEW_REQUIRED,True
SYN-AUDIT-001948,SYN-USER-CITIZEN-001,citizen,DECISION_RECORDED,validation_case,SYN-CASE-001948,2024-05-17T04:28:00Z,Officer adjudication recorded in case log,SUCCESS,True
SYN-AUDIT-001949,SYN-USER-OFFICER-001,revenue_officer,MUTATION_AUDIT,mutation,SYN-RES-001949,2024-06-18T05:29:00Z,Review of mutation notice period under Sec 129 KLRA,SUCCESS,True
SYN-AUDIT-001950,SYN-USER-ADMIN-001,administrator,DOCUMENT_INGEST,document,SYN-RES-001950,2024-07-19T06:30:00Z,Citizen evidence upload and SHA-256 vault ingest,SUCCESS,True
SYN-AUDIT-001951,SYSTEM-VALIDATION-ENGINE,system_engine,VALIDATION_RUN,validation_case,SYN-CASE-001951,2024-08-20T07:31:00Z,Automated multi-field statutory comparison pipeline,SUCCESS,True
SYN-AUDIT-001952,SYN-USER-CITIZEN-001,citizen,CASE_REVIEW,validation_case,SYN-CASE-001952,2024-09-21T08:32:00Z,Revenue officer inspected cadastral discrepancy,REVIEW_REQUIRED,True
SYN-AUDIT-001953,SYN-USER-OFFICER-001,revenue_officer,DECISION_RECORDED,validation_case,SYN-CASE-001953,2024-10-22T09:33:00Z,Officer adjudication recorded in case log,SUCCESS,True
SYN-AUDIT-001954,SYN-USER-ADMIN-001,administrator,MUTATION_AUDIT,mutation,SYN-RES-001954,2024-11-23T10:34:00Z,Review of mutation notice period under Sec 129 KLRA,SUCCESS,True
SYN-AUDIT-001955,SYSTEM-VALIDATION-ENGINE,system_engine,DOCUMENT_INGEST,document,SYN-RES-001955,2024-12-24T11:35:00Z,Citizen evidence upload and SHA-256 vault ingest,SUCCESS,True
SYN-AUDIT-001956,SYN-USER-CITIZEN-001,citizen,VALIDATION_RUN,validation_case,SYN-CASE-001956,2024-01-25T12:36:00Z,Automated multi-field statutory comparison pipeline,SUCCESS,True
SYN-AUDIT-001957,SYN-USER-OFFICER-001,revenue_officer,CASE_REVIEW,validation_case,SYN-CASE-001957,2024-02-26T13:37:00Z,Revenue officer inspected cadastral discrepancy,REVIEW_REQUIRED,True
SYN-AUDIT-001958,SYN-USER-ADMIN-001,administrator,DECISION_RECORDED,validation_case,SYN-CASE-001958,2024-03-27T14:38:00Z,Officer adjudication recorded in case log,SUCCESS,True
SYN-AUDIT-001959,SYSTEM-VALIDATION-ENGINE,system_engine,MUTATION_AUDIT,mutation,SYN-RES-001959,2024-04-28T15:39:00Z,Review of mutation notice period under Sec 129 KLRA,SUCCESS,True
SYN-AUDIT-001960,SYN-USER-CITIZEN-001,citizen,DOCUMENT_INGEST,document,SYN-RES-001960,2024-05-01T16:40:00Z,Citizen evidence upload and SHA-256 vault ingest,SUCCESS,True
SYN-AUDIT-001961,SYN-USER-OFFICER-001,revenue_officer,VALIDATION_RUN,validation_case,SYN-CASE-001961,2024-06-02T17:41:00Z,Automated multi-field statutory comparison pipeline,SUCCESS,True
SYN-AUDIT-001962,SYN-USER-ADMIN-001,administrator,CASE_REVIEW,validation_case,SYN-CASE-001962,2024-07-03T18:42:00Z,Revenue officer inspected cadastral discrepancy,REVIEW_REQUIRED,True
SYN-AUDIT-001963,SYSTEM-VALIDATION-ENGINE,system_engine,DECISION_RECORDED,validation_case,SYN-CASE-001963,2024-08-04T19:43:00Z,Officer adjudication recorded in case log,SUCCESS,True
SYN-AUDIT-001964,SYN-USER-CITIZEN-001,citizen,MUTATION_AUDIT,mutation,SYN-RES-001964,2024-09-05T20:44:00Z,Review of mutation notice period under Sec 129 KLRA,SUCCESS,True
SYN-AUDIT-001965,SYN-USER-OFFICER-001,revenue_officer,DOCUMENT_INGEST,document,SYN-RES-001965,2024-10-06T21:45:00Z,Citizen evidence upload and SHA-256 vault ingest,SUCCESS,True
SYN-AUDIT-001966,SYN-USER-ADMIN-001,administrator,VALIDATION_RUN,validation_case,SYN-CASE-001966,2024-11-07T22:46:00Z,Automated multi-field statutory comparison pipeline,SUCCESS,True
SYN-AUDIT-001967,SYSTEM-VALIDATION-ENGINE,system_engine,CASE_REVIEW,validation_case,SYN-CASE-001967,2024-12-08T23:47:00Z,Revenue officer inspected cadastral discrepancy,REVIEW_REQUIRED,True
SYN-AUDIT-001968,SYN-USER-CITIZEN-001,citizen,DECISION_RECORDED,validation_case,SYN-CASE-001968,2024-01-09T00:48:00Z,Officer adjudication recorded in case log,SUCCESS,True
SYN-AUDIT-001969,SYN-USER-OFFICER-001,revenue_officer,MUTATION_AUDIT,mutation,SYN-RES-001969,2024-02-10T01:49:00Z,Review of mutation notice period under Sec 129 KLRA,SUCCESS,True
SYN-AUDIT-001970,SYN-USER-ADMIN-001,administrator,DOCUMENT_INGEST,document,SYN-RES-001970,2024-03-11T02:50:00Z,Citizen evidence upload and SHA-256 vault ingest,SUCCESS,True
SYN-AUDIT-001971,SYSTEM-VALIDATION-ENGINE,system_engine,VALIDATION_RUN,validation_case,SYN-CASE-001971,2024-04-12T03:51:00Z,Automated multi-field statutory comparison pipeline,SUCCESS,True
SYN-AUDIT-001972,SYN-USER-CITIZEN-001,citizen,CASE_REVIEW,validation_case,SYN-CASE-001972,2024-05-13T04:52:00Z,Revenue officer inspected cadastral discrepancy,REVIEW_REQUIRED,True
SYN-AUDIT-001973,SYN-USER-OFFICER-001,revenue_officer,DECISION_RECORDED,validation_case,SYN-CASE-001973,2024-06-14T05:53:00Z,Officer adjudication recorded in case log,SUCCESS,True
SYN-AUDIT-001974,SYN-USER-ADMIN-001,administrator,MUTATION_AUDIT,mutation,SYN-RES-001974,2024-07-15T06:54:00Z,Review of mutation notice period under Sec 129 KLRA,SUCCESS,True
SYN-AUDIT-001975,SYSTEM-VALIDATION-ENGINE,system_engine,DOCUMENT_INGEST,document,SYN-RES-001975,2024-08-16T07:55:00Z,Citizen evidence upload and SHA-256 vault ingest,SUCCESS,True
SYN-AUDIT-001976,SYN-USER-CITIZEN-001,citizen,VALIDATION_RUN,validation_case,SYN-CASE-001976,2024-09-17T08:56:00Z,Automated multi-field statutory comparison pipeline,SUCCESS,True
SYN-AUDIT-001977,SYN-USER-OFFICER-001,revenue_officer,CASE_REVIEW,validation_case,SYN-CASE-001977,2024-10-18T09:57:00Z,Revenue officer inspected cadastral discrepancy,REVIEW_REQUIRED,True
SYN-AUDIT-001978,SYN-USER-ADMIN-001,administrator,DECISION_RECORDED,validation_case,SYN-CASE-001978,2024-11-19T10:58:00Z,Officer adjudication recorded in case log,SUCCESS,True
SYN-AUDIT-001979,SYSTEM-VALIDATION-ENGINE,system_engine,MUTATION_AUDIT,mutation,SYN-RES-001979,2024-12-20T11:59:00Z,Review of mutation notice period under Sec 129 KLRA,SUCCESS,True
SYN-AUDIT-001980,SYN-USER-CITIZEN-001,citizen,DOCUMENT_INGEST,document,SYN-RES-001980,2024-01-21T12:00:00Z,Citizen evidence upload and SHA-256 vault ingest,SUCCESS,True
SYN-AUDIT-001981,SYN-USER-OFFICER-001,revenue_officer,VALIDATION_RUN,validation_case,SYN-CASE-001981,2024-02-22T13:01:00Z,Automated multi-field statutory comparison pipeline,SUCCESS,True
SYN-AUDIT-001982,SYN-USER-ADMIN-001,administrator,CASE_REVIEW,validation_case,SYN-CASE-001982,2024-03-23T14:02:00Z,Revenue officer inspected cadastral discrepancy,REVIEW_REQUIRED,True
SYN-AUDIT-001983,SYSTEM-VALIDATION-ENGINE,system_engine,DECISION_RECORDED,validation_case,SYN-CASE-001983,2024-04-24T15:03:00Z,Officer adjudication recorded in case log,SUCCESS,True
SYN-AUDIT-001984,SYN-USER-CITIZEN-001,citizen,MUTATION_AUDIT,mutation,SYN-RES-001984,2024-05-25T16:04:00Z,Review of mutation notice period under Sec 129 KLRA,SUCCESS,True
SYN-AUDIT-001985,SYN-USER-OFFICER-001,revenue_officer,DOCUMENT_INGEST,document,SYN-RES-001985,2024-06-26T17:05:00Z,Citizen evidence upload and SHA-256 vault ingest,SUCCESS,True
SYN-AUDIT-001986,SYN-USER-ADMIN-001,administrator,VALIDATION_RUN,validation_case,SYN-CASE-001986,2024-07-27T18:06:00Z,Automated multi-field statutory comparison pipeline,SUCCESS,True
SYN-AUDIT-001987,SYSTEM-VALIDATION-ENGINE,system_engine,CASE_REVIEW,validation_case,SYN-CASE-001987,2024-08-28T19:07:00Z,Revenue officer inspected cadastral discrepancy,REVIEW_REQUIRED,True
SYN-AUDIT-001988,SYN-USER-CITIZEN-001,citizen,DECISION_RECORDED,validation_case,SYN-CASE-001988,2024-09-01T20:08:00Z,Officer adjudication recorded in case log,SUCCESS,True
SYN-AUDIT-001989,SYN-USER-OFFICER-001,revenue_officer,MUTATION_AUDIT,mutation,SYN-RES-001989,2024-10-02T21:09:00Z,Review of mutation notice period under Sec 129 KLRA,SUCCESS,True
SYN-AUDIT-001990,SYN-USER-ADMIN-001,administrator,DOCUMENT_INGEST,document,SYN-RES-001990,2024-11-03T22:10:00Z,Citizen evidence upload and SHA-256 vault ingest,SUCCESS,True
SYN-AUDIT-001991,SYSTEM-VALIDATION-ENGINE,system_engine,VALIDATION_RUN,validation_case,SYN-CASE-001991,2024-12-04T23:11:00Z,Automated multi-field statutory comparison pipeline,SUCCESS,True
SYN-AUDIT-001992,SYN-USER-CITIZEN-001,citizen,CASE_REVIEW,validation_case,SYN-CASE-001992,2024-01-05T00:12:00Z,Revenue officer inspected cadastral discrepancy,REVIEW_REQUIRED,True
SYN-AUDIT-001993,SYN-USER-OFFICER-001,revenue_officer,DECISION_RECORDED,validation_case,SYN-CASE-001993,2024-02-06T01:13:00Z,Officer adjudication recorded in case log,SUCCESS,True
SYN-AUDIT-001994,SYN-USER-ADMIN-001,administrator,MUTATION_AUDIT,mutation,SYN-RES-001994,2024-03-07T02:14:00Z,Review of mutation notice period under Sec 129 KLRA,SUCCESS,True
SYN-AUDIT-001995,SYSTEM-VALIDATION-ENGINE,system_engine,DOCUMENT_INGEST,document,SYN-RES-001995,2024-04-08T03:15:00Z,Citizen evidence upload and SHA-256 vault ingest,SUCCESS,True
SYN-AUDIT-001996,SYN-USER-CITIZEN-001,citizen,VALIDATION_RUN,validation_case,SYN-CASE-001996,2024-05-09T04:16:00Z,Automated multi-field statutory comparison pipeline,SUCCESS,True
SYN-AUDIT-001997,SYN-USER-OFFICER-001,revenue_officer,CASE_REVIEW,validation_case,SYN-CASE-001997,2024-06-10T05:17:00Z,Revenue officer inspected cadastral discrepancy,REVIEW_REQUIRED,True
SYN-AUDIT-001998,SYN-USER-ADMIN-001,administrator,DECISION_RECORDED,validation_case,SYN-CASE-001998,2024-07-11T06:18:00Z,Officer adjudication recorded in case log,SUCCESS,True
SYN-AUDIT-001999,SYSTEM-VALIDATION-ENGINE,system_engine,MUTATION_AUDIT,mutation,SYN-RES-001999,2024-08-12T07:19:00Z,Review of mutation notice period under Sec 129 KLRA,SUCCESS,True
SYN-AUDIT-002000,SYN-USER-CITIZEN-001,citizen,DOCUMENT_INGEST,document,SYN-RES-002000,2024-09-13T08:20:00Z,Citizen evidence upload and SHA-256 vault ingest,SUCCESS,True
SYN-AUDIT-002001,SYN-USER-OFFICER-001,revenue_officer,VALIDATION_RUN,validation_case,SYN-CASE-002001,2024-10-14T09:21:00Z,Automated multi-field statutory comparison pipeline,SUCCESS,True
SYN-AUDIT-002002,SYN-USER-ADMIN-001,administrator,CASE_REVIEW,validation_case,SYN-CASE-002002,2024-11-15T10:22:00Z,Revenue officer inspected cadastral discrepancy,REVIEW_REQUIRED,True
SYN-AUDIT-002003,SYSTEM-VALIDATION-ENGINE,system_engine,DECISION_RECORDED,validation_case,SYN-CASE-002003,2024-12-16T11:23:00Z,Officer adjudication recorded in case log,SUCCESS,True
SYN-AUDIT-002004,SYN-USER-CITIZEN-001,citizen,MUTATION_AUDIT,mutation,SYN-RES-002004,2024-01-17T12:24:00Z,Review of mutation notice period under Sec 129 KLRA,SUCCESS,True
SYN-AUDIT-002005,SYN-USER-OFFICER-001,revenue_officer,DOCUMENT_INGEST,document,SYN-RES-002005,2024-02-18T13:25:00Z,Citizen evidence upload and SHA-256 vault ingest,SUCCESS,True
SYN-AUDIT-002006,SYN-USER-ADMIN-001,administrator,VALIDATION_RUN,validation_case,SYN-CASE-002006,2024-03-19T14:26:00Z,Automated multi-field statutory comparison pipeline,SUCCESS,True
SYN-AUDIT-002007,SYSTEM-VALIDATION-ENGINE,system_engine,CASE_REVIEW,validation_case,SYN-CASE-002007,2024-04-20T15:27:00Z,Revenue officer inspected cadastral discrepancy,REVIEW_REQUIRED,True
SYN-AUDIT-002008,SYN-USER-CITIZEN-001,citizen,DECISION_RECORDED,validation_case,SYN-CASE-002008,2024-05-21T16:28:00Z,Officer adjudication recorded in case log,SUCCESS,True
SYN-AUDIT-002009,SYN-USER-OFFICER-001,revenue_officer,MUTATION_AUDIT,mutation,SYN-RES-002009,2024-06-22T17:29:00Z,Review of mutation notice period under Sec 129 KLRA,SUCCESS,True
SYN-AUDIT-002010,SYN-USER-ADMIN-001,administrator,DOCUMENT_INGEST,document,SYN-RES-002010,2024-07-23T18:30:00Z,Citizen evidence upload and SHA-256 vault ingest,SUCCESS,True
SYN-AUDIT-002011,SYSTEM-VALIDATION-ENGINE,system_engine,VALIDATION_RUN,validation_case,SYN-CASE-002011,2024-08-24T19:31:00Z,Automated multi-field statutory comparison pipeline,SUCCESS,True
SYN-AUDIT-002012,SYN-USER-CITIZEN-001,citizen,CASE_REVIEW,validation_case,SYN-CASE-002012,2024-09-25T20:32:00Z,Revenue officer inspected cadastral discrepancy,REVIEW_REQUIRED,True
SYN-AUDIT-002013,SYN-USER-OFFICER-001,revenue_officer,DECISION_RECORDED,validation_case,SYN-CASE-002013,2024-10-26T21:33:00Z,Officer adjudication recorded in case log,SUCCESS,True
SYN-AUDIT-002014,SYN-USER-ADMIN-001,administrator,MUTATION_AUDIT,mutation,SYN-RES-002014,2024-11-27T22:34:00Z,Review of mutation notice period under Sec 129 KLRA,SUCCESS,True
SYN-AUDIT-002015,SYSTEM-VALIDATION-ENGINE,system_engine,DOCUMENT_INGEST,document,SYN-RES-002015,2024-12-28T23:35:00Z,Citizen evidence upload and SHA-256 vault ingest,SUCCESS,True
SYN-AUDIT-002016,SYN-USER-CITIZEN-001,citizen,VALIDATION_RUN,validation_case,SYN-CASE-002016,2024-01-01T00:36:00Z,Automated multi-field statutory comparison pipeline,SUCCESS,True
SYN-AUDIT-002017,SYN-USER-OFFICER-001,revenue_officer,CASE_REVIEW,validation_case,SYN-CASE-002017,2024-02-02T01:37:00Z,Revenue officer inspected cadastral discrepancy,REVIEW_REQUIRED,True
SYN-AUDIT-002018,SYN-USER-ADMIN-001,administrator,DECISION_RECORDED,validation_case,SYN-CASE-002018,2024-03-03T02:38:00Z,Officer adjudication recorded in case log,SUCCESS,True
SYN-AUDIT-002019,SYSTEM-VALIDATION-ENGINE,system_engine,MUTATION_AUDIT,mutation,SYN-RES-002019,2024-04-04T03:39:00Z,Review of mutation notice period under Sec 129 KLRA,SUCCESS,True
SYN-AUDIT-002020,SYN-USER-CITIZEN-001,citizen,DOCUMENT_INGEST,document,SYN-RES-002020,2024-05-05T04:40:00Z,Citizen evidence upload and SHA-256 vault ingest,SUCCESS,True
SYN-AUDIT-002021,SYN-USER-OFFICER-001,revenue_officer,VALIDATION_RUN,validation_case,SYN-CASE-002021,2024-06-06T05:41:00Z,Automated multi-field statutory comparison pipeline,SUCCESS,True
SYN-AUDIT-002022,SYN-USER-ADMIN-001,administrator,CASE_REVIEW,validation_case,SYN-CASE-002022,2024-07-07T06:42:00Z,Revenue officer inspected cadastral discrepancy,REVIEW_REQUIRED,True
SYN-AUDIT-002023,SYSTEM-VALIDATION-ENGINE,system_engine,DECISION_RECORDED,validation_case,SYN-CASE-002023,2024-08-08T07:43:00Z,Officer adjudication recorded in case log,SUCCESS,True
SYN-AUDIT-002024,SYN-USER-CITIZEN-001,citizen,MUTATION_AUDIT,mutation,SYN-RES-002024,2024-09-09T08:44:00Z,Review of mutation notice period under Sec 129 KLRA,SUCCESS,True
SYN-AUDIT-002025,SYN-USER-OFFICER-001,revenue_officer,DOCUMENT_INGEST,document,SYN-RES-002025,2024-10-10T09:45:00Z,Citizen evidence upload and SHA-256 vault ingest,SUCCESS,True
SYN-AUDIT-002026,SYN-USER-ADMIN-001,administrator,VALIDATION_RUN,validation_case,SYN-CASE-002026,2024-11-11T10:46:00Z,Automated multi-field statutory comparison pipeline,SUCCESS,True
SYN-AUDIT-002027,SYSTEM-VALIDATION-ENGINE,system_engine,CASE_REVIEW,validation_case,SYN-CASE-002027,2024-12-12T11:47:00Z,Revenue officer inspected cadastral discrepancy,REVIEW_REQUIRED,True
SYN-AUDIT-002028,SYN-USER-CITIZEN-001,citizen,DECISION_RECORDED,validation_case,SYN-CASE-002028,2024-01-13T12:48:00Z,Officer adjudication recorded in case log,SUCCESS,True
SYN-AUDIT-002029,SYN-USER-OFFICER-001,revenue_officer,MUTATION_AUDIT,mutation,SYN-RES-002029,2024-02-14T13:49:00Z,Review of mutation notice period under Sec 129 KLRA,SUCCESS,True
SYN-AUDIT-002030,SYN-USER-ADMIN-001,administrator,DOCUMENT_INGEST,document,SYN-RES-002030,2024-03-15T14:50:00Z,Citizen evidence upload and SHA-256 vault ingest,SUCCESS,True
SYN-AUDIT-002031,SYSTEM-VALIDATION-ENGINE,system_engine,VALIDATION_RUN,validation_case,SYN-CASE-002031,2024-04-16T15:51:00Z,Automated multi-field statutory comparison pipeline,SUCCESS,True
SYN-AUDIT-002032,SYN-USER-CITIZEN-001,citizen,CASE_REVIEW,validation_case,SYN-CASE-002032,2024-05-17T16:52:00Z,Revenue officer inspected cadastral discrepancy,REVIEW_REQUIRED,True
SYN-AUDIT-002033,SYN-USER-OFFICER-001,revenue_officer,DECISION_RECORDED,validation_case,SYN-CASE-002033,2024-06-18T17:53:00Z,Officer adjudication recorded in case log,SUCCESS,True
SYN-AUDIT-002034,SYN-USER-ADMIN-001,administrator,MUTATION_AUDIT,mutation,SYN-RES-002034,2024-07-19T18:54:00Z,Review of mutation notice period under Sec 129 KLRA,SUCCESS,True
SYN-AUDIT-002035,SYSTEM-VALIDATION-ENGINE,system_engine,DOCUMENT_INGEST,document,SYN-RES-002035,2024-08-20T19:55:00Z,Citizen evidence upload and SHA-256 vault ingest,SUCCESS,True
SYN-AUDIT-002036,SYN-USER-CITIZEN-001,citizen,VALIDATION_RUN,validation_case,SYN-CASE-002036,2024-09-21T20:56:00Z,Automated multi-field statutory comparison pipeline,SUCCESS,True
SYN-AUDIT-002037,SYN-USER-OFFICER-001,revenue_officer,CASE_REVIEW,validation_case,SYN-CASE-002037,2024-10-22T21:57:00Z,Revenue officer inspected cadastral discrepancy,REVIEW_REQUIRED,True
SYN-AUDIT-002038,SYN-USER-ADMIN-001,administrator,DECISION_RECORDED,validation_case,SYN-CASE-002038,2024-11-23T22:58:00Z,Officer adjudication recorded in case log,SUCCESS,True
SYN-AUDIT-002039,SYSTEM-VALIDATION-ENGINE,system_engine,MUTATION_AUDIT,mutation,SYN-RES-002039,2024-12-24T23:59:00Z,Review of mutation notice period under Sec 129 KLRA,SUCCESS,True
SYN-AUDIT-002040,SYN-USER-CITIZEN-001,citizen,DOCUMENT_INGEST,document,SYN-RES-002040,2024-01-25T00:00:00Z,Citizen evidence upload and SHA-256 vault ingest,SUCCESS,True
SYN-AUDIT-002041,SYN-USER-OFFICER-001,revenue_officer,VALIDATION_RUN,validation_case,SYN-CASE-002041,2024-02-26T01:01:00Z,Automated multi-field statutory comparison pipeline,SUCCESS,True
SYN-AUDIT-002042,SYN-USER-ADMIN-001,administrator,CASE_REVIEW,validation_case,SYN-CASE-002042,2024-03-27T02:02:00Z,Revenue officer inspected cadastral discrepancy,REVIEW_REQUIRED,True
SYN-AUDIT-002043,SYSTEM-VALIDATION-ENGINE,system_engine,DECISION_RECORDED,validation_case,SYN-CASE-002043,2024-04-28T03:03:00Z,Officer adjudication recorded in case log,SUCCESS,True
SYN-AUDIT-002044,SYN-USER-CITIZEN-001,citizen,MUTATION_AUDIT,mutation,SYN-RES-002044,2024-05-01T04:04:00Z,Review of mutation notice period under Sec 129 KLRA,SUCCESS,True
SYN-AUDIT-002045,SYN-USER-OFFICER-001,revenue_officer,DOCUMENT_INGEST,document,SYN-RES-002045,2024-06-02T05:05:00Z,Citizen evidence upload and SHA-256 vault ingest,SUCCESS,True
SYN-AUDIT-002046,SYN-USER-ADMIN-001,administrator,VALIDATION_RUN,validation_case,SYN-CASE-002046,2024-07-03T06:06:00Z,Automated multi-field statutory comparison pipeline,SUCCESS,True
SYN-AUDIT-002047,SYSTEM-VALIDATION-ENGINE,system_engine,CASE_REVIEW,validation_case,SYN-CASE-002047,2024-08-04T07:07:00Z,Revenue officer inspected cadastral discrepancy,REVIEW_REQUIRED,True
SYN-AUDIT-002048,SYN-USER-CITIZEN-001,citizen,DECISION_RECORDED,validation_case,SYN-CASE-002048,2024-09-05T08:08:00Z,Officer adjudication recorded in case log,SUCCESS,True
SYN-AUDIT-002049,SYN-USER-OFFICER-001,revenue_officer,MUTATION_AUDIT,mutation,SYN-RES-002049,2024-10-06T09:09:00Z,Review of mutation notice period under Sec 129 KLRA,SUCCESS,True
SYN-AUDIT-002050,SYN-USER-ADMIN-001,administrator,DOCUMENT_INGEST,document,SYN-RES-002050,2024-11-07T10:10:00Z,Citizen evidence upload and SHA-256 vault ingest,SUCCESS,True
SYN-AUDIT-002051,SYSTEM-VALIDATION-ENGINE,system_engine,VALIDATION_RUN,validation_case,SYN-CASE-002051,2024-12-08T11:11:00Z,Automated multi-field statutory comparison pipeline,SUCCESS,True
SYN-AUDIT-002052,SYN-USER-CITIZEN-001,citizen,CASE_REVIEW,validation_case,SYN-CASE-002052,2024-01-09T12:12:00Z,Revenue officer inspected cadastral discrepancy,REVIEW_REQUIRED,True
SYN-AUDIT-002053,SYN-USER-OFFICER-001,revenue_officer,DECISION_RECORDED,validation_case,SYN-CASE-002053,2024-02-10T13:13:00Z,Officer adjudication recorded in case log,SUCCESS,True
SYN-AUDIT-002054,SYN-USER-ADMIN-001,administrator,MUTATION_AUDIT,mutation,SYN-RES-002054,2024-03-11T14:14:00Z,Review of mutation notice period under Sec 129 KLRA,SUCCESS,True
SYN-AUDIT-002055,SYSTEM-VALIDATION-ENGINE,system_engine,DOCUMENT_INGEST,document,SYN-RES-002055,2024-04-12T15:15:00Z,Citizen evidence upload and SHA-256 vault ingest,SUCCESS,True
SYN-AUDIT-002056,SYN-USER-CITIZEN-001,citizen,VALIDATION_RUN,validation_case,SYN-CASE-002056,2024-05-13T16:16:00Z,Automated multi-field statutory comparison pipeline,SUCCESS,True
SYN-AUDIT-002057,SYN-USER-OFFICER-001,revenue_officer,CASE_REVIEW,validation_case,SYN-CASE-002057,2024-06-14T17:17:00Z,Revenue officer inspected cadastral discrepancy,REVIEW_REQUIRED,True
SYN-AUDIT-002058,SYN-USER-ADMIN-001,administrator,DECISION_RECORDED,validation_case,SYN-CASE-002058,2024-07-15T18:18:00Z,Officer adjudication recorded in case log,SUCCESS,True
SYN-AUDIT-002059,SYSTEM-VALIDATION-ENGINE,system_engine,MUTATION_AUDIT,mutation,SYN-RES-002059,2024-08-16T19:19:00Z,Review of mutation notice period under Sec 129 KLRA,SUCCESS,True
SYN-AUDIT-002060,SYN-USER-CITIZEN-001,citizen,DOCUMENT_INGEST,document,SYN-RES-002060,2024-09-17T20:20:00Z,Citizen evidence upload and SHA-256 vault ingest,SUCCESS,True
SYN-AUDIT-002061,SYN-USER-OFFICER-001,revenue_officer,VALIDATION_RUN,validation_case,SYN-CASE-002061,2024-10-18T21:21:00Z,Automated multi-field statutory comparison pipeline,SUCCESS,True
SYN-AUDIT-002062,SYN-USER-ADMIN-001,administrator,CASE_REVIEW,validation_case,SYN-CASE-002062,2024-11-19T22:22:00Z,Revenue officer inspected cadastral discrepancy,REVIEW_REQUIRED,True
SYN-AUDIT-002063,SYSTEM-VALIDATION-ENGINE,system_engine,DECISION_RECORDED,validation_case,SYN-CASE-002063,2024-12-20T23:23:00Z,Officer adjudication recorded in case log,SUCCESS,True
SYN-AUDIT-002064,SYN-USER-CITIZEN-001,citizen,MUTATION_AUDIT,mutation,SYN-RES-002064,2024-01-21T00:24:00Z,Review of mutation notice period under Sec 129 KLRA,SUCCESS,True
SYN-AUDIT-002065,SYN-USER-OFFICER-001,revenue_officer,DOCUMENT_INGEST,document,SYN-RES-002065,2024-02-22T01:25:00Z,Citizen evidence upload and SHA-256 vault ingest,SUCCESS,True
SYN-AUDIT-002066,SYN-USER-ADMIN-001,administrator,VALIDATION_RUN,validation_case,SYN-CASE-002066,2024-03-23T02:26:00Z,Automated multi-field statutory comparison pipeline,SUCCESS,True
SYN-AUDIT-002067,SYSTEM-VALIDATION-ENGINE,system_engine,CASE_REVIEW,validation_case,SYN-CASE-002067,2024-04-24T03:27:00Z,Revenue officer inspected cadastral discrepancy,REVIEW_REQUIRED,True
SYN-AUDIT-002068,SYN-USER-CITIZEN-001,citizen,DECISION_RECORDED,validation_case,SYN-CASE-002068,2024-05-25T04:28:00Z,Officer adjudication recorded in case log,SUCCESS,True
SYN-AUDIT-002069,SYN-USER-OFFICER-001,revenue_officer,MUTATION_AUDIT,mutation,SYN-RES-002069,2024-06-26T05:29:00Z,Review of mutation notice period under Sec 129 KLRA,SUCCESS,True
SYN-AUDIT-002070,SYN-USER-ADMIN-001,administrator,DOCUMENT_INGEST,document,SYN-RES-002070,2024-07-27T06:30:00Z,Citizen evidence upload and SHA-256 vault ingest,SUCCESS,True
SYN-AUDIT-002071,SYSTEM-VALIDATION-ENGINE,system_engine,VALIDATION_RUN,validation_case,SYN-CASE-002071,2024-08-28T07:31:00Z,Automated multi-field statutory comparison pipeline,SUCCESS,True
SYN-AUDIT-002072,SYN-USER-CITIZEN-001,citizen,CASE_REVIEW,validation_case,SYN-CASE-002072,2024-09-01T08:32:00Z,Revenue officer inspected cadastral discrepancy,REVIEW_REQUIRED,True
SYN-AUDIT-002073,SYN-USER-OFFICER-001,revenue_officer,DECISION_RECORDED,validation_case,SYN-CASE-002073,2024-10-02T09:33:00Z,Officer adjudication recorded in case log,SUCCESS,True
SYN-AUDIT-002074,SYN-USER-ADMIN-001,administrator,MUTATION_AUDIT,mutation,SYN-RES-002074,2024-11-03T10:34:00Z,Review of mutation notice period under Sec 129 KLRA,SUCCESS,True
SYN-AUDIT-002075,SYSTEM-VALIDATION-ENGINE,system_engine,DOCUMENT_INGEST,document,SYN-RES-002075,2024-12-04T11:35:00Z,Citizen evidence upload and SHA-256 vault ingest,SUCCESS,True
SYN-AUDIT-002076,SYN-USER-CITIZEN-001,citizen,VALIDATION_RUN,validation_case,SYN-CASE-002076,2024-01-05T12:36:00Z,Automated multi-field statutory comparison pipeline,SUCCESS,True
SYN-AUDIT-002077,SYN-USER-OFFICER-001,revenue_officer,CASE_REVIEW,validation_case,SYN-CASE-002077,2024-02-06T13:37:00Z,Revenue officer inspected cadastral discrepancy,REVIEW_REQUIRED,True
SYN-AUDIT-002078,SYN-USER-ADMIN-001,administrator,DECISION_RECORDED,validation_case,SYN-CASE-002078,2024-03-07T14:38:00Z,Officer adjudication recorded in case log,SUCCESS,True
SYN-AUDIT-002079,SYSTEM-VALIDATION-ENGINE,system_engine,MUTATION_AUDIT,mutation,SYN-RES-002079,2024-04-08T15:39:00Z,Review of mutation notice period under Sec 129 KLRA,SUCCESS,True
SYN-AUDIT-002080,SYN-USER-CITIZEN-001,citizen,DOCUMENT_INGEST,document,SYN-RES-002080,2024-05-09T16:40:00Z,Citizen evidence upload and SHA-256 vault ingest,SUCCESS,True
SYN-AUDIT-002081,SYN-USER-OFFICER-001,revenue_officer,VALIDATION_RUN,validation_case,SYN-CASE-002081,2024-06-10T17:41:00Z,Automated multi-field statutory comparison pipeline,SUCCESS,True
SYN-AUDIT-002082,SYN-USER-ADMIN-001,administrator,CASE_REVIEW,validation_case,SYN-CASE-002082,2024-07-11T18:42:00Z,Revenue officer inspected cadastral discrepancy,REVIEW_REQUIRED,True
SYN-AUDIT-002083,SYSTEM-VALIDATION-ENGINE,system_engine,DECISION_RECORDED,validation_case,SYN-CASE-002083,2024-08-12T19:43:00Z,Officer adjudication recorded in case log,SUCCESS,True
SYN-AUDIT-002084,SYN-USER-CITIZEN-001,citizen,MUTATION_AUDIT,mutation,SYN-RES-002084,2024-09-13T20:44:00Z,Review of mutation notice period under Sec 129 KLRA,SUCCESS,True
SYN-AUDIT-002085,SYN-USER-OFFICER-001,revenue_officer,DOCUMENT_INGEST,document,SYN-RES-002085,2024-10-14T21:45:00Z,Citizen evidence upload and SHA-256 vault ingest,SUCCESS,True
SYN-AUDIT-002086,SYN-USER-ADMIN-001,administrator,VALIDATION_RUN,validation_case,SYN-CASE-002086,2024-11-15T22:46:00Z,Automated multi-field statutory comparison pipeline,SUCCESS,True
SYN-AUDIT-002087,SYSTEM-VALIDATION-ENGINE,system_engine,CASE_REVIEW,validation_case,SYN-CASE-002087,2024-12-16T23:47:00Z,Revenue officer inspected cadastral discrepancy,REVIEW_REQUIRED,True
SYN-AUDIT-002088,SYN-USER-CITIZEN-001,citizen,DECISION_RECORDED,validation_case,SYN-CASE-002088,2024-01-17T00:48:00Z,Officer adjudication recorded in case log,SUCCESS,True
SYN-AUDIT-002089,SYN-USER-OFFICER-001,revenue_officer,MUTATION_AUDIT,mutation,SYN-RES-002089,2024-02-18T01:49:00Z,Review of mutation notice period under Sec 129 KLRA,SUCCESS,True
SYN-AUDIT-002090,SYN-USER-ADMIN-001,administrator,DOCUMENT_INGEST,document,SYN-RES-002090,2024-03-19T02:50:00Z,Citizen evidence upload and SHA-256 vault ingest,SUCCESS,True
SYN-AUDIT-002091,SYSTEM-VALIDATION-ENGINE,system_engine,VALIDATION_RUN,validation_case,SYN-CASE-002091,2024-04-20T03:51:00Z,Automated multi-field statutory comparison pipeline,SUCCESS,True
SYN-AUDIT-002092,SYN-USER-CITIZEN-001,citizen,CASE_REVIEW,validation_case,SYN-CASE-002092,2024-05-21T04:52:00Z,Revenue officer inspected cadastral discrepancy,REVIEW_REQUIRED,True
SYN-AUDIT-002093,SYN-USER-OFFICER-001,revenue_officer,DECISION_RECORDED,validation_case,SYN-CASE-002093,2024-06-22T05:53:00Z,Officer adjudication recorded in case log,SUCCESS,True
SYN-AUDIT-002094,SYN-USER-ADMIN-001,administrator,MUTATION_AUDIT,mutation,SYN-RES-002094,2024-07-23T06:54:00Z,Review of mutation notice period under Sec 129 KLRA,SUCCESS,True
SYN-AUDIT-002095,SYSTEM-VALIDATION-ENGINE,system_engine,DOCUMENT_INGEST,document,SYN-RES-002095,2024-08-24T07:55:00Z,Citizen evidence upload and SHA-256 vault ingest,SUCCESS,True
SYN-AUDIT-002096,SYN-USER-CITIZEN-001,citizen,VALIDATION_RUN,validation_case,SYN-CASE-002096,2024-09-25T08:56:00Z,Automated multi-field statutory comparison pipeline,SUCCESS,True
SYN-AUDIT-002097,SYN-USER-OFFICER-001,revenue_officer,CASE_REVIEW,validation_case,SYN-CASE-002097,2024-10-26T09:57:00Z,Revenue officer inspected cadastral discrepancy,REVIEW_REQUIRED,True
SYN-AUDIT-002098,SYN-USER-ADMIN-001,administrator,DECISION_RECORDED,validation_case,SYN-CASE-002098,2024-11-27T10:58:00Z,Officer adjudication recorded in case log,SUCCESS,True
SYN-AUDIT-002099,SYSTEM-VALIDATION-ENGINE,system_engine,MUTATION_AUDIT,mutation,SYN-RES-002099,2024-12-28T11:59:00Z,Review of mutation notice period under Sec 129 KLRA,SUCCESS,True
SYN-AUDIT-002100,SYN-USER-CITIZEN-001,citizen,DOCUMENT_INGEST,document,SYN-RES-002100,2024-01-01T12:00:00Z,Citizen evidence upload and SHA-256 vault ingest,SUCCESS,True
SYN-AUDIT-002101,SYN-USER-OFFICER-001,revenue_officer,VALIDATION_RUN,validation_case,SYN-CASE-002101,2024-02-02T13:01:00Z,Automated multi-field statutory comparison pipeline,SUCCESS,True
SYN-AUDIT-002102,SYN-USER-ADMIN-001,administrator,CASE_REVIEW,validation_case,SYN-CASE-002102,2024-03-03T14:02:00Z,Revenue officer inspected cadastral discrepancy,REVIEW_REQUIRED,True
SYN-AUDIT-002103,SYSTEM-VALIDATION-ENGINE,system_engine,DECISION_RECORDED,validation_case,SYN-CASE-002103,2024-04-04T15:03:00Z,Officer adjudication recorded in case log,SUCCESS,True
SYN-AUDIT-002104,SYN-USER-CITIZEN-001,citizen,MUTATION_AUDIT,mutation,SYN-RES-002104,2024-05-05T16:04:00Z,Review of mutation notice period under Sec 129 KLRA,SUCCESS,True
SYN-AUDIT-002105,SYN-USER-OFFICER-001,revenue_officer,DOCUMENT_INGEST,document,SYN-RES-002105,2024-06-06T17:05:00Z,Citizen evidence upload and SHA-256 vault ingest,SUCCESS,True
SYN-AUDIT-002106,SYN-USER-ADMIN-001,administrator,VALIDATION_RUN,validation_case,SYN-CASE-002106,2024-07-07T18:06:00Z,Automated multi-field statutory comparison pipeline,SUCCESS,True
SYN-AUDIT-002107,SYSTEM-VALIDATION-ENGINE,system_engine,CASE_REVIEW,validation_case,SYN-CASE-002107,2024-08-08T19:07:00Z,Revenue officer inspected cadastral discrepancy,REVIEW_REQUIRED,True
SYN-AUDIT-002108,SYN-USER-CITIZEN-001,citizen,DECISION_RECORDED,validation_case,SYN-CASE-002108,2024-09-09T20:08:00Z,Officer adjudication recorded in case log,SUCCESS,True
SYN-AUDIT-002109,SYN-USER-OFFICER-001,revenue_officer,MUTATION_AUDIT,mutation,SYN-RES-002109,2024-10-10T21:09:00Z,Review of mutation notice period under Sec 129 KLRA,SUCCESS,True
SYN-AUDIT-002110,SYN-USER-ADMIN-001,administrator,DOCUMENT_INGEST,document,SYN-RES-002110,2024-11-11T22:10:00Z,Citizen evidence upload and SHA-256 vault ingest,SUCCESS,True
SYN-AUDIT-002111,SYSTEM-VALIDATION-ENGINE,system_engine,VALIDATION_RUN,validation_case,SYN-CASE-002111,2024-12-12T23:11:00Z,Automated multi-field statutory comparison pipeline,SUCCESS,True
SYN-AUDIT-002112,SYN-USER-CITIZEN-001,citizen,CASE_REVIEW,validation_case,SYN-CASE-002112,2024-01-13T00:12:00Z,Revenue officer inspected cadastral discrepancy,REVIEW_REQUIRED,True
SYN-AUDIT-002113,SYN-USER-OFFICER-001,revenue_officer,DECISION_RECORDED,validation_case,SYN-CASE-002113,2024-02-14T01:13:00Z,Officer adjudication recorded in case log,SUCCESS,True
SYN-AUDIT-002114,SYN-USER-ADMIN-001,administrator,MUTATION_AUDIT,mutation,SYN-RES-002114,2024-03-15T02:14:00Z,Review of mutation notice period under Sec 129 KLRA,SUCCESS,True
SYN-AUDIT-002115,SYSTEM-VALIDATION-ENGINE,system_engine,DOCUMENT_INGEST,document,SYN-RES-002115,2024-04-16T03:15:00Z,Citizen evidence upload and SHA-256 vault ingest,SUCCESS,True
SYN-AUDIT-002116,SYN-USER-CITIZEN-001,citizen,VALIDATION_RUN,validation_case,SYN-CASE-002116,2024-05-17T04:16:00Z,Automated multi-field statutory comparison pipeline,SUCCESS,True
SYN-AUDIT-002117,SYN-USER-OFFICER-001,revenue_officer,CASE_REVIEW,validation_case,SYN-CASE-002117,2024-06-18T05:17:00Z,Revenue officer inspected cadastral discrepancy,REVIEW_REQUIRED,True
SYN-AUDIT-002118,SYN-USER-ADMIN-001,administrator,DECISION_RECORDED,validation_case,SYN-CASE-002118,2024-07-19T06:18:00Z,Officer adjudication recorded in case log,SUCCESS,True
SYN-AUDIT-002119,SYSTEM-VALIDATION-ENGINE,system_engine,MUTATION_AUDIT,mutation,SYN-RES-002119,2024-08-20T07:19:00Z,Review of mutation notice period under Sec 129 KLRA,SUCCESS,True
SYN-AUDIT-002120,SYN-USER-CITIZEN-001,citizen,DOCUMENT_INGEST,document,SYN-RES-002120,2024-09-21T08:20:00Z,Citizen evidence upload and SHA-256 vault ingest,SUCCESS,True
SYN-AUDIT-002121,SYN-USER-OFFICER-001,revenue_officer,VALIDATION_RUN,validation_case,SYN-CASE-002121,2024-10-22T09:21:00Z,Automated multi-field statutory comparison pipeline,SUCCESS,True
SYN-AUDIT-002122,SYN-USER-ADMIN-001,administrator,CASE_REVIEW,validation_case,SYN-CASE-002122,2024-11-23T10:22:00Z,Revenue officer inspected cadastral discrepancy,REVIEW_REQUIRED,True
SYN-AUDIT-002123,SYSTEM-VALIDATION-ENGINE,system_engine,DECISION_RECORDED,validation_case,SYN-CASE-002123,2024-12-24T11:23:00Z,Officer adjudication recorded in case log,SUCCESS,True
SYN-AUDIT-002124,SYN-USER-CITIZEN-001,citizen,MUTATION_AUDIT,mutation,SYN-RES-002124,2024-01-25T12:24:00Z,Review of mutation notice period under Sec 129 KLRA,SUCCESS,True
SYN-AUDIT-002125,SYN-USER-OFFICER-001,revenue_officer,DOCUMENT_INGEST,document,SYN-RES-002125,2024-02-26T13:25:00Z,Citizen evidence upload and SHA-256 vault ingest,SUCCESS,True
SYN-AUDIT-002126,SYN-USER-ADMIN-001,administrator,VALIDATION_RUN,validation_case,SYN-CASE-002126,2024-03-27T14:26:00Z,Automated multi-field statutory comparison pipeline,SUCCESS,True
SYN-AUDIT-002127,SYSTEM-VALIDATION-ENGINE,system_engine,CASE_REVIEW,validation_case,SYN-CASE-002127,2024-04-28T15:27:00Z,Revenue officer inspected cadastral discrepancy,REVIEW_REQUIRED,True
SYN-AUDIT-002128,SYN-USER-CITIZEN-001,citizen,DECISION_RECORDED,validation_case,SYN-CASE-002128,2024-05-01T16:28:00Z,Officer adjudication recorded in case log,SUCCESS,True
SYN-AUDIT-002129,SYN-USER-OFFICER-001,revenue_officer,MUTATION_AUDIT,mutation,SYN-RES-002129,2024-06-02T17:29:00Z,Review of mutation notice period under Sec 129 KLRA,SUCCESS,True
SYN-AUDIT-002130,SYN-USER-ADMIN-001,administrator,DOCUMENT_INGEST,document,SYN-RES-002130,2024-07-03T18:30:00Z,Citizen evidence upload and SHA-256 vault ingest,SUCCESS,True
SYN-AUDIT-002131,SYSTEM-VALIDATION-ENGINE,system_engine,VALIDATION_RUN,validation_case,SYN-CASE-002131,2024-08-04T19:31:00Z,Automated multi-field statutory comparison pipeline,SUCCESS,True
SYN-AUDIT-002132,SYN-USER-CITIZEN-001,citizen,CASE_REVIEW,validation_case,SYN-CASE-002132,2024-09-05T20:32:00Z,Revenue officer inspected cadastral discrepancy,REVIEW_REQUIRED,True
SYN-AUDIT-002133,SYN-USER-OFFICER-001,revenue_officer,DECISION_RECORDED,validation_case,SYN-CASE-002133,2024-10-06T21:33:00Z,Officer adjudication recorded in case log,SUCCESS,True
SYN-AUDIT-002134,SYN-USER-ADMIN-001,administrator,MUTATION_AUDIT,mutation,SYN-RES-002134,2024-11-07T22:34:00Z,Review of mutation notice period under Sec 129 KLRA,SUCCESS,True
SYN-AUDIT-002135,SYSTEM-VALIDATION-ENGINE,system_engine,DOCUMENT_INGEST,document,SYN-RES-002135,2024-12-08T23:35:00Z,Citizen evidence upload and SHA-256 vault ingest,SUCCESS,True
SYN-AUDIT-002136,SYN-USER-CITIZEN-001,citizen,VALIDATION_RUN,validation_case,SYN-CASE-002136,2024-01-09T00:36:00Z,Automated multi-field statutory comparison pipeline,SUCCESS,True
SYN-AUDIT-002137,SYN-USER-OFFICER-001,revenue_officer,CASE_REVIEW,validation_case,SYN-CASE-002137,2024-02-10T01:37:00Z,Revenue officer inspected cadastral discrepancy,REVIEW_REQUIRED,True
SYN-AUDIT-002138,SYN-USER-ADMIN-001,administrator,DECISION_RECORDED,validation_case,SYN-CASE-002138,2024-03-11T02:38:00Z,Officer adjudication recorded in case log,SUCCESS,True
SYN-AUDIT-002139,SYSTEM-VALIDATION-ENGINE,system_engine,MUTATION_AUDIT,mutation,SYN-RES-002139,2024-04-12T03:39:00Z,Review of mutation notice period under Sec 129 KLRA,SUCCESS,True
SYN-AUDIT-002140,SYN-USER-CITIZEN-001,citizen,DOCUMENT_INGEST,document,SYN-RES-002140,2024-05-13T04:40:00Z,Citizen evidence upload and SHA-256 vault ingest,SUCCESS,True
SYN-AUDIT-002141,SYN-USER-OFFICER-001,revenue_officer,VALIDATION_RUN,validation_case,SYN-CASE-002141,2024-06-14T05:41:00Z,Automated multi-field statutory comparison pipeline,SUCCESS,True
SYN-AUDIT-002142,SYN-USER-ADMIN-001,administrator,CASE_REVIEW,validation_case,SYN-CASE-002142,2024-07-15T06:42:00Z,Revenue officer inspected cadastral discrepancy,REVIEW_REQUIRED,True
SYN-AUDIT-002143,SYSTEM-VALIDATION-ENGINE,system_engine,DECISION_RECORDED,validation_case,SYN-CASE-002143,2024-08-16T07:43:00Z,Officer adjudication recorded in case log,SUCCESS,True
SYN-AUDIT-002144,SYN-USER-CITIZEN-001,citizen,MUTATION_AUDIT,mutation,SYN-RES-002144,2024-09-17T08:44:00Z,Review of mutation notice period under Sec 129 KLRA,SUCCESS,True
SYN-AUDIT-002145,SYN-USER-OFFICER-001,revenue_officer,DOCUMENT_INGEST,document,SYN-RES-002145,2024-10-18T09:45:00Z,Citizen evidence upload and SHA-256 vault ingest,SUCCESS,True
SYN-AUDIT-002146,SYN-USER-ADMIN-001,administrator,VALIDATION_RUN,validation_case,SYN-CASE-002146,2024-11-19T10:46:00Z,Automated multi-field statutory comparison pipeline,SUCCESS,True
SYN-AUDIT-002147,SYSTEM-VALIDATION-ENGINE,system_engine,CASE_REVIEW,validation_case,SYN-CASE-002147,2024-12-20T11:47:00Z,Revenue officer inspected cadastral discrepancy,REVIEW_REQUIRED,True
SYN-AUDIT-002148,SYN-USER-CITIZEN-001,citizen,DECISION_RECORDED,validation_case,SYN-CASE-002148,2024-01-21T12:48:00Z,Officer adjudication recorded in case log,SUCCESS,True
SYN-AUDIT-002149,SYN-USER-OFFICER-001,revenue_officer,MUTATION_AUDIT,mutation,SYN-RES-002149,2024-02-22T13:49:00Z,Review of mutation notice period under Sec 129 KLRA,SUCCESS,True
SYN-AUDIT-002150,SYN-USER-ADMIN-001,administrator,DOCUMENT_INGEST,document,SYN-RES-002150,2024-03-23T14:50:00Z,Citizen evidence upload and SHA-256 vault ingest,SUCCESS,True
SYN-AUDIT-002151,SYSTEM-VALIDATION-ENGINE,system_engine,VALIDATION_RUN,validation_case,SYN-CASE-002151,2024-04-24T15:51:00Z,Automated multi-field statutory comparison pipeline,SUCCESS,True
SYN-AUDIT-002152,SYN-USER-CITIZEN-001,citizen,CASE_REVIEW,validation_case,SYN-CASE-002152,2024-05-25T16:52:00Z,Revenue officer inspected cadastral discrepancy,REVIEW_REQUIRED,True
SYN-AUDIT-002153,SYN-USER-OFFICER-001,revenue_officer,DECISION_RECORDED,validation_case,SYN-CASE-002153,2024-06-26T17:53:00Z,Officer adjudication recorded in case log,SUCCESS,True
SYN-AUDIT-002154,SYN-USER-ADMIN-001,administrator,MUTATION_AUDIT,mutation,SYN-RES-002154,2024-07-27T18:54:00Z,Review of mutation notice period under Sec 129 KLRA,SUCCESS,True
SYN-AUDIT-002155,SYSTEM-VALIDATION-ENGINE,system_engine,DOCUMENT_INGEST,document,SYN-RES-002155,2024-08-28T19:55:00Z,Citizen evidence upload and SHA-256 vault ingest,SUCCESS,True
SYN-AUDIT-002156,SYN-USER-CITIZEN-001,citizen,VALIDATION_RUN,validation_case,SYN-CASE-002156,2024-09-01T20:56:00Z,Automated multi-field statutory comparison pipeline,SUCCESS,True
SYN-AUDIT-002157,SYN-USER-OFFICER-001,revenue_officer,CASE_REVIEW,validation_case,SYN-CASE-002157,2024-10-02T21:57:00Z,Revenue officer inspected cadastral discrepancy,REVIEW_REQUIRED,True
SYN-AUDIT-002158,SYN-USER-ADMIN-001,administrator,DECISION_RECORDED,validation_case,SYN-CASE-002158,2024-11-03T22:58:00Z,Officer adjudication recorded in case log,SUCCESS,True
SYN-AUDIT-002159,SYSTEM-VALIDATION-ENGINE,system_engine,MUTATION_AUDIT,mutation,SYN-RES-002159,2024-12-04T23:59:00Z,Review of mutation notice period under Sec 129 KLRA,SUCCESS,True
SYN-AUDIT-002160,SYN-USER-CITIZEN-001,citizen,DOCUMENT_INGEST,document,SYN-RES-002160,2024-01-05T00:00:00Z,Citizen evidence upload and SHA-256 vault ingest,SUCCESS,True
SYN-AUDIT-002161,SYN-USER-OFFICER-001,revenue_officer,VALIDATION_RUN,validation_case,SYN-CASE-002161,2024-02-06T01:01:00Z,Automated multi-field statutory comparison pipeline,SUCCESS,True
SYN-AUDIT-002162,SYN-USER-ADMIN-001,administrator,CASE_REVIEW,validation_case,SYN-CASE-002162,2024-03-07T02:02:00Z,Revenue officer inspected cadastral discrepancy,REVIEW_REQUIRED,True
SYN-AUDIT-002163,SYSTEM-VALIDATION-ENGINE,system_engine,DECISION_RECORDED,validation_case,SYN-CASE-002163,2024-04-08T03:03:00Z,Officer adjudication recorded in case log,SUCCESS,True
SYN-AUDIT-002164,SYN-USER-CITIZEN-001,citizen,MUTATION_AUDIT,mutation,SYN-RES-002164,2024-05-09T04:04:00Z,Review of mutation notice period under Sec 129 KLRA,SUCCESS,True
SYN-AUDIT-002165,SYN-USER-OFFICER-001,revenue_officer,DOCUMENT_INGEST,document,SYN-RES-002165,2024-06-10T05:05:00Z,Citizen evidence upload and SHA-256 vault ingest,SUCCESS,True
SYN-AUDIT-002166,SYN-USER-ADMIN-001,administrator,VALIDATION_RUN,validation_case,SYN-CASE-002166,2024-07-11T06:06:00Z,Automated multi-field statutory comparison pipeline,SUCCESS,True
SYN-AUDIT-002167,SYSTEM-VALIDATION-ENGINE,system_engine,CASE_REVIEW,validation_case,SYN-CASE-002167,2024-08-12T07:07:00Z,Revenue officer inspected cadastral discrepancy,REVIEW_REQUIRED,True
SYN-AUDIT-002168,SYN-USER-CITIZEN-001,citizen,DECISION_RECORDED,validation_case,SYN-CASE-002168,2024-09-13T08:08:00Z,Officer adjudication recorded in case log,SUCCESS,True
SYN-AUDIT-002169,SYN-USER-OFFICER-001,revenue_officer,MUTATION_AUDIT,mutation,SYN-RES-002169,2024-10-14T09:09:00Z,Review of mutation notice period under Sec 129 KLRA,SUCCESS,True
SYN-AUDIT-002170,SYN-USER-ADMIN-001,administrator,DOCUMENT_INGEST,document,SYN-RES-002170,2024-11-15T10:10:00Z,Citizen evidence upload and SHA-256 vault ingest,SUCCESS,True
SYN-AUDIT-002171,SYSTEM-VALIDATION-ENGINE,system_engine,VALIDATION_RUN,validation_case,SYN-CASE-002171,2024-12-16T11:11:00Z,Automated multi-field statutory comparison pipeline,SUCCESS,True
SYN-AUDIT-002172,SYN-USER-CITIZEN-001,citizen,CASE_REVIEW,validation_case,SYN-CASE-002172,2024-01-17T12:12:00Z,Revenue officer inspected cadastral discrepancy,REVIEW_REQUIRED,True
SYN-AUDIT-002173,SYN-USER-OFFICER-001,revenue_officer,DECISION_RECORDED,validation_case,SYN-CASE-002173,2024-02-18T13:13:00Z,Officer adjudication recorded in case log,SUCCESS,True
SYN-AUDIT-002174,SYN-USER-ADMIN-001,administrator,MUTATION_AUDIT,mutation,SYN-RES-002174,2024-03-19T14:14:00Z,Review of mutation notice period under Sec 129 KLRA,SUCCESS,True
SYN-AUDIT-002175,SYSTEM-VALIDATION-ENGINE,system_engine,DOCUMENT_INGEST,document,SYN-RES-002175,2024-04-20T15:15:00Z,Citizen evidence upload and SHA-256 vault ingest,SUCCESS,True
SYN-AUDIT-002176,SYN-USER-CITIZEN-001,citizen,VALIDATION_RUN,validation_case,SYN-CASE-002176,2024-05-21T16:16:00Z,Automated multi-field statutory comparison pipeline,SUCCESS,True
SYN-AUDIT-002177,SYN-USER-OFFICER-001,revenue_officer,CASE_REVIEW,validation_case,SYN-CASE-002177,2024-06-22T17:17:00Z,Revenue officer inspected cadastral discrepancy,REVIEW_REQUIRED,True
SYN-AUDIT-002178,SYN-USER-ADMIN-001,administrator,DECISION_RECORDED,validation_case,SYN-CASE-002178,2024-07-23T18:18:00Z,Officer adjudication recorded in case log,SUCCESS,True
SYN-AUDIT-002179,SYSTEM-VALIDATION-ENGINE,system_engine,MUTATION_AUDIT,mutation,SYN-RES-002179,2024-08-24T19:19:00Z,Review of mutation notice period under Sec 129 KLRA,SUCCESS,True
SYN-AUDIT-002180,SYN-USER-CITIZEN-001,citizen,DOCUMENT_INGEST,document,SYN-RES-002180,2024-09-25T20:20:00Z,Citizen evidence upload and SHA-256 vault ingest,SUCCESS,True
SYN-AUDIT-002181,SYN-USER-OFFICER-001,revenue_officer,VALIDATION_RUN,validation_case,SYN-CASE-002181,2024-10-26T21:21:00Z,Automated multi-field statutory comparison pipeline,SUCCESS,True
SYN-AUDIT-002182,SYN-USER-ADMIN-001,administrator,CASE_REVIEW,validation_case,SYN-CASE-002182,2024-11-27T22:22:00Z,Revenue officer inspected cadastral discrepancy,REVIEW_REQUIRED,True
SYN-AUDIT-002183,SYSTEM-VALIDATION-ENGINE,system_engine,DECISION_RECORDED,validation_case,SYN-CASE-002183,2024-12-28T23:23:00Z,Officer adjudication recorded in case log,SUCCESS,True
SYN-AUDIT-002184,SYN-USER-CITIZEN-001,citizen,MUTATION_AUDIT,mutation,SYN-RES-002184,2024-01-01T00:24:00Z,Review of mutation notice period under Sec 129 KLRA,SUCCESS,True
SYN-AUDIT-002185,SYN-USER-OFFICER-001,revenue_officer,DOCUMENT_INGEST,document,SYN-RES-002185,2024-02-02T01:25:00Z,Citizen evidence upload and SHA-256 vault ingest,SUCCESS,True
SYN-AUDIT-002186,SYN-USER-ADMIN-001,administrator,VALIDATION_RUN,validation_case,SYN-CASE-002186,2024-03-03T02:26:00Z,Automated multi-field statutory comparison pipeline,SUCCESS,True
SYN-AUDIT-002187,SYSTEM-VALIDATION-ENGINE,system_engine,CASE_REVIEW,validation_case,SYN-CASE-002187,2024-04-04T03:27:00Z,Revenue officer inspected cadastral discrepancy,REVIEW_REQUIRED,True
SYN-AUDIT-002188,SYN-USER-CITIZEN-001,citizen,DECISION_RECORDED,validation_case,SYN-CASE-002188,2024-05-05T04:28:00Z,Officer adjudication recorded in case log,SUCCESS,True
SYN-AUDIT-002189,SYN-USER-OFFICER-001,revenue_officer,MUTATION_AUDIT,mutation,SYN-RES-002189,2024-06-06T05:29:00Z,Review of mutation notice period under Sec 129 KLRA,SUCCESS,True
SYN-AUDIT-002190,SYN-USER-ADMIN-001,administrator,DOCUMENT_INGEST,document,SYN-RES-002190,2024-07-07T06:30:00Z,Citizen evidence upload and SHA-256 vault ingest,SUCCESS,True
SYN-AUDIT-002191,SYSTEM-VALIDATION-ENGINE,system_engine,VALIDATION_RUN,validation_case,SYN-CASE-002191,2024-08-08T07:31:00Z,Automated multi-field statutory comparison pipeline,SUCCESS,True
SYN-AUDIT-002192,SYN-USER-CITIZEN-001,citizen,CASE_REVIEW,validation_case,SYN-CASE-002192,2024-09-09T08:32:00Z,Revenue officer inspected cadastral discrepancy,REVIEW_REQUIRED,True
SYN-AUDIT-002193,SYN-USER-OFFICER-001,revenue_officer,DECISION_RECORDED,validation_case,SYN-CASE-002193,2024-10-10T09:33:00Z,Officer adjudication recorded in case log,SUCCESS,True
SYN-AUDIT-002194,SYN-USER-ADMIN-001,administrator,MUTATION_AUDIT,mutation,SYN-RES-002194,2024-11-11T10:34:00Z,Review of mutation notice period under Sec 129 KLRA,SUCCESS,True
SYN-AUDIT-002195,SYSTEM-VALIDATION-ENGINE,system_engine,DOCUMENT_INGEST,document,SYN-RES-002195,2024-12-12T11:35:00Z,Citizen evidence upload and SHA-256 vault ingest,SUCCESS,True
SYN-AUDIT-002196,SYN-USER-CITIZEN-001,citizen,VALIDATION_RUN,validation_case,SYN-CASE-002196,2024-01-13T12:36:00Z,Automated multi-field statutory comparison pipeline,SUCCESS,True
SYN-AUDIT-002197,SYN-USER-OFFICER-001,revenue_officer,CASE_REVIEW,validation_case,SYN-CASE-002197,2024-02-14T13:37:00Z,Revenue officer inspected cadastral discrepancy,REVIEW_REQUIRED,True
SYN-AUDIT-002198,SYN-USER-ADMIN-001,administrator,DECISION_RECORDED,validation_case,SYN-CASE-002198,2024-03-15T14:38:00Z,Officer adjudication recorded in case log,SUCCESS,True
SYN-AUDIT-002199,SYSTEM-VALIDATION-ENGINE,system_engine,MUTATION_AUDIT,mutation,SYN-RES-002199,2024-04-16T15:39:00Z,Review of mutation notice period under Sec 129 KLRA,SUCCESS,True
SYN-AUDIT-002200,SYN-USER-CITIZEN-001,citizen,DOCUMENT_INGEST,document,SYN-RES-002200,2024-05-17T16:40:00Z,Citizen evidence upload and SHA-256 vault ingest,SUCCESS,True
SYN-AUDIT-002201,SYN-USER-OFFICER-001,revenue_officer,VALIDATION_RUN,validation_case,SYN-CASE-002201,2024-06-18T17:41:00Z,Automated multi-field statutory comparison pipeline,SUCCESS,True
SYN-AUDIT-002202,SYN-USER-ADMIN-001,administrator,CASE_REVIEW,validation_case,SYN-CASE-002202,2024-07-19T18:42:00Z,Revenue officer inspected cadastral discrepancy,REVIEW_REQUIRED,True
SYN-AUDIT-002203,SYSTEM-VALIDATION-ENGINE,system_engine,DECISION_RECORDED,validation_case,SYN-CASE-002203,2024-08-20T19:43:00Z,Officer adjudication recorded in case log,SUCCESS,True
SYN-AUDIT-002204,SYN-USER-CITIZEN-001,citizen,MUTATION_AUDIT,mutation,SYN-RES-002204,2024-09-21T20:44:00Z,Review of mutation notice period under Sec 129 KLRA,SUCCESS,True
SYN-AUDIT-002205,SYN-USER-OFFICER-001,revenue_officer,DOCUMENT_INGEST,document,SYN-RES-002205,2024-10-22T21:45:00Z,Citizen evidence upload and SHA-256 vault ingest,SUCCESS,True
SYN-AUDIT-002206,SYN-USER-ADMIN-001,administrator,VALIDATION_RUN,validation_case,SYN-CASE-002206,2024-11-23T22:46:00Z,Automated multi-field statutory comparison pipeline,SUCCESS,True
SYN-AUDIT-002207,SYSTEM-VALIDATION-ENGINE,system_engine,CASE_REVIEW,validation_case,SYN-CASE-002207,2024-12-24T23:47:00Z,Revenue officer inspected cadastral discrepancy,REVIEW_REQUIRED,True
SYN-AUDIT-002208,SYN-USER-CITIZEN-001,citizen,DECISION_RECORDED,validation_case,SYN-CASE-002208,2024-01-25T00:48:00Z,Officer adjudication recorded in case log,SUCCESS,True
SYN-AUDIT-002209,SYN-USER-OFFICER-001,revenue_officer,MUTATION_AUDIT,mutation,SYN-RES-002209,2024-02-26T01:49:00Z,Review of mutation notice period under Sec 129 KLRA,SUCCESS,True
SYN-AUDIT-002210,SYN-USER-ADMIN-001,administrator,DOCUMENT_INGEST,document,SYN-RES-002210,2024-03-27T02:50:00Z,Citizen evidence upload and SHA-256 vault ingest,SUCCESS,True
SYN-AUDIT-002211,SYSTEM-VALIDATION-ENGINE,system_engine,VALIDATION_RUN,validation_case,SYN-CASE-002211,2024-04-28T03:51:00Z,Automated multi-field statutory comparison pipeline,SUCCESS,True
SYN-AUDIT-002212,SYN-USER-CITIZEN-001,citizen,CASE_REVIEW,validation_case,SYN-CASE-002212,2024-05-01T04:52:00Z,Revenue officer inspected cadastral discrepancy,REVIEW_REQUIRED,True
SYN-AUDIT-002213,SYN-USER-OFFICER-001,revenue_officer,DECISION_RECORDED,validation_case,SYN-CASE-002213,2024-06-02T05:53:00Z,Officer adjudication recorded in case log,SUCCESS,True
SYN-AUDIT-002214,SYN-USER-ADMIN-001,administrator,MUTATION_AUDIT,mutation,SYN-RES-002214,2024-07-03T06:54:00Z,Review of mutation notice period under Sec 129 KLRA,SUCCESS,True
SYN-AUDIT-002215,SYSTEM-VALIDATION-ENGINE,system_engine,DOCUMENT_INGEST,document,SYN-RES-002215,2024-08-04T07:55:00Z,Citizen evidence upload and SHA-256 vault ingest,SUCCESS,True
SYN-AUDIT-002216,SYN-USER-CITIZEN-001,citizen,VALIDATION_RUN,validation_case,SYN-CASE-002216,2024-09-05T08:56:00Z,Automated multi-field statutory comparison pipeline,SUCCESS,True
SYN-AUDIT-002217,SYN-USER-OFFICER-001,revenue_officer,CASE_REVIEW,validation_case,SYN-CASE-002217,2024-10-06T09:57:00Z,Revenue officer inspected cadastral discrepancy,REVIEW_REQUIRED,True
SYN-AUDIT-002218,SYN-USER-ADMIN-001,administrator,DECISION_RECORDED,validation_case,SYN-CASE-002218,2024-11-07T10:58:00Z,Officer adjudication recorded in case log,SUCCESS,True
SYN-AUDIT-002219,SYSTEM-VALIDATION-ENGINE,system_engine,MUTATION_AUDIT,mutation,SYN-RES-002219,2024-12-08T11:59:00Z,Review of mutation notice period under Sec 129 KLRA,SUCCESS,True
SYN-AUDIT-002220,SYN-USER-CITIZEN-001,citizen,DOCUMENT_INGEST,document,SYN-RES-002220,2024-01-09T12:00:00Z,Citizen evidence upload and SHA-256 vault ingest,SUCCESS,True
SYN-AUDIT-002221,SYN-USER-OFFICER-001,revenue_officer,VALIDATION_RUN,validation_case,SYN-CASE-002221,2024-02-10T13:01:00Z,Automated multi-field statutory comparison pipeline,SUCCESS,True
SYN-AUDIT-002222,SYN-USER-ADMIN-001,administrator,CASE_REVIEW,validation_case,SYN-CASE-002222,2024-03-11T14:02:00Z,Revenue officer inspected cadastral discrepancy,REVIEW_REQUIRED,True
SYN-AUDIT-002223,SYSTEM-VALIDATION-ENGINE,system_engine,DECISION_RECORDED,validation_case,SYN-CASE-002223,2024-04-12T15:03:00Z,Officer adjudication recorded in case log,SUCCESS,True
SYN-AUDIT-002224,SYN-USER-CITIZEN-001,citizen,MUTATION_AUDIT,mutation,SYN-RES-002224,2024-05-13T16:04:00Z,Review of mutation notice period under Sec 129 KLRA,SUCCESS,True
SYN-AUDIT-002225,SYN-USER-OFFICER-001,revenue_officer,DOCUMENT_INGEST,document,SYN-RES-002225,2024-06-14T17:05:00Z,Citizen evidence upload and SHA-256 vault ingest,SUCCESS,True
SYN-AUDIT-002226,SYN-USER-ADMIN-001,administrator,VALIDATION_RUN,validation_case,SYN-CASE-002226,2024-07-15T18:06:00Z,Automated multi-field statutory comparison pipeline,SUCCESS,True
SYN-AUDIT-002227,SYSTEM-VALIDATION-ENGINE,system_engine,CASE_REVIEW,validation_case,SYN-CASE-002227,2024-08-16T19:07:00Z,Revenue officer inspected cadastral discrepancy,REVIEW_REQUIRED,True
SYN-AUDIT-002228,SYN-USER-CITIZEN-001,citizen,DECISION_RECORDED,validation_case,SYN-CASE-002228,2024-09-17T20:08:00Z,Officer adjudication recorded in case log,SUCCESS,True
SYN-AUDIT-002229,SYN-USER-OFFICER-001,revenue_officer,MUTATION_AUDIT,mutation,SYN-RES-002229,2024-10-18T21:09:00Z,Review of mutation notice period under Sec 129 KLRA,SUCCESS,True
SYN-AUDIT-002230,SYN-USER-ADMIN-001,administrator,DOCUMENT_INGEST,document,SYN-RES-002230,2024-11-19T22:10:00Z,Citizen evidence upload and SHA-256 vault ingest,SUCCESS,True
SYN-AUDIT-002231,SYSTEM-VALIDATION-ENGINE,system_engine,VALIDATION_RUN,validation_case,SYN-CASE-002231,2024-12-20T23:11:00Z,Automated multi-field statutory comparison pipeline,SUCCESS,True
SYN-AUDIT-002232,SYN-USER-CITIZEN-001,citizen,CASE_REVIEW,validation_case,SYN-CASE-002232,2024-01-21T00:12:00Z,Revenue officer inspected cadastral discrepancy,REVIEW_REQUIRED,True
SYN-AUDIT-002233,SYN-USER-OFFICER-001,revenue_officer,DECISION_RECORDED,validation_case,SYN-CASE-002233,2024-02-22T01:13:00Z,Officer adjudication recorded in case log,SUCCESS,True
SYN-AUDIT-002234,SYN-USER-ADMIN-001,administrator,MUTATION_AUDIT,mutation,SYN-RES-002234,2024-03-23T02:14:00Z,Review of mutation notice period under Sec 129 KLRA,SUCCESS,True
SYN-AUDIT-002235,SYSTEM-VALIDATION-ENGINE,system_engine,DOCUMENT_INGEST,document,SYN-RES-002235,2024-04-24T03:15:00Z,Citizen evidence upload and SHA-256 vault ingest,SUCCESS,True
SYN-AUDIT-002236,SYN-USER-CITIZEN-001,citizen,VALIDATION_RUN,validation_case,SYN-CASE-002236,2024-05-25T04:16:00Z,Automated multi-field statutory comparison pipeline,SUCCESS,True
SYN-AUDIT-002237,SYN-USER-OFFICER-001,revenue_officer,CASE_REVIEW,validation_case,SYN-CASE-002237,2024-06-26T05:17:00Z,Revenue officer inspected cadastral discrepancy,REVIEW_REQUIRED,True
SYN-AUDIT-002238,SYN-USER-ADMIN-001,administrator,DECISION_RECORDED,validation_case,SYN-CASE-002238,2024-07-27T06:18:00Z,Officer adjudication recorded in case log,SUCCESS,True
SYN-AUDIT-002239,SYSTEM-VALIDATION-ENGINE,system_engine,MUTATION_AUDIT,mutation,SYN-RES-002239,2024-08-28T07:19:00Z,Review of mutation notice period under Sec 129 KLRA,SUCCESS,True
SYN-AUDIT-002240,SYN-USER-CITIZEN-001,citizen,DOCUMENT_INGEST,document,SYN-RES-002240,2024-09-01T08:20:00Z,Citizen evidence upload and SHA-256 vault ingest,SUCCESS,True
SYN-AUDIT-002241,SYN-USER-OFFICER-001,revenue_officer,VALIDATION_RUN,validation_case,SYN-CASE-002241,2024-10-02T09:21:00Z,Automated multi-field statutory comparison pipeline,SUCCESS,True
SYN-AUDIT-002242,SYN-USER-ADMIN-001,administrator,CASE_REVIEW,validation_case,SYN-CASE-002242,2024-11-03T10:22:00Z,Revenue officer inspected cadastral discrepancy,REVIEW_REQUIRED,True
SYN-AUDIT-002243,SYSTEM-VALIDATION-ENGINE,system_engine,DECISION_RECORDED,validation_case,SYN-CASE-002243,2024-12-04T11:23:00Z,Officer adjudication recorded in case log,SUCCESS,True
SYN-AUDIT-002244,SYN-USER-CITIZEN-001,citizen,MUTATION_AUDIT,mutation,SYN-RES-002244,2024-01-05T12:24:00Z,Review of mutation notice period under Sec 129 KLRA,SUCCESS,True
SYN-AUDIT-002245,SYN-USER-OFFICER-001,revenue_officer,DOCUMENT_INGEST,document,SYN-RES-002245,2024-02-06T13:25:00Z,Citizen evidence upload and SHA-256 vault ingest,SUCCESS,True
SYN-AUDIT-002246,SYN-USER-ADMIN-001,administrator,VALIDATION_RUN,validation_case,SYN-CASE-002246,2024-03-07T14:26:00Z,Automated multi-field statutory comparison pipeline,SUCCESS,True
SYN-AUDIT-002247,SYSTEM-VALIDATION-ENGINE,system_engine,CASE_REVIEW,validation_case,SYN-CASE-002247,2024-04-08T15:27:00Z,Revenue officer inspected cadastral discrepancy,REVIEW_REQUIRED,True
SYN-AUDIT-002248,SYN-USER-CITIZEN-001,citizen,DECISION_RECORDED,validation_case,SYN-CASE-002248,2024-05-09T16:28:00Z,Officer adjudication recorded in case log,SUCCESS,True
SYN-AUDIT-002249,SYN-USER-OFFICER-001,revenue_officer,MUTATION_AUDIT,mutation,SYN-RES-002249,2024-06-10T17:29:00Z,Review of mutation notice period under Sec 129 KLRA,SUCCESS,True
SYN-AUDIT-002250,SYN-USER-ADMIN-001,administrator,DOCUMENT_INGEST,document,SYN-RES-002250,2024-07-11T18:30:00Z,Citizen evidence upload and SHA-256 vault ingest,SUCCESS,True
SYN-AUDIT-002251,SYSTEM-VALIDATION-ENGINE,system_engine,VALIDATION_RUN,validation_case,SYN-CASE-002251,2024-08-12T19:31:00Z,Automated multi-field statutory comparison pipeline,SUCCESS,True
SYN-AUDIT-002252,SYN-USER-CITIZEN-001,citizen,CASE_REVIEW,validation_case,SYN-CASE-002252,2024-09-13T20:32:00Z,Revenue officer inspected cadastral discrepancy,REVIEW_REQUIRED,True
SYN-AUDIT-002253,SYN-USER-OFFICER-001,revenue_officer,DECISION_RECORDED,validation_case,SYN-CASE-002253,2024-10-14T21:33:00Z,Officer adjudication recorded in case log,SUCCESS,True
SYN-AUDIT-002254,SYN-USER-ADMIN-001,administrator,MUTATION_AUDIT,mutation,SYN-RES-002254,2024-11-15T22:34:00Z,Review of mutation notice period under Sec 129 KLRA,SUCCESS,True
SYN-AUDIT-002255,SYSTEM-VALIDATION-ENGINE,system_engine,DOCUMENT_INGEST,document,SYN-RES-002255,2024-12-16T23:35:00Z,Citizen evidence upload and SHA-256 vault ingest,SUCCESS,True
SYN-AUDIT-002256,SYN-USER-CITIZEN-001,citizen,VALIDATION_RUN,validation_case,SYN-CASE-002256,2024-01-17T00:36:00Z,Automated multi-field statutory comparison pipeline,SUCCESS,True
SYN-AUDIT-002257,SYN-USER-OFFICER-001,revenue_officer,CASE_REVIEW,validation_case,SYN-CASE-002257,2024-02-18T01:37:00Z,Revenue officer inspected cadastral discrepancy,REVIEW_REQUIRED,True
SYN-AUDIT-002258,SYN-USER-ADMIN-001,administrator,DECISION_RECORDED,validation_case,SYN-CASE-002258,2024-03-19T02:38:00Z,Officer adjudication recorded in case log,SUCCESS,True
SYN-AUDIT-002259,SYSTEM-VALIDATION-ENGINE,system_engine,MUTATION_AUDIT,mutation,SYN-RES-002259,2024-04-20T03:39:00Z,Review of mutation notice period under Sec 129 KLRA,SUCCESS,True
SYN-AUDIT-002260,SYN-USER-CITIZEN-001,citizen,DOCUMENT_INGEST,document,SYN-RES-002260,2024-05-21T04:40:00Z,Citizen evidence upload and SHA-256 vault ingest,SUCCESS,True
SYN-AUDIT-002261,SYN-USER-OFFICER-001,revenue_officer,VALIDATION_RUN,validation_case,SYN-CASE-002261,2024-06-22T05:41:00Z,Automated multi-field statutory comparison pipeline,SUCCESS,True
SYN-AUDIT-002262,SYN-USER-ADMIN-001,administrator,CASE_REVIEW,validation_case,SYN-CASE-002262,2024-07-23T06:42:00Z,Revenue officer inspected cadastral discrepancy,REVIEW_REQUIRED,True
SYN-AUDIT-002263,SYSTEM-VALIDATION-ENGINE,system_engine,DECISION_RECORDED,validation_case,SYN-CASE-002263,2024-08-24T07:43:00Z,Officer adjudication recorded in case log,SUCCESS,True
SYN-AUDIT-002264,SYN-USER-CITIZEN-001,citizen,MUTATION_AUDIT,mutation,SYN-RES-002264,2024-09-25T08:44:00Z,Review of mutation notice period under Sec 129 KLRA,SUCCESS,True
SYN-AUDIT-002265,SYN-USER-OFFICER-001,revenue_officer,DOCUMENT_INGEST,document,SYN-RES-002265,2024-10-26T09:45:00Z,Citizen evidence upload and SHA-256 vault ingest,SUCCESS,True
SYN-AUDIT-002266,SYN-USER-ADMIN-001,administrator,VALIDATION_RUN,validation_case,SYN-CASE-002266,2024-11-27T10:46:00Z,Automated multi-field statutory comparison pipeline,SUCCESS,True
SYN-AUDIT-002267,SYSTEM-VALIDATION-ENGINE,system_engine,CASE_REVIEW,validation_case,SYN-CASE-002267,2024-12-28T11:47:00Z,Revenue officer inspected cadastral discrepancy,REVIEW_REQUIRED,True
SYN-AUDIT-002268,SYN-USER-CITIZEN-001,citizen,DECISION_RECORDED,validation_case,SYN-CASE-002268,2024-01-01T12:48:00Z,Officer adjudication recorded in case log,SUCCESS,True
SYN-AUDIT-002269,SYN-USER-OFFICER-001,revenue_officer,MUTATION_AUDIT,mutation,SYN-RES-002269,2024-02-02T13:49:00Z,Review of mutation notice period under Sec 129 KLRA,SUCCESS,True
SYN-AUDIT-002270,SYN-USER-ADMIN-001,administrator,DOCUMENT_INGEST,document,SYN-RES-002270,2024-03-03T14:50:00Z,Citizen evidence upload and SHA-256 vault ingest,SUCCESS,True
SYN-AUDIT-002271,SYSTEM-VALIDATION-ENGINE,system_engine,VALIDATION_RUN,validation_case,SYN-CASE-002271,2024-04-04T15:51:00Z,Automated multi-field statutory comparison pipeline,SUCCESS,True
SYN-AUDIT-002272,SYN-USER-CITIZEN-001,citizen,CASE_REVIEW,validation_case,SYN-CASE-002272,2024-05-05T16:52:00Z,Revenue officer inspected cadastral discrepancy,REVIEW_REQUIRED,True
SYN-AUDIT-002273,SYN-USER-OFFICER-001,revenue_officer,DECISION_RECORDED,validation_case,SYN-CASE-002273,2024-06-06T17:53:00Z,Officer adjudication recorded in case log,SUCCESS,True
SYN-AUDIT-002274,SYN-USER-ADMIN-001,administrator,MUTATION_AUDIT,mutation,SYN-RES-002274,2024-07-07T18:54:00Z,Review of mutation notice period under Sec 129 KLRA,SUCCESS,True
SYN-AUDIT-002275,SYSTEM-VALIDATION-ENGINE,system_engine,DOCUMENT_INGEST,document,SYN-RES-002275,2024-08-08T19:55:00Z,Citizen evidence upload and SHA-256 vault ingest,SUCCESS,True
SYN-AUDIT-002276,SYN-USER-CITIZEN-001,citizen,VALIDATION_RUN,validation_case,SYN-CASE-002276,2024-09-09T20:56:00Z,Automated multi-field statutory comparison pipeline,SUCCESS,True
SYN-AUDIT-002277,SYN-USER-OFFICER-001,revenue_officer,CASE_REVIEW,validation_case,SYN-CASE-002277,2024-10-10T21:57:00Z,Revenue officer inspected cadastral discrepancy,REVIEW_REQUIRED,True
SYN-AUDIT-002278,SYN-USER-ADMIN-001,administrator,DECISION_RECORDED,validation_case,SYN-CASE-002278,2024-11-11T22:58:00Z,Officer adjudication recorded in case log,SUCCESS,True
SYN-AUDIT-002279,SYSTEM-VALIDATION-ENGINE,system_engine,MUTATION_AUDIT,mutation,SYN-RES-002279,2024-12-12T23:59:00Z,Review of mutation notice period under Sec 129 KLRA,SUCCESS,True
SYN-AUDIT-002280,SYN-USER-CITIZEN-001,citizen,DOCUMENT_INGEST,document,SYN-RES-002280,2024-01-13T00:00:00Z,Citizen evidence upload and SHA-256 vault ingest,SUCCESS,True
SYN-AUDIT-002281,SYN-USER-OFFICER-001,revenue_officer,VALIDATION_RUN,validation_case,SYN-CASE-002281,2024-02-14T01:01:00Z,Automated multi-field statutory comparison pipeline,SUCCESS,True
SYN-AUDIT-002282,SYN-USER-ADMIN-001,administrator,CASE_REVIEW,validation_case,SYN-CASE-002282,2024-03-15T02:02:00Z,Revenue officer inspected cadastral discrepancy,REVIEW_REQUIRED,True
SYN-AUDIT-002283,SYSTEM-VALIDATION-ENGINE,system_engine,DECISION_RECORDED,validation_case,SYN-CASE-002283,2024-04-16T03:03:00Z,Officer adjudication recorded in case log,SUCCESS,True
SYN-AUDIT-002284,SYN-USER-CITIZEN-001,citizen,MUTATION_AUDIT,mutation,SYN-RES-002284,2024-05-17T04:04:00Z,Review of mutation notice period under Sec 129 KLRA,SUCCESS,True
SYN-AUDIT-002285,SYN-USER-OFFICER-001,revenue_officer,DOCUMENT_INGEST,document,SYN-RES-002285,2024-06-18T05:05:00Z,Citizen evidence upload and SHA-256 vault ingest,SUCCESS,True
SYN-AUDIT-002286,SYN-USER-ADMIN-001,administrator,VALIDATION_RUN,validation_case,SYN-CASE-002286,2024-07-19T06:06:00Z,Automated multi-field statutory comparison pipeline,SUCCESS,True
SYN-AUDIT-002287,SYSTEM-VALIDATION-ENGINE,system_engine,CASE_REVIEW,validation_case,SYN-CASE-002287,2024-08-20T07:07:00Z,Revenue officer inspected cadastral discrepancy,REVIEW_REQUIRED,True
SYN-AUDIT-002288,SYN-USER-CITIZEN-001,citizen,DECISION_RECORDED,validation_case,SYN-CASE-002288,2024-09-21T08:08:00Z,Officer adjudication recorded in case log,SUCCESS,True
SYN-AUDIT-002289,SYN-USER-OFFICER-001,revenue_officer,MUTATION_AUDIT,mutation,SYN-RES-002289,2024-10-22T09:09:00Z,Review of mutation notice period under Sec 129 KLRA,SUCCESS,True
SYN-AUDIT-002290,SYN-USER-ADMIN-001,administrator,DOCUMENT_INGEST,document,SYN-RES-002290,2024-11-23T10:10:00Z,Citizen evidence upload and SHA-256 vault ingest,SUCCESS,True
SYN-AUDIT-002291,SYSTEM-VALIDATION-ENGINE,system_engine,VALIDATION_RUN,validation_case,SYN-CASE-002291,2024-12-24T11:11:00Z,Automated multi-field statutory comparison pipeline,SUCCESS,True
SYN-AUDIT-002292,SYN-USER-CITIZEN-001,citizen,CASE_REVIEW,validation_case,SYN-CASE-002292,2024-01-25T12:12:00Z,Revenue officer inspected cadastral discrepancy,REVIEW_REQUIRED,True
SYN-AUDIT-002293,SYN-USER-OFFICER-001,revenue_officer,DECISION_RECORDED,validation_case,SYN-CASE-002293,2024-02-26T13:13:00Z,Officer adjudication recorded in case log,SUCCESS,True
SYN-AUDIT-002294,SYN-USER-ADMIN-001,administrator,MUTATION_AUDIT,mutation,SYN-RES-002294,2024-03-27T14:14:00Z,Review of mutation notice period under Sec 129 KLRA,SUCCESS,True
SYN-AUDIT-002295,SYSTEM-VALIDATION-ENGINE,system_engine,DOCUMENT_INGEST,document,SYN-RES-002295,2024-04-28T15:15:00Z,Citizen evidence upload and SHA-256 vault ingest,SUCCESS,True
SYN-AUDIT-002296,SYN-USER-CITIZEN-001,citizen,VALIDATION_RUN,validation_case,SYN-CASE-002296,2024-05-01T16:16:00Z,Automated multi-field statutory comparison pipeline,SUCCESS,True
SYN-AUDIT-002297,SYN-USER-OFFICER-001,revenue_officer,CASE_REVIEW,validation_case,SYN-CASE-002297,2024-06-02T17:17:00Z,Revenue officer inspected cadastral discrepancy,REVIEW_REQUIRED,True
SYN-AUDIT-002298,SYN-USER-ADMIN-001,administrator,DECISION_RECORDED,validation_case,SYN-CASE-002298,2024-07-03T18:18:00Z,Officer adjudication recorded in case log,SUCCESS,True
SYN-AUDIT-002299,SYSTEM-VALIDATION-ENGINE,system_engine,MUTATION_AUDIT,mutation,SYN-RES-002299,2024-08-04T19:19:00Z,Review of mutation notice period under Sec 129 KLRA,SUCCESS,True
SYN-AUDIT-002300,SYN-USER-CITIZEN-001,citizen,DOCUMENT_INGEST,document,SYN-RES-002300,2024-09-05T20:20:00Z,Citizen evidence upload and SHA-256 vault ingest,SUCCESS,True
SYN-AUDIT-002301,SYN-USER-OFFICER-001,revenue_officer,VALIDATION_RUN,validation_case,SYN-CASE-002301,2024-10-06T21:21:00Z,Automated multi-field statutory comparison pipeline,SUCCESS,True
SYN-AUDIT-002302,SYN-USER-ADMIN-001,administrator,CASE_REVIEW,validation_case,SYN-CASE-002302,2024-11-07T22:22:00Z,Revenue officer inspected cadastral discrepancy,REVIEW_REQUIRED,True
SYN-AUDIT-002303,SYSTEM-VALIDATION-ENGINE,system_engine,DECISION_RECORDED,validation_case,SYN-CASE-002303,2024-12-08T23:23:00Z,Officer adjudication recorded in case log,SUCCESS,True
SYN-AUDIT-002304,SYN-USER-CITIZEN-001,citizen,MUTATION_AUDIT,mutation,SYN-RES-002304,2024-01-09T00:24:00Z,Review of mutation notice period under Sec 129 KLRA,SUCCESS,True
SYN-AUDIT-002305,SYN-USER-OFFICER-001,revenue_officer,DOCUMENT_INGEST,document,SYN-RES-002305,2024-02-10T01:25:00Z,Citizen evidence upload and SHA-256 vault ingest,SUCCESS,True
SYN-AUDIT-002306,SYN-USER-ADMIN-001,administrator,VALIDATION_RUN,validation_case,SYN-CASE-002306,2024-03-11T02:26:00Z,Automated multi-field statutory comparison pipeline,SUCCESS,True
SYN-AUDIT-002307,SYSTEM-VALIDATION-ENGINE,system_engine,CASE_REVIEW,validation_case,SYN-CASE-002307,2024-04-12T03:27:00Z,Revenue officer inspected cadastral discrepancy,REVIEW_REQUIRED,True
SYN-AUDIT-002308,SYN-USER-CITIZEN-001,citizen,DECISION_RECORDED,validation_case,SYN-CASE-002308,2024-05-13T04:28:00Z,Officer adjudication recorded in case log,SUCCESS,True
SYN-AUDIT-002309,SYN-USER-OFFICER-001,revenue_officer,MUTATION_AUDIT,mutation,SYN-RES-002309,2024-06-14T05:29:00Z,Review of mutation notice period under Sec 129 KLRA,SUCCESS,True
SYN-AUDIT-002310,SYN-USER-ADMIN-001,administrator,DOCUMENT_INGEST,document,SYN-RES-002310,2024-07-15T06:30:00Z,Citizen evidence upload and SHA-256 vault ingest,SUCCESS,True
SYN-AUDIT-002311,SYSTEM-VALIDATION-ENGINE,system_engine,VALIDATION_RUN,validation_case,SYN-CASE-002311,2024-08-16T07:31:00Z,Automated multi-field statutory comparison pipeline,SUCCESS,True
SYN-AUDIT-002312,SYN-USER-CITIZEN-001,citizen,CASE_REVIEW,validation_case,SYN-CASE-002312,2024-09-17T08:32:00Z,Revenue officer inspected cadastral discrepancy,REVIEW_REQUIRED,True
SYN-AUDIT-002313,SYN-USER-OFFICER-001,revenue_officer,DECISION_RECORDED,validation_case,SYN-CASE-002313,2024-10-18T09:33:00Z,Officer adjudication recorded in case log,SUCCESS,True
SYN-AUDIT-002314,SYN-USER-ADMIN-001,administrator,MUTATION_AUDIT,mutation,SYN-RES-002314,2024-11-19T10:34:00Z,Review of mutation notice period under Sec 129 KLRA,SUCCESS,True
SYN-AUDIT-002315,SYSTEM-VALIDATION-ENGINE,system_engine,DOCUMENT_INGEST,document,SYN-RES-002315,2024-12-20T11:35:00Z,Citizen evidence upload and SHA-256 vault ingest,SUCCESS,True
SYN-AUDIT-002316,SYN-USER-CITIZEN-001,citizen,VALIDATION_RUN,validation_case,SYN-CASE-002316,2024-01-21T12:36:00Z,Automated multi-field statutory comparison pipeline,SUCCESS,True
SYN-AUDIT-002317,SYN-USER-OFFICER-001,revenue_officer,CASE_REVIEW,validation_case,SYN-CASE-002317,2024-02-22T13:37:00Z,Revenue officer inspected cadastral discrepancy,REVIEW_REQUIRED,True
SYN-AUDIT-002318,SYN-USER-ADMIN-001,administrator,DECISION_RECORDED,validation_case,SYN-CASE-002318,2024-03-23T14:38:00Z,Officer adjudication recorded in case log,SUCCESS,True
SYN-AUDIT-002319,SYSTEM-VALIDATION-ENGINE,system_engine,MUTATION_AUDIT,mutation,SYN-RES-002319,2024-04-24T15:39:00Z,Review of mutation notice period under Sec 129 KLRA,SUCCESS,True
SYN-AUDIT-002320,SYN-USER-CITIZEN-001,citizen,DOCUMENT_INGEST,document,SYN-RES-002320,2024-05-25T16:40:00Z,Citizen evidence upload and SHA-256 vault ingest,SUCCESS,True
SYN-AUDIT-002321,SYN-USER-OFFICER-001,revenue_officer,VALIDATION_RUN,validation_case,SYN-CASE-002321,2024-06-26T17:41:00Z,Automated multi-field statutory comparison pipeline,SUCCESS,True
SYN-AUDIT-002322,SYN-USER-ADMIN-001,administrator,CASE_REVIEW,validation_case,SYN-CASE-002322,2024-07-27T18:42:00Z,Revenue officer inspected cadastral discrepancy,REVIEW_REQUIRED,True
SYN-AUDIT-002323,SYSTEM-VALIDATION-ENGINE,system_engine,DECISION_RECORDED,validation_case,SYN-CASE-002323,2024-08-28T19:43:00Z,Officer adjudication recorded in case log,SUCCESS,True
SYN-AUDIT-002324,SYN-USER-CITIZEN-001,citizen,MUTATION_AUDIT,mutation,SYN-RES-002324,2024-09-01T20:44:00Z,Review of mutation notice period under Sec 129 KLRA,SUCCESS,True
SYN-AUDIT-002325,SYN-USER-OFFICER-001,revenue_officer,DOCUMENT_INGEST,document,SYN-RES-002325,2024-10-02T21:45:00Z,Citizen evidence upload and SHA-256 vault ingest,SUCCESS,True
SYN-AUDIT-002326,SYN-USER-ADMIN-001,administrator,VALIDATION_RUN,validation_case,SYN-CASE-002326,2024-11-03T22:46:00Z,Automated multi-field statutory comparison pipeline,SUCCESS,True
SYN-AUDIT-002327,SYSTEM-VALIDATION-ENGINE,system_engine,CASE_REVIEW,validation_case,SYN-CASE-002327,2024-12-04T23:47:00Z,Revenue officer inspected cadastral discrepancy,REVIEW_REQUIRED,True
SYN-AUDIT-002328,SYN-USER-CITIZEN-001,citizen,DECISION_RECORDED,validation_case,SYN-CASE-002328,2024-01-05T00:48:00Z,Officer adjudication recorded in case log,SUCCESS,True
SYN-AUDIT-002329,SYN-USER-OFFICER-001,revenue_officer,MUTATION_AUDIT,mutation,SYN-RES-002329,2024-02-06T01:49:00Z,Review of mutation notice period under Sec 129 KLRA,SUCCESS,True
SYN-AUDIT-002330,SYN-USER-ADMIN-001,administrator,DOCUMENT_INGEST,document,SYN-RES-002330,2024-03-07T02:50:00Z,Citizen evidence upload and SHA-256 vault ingest,SUCCESS,True
SYN-AUDIT-002331,SYSTEM-VALIDATION-ENGINE,system_engine,VALIDATION_RUN,validation_case,SYN-CASE-002331,2024-04-08T03:51:00Z,Automated multi-field statutory comparison pipeline,SUCCESS,True
SYN-AUDIT-002332,SYN-USER-CITIZEN-001,citizen,CASE_REVIEW,validation_case,SYN-CASE-002332,2024-05-09T04:52:00Z,Revenue officer inspected cadastral discrepancy,REVIEW_REQUIRED,True
SYN-AUDIT-002333,SYN-USER-OFFICER-001,revenue_officer,DECISION_RECORDED,validation_case,SYN-CASE-002333,2024-06-10T05:53:00Z,Officer adjudication recorded in case log,SUCCESS,True
SYN-AUDIT-002334,SYN-USER-ADMIN-001,administrator,MUTATION_AUDIT,mutation,SYN-RES-002334,2024-07-11T06:54:00Z,Review of mutation notice period under Sec 129 KLRA,SUCCESS,True
SYN-AUDIT-002335,SYSTEM-VALIDATION-ENGINE,system_engine,DOCUMENT_INGEST,document,SYN-RES-002335,2024-08-12T07:55:00Z,Citizen evidence upload and SHA-256 vault ingest,SUCCESS,True
SYN-AUDIT-002336,SYN-USER-CITIZEN-001,citizen,VALIDATION_RUN,validation_case,SYN-CASE-002336,2024-09-13T08:56:00Z,Automated multi-field statutory comparison pipeline,SUCCESS,True
SYN-AUDIT-002337,SYN-USER-OFFICER-001,revenue_officer,CASE_REVIEW,validation_case,SYN-CASE-002337,2024-10-14T09:57:00Z,Revenue officer inspected cadastral discrepancy,REVIEW_REQUIRED,True
SYN-AUDIT-002338,SYN-USER-ADMIN-001,administrator,DECISION_RECORDED,validation_case,SYN-CASE-002338,2024-11-15T10:58:00Z,Officer adjudication recorded in case log,SUCCESS,True
SYN-AUDIT-002339,SYSTEM-VALIDATION-ENGINE,system_engine,MUTATION_AUDIT,mutation,SYN-RES-002339,2024-12-16T11:59:00Z,Review of mutation notice period under Sec 129 KLRA,SUCCESS,True
SYN-AUDIT-002340,SYN-USER-CITIZEN-001,citizen,DOCUMENT_INGEST,document,SYN-RES-002340,2024-01-17T12:00:00Z,Citizen evidence upload and SHA-256 vault ingest,SUCCESS,True
SYN-AUDIT-002341,SYN-USER-OFFICER-001,revenue_officer,VALIDATION_RUN,validation_case,SYN-CASE-002341,2024-02-18T13:01:00Z,Automated multi-field statutory comparison pipeline,SUCCESS,True
SYN-AUDIT-002342,SYN-USER-ADMIN-001,administrator,CASE_REVIEW,validation_case,SYN-CASE-002342,2024-03-19T14:02:00Z,Revenue officer inspected cadastral discrepancy,REVIEW_REQUIRED,True
SYN-AUDIT-002343,SYSTEM-VALIDATION-ENGINE,system_engine,DECISION_RECORDED,validation_case,SYN-CASE-002343,2024-04-20T15:03:00Z,Officer adjudication recorded in case log,SUCCESS,True
SYN-AUDIT-002344,SYN-USER-CITIZEN-001,citizen,MUTATION_AUDIT,mutation,SYN-RES-002344,2024-05-21T16:04:00Z,Review of mutation notice period under Sec 129 KLRA,SUCCESS,True
SYN-AUDIT-002345,SYN-USER-OFFICER-001,revenue_officer,DOCUMENT_INGEST,document,SYN-RES-002345,2024-06-22T17:05:00Z,Citizen evidence upload and SHA-256 vault ingest,SUCCESS,True
SYN-AUDIT-002346,SYN-USER-ADMIN-001,administrator,VALIDATION_RUN,validation_case,SYN-CASE-002346,2024-07-23T18:06:00Z,Automated multi-field statutory comparison pipeline,SUCCESS,True
SYN-AUDIT-002347,SYSTEM-VALIDATION-ENGINE,system_engine,CASE_REVIEW,validation_case,SYN-CASE-002347,2024-08-24T19:07:00Z,Revenue officer inspected cadastral discrepancy,REVIEW_REQUIRED,True
SYN-AUDIT-002348,SYN-USER-CITIZEN-001,citizen,DECISION_RECORDED,validation_case,SYN-CASE-002348,2024-09-25T20:08:00Z,Officer adjudication recorded in case log,SUCCESS,True
SYN-AUDIT-002349,SYN-USER-OFFICER-001,revenue_officer,MUTATION_AUDIT,mutation,SYN-RES-002349,2024-10-26T21:09:00Z,Review of mutation notice period under Sec 129 KLRA,SUCCESS,True
SYN-AUDIT-002350,SYN-USER-ADMIN-001,administrator,DOCUMENT_INGEST,document,SYN-RES-002350,2024-11-27T22:10:00Z,Citizen evidence upload and SHA-256 vault ingest,SUCCESS,True
SYN-AUDIT-002351,SYSTEM-VALIDATION-ENGINE,system_engine,VALIDATION_RUN,validation_case,SYN-CASE-002351,2024-12-28T23:11:00Z,Automated multi-field statutory comparison pipeline,SUCCESS,True
SYN-AUDIT-002352,SYN-USER-CITIZEN-001,citizen,CASE_REVIEW,validation_case,SYN-CASE-002352,2024-01-01T00:12:00Z,Revenue officer inspected cadastral discrepancy,REVIEW_REQUIRED,True
SYN-AUDIT-002353,SYN-USER-OFFICER-001,revenue_officer,DECISION_RECORDED,validation_case,SYN-CASE-002353,2024-02-02T01:13:00Z,Officer adjudication recorded in case log,SUCCESS,True
SYN-AUDIT-002354,SYN-USER-ADMIN-001,administrator,MUTATION_AUDIT,mutation,SYN-RES-002354,2024-03-03T02:14:00Z,Review of mutation notice period under Sec 129 KLRA,SUCCESS,True
SYN-AUDIT-002355,SYSTEM-VALIDATION-ENGINE,system_engine,DOCUMENT_INGEST,document,SYN-RES-002355,2024-04-04T03:15:00Z,Citizen evidence upload and SHA-256 vault ingest,SUCCESS,True
SYN-AUDIT-002356,SYN-USER-CITIZEN-001,citizen,VALIDATION_RUN,validation_case,SYN-CASE-002356,2024-05-05T04:16:00Z,Automated multi-field statutory comparison pipeline,SUCCESS,True
SYN-AUDIT-002357,SYN-USER-OFFICER-001,revenue_officer,CASE_REVIEW,validation_case,SYN-CASE-002357,2024-06-06T05:17:00Z,Revenue officer inspected cadastral discrepancy,REVIEW_REQUIRED,True
SYN-AUDIT-002358,SYN-USER-ADMIN-001,administrator,DECISION_RECORDED,validation_case,SYN-CASE-002358,2024-07-07T06:18:00Z,Officer adjudication recorded in case log,SUCCESS,True
SYN-AUDIT-002359,SYSTEM-VALIDATION-ENGINE,system_engine,MUTATION_AUDIT,mutation,SYN-RES-002359,2024-08-08T07:19:00Z,Review of mutation notice period under Sec 129 KLRA,SUCCESS,True
SYN-AUDIT-002360,SYN-USER-CITIZEN-001,citizen,DOCUMENT_INGEST,document,SYN-RES-002360,2024-09-09T08:20:00Z,Citizen evidence upload and SHA-256 vault ingest,SUCCESS,True
SYN-AUDIT-002361,SYN-USER-OFFICER-001,revenue_officer,VALIDATION_RUN,validation_case,SYN-CASE-002361,2024-10-10T09:21:00Z,Automated multi-field statutory comparison pipeline,SUCCESS,True
SYN-AUDIT-002362,SYN-USER-ADMIN-001,administrator,CASE_REVIEW,validation_case,SYN-CASE-002362,2024-11-11T10:22:00Z,Revenue officer inspected cadastral discrepancy,REVIEW_REQUIRED,True
SYN-AUDIT-002363,SYSTEM-VALIDATION-ENGINE,system_engine,DECISION_RECORDED,validation_case,SYN-CASE-002363,2024-12-12T11:23:00Z,Officer adjudication recorded in case log,SUCCESS,True
SYN-AUDIT-002364,SYN-USER-CITIZEN-001,citizen,MUTATION_AUDIT,mutation,SYN-RES-002364,2024-01-13T12:24:00Z,Review of mutation notice period under Sec 129 KLRA,SUCCESS,True
SYN-AUDIT-002365,SYN-USER-OFFICER-001,revenue_officer,DOCUMENT_INGEST,document,SYN-RES-002365,2024-02-14T13:25:00Z,Citizen evidence upload and SHA-256 vault ingest,SUCCESS,True
SYN-AUDIT-002366,SYN-USER-ADMIN-001,administrator,VALIDATION_RUN,validation_case,SYN-CASE-002366,2024-03-15T14:26:00Z,Automated multi-field statutory comparison pipeline,SUCCESS,True
SYN-AUDIT-002367,SYSTEM-VALIDATION-ENGINE,system_engine,CASE_REVIEW,validation_case,SYN-CASE-002367,2024-04-16T15:27:00Z,Revenue officer inspected cadastral discrepancy,REVIEW_REQUIRED,True
SYN-AUDIT-002368,SYN-USER-CITIZEN-001,citizen,DECISION_RECORDED,validation_case,SYN-CASE-002368,2024-05-17T16:28:00Z,Officer adjudication recorded in case log,SUCCESS,True
SYN-AUDIT-002369,SYN-USER-OFFICER-001,revenue_officer,MUTATION_AUDIT,mutation,SYN-RES-002369,2024-06-18T17:29:00Z,Review of mutation notice period under Sec 129 KLRA,SUCCESS,True
SYN-AUDIT-002370,SYN-USER-ADMIN-001,administrator,DOCUMENT_INGEST,document,SYN-RES-002370,2024-07-19T18:30:00Z,Citizen evidence upload and SHA-256 vault ingest,SUCCESS,True
SYN-AUDIT-002371,SYSTEM-VALIDATION-ENGINE,system_engine,VALIDATION_RUN,validation_case,SYN-CASE-002371,2024-08-20T19:31:00Z,Automated multi-field statutory comparison pipeline,SUCCESS,True
SYN-AUDIT-002372,SYN-USER-CITIZEN-001,citizen,CASE_REVIEW,validation_case,SYN-CASE-002372,2024-09-21T20:32:00Z,Revenue officer inspected cadastral discrepancy,REVIEW_REQUIRED,True
SYN-AUDIT-002373,SYN-USER-OFFICER-001,revenue_officer,DECISION_RECORDED,validation_case,SYN-CASE-002373,2024-10-22T21:33:00Z,Officer adjudication recorded in case log,SUCCESS,True
SYN-AUDIT-002374,SYN-USER-ADMIN-001,administrator,MUTATION_AUDIT,mutation,SYN-RES-002374,2024-11-23T22:34:00Z,Review of mutation notice period under Sec 129 KLRA,SUCCESS,True
SYN-AUDIT-002375,SYSTEM-VALIDATION-ENGINE,system_engine,DOCUMENT_INGEST,document,SYN-RES-002375,2024-12-24T23:35:00Z,Citizen evidence upload and SHA-256 vault ingest,SUCCESS,True
SYN-AUDIT-002376,SYN-USER-CITIZEN-001,citizen,VALIDATION_RUN,validation_case,SYN-CASE-002376,2024-01-25T00:36:00Z,Automated multi-field statutory comparison pipeline,SUCCESS,True
SYN-AUDIT-002377,SYN-USER-OFFICER-001,revenue_officer,CASE_REVIEW,validation_case,SYN-CASE-002377,2024-02-26T01:37:00Z,Revenue officer inspected cadastral discrepancy,REVIEW_REQUIRED,True
SYN-AUDIT-002378,SYN-USER-ADMIN-001,administrator,DECISION_RECORDED,validation_case,SYN-CASE-002378,2024-03-27T02:38:00Z,Officer adjudication recorded in case log,SUCCESS,True
SYN-AUDIT-002379,SYSTEM-VALIDATION-ENGINE,system_engine,MUTATION_AUDIT,mutation,SYN-RES-002379,2024-04-28T03:39:00Z,Review of mutation notice period under Sec 129 KLRA,SUCCESS,True
SYN-AUDIT-002380,SYN-USER-CITIZEN-001,citizen,DOCUMENT_INGEST,document,SYN-RES-002380,2024-05-01T04:40:00Z,Citizen evidence upload and SHA-256 vault ingest,SUCCESS,True
SYN-AUDIT-002381,SYN-USER-OFFICER-001,revenue_officer,VALIDATION_RUN,validation_case,SYN-CASE-002381,2024-06-02T05:41:00Z,Automated multi-field statutory comparison pipeline,SUCCESS,True
SYN-AUDIT-002382,SYN-USER-ADMIN-001,administrator,CASE_REVIEW,validation_case,SYN-CASE-002382,2024-07-03T06:42:00Z,Revenue officer inspected cadastral discrepancy,REVIEW_REQUIRED,True
SYN-AUDIT-002383,SYSTEM-VALIDATION-ENGINE,system_engine,DECISION_RECORDED,validation_case,SYN-CASE-002383,2024-08-04T07:43:00Z,Officer adjudication recorded in case log,SUCCESS,True
SYN-AUDIT-002384,SYN-USER-CITIZEN-001,citizen,MUTATION_AUDIT,mutation,SYN-RES-002384,2024-09-05T08:44:00Z,Review of mutation notice period under Sec 129 KLRA,SUCCESS,True
SYN-AUDIT-002385,SYN-USER-OFFICER-001,revenue_officer,DOCUMENT_INGEST,document,SYN-RES-002385,2024-10-06T09:45:00Z,Citizen evidence upload and SHA-256 vault ingest,SUCCESS,True
SYN-AUDIT-002386,SYN-USER-ADMIN-001,administrator,VALIDATION_RUN,validation_case,SYN-CASE-002386,2024-11-07T10:46:00Z,Automated multi-field statutory comparison pipeline,SUCCESS,True
SYN-AUDIT-002387,SYSTEM-VALIDATION-ENGINE,system_engine,CASE_REVIEW,validation_case,SYN-CASE-002387,2024-12-08T11:47:00Z,Revenue officer inspected cadastral discrepancy,REVIEW_REQUIRED,True
SYN-AUDIT-002388,SYN-USER-CITIZEN-001,citizen,DECISION_RECORDED,validation_case,SYN-CASE-002388,2024-01-09T12:48:00Z,Officer adjudication recorded in case log,SUCCESS,True
SYN-AUDIT-002389,SYN-USER-OFFICER-001,revenue_officer,MUTATION_AUDIT,mutation,SYN-RES-002389,2024-02-10T13:49:00Z,Review of mutation notice period under Sec 129 KLRA,SUCCESS,True
SYN-AUDIT-002390,SYN-USER-ADMIN-001,administrator,DOCUMENT_INGEST,document,SYN-RES-002390,2024-03-11T14:50:00Z,Citizen evidence upload and SHA-256 vault ingest,SUCCESS,True
SYN-AUDIT-002391,SYSTEM-VALIDATION-ENGINE,system_engine,VALIDATION_RUN,validation_case,SYN-CASE-002391,2024-04-12T15:51:00Z,Automated multi-field statutory comparison pipeline,SUCCESS,True
SYN-AUDIT-002392,SYN-USER-CITIZEN-001,citizen,CASE_REVIEW,validation_case,SYN-CASE-002392,2024-05-13T16:52:00Z,Revenue officer inspected cadastral discrepancy,REVIEW_REQUIRED,True
SYN-AUDIT-002393,SYN-USER-OFFICER-001,revenue_officer,DECISION_RECORDED,validation_case,SYN-CASE-002393,2024-06-14T17:53:00Z,Officer adjudication recorded in case log,SUCCESS,True
SYN-AUDIT-002394,SYN-USER-ADMIN-001,administrator,MUTATION_AUDIT,mutation,SYN-RES-002394,2024-07-15T18:54:00Z,Review of mutation notice period under Sec 129 KLRA,SUCCESS,True
SYN-AUDIT-002395,SYSTEM-VALIDATION-ENGINE,system_engine,DOCUMENT_INGEST,document,SYN-RES-002395,2024-08-16T19:55:00Z,Citizen evidence upload and SHA-256 vault ingest,SUCCESS,True
SYN-AUDIT-002396,SYN-USER-CITIZEN-001,citizen,VALIDATION_RUN,validation_case,SYN-CASE-002396,2024-09-17T20:56:00Z,Automated multi-field statutory comparison pipeline,SUCCESS,True
SYN-AUDIT-002397,SYN-USER-OFFICER-001,revenue_officer,CASE_REVIEW,validation_case,SYN-CASE-002397,2024-10-18T21:57:00Z,Revenue officer inspected cadastral discrepancy,REVIEW_REQUIRED,True
SYN-AUDIT-002398,SYN-USER-ADMIN-001,administrator,DECISION_RECORDED,validation_case,SYN-CASE-002398,2024-11-19T22:58:00Z,Officer adjudication recorded in case log,SUCCESS,True
SYN-AUDIT-002399,SYSTEM-VALIDATION-ENGINE,system_engine,MUTATION_AUDIT,mutation,SYN-RES-002399,2024-12-20T23:59:00Z,Review of mutation notice period under Sec 129 KLRA,SUCCESS,True
SYN-AUDIT-002400,SYN-USER-CITIZEN-001,citizen,DOCUMENT_INGEST,document,SYN-RES-002400,2024-01-21T00:00:00Z,Citizen evidence upload and SHA-256 vault ingest,SUCCESS,True
SYN-AUDIT-002401,SYN-USER-OFFICER-001,revenue_officer,VALIDATION_RUN,validation_case,SYN-CASE-002401,2024-02-22T01:01:00Z,Automated multi-field statutory comparison pipeline,SUCCESS,True
SYN-AUDIT-002402,SYN-USER-ADMIN-001,administrator,CASE_REVIEW,validation_case,SYN-CASE-002402,2024-03-23T02:02:00Z,Revenue officer inspected cadastral discrepancy,REVIEW_REQUIRED,True
SYN-AUDIT-002403,SYSTEM-VALIDATION-ENGINE,system_engine,DECISION_RECORDED,validation_case,SYN-CASE-002403,2024-04-24T03:03:00Z,Officer adjudication recorded in case log,SUCCESS,True
SYN-AUDIT-002404,SYN-USER-CITIZEN-001,citizen,MUTATION_AUDIT,mutation,SYN-RES-002404,2024-05-25T04:04:00Z,Review of mutation notice period under Sec 129 KLRA,SUCCESS,True
SYN-AUDIT-002405,SYN-USER-OFFICER-001,revenue_officer,DOCUMENT_INGEST,document,SYN-RES-002405,2024-06-26T05:05:00Z,Citizen evidence upload and SHA-256 vault ingest,SUCCESS,True
SYN-AUDIT-002406,SYN-USER-ADMIN-001,administrator,VALIDATION_RUN,validation_case,SYN-CASE-002406,2024-07-27T06:06:00Z,Automated multi-field statutory comparison pipeline,SUCCESS,True
SYN-AUDIT-002407,SYSTEM-VALIDATION-ENGINE,system_engine,CASE_REVIEW,validation_case,SYN-CASE-002407,2024-08-28T07:07:00Z,Revenue officer inspected cadastral discrepancy,REVIEW_REQUIRED,True
SYN-AUDIT-002408,SYN-USER-CITIZEN-001,citizen,DECISION_RECORDED,validation_case,SYN-CASE-002408,2024-09-01T08:08:00Z,Officer adjudication recorded in case log,SUCCESS,True
SYN-AUDIT-002409,SYN-USER-OFFICER-001,revenue_officer,MUTATION_AUDIT,mutation,SYN-RES-002409,2024-10-02T09:09:00Z,Review of mutation notice period under Sec 129 KLRA,SUCCESS,True
SYN-AUDIT-002410,SYN-USER-ADMIN-001,administrator,DOCUMENT_INGEST,document,SYN-RES-002410,2024-11-03T10:10:00Z,Citizen evidence upload and SHA-256 vault ingest,SUCCESS,True
SYN-AUDIT-002411,SYSTEM-VALIDATION-ENGINE,system_engine,VALIDATION_RUN,validation_case,SYN-CASE-002411,2024-12-04T11:11:00Z,Automated multi-field statutory comparison pipeline,SUCCESS,True
SYN-AUDIT-002412,SYN-USER-CITIZEN-001,citizen,CASE_REVIEW,validation_case,SYN-CASE-002412,2024-01-05T12:12:00Z,Revenue officer inspected cadastral discrepancy,REVIEW_REQUIRED,True
SYN-AUDIT-002413,SYN-USER-OFFICER-001,revenue_officer,DECISION_RECORDED,validation_case,SYN-CASE-002413,2024-02-06T13:13:00Z,Officer adjudication recorded in case log,SUCCESS,True
SYN-AUDIT-002414,SYN-USER-ADMIN-001,administrator,MUTATION_AUDIT,mutation,SYN-RES-002414,2024-03-07T14:14:00Z,Review of mutation notice period under Sec 129 KLRA,SUCCESS,True
SYN-AUDIT-002415,SYSTEM-VALIDATION-ENGINE,system_engine,DOCUMENT_INGEST,document,SYN-RES-002415,2024-04-08T15:15:00Z,Citizen evidence upload and SHA-256 vault ingest,SUCCESS,True
SYN-AUDIT-002416,SYN-USER-CITIZEN-001,citizen,VALIDATION_RUN,validation_case,SYN-CASE-002416,2024-05-09T16:16:00Z,Automated multi-field statutory comparison pipeline,SUCCESS,True
SYN-AUDIT-002417,SYN-USER-OFFICER-001,revenue_officer,CASE_REVIEW,validation_case,SYN-CASE-002417,2024-06-10T17:17:00Z,Revenue officer inspected cadastral discrepancy,REVIEW_REQUIRED,True
SYN-AUDIT-002418,SYN-USER-ADMIN-001,administrator,DECISION_RECORDED,validation_case,SYN-CASE-002418,2024-07-11T18:18:00Z,Officer adjudication recorded in case log,SUCCESS,True
SYN-AUDIT-002419,SYSTEM-VALIDATION-ENGINE,system_engine,MUTATION_AUDIT,mutation,SYN-RES-002419,2024-08-12T19:19:00Z,Review of mutation notice period under Sec 129 KLRA,SUCCESS,True
SYN-AUDIT-002420,SYN-USER-CITIZEN-001,citizen,DOCUMENT_INGEST,document,SYN-RES-002420,2024-09-13T20:20:00Z,Citizen evidence upload and SHA-256 vault ingest,SUCCESS,True
SYN-AUDIT-002421,SYN-USER-OFFICER-001,revenue_officer,VALIDATION_RUN,validation_case,SYN-CASE-002421,2024-10-14T21:21:00Z,Automated multi-field statutory comparison pipeline,SUCCESS,True
SYN-AUDIT-002422,SYN-USER-ADMIN-001,administrator,CASE_REVIEW,validation_case,SYN-CASE-002422,2024-11-15T22:22:00Z,Revenue officer inspected cadastral discrepancy,REVIEW_REQUIRED,True
SYN-AUDIT-002423,SYSTEM-VALIDATION-ENGINE,system_engine,DECISION_RECORDED,validation_case,SYN-CASE-002423,2024-12-16T23:23:00Z,Officer adjudication recorded in case log,SUCCESS,True
SYN-AUDIT-002424,SYN-USER-CITIZEN-001,citizen,MUTATION_AUDIT,mutation,SYN-RES-002424,2024-01-17T00:24:00Z,Review of mutation notice period under Sec 129 KLRA,SUCCESS,True
SYN-AUDIT-002425,SYN-USER-OFFICER-001,revenue_officer,DOCUMENT_INGEST,document,SYN-RES-002425,2024-02-18T01:25:00Z,Citizen evidence upload and SHA-256 vault ingest,SUCCESS,True
SYN-AUDIT-002426,SYN-USER-ADMIN-001,administrator,VALIDATION_RUN,validation_case,SYN-CASE-002426,2024-03-19T02:26:00Z,Automated multi-field statutory comparison pipeline,SUCCESS,True
SYN-AUDIT-002427,SYSTEM-VALIDATION-ENGINE,system_engine,CASE_REVIEW,validation_case,SYN-CASE-002427,2024-04-20T03:27:00Z,Revenue officer inspected cadastral discrepancy,REVIEW_REQUIRED,True
SYN-AUDIT-002428,SYN-USER-CITIZEN-001,citizen,DECISION_RECORDED,validation_case,SYN-CASE-002428,2024-05-21T04:28:00Z,Officer adjudication recorded in case log,SUCCESS,True
SYN-AUDIT-002429,SYN-USER-OFFICER-001,revenue_officer,MUTATION_AUDIT,mutation,SYN-RES-002429,2024-06-22T05:29:00Z,Review of mutation notice period under Sec 129 KLRA,SUCCESS,True
SYN-AUDIT-002430,SYN-USER-ADMIN-001,administrator,DOCUMENT_INGEST,document,SYN-RES-002430,2024-07-23T06:30:00Z,Citizen evidence upload and SHA-256 vault ingest,SUCCESS,True
SYN-AUDIT-002431,SYSTEM-VALIDATION-ENGINE,system_engine,VALIDATION_RUN,validation_case,SYN-CASE-002431,2024-08-24T07:31:00Z,Automated multi-field statutory comparison pipeline,SUCCESS,True
SYN-AUDIT-002432,SYN-USER-CITIZEN-001,citizen,CASE_REVIEW,validation_case,SYN-CASE-002432,2024-09-25T08:32:00Z,Revenue officer inspected cadastral discrepancy,REVIEW_REQUIRED,True
SYN-AUDIT-002433,SYN-USER-OFFICER-001,revenue_officer,DECISION_RECORDED,validation_case,SYN-CASE-002433,2024-10-26T09:33:00Z,Officer adjudication recorded in case log,SUCCESS,True
SYN-AUDIT-002434,SYN-USER-ADMIN-001,administrator,MUTATION_AUDIT,mutation,SYN-RES-002434,2024-11-27T10:34:00Z,Review of mutation notice period under Sec 129 KLRA,SUCCESS,True
SYN-AUDIT-002435,SYSTEM-VALIDATION-ENGINE,system_engine,DOCUMENT_INGEST,document,SYN-RES-002435,2024-12-28T11:35:00Z,Citizen evidence upload and SHA-256 vault ingest,SUCCESS,True
SYN-AUDIT-002436,SYN-USER-CITIZEN-001,citizen,VALIDATION_RUN,validation_case,SYN-CASE-002436,2024-01-01T12:36:00Z,Automated multi-field statutory comparison pipeline,SUCCESS,True
SYN-AUDIT-002437,SYN-USER-OFFICER-001,revenue_officer,CASE_REVIEW,validation_case,SYN-CASE-002437,2024-02-02T13:37:00Z,Revenue officer inspected cadastral discrepancy,REVIEW_REQUIRED,True
SYN-AUDIT-002438,SYN-USER-ADMIN-001,administrator,DECISION_RECORDED,validation_case,SYN-CASE-002438,2024-03-03T14:38:00Z,Officer adjudication recorded in case log,SUCCESS,True
SYN-AUDIT-002439,SYSTEM-VALIDATION-ENGINE,system_engine,MUTATION_AUDIT,mutation,SYN-RES-002439,2024-04-04T15:39:00Z,Review of mutation notice period under Sec 129 KLRA,SUCCESS,True
SYN-AUDIT-002440,SYN-USER-CITIZEN-001,citizen,DOCUMENT_INGEST,document,SYN-RES-002440,2024-05-05T16:40:00Z,Citizen evidence upload and SHA-256 vault ingest,SUCCESS,True
SYN-AUDIT-002441,SYN-USER-OFFICER-001,revenue_officer,VALIDATION_RUN,validation_case,SYN-CASE-002441,2024-06-06T17:41:00Z,Automated multi-field statutory comparison pipeline,SUCCESS,True
SYN-AUDIT-002442,SYN-USER-ADMIN-001,administrator,CASE_REVIEW,validation_case,SYN-CASE-002442,2024-07-07T18:42:00Z,Revenue officer inspected cadastral discrepancy,REVIEW_REQUIRED,True
SYN-AUDIT-002443,SYSTEM-VALIDATION-ENGINE,system_engine,DECISION_RECORDED,validation_case,SYN-CASE-002443,2024-08-08T19:43:00Z,Officer adjudication recorded in case log,SUCCESS,True
SYN-AUDIT-002444,SYN-USER-CITIZEN-001,citizen,MUTATION_AUDIT,mutation,SYN-RES-002444,2024-09-09T20:44:00Z,Review of mutation notice period under Sec 129 KLRA,SUCCESS,True
SYN-AUDIT-002445,SYN-USER-OFFICER-001,revenue_officer,DOCUMENT_INGEST,document,SYN-RES-002445,2024-10-10T21:45:00Z,Citizen evidence upload and SHA-256 vault ingest,SUCCESS,True
SYN-AUDIT-002446,SYN-USER-ADMIN-001,administrator,VALIDATION_RUN,validation_case,SYN-CASE-002446,2024-11-11T22:46:00Z,Automated multi-field statutory comparison pipeline,SUCCESS,True
SYN-AUDIT-002447,SYSTEM-VALIDATION-ENGINE,system_engine,CASE_REVIEW,validation_case,SYN-CASE-002447,2024-12-12T23:47:00Z,Revenue officer inspected cadastral discrepancy,REVIEW_REQUIRED,True
SYN-AUDIT-002448,SYN-USER-CITIZEN-001,citizen,DECISION_RECORDED,validation_case,SYN-CASE-002448,2024-01-13T00:48:00Z,Officer adjudication recorded in case log,SUCCESS,True
SYN-AUDIT-002449,SYN-USER-OFFICER-001,revenue_officer,MUTATION_AUDIT,mutation,SYN-RES-002449,2024-02-14T01:49:00Z,Review of mutation notice period under Sec 129 KLRA,SUCCESS,True
SYN-AUDIT-002450,SYN-USER-ADMIN-001,administrator,DOCUMENT_INGEST,document,SYN-RES-002450,2024-03-15T02:50:00Z,Citizen evidence upload and SHA-256 vault ingest,SUCCESS,True
SYN-AUDIT-002451,SYSTEM-VALIDATION-ENGINE,system_engine,VALIDATION_RUN,validation_case,SYN-CASE-002451,2024-04-16T03:51:00Z,Automated multi-field statutory comparison pipeline,SUCCESS,True
SYN-AUDIT-002452,SYN-USER-CITIZEN-001,citizen,CASE_REVIEW,validation_case,SYN-CASE-002452,2024-05-17T04:52:00Z,Revenue officer inspected cadastral discrepancy,REVIEW_REQUIRED,True
SYN-AUDIT-002453,SYN-USER-OFFICER-001,revenue_officer,DECISION_RECORDED,validation_case,SYN-CASE-002453,2024-06-18T05:53:00Z,Officer adjudication recorded in case log,SUCCESS,True
SYN-AUDIT-002454,SYN-USER-ADMIN-001,administrator,MUTATION_AUDIT,mutation,SYN-RES-002454,2024-07-19T06:54:00Z,Review of mutation notice period under Sec 129 KLRA,SUCCESS,True
SYN-AUDIT-002455,SYSTEM-VALIDATION-ENGINE,system_engine,DOCUMENT_INGEST,document,SYN-RES-002455,2024-08-20T07:55:00Z,Citizen evidence upload and SHA-256 vault ingest,SUCCESS,True
SYN-AUDIT-002456,SYN-USER-CITIZEN-001,citizen,VALIDATION_RUN,validation_case,SYN-CASE-002456,2024-09-21T08:56:00Z,Automated multi-field statutory comparison pipeline,SUCCESS,True
SYN-AUDIT-002457,SYN-USER-OFFICER-001,revenue_officer,CASE_REVIEW,validation_case,SYN-CASE-002457,2024-10-22T09:57:00Z,Revenue officer inspected cadastral discrepancy,REVIEW_REQUIRED,True
SYN-AUDIT-002458,SYN-USER-ADMIN-001,administrator,DECISION_RECORDED,validation_case,SYN-CASE-002458,2024-11-23T10:58:00Z,Officer adjudication recorded in case log,SUCCESS,True
SYN-AUDIT-002459,SYSTEM-VALIDATION-ENGINE,system_engine,MUTATION_AUDIT,mutation,SYN-RES-002459,2024-12-24T11:59:00Z,Review of mutation notice period under Sec 129 KLRA,SUCCESS,True
SYN-AUDIT-002460,SYN-USER-CITIZEN-001,citizen,DOCUMENT_INGEST,document,SYN-RES-002460,2024-01-25T12:00:00Z,Citizen evidence upload and SHA-256 vault ingest,SUCCESS,True
SYN-AUDIT-002461,SYN-USER-OFFICER-001,revenue_officer,VALIDATION_RUN,validation_case,SYN-CASE-002461,2024-02-26T13:01:00Z,Automated multi-field statutory comparison pipeline,SUCCESS,True
SYN-AUDIT-002462,SYN-USER-ADMIN-001,administrator,CASE_REVIEW,validation_case,SYN-CASE-002462,2024-03-27T14:02:00Z,Revenue officer inspected cadastral discrepancy,REVIEW_REQUIRED,True
SYN-AUDIT-002463,SYSTEM-VALIDATION-ENGINE,system_engine,DECISION_RECORDED,validation_case,SYN-CASE-002463,2024-04-28T15:03:00Z,Officer adjudication recorded in case log,SUCCESS,True
SYN-AUDIT-002464,SYN-USER-CITIZEN-001,citizen,MUTATION_AUDIT,mutation,SYN-RES-002464,2024-05-01T16:04:00Z,Review of mutation notice period under Sec 129 KLRA,SUCCESS,True
SYN-AUDIT-002465,SYN-USER-OFFICER-001,revenue_officer,DOCUMENT_INGEST,document,SYN-RES-002465,2024-06-02T17:05:00Z,Citizen evidence upload and SHA-256 vault ingest,SUCCESS,True
SYN-AUDIT-002466,SYN-USER-ADMIN-001,administrator,VALIDATION_RUN,validation_case,SYN-CASE-002466,2024-07-03T18:06:00Z,Automated multi-field statutory comparison pipeline,SUCCESS,True
SYN-AUDIT-002467,SYSTEM-VALIDATION-ENGINE,system_engine,CASE_REVIEW,validation_case,SYN-CASE-002467,2024-08-04T19:07:00Z,Revenue officer inspected cadastral discrepancy,REVIEW_REQUIRED,True
SYN-AUDIT-002468,SYN-USER-CITIZEN-001,citizen,DECISION_RECORDED,validation_case,SYN-CASE-002468,2024-09-05T20:08:00Z,Officer adjudication recorded in case log,SUCCESS,True
SYN-AUDIT-002469,SYN-USER-OFFICER-001,revenue_officer,MUTATION_AUDIT,mutation,SYN-RES-002469,2024-10-06T21:09:00Z,Review of mutation notice period under Sec 129 KLRA,SUCCESS,True
SYN-AUDIT-002470,SYN-USER-ADMIN-001,administrator,DOCUMENT_INGEST,document,SYN-RES-002470,2024-11-07T22:10:00Z,Citizen evidence upload and SHA-256 vault ingest,SUCCESS,True
SYN-AUDIT-002471,SYSTEM-VALIDATION-ENGINE,system_engine,VALIDATION_RUN,validation_case,SYN-CASE-002471,2024-12-08T23:11:00Z,Automated multi-field statutory comparison pipeline,SUCCESS,True
SYN-AUDIT-002472,SYN-USER-CITIZEN-001,citizen,CASE_REVIEW,validation_case,SYN-CASE-002472,2024-01-09T00:12:00Z,Revenue officer inspected cadastral discrepancy,REVIEW_REQUIRED,True
SYN-AUDIT-002473,SYN-USER-OFFICER-001,revenue_officer,DECISION_RECORDED,validation_case,SYN-CASE-002473,2024-02-10T01:13:00Z,Officer adjudication recorded in case log,SUCCESS,True
SYN-AUDIT-002474,SYN-USER-ADMIN-001,administrator,MUTATION_AUDIT,mutation,SYN-RES-002474,2024-03-11T02:14:00Z,Review of mutation notice period under Sec 129 KLRA,SUCCESS,True
SYN-AUDIT-002475,SYSTEM-VALIDATION-ENGINE,system_engine,DOCUMENT_INGEST,document,SYN-RES-002475,2024-04-12T03:15:00Z,Citizen evidence upload and SHA-256 vault ingest,SUCCESS,True
SYN-AUDIT-002476,SYN-USER-CITIZEN-001,citizen,VALIDATION_RUN,validation_case,SYN-CASE-002476,2024-05-13T04:16:00Z,Automated multi-field statutory comparison pipeline,SUCCESS,True
SYN-AUDIT-002477,SYN-USER-OFFICER-001,revenue_officer,CASE_REVIEW,validation_case,SYN-CASE-002477,2024-06-14T05:17:00Z,Revenue officer inspected cadastral discrepancy,REVIEW_REQUIRED,True
SYN-AUDIT-002478,SYN-USER-ADMIN-001,administrator,DECISION_RECORDED,validation_case,SYN-CASE-002478,2024-07-15T06:18:00Z,Officer adjudication recorded in case log,SUCCESS,True
SYN-AUDIT-002479,SYSTEM-VALIDATION-ENGINE,system_engine,MUTATION_AUDIT,mutation,SYN-RES-002479,2024-08-16T07:19:00Z,Review of mutation notice period under Sec 129 KLRA,SUCCESS,True
SYN-AUDIT-002480,SYN-USER-CITIZEN-001,citizen,DOCUMENT_INGEST,document,SYN-RES-002480,2024-09-17T08:20:00Z,Citizen evidence upload and SHA-256 vault ingest,SUCCESS,True
SYN-AUDIT-002481,SYN-USER-OFFICER-001,revenue_officer,VALIDATION_RUN,validation_case,SYN-CASE-002481,2024-10-18T09:21:00Z,Automated multi-field statutory comparison pipeline,SUCCESS,True
SYN-AUDIT-002482,SYN-USER-ADMIN-001,administrator,CASE_REVIEW,validation_case,SYN-CASE-002482,2024-11-19T10:22:00Z,Revenue officer inspected cadastral discrepancy,REVIEW_REQUIRED,True
SYN-AUDIT-002483,SYSTEM-VALIDATION-ENGINE,system_engine,DECISION_RECORDED,validation_case,SYN-CASE-002483,2024-12-20T11:23:00Z,Officer adjudication recorded in case log,SUCCESS,True
SYN-AUDIT-002484,SYN-USER-CITIZEN-001,citizen,MUTATION_AUDIT,mutation,SYN-RES-002484,2024-01-21T12:24:00Z,Review of mutation notice period under Sec 129 KLRA,SUCCESS,True
SYN-AUDIT-002485,SYN-USER-OFFICER-001,revenue_officer,DOCUMENT_INGEST,document,SYN-RES-002485,2024-02-22T13:25:00Z,Citizen evidence upload and SHA-256 vault ingest,SUCCESS,True
SYN-AUDIT-002486,SYN-USER-ADMIN-001,administrator,VALIDATION_RUN,validation_case,SYN-CASE-002486,2024-03-23T14:26:00Z,Automated multi-field statutory comparison pipeline,SUCCESS,True
SYN-AUDIT-002487,SYSTEM-VALIDATION-ENGINE,system_engine,CASE_REVIEW,validation_case,SYN-CASE-002487,2024-04-24T15:27:00Z,Revenue officer inspected cadastral discrepancy,REVIEW_REQUIRED,True
SYN-AUDIT-002488,SYN-USER-CITIZEN-001,citizen,DECISION_RECORDED,validation_case,SYN-CASE-002488,2024-05-25T16:28:00Z,Officer adjudication recorded in case log,SUCCESS,True
SYN-AUDIT-002489,SYN-USER-OFFICER-001,revenue_officer,MUTATION_AUDIT,mutation,SYN-RES-002489,2024-06-26T17:29:00Z,Review of mutation notice period under Sec 129 KLRA,SUCCESS,True
SYN-AUDIT-002490,SYN-USER-ADMIN-001,administrator,DOCUMENT_INGEST,document,SYN-RES-002490,2024-07-27T18:30:00Z,Citizen evidence upload and SHA-256 vault ingest,SUCCESS,True
SYN-AUDIT-002491,SYSTEM-VALIDATION-ENGINE,system_engine,VALIDATION_RUN,validation_case,SYN-CASE-002491,2024-08-28T19:31:00Z,Automated multi-field statutory comparison pipeline,SUCCESS,True
SYN-AUDIT-002492,SYN-USER-CITIZEN-001,citizen,CASE_REVIEW,validation_case,SYN-CASE-002492,2024-09-01T20:32:00Z,Revenue officer inspected cadastral discrepancy,REVIEW_REQUIRED,True
SYN-AUDIT-002493,SYN-USER-OFFICER-001,revenue_officer,DECISION_RECORDED,validation_case,SYN-CASE-002493,2024-10-02T21:33:00Z,Officer adjudication recorded in case log,SUCCESS,True
SYN-AUDIT-002494,SYN-USER-ADMIN-001,administrator,MUTATION_AUDIT,mutation,SYN-RES-002494,2024-11-03T22:34:00Z,Review of mutation notice period under Sec 129 KLRA,SUCCESS,True
SYN-AUDIT-002495,SYSTEM-VALIDATION-ENGINE,system_engine,DOCUMENT_INGEST,document,SYN-RES-002495,2024-12-04T23:35:00Z,Citizen evidence upload and SHA-256 vault ingest,SUCCESS,True
SYN-AUDIT-002496,SYN-USER-CITIZEN-001,citizen,VALIDATION_RUN,validation_case,SYN-CASE-002496,2024-01-05T00:36:00Z,Automated multi-field statutory comparison pipeline,SUCCESS,True
SYN-AUDIT-002497,SYN-USER-OFFICER-001,revenue_officer,CASE_REVIEW,validation_case,SYN-CASE-002497,2024-02-06T01:37:00Z,Revenue officer inspected cadastral discrepancy,REVIEW_REQUIRED,True
SYN-AUDIT-002498,SYN-USER-ADMIN-001,administrator,DECISION_RECORDED,validation_case,SYN-CASE-002498,2024-03-07T02:38:00Z,Officer adjudication recorded in case log,SUCCESS,True
SYN-AUDIT-002499,SYSTEM-VALIDATION-ENGINE,system_engine,MUTATION_AUDIT,mutation,SYN-RES-002499,2024-04-08T03:39:00Z,Review of mutation notice period under Sec 129 KLRA,SUCCESS,True
SYN-AUDIT-002500,SYN-USER-CITIZEN-001,citizen,DOCUMENT_INGEST,document,SYN-RES-002500,2024-05-09T04:40:00Z,Citizen evidence upload and SHA-256 vault ingest,SUCCESS,True
SYN-AUDIT-002501,SYN-USER-OFFICER-001,revenue_officer,VALIDATION_RUN,validation_case,SYN-CASE-002501,2024-06-10T05:41:00Z,Automated multi-field statutory comparison pipeline,SUCCESS,True
SYN-AUDIT-002502,SYN-USER-ADMIN-001,administrator,CASE_REVIEW,validation_case,SYN-CASE-002502,2024-07-11T06:42:00Z,Revenue officer inspected cadastral discrepancy,REVIEW_REQUIRED,True
SYN-AUDIT-002503,SYSTEM-VALIDATION-ENGINE,system_engine,DECISION_RECORDED,validation_case,SYN-CASE-002503,2024-08-12T07:43:00Z,Officer adjudication recorded in case log,SUCCESS,True
SYN-AUDIT-002504,SYN-USER-CITIZEN-001,citizen,MUTATION_AUDIT,mutation,SYN-RES-002504,2024-09-13T08:44:00Z,Review of mutation notice period under Sec 129 KLRA,SUCCESS,True
SYN-AUDIT-002505,SYN-USER-OFFICER-001,revenue_officer,DOCUMENT_INGEST,document,SYN-RES-002505,2024-10-14T09:45:00Z,Citizen evidence upload and SHA-256 vault ingest,SUCCESS,True
SYN-AUDIT-002506,SYN-USER-ADMIN-001,administrator,VALIDATION_RUN,validation_case,SYN-CASE-002506,2024-11-15T10:46:00Z,Automated multi-field statutory comparison pipeline,SUCCESS,True
SYN-AUDIT-002507,SYSTEM-VALIDATION-ENGINE,system_engine,CASE_REVIEW,validation_case,SYN-CASE-002507,2024-12-16T11:47:00Z,Revenue officer inspected cadastral discrepancy,REVIEW_REQUIRED,True
SYN-AUDIT-002508,SYN-USER-CITIZEN-001,citizen,DECISION_RECORDED,validation_case,SYN-CASE-002508,2024-01-17T12:48:00Z,Officer adjudication recorded in case log,SUCCESS,True
SYN-AUDIT-002509,SYN-USER-OFFICER-001,revenue_officer,MUTATION_AUDIT,mutation,SYN-RES-002509,2024-02-18T13:49:00Z,Review of mutation notice period under Sec 129 KLRA,SUCCESS,True
SYN-AUDIT-002510,SYN-USER-ADMIN-001,administrator,DOCUMENT_INGEST,document,SYN-RES-002510,2024-03-19T14:50:00Z,Citizen evidence upload and SHA-256 vault ingest,SUCCESS,True
SYN-AUDIT-002511,SYSTEM-VALIDATION-ENGINE,system_engine,VALIDATION_RUN,validation_case,SYN-CASE-002511,2024-04-20T15:51:00Z,Automated multi-field statutory comparison pipeline,SUCCESS,True
SYN-AUDIT-002512,SYN-USER-CITIZEN-001,citizen,CASE_REVIEW,validation_case,SYN-CASE-002512,2024-05-21T16:52:00Z,Revenue officer inspected cadastral discrepancy,REVIEW_REQUIRED,True
SYN-AUDIT-002513,SYN-USER-OFFICER-001,revenue_officer,DECISION_RECORDED,validation_case,SYN-CASE-002513,2024-06-22T17:53:00Z,Officer adjudication recorded in case log,SUCCESS,True
SYN-AUDIT-002514,SYN-USER-ADMIN-001,administrator,MUTATION_AUDIT,mutation,SYN-RES-002514,2024-07-23T18:54:00Z,Review of mutation notice period under Sec 129 KLRA,SUCCESS,True
SYN-AUDIT-002515,SYSTEM-VALIDATION-ENGINE,system_engine,DOCUMENT_INGEST,document,SYN-RES-002515,2024-08-24T19:55:00Z,Citizen evidence upload and SHA-256 vault ingest,SUCCESS,True
SYN-AUDIT-002516,SYN-USER-CITIZEN-001,citizen,VALIDATION_RUN,validation_case,SYN-CASE-002516,2024-09-25T20:56:00Z,Automated multi-field statutory comparison pipeline,SUCCESS,True
SYN-AUDIT-002517,SYN-USER-OFFICER-001,revenue_officer,CASE_REVIEW,validation_case,SYN-CASE-002517,2024-10-26T21:57:00Z,Revenue officer inspected cadastral discrepancy,REVIEW_REQUIRED,True
SYN-AUDIT-002518,SYN-USER-ADMIN-001,administrator,DECISION_RECORDED,validation_case,SYN-CASE-002518,2024-11-27T22:58:00Z,Officer adjudication recorded in case log,SUCCESS,True
SYN-AUDIT-002519,SYSTEM-VALIDATION-ENGINE,system_engine,MUTATION_AUDIT,mutation,SYN-RES-002519,2024-12-28T23:59:00Z,Review of mutation notice period under Sec 129 KLRA,SUCCESS,True
SYN-AUDIT-002520,SYN-USER-CITIZEN-001,citizen,DOCUMENT_INGEST,document,SYN-RES-002520,2024-01-01T00:00:00Z,Citizen evidence upload and SHA-256 vault ingest,SUCCESS,True
SYN-AUDIT-002521,SYN-USER-OFFICER-001,revenue_officer,VALIDATION_RUN,validation_case,SYN-CASE-002521,2024-02-02T01:01:00Z,Automated multi-field statutory comparison pipeline,SUCCESS,True
SYN-AUDIT-002522,SYN-USER-ADMIN-001,administrator,CASE_REVIEW,validation_case,SYN-CASE-002522,2024-03-03T02:02:00Z,Revenue officer inspected cadastral discrepancy,REVIEW_REQUIRED,True
SYN-AUDIT-002523,SYSTEM-VALIDATION-ENGINE,system_engine,DECISION_RECORDED,validation_case,SYN-CASE-002523,2024-04-04T03:03:00Z,Officer adjudication recorded in case log,SUCCESS,True
SYN-AUDIT-002524,SYN-USER-CITIZEN-001,citizen,MUTATION_AUDIT,mutation,SYN-RES-002524,2024-05-05T04:04:00Z,Review of mutation notice period under Sec 129 KLRA,SUCCESS,True
SYN-AUDIT-002525,SYN-USER-OFFICER-001,revenue_officer,DOCUMENT_INGEST,document,SYN-RES-002525,2024-06-06T05:05:00Z,Citizen evidence upload and SHA-256 vault ingest,SUCCESS,True
SYN-AUDIT-002526,SYN-USER-ADMIN-001,administrator,VALIDATION_RUN,validation_case,SYN-CASE-002526,2024-07-07T06:06:00Z,Automated multi-field statutory comparison pipeline,SUCCESS,True
SYN-AUDIT-002527,SYSTEM-VALIDATION-ENGINE,system_engine,CASE_REVIEW,validation_case,SYN-CASE-002527,2024-08-08T07:07:00Z,Revenue officer inspected cadastral discrepancy,REVIEW_REQUIRED,True
SYN-AUDIT-002528,SYN-USER-CITIZEN-001,citizen,DECISION_RECORDED,validation_case,SYN-CASE-002528,2024-09-09T08:08:00Z,Officer adjudication recorded in case log,SUCCESS,True
SYN-AUDIT-002529,SYN-USER-OFFICER-001,revenue_officer,MUTATION_AUDIT,mutation,SYN-RES-002529,2024-10-10T09:09:00Z,Review of mutation notice period under Sec 129 KLRA,SUCCESS,True
SYN-AUDIT-002530,SYN-USER-ADMIN-001,administrator,DOCUMENT_INGEST,document,SYN-RES-002530,2024-11-11T10:10:00Z,Citizen evidence upload and SHA-256 vault ingest,SUCCESS,True
SYN-AUDIT-002531,SYSTEM-VALIDATION-ENGINE,system_engine,VALIDATION_RUN,validation_case,SYN-CASE-002531,2024-12-12T11:11:00Z,Automated multi-field statutory comparison pipeline,SUCCESS,True
SYN-AUDIT-002532,SYN-USER-CITIZEN-001,citizen,CASE_REVIEW,validation_case,SYN-CASE-002532,2024-01-13T12:12:00Z,Revenue officer inspected cadastral discrepancy,REVIEW_REQUIRED,True
SYN-AUDIT-002533,SYN-USER-OFFICER-001,revenue_officer,DECISION_RECORDED,validation_case,SYN-CASE-002533,2024-02-14T13:13:00Z,Officer adjudication recorded in case log,SUCCESS,True
SYN-AUDIT-002534,SYN-USER-ADMIN-001,administrator,MUTATION_AUDIT,mutation,SYN-RES-002534,2024-03-15T14:14:00Z,Review of mutation notice period under Sec 129 KLRA,SUCCESS,True
SYN-AUDIT-002535,SYSTEM-VALIDATION-ENGINE,system_engine,DOCUMENT_INGEST,document,SYN-RES-002535,2024-04-16T15:15:00Z,Citizen evidence upload and SHA-256 vault ingest,SUCCESS,True
SYN-AUDIT-002536,SYN-USER-CITIZEN-001,citizen,VALIDATION_RUN,validation_case,SYN-CASE-002536,2024-05-17T16:16:00Z,Automated multi-field statutory comparison pipeline,SUCCESS,True
SYN-AUDIT-002537,SYN-USER-OFFICER-001,revenue_officer,CASE_REVIEW,validation_case,SYN-CASE-002537,2024-06-18T17:17:00Z,Revenue officer inspected cadastral discrepancy,REVIEW_REQUIRED,True
SYN-AUDIT-002538,SYN-USER-ADMIN-001,administrator,DECISION_RECORDED,validation_case,SYN-CASE-002538,2024-07-19T18:18:00Z,Officer adjudication recorded in case log,SUCCESS,True
SYN-AUDIT-002539,SYSTEM-VALIDATION-ENGINE,system_engine,MUTATION_AUDIT,mutation,SYN-RES-002539,2024-08-20T19:19:00Z,Review of mutation notice period under Sec 129 KLRA,SUCCESS,True
SYN-AUDIT-002540,SYN-USER-CITIZEN-001,citizen,DOCUMENT_INGEST,document,SYN-RES-002540,2024-09-21T20:20:00Z,Citizen evidence upload and SHA-256 vault ingest,SUCCESS,True
SYN-AUDIT-002541,SYN-USER-OFFICER-001,revenue_officer,VALIDATION_RUN,validation_case,SYN-CASE-002541,2024-10-22T21:21:00Z,Automated multi-field statutory comparison pipeline,SUCCESS,True
SYN-AUDIT-002542,SYN-USER-ADMIN-001,administrator,CASE_REVIEW,validation_case,SYN-CASE-002542,2024-11-23T22:22:00Z,Revenue officer inspected cadastral discrepancy,REVIEW_REQUIRED,True
SYN-AUDIT-002543,SYSTEM-VALIDATION-ENGINE,system_engine,DECISION_RECORDED,validation_case,SYN-CASE-002543,2024-12-24T23:23:00Z,Officer adjudication recorded in case log,SUCCESS,True
SYN-AUDIT-002544,SYN-USER-CITIZEN-001,citizen,MUTATION_AUDIT,mutation,SYN-RES-002544,2024-01-25T00:24:00Z,Review of mutation notice period under Sec 129 KLRA,SUCCESS,True
SYN-AUDIT-002545,SYN-USER-OFFICER-001,revenue_officer,DOCUMENT_INGEST,document,SYN-RES-002545,2024-02-26T01:25:00Z,Citizen evidence upload and SHA-256 vault ingest,SUCCESS,True
SYN-AUDIT-002546,SYN-USER-ADMIN-001,administrator,VALIDATION_RUN,validation_case,SYN-CASE-002546,2024-03-27T02:26:00Z,Automated multi-field statutory comparison pipeline,SUCCESS,True
SYN-AUDIT-002547,SYSTEM-VALIDATION-ENGINE,system_engine,CASE_REVIEW,validation_case,SYN-CASE-002547,2024-04-28T03:27:00Z,Revenue officer inspected cadastral discrepancy,REVIEW_REQUIRED,True
SYN-AUDIT-002548,SYN-USER-CITIZEN-001,citizen,DECISION_RECORDED,validation_case,SYN-CASE-002548,2024-05-01T04:28:00Z,Officer adjudication recorded in case log,SUCCESS,True
SYN-AUDIT-002549,SYN-USER-OFFICER-001,revenue_officer,MUTATION_AUDIT,mutation,SYN-RES-002549,2024-06-02T05:29:00Z,Review of mutation notice period under Sec 129 KLRA,SUCCESS,True
SYN-AUDIT-002550,SYN-USER-ADMIN-001,administrator,DOCUMENT_INGEST,document,SYN-RES-002550,2024-07-03T06:30:00Z,Citizen evidence upload and SHA-256 vault ingest,SUCCESS,True
SYN-AUDIT-002551,SYSTEM-VALIDATION-ENGINE,system_engine,VALIDATION_RUN,validation_case,SYN-CASE-002551,2024-08-04T07:31:00Z,Automated multi-field statutory comparison pipeline,SUCCESS,True
SYN-AUDIT-002552,SYN-USER-CITIZEN-001,citizen,CASE_REVIEW,validation_case,SYN-CASE-002552,2024-09-05T08:32:00Z,Revenue officer inspected cadastral discrepancy,REVIEW_REQUIRED,True
SYN-AUDIT-002553,SYN-USER-OFFICER-001,revenue_officer,DECISION_RECORDED,validation_case,SYN-CASE-002553,2024-10-06T09:33:00Z,Officer adjudication recorded in case log,SUCCESS,True
SYN-AUDIT-002554,SYN-USER-ADMIN-001,administrator,MUTATION_AUDIT,mutation,SYN-RES-002554,2024-11-07T10:34:00Z,Review of mutation notice period under Sec 129 KLRA,SUCCESS,True
SYN-AUDIT-002555,SYSTEM-VALIDATION-ENGINE,system_engine,DOCUMENT_INGEST,document,SYN-RES-002555,2024-12-08T11:35:00Z,Citizen evidence upload and SHA-256 vault ingest,SUCCESS,True
SYN-AUDIT-002556,SYN-USER-CITIZEN-001,citizen,VALIDATION_RUN,validation_case,SYN-CASE-002556,2024-01-09T12:36:00Z,Automated multi-field statutory comparison pipeline,SUCCESS,True
SYN-AUDIT-002557,SYN-USER-OFFICER-001,revenue_officer,CASE_REVIEW,validation_case,SYN-CASE-002557,2024-02-10T13:37:00Z,Revenue officer inspected cadastral discrepancy,REVIEW_REQUIRED,True
SYN-AUDIT-002558,SYN-USER-ADMIN-001,administrator,DECISION_RECORDED,validation_case,SYN-CASE-002558,2024-03-11T14:38:00Z,Officer adjudication recorded in case log,SUCCESS,True
SYN-AUDIT-002559,SYSTEM-VALIDATION-ENGINE,system_engine,MUTATION_AUDIT,mutation,SYN-RES-002559,2024-04-12T15:39:00Z,Review of mutation notice period under Sec 129 KLRA,SUCCESS,True
SYN-AUDIT-002560,SYN-USER-CITIZEN-001,citizen,DOCUMENT_INGEST,document,SYN-RES-002560,2024-05-13T16:40:00Z,Citizen evidence upload and SHA-256 vault ingest,SUCCESS,True
SYN-AUDIT-002561,SYN-USER-OFFICER-001,revenue_officer,VALIDATION_RUN,validation_case,SYN-CASE-002561,2024-06-14T17:41:00Z,Automated multi-field statutory comparison pipeline,SUCCESS,True
SYN-AUDIT-002562,SYN-USER-ADMIN-001,administrator,CASE_REVIEW,validation_case,SYN-CASE-002562,2024-07-15T18:42:00Z,Revenue officer inspected cadastral discrepancy,REVIEW_REQUIRED,True
SYN-AUDIT-002563,SYSTEM-VALIDATION-ENGINE,system_engine,DECISION_RECORDED,validation_case,SYN-CASE-002563,2024-08-16T19:43:00Z,Officer adjudication recorded in case log,SUCCESS,True
SYN-AUDIT-002564,SYN-USER-CITIZEN-001,citizen,MUTATION_AUDIT,mutation,SYN-RES-002564,2024-09-17T20:44:00Z,Review of mutation notice period under Sec 129 KLRA,SUCCESS,True
SYN-AUDIT-002565,SYN-USER-OFFICER-001,revenue_officer,DOCUMENT_INGEST,document,SYN-RES-002565,2024-10-18T21:45:00Z,Citizen evidence upload and SHA-256 vault ingest,SUCCESS,True
SYN-AUDIT-002566,SYN-USER-ADMIN-001,administrator,VALIDATION_RUN,validation_case,SYN-CASE-002566,2024-11-19T22:46:00Z,Automated multi-field statutory comparison pipeline,SUCCESS,True
SYN-AUDIT-002567,SYSTEM-VALIDATION-ENGINE,system_engine,CASE_REVIEW,validation_case,SYN-CASE-002567,2024-12-20T23:47:00Z,Revenue officer inspected cadastral discrepancy,REVIEW_REQUIRED,True
SYN-AUDIT-002568,SYN-USER-CITIZEN-001,citizen,DECISION_RECORDED,validation_case,SYN-CASE-002568,2024-01-21T00:48:00Z,Officer adjudication recorded in case log,SUCCESS,True
SYN-AUDIT-002569,SYN-USER-OFFICER-001,revenue_officer,MUTATION_AUDIT,mutation,SYN-RES-002569,2024-02-22T01:49:00Z,Review of mutation notice period under Sec 129 KLRA,SUCCESS,True
SYN-AUDIT-002570,SYN-USER-ADMIN-001,administrator,DOCUMENT_INGEST,document,SYN-RES-002570,2024-03-23T02:50:00Z,Citizen evidence upload and SHA-256 vault ingest,SUCCESS,True
SYN-AUDIT-002571,SYSTEM-VALIDATION-ENGINE,system_engine,VALIDATION_RUN,validation_case,SYN-CASE-002571,2024-04-24T03:51:00Z,Automated multi-field statutory comparison pipeline,SUCCESS,True
SYN-AUDIT-002572,SYN-USER-CITIZEN-001,citizen,CASE_REVIEW,validation_case,SYN-CASE-002572,2024-05-25T04:52:00Z,Revenue officer inspected cadastral discrepancy,REVIEW_REQUIRED,True
SYN-AUDIT-002573,SYN-USER-OFFICER-001,revenue_officer,DECISION_RECORDED,validation_case,SYN-CASE-002573,2024-06-26T05:53:00Z,Officer adjudication recorded in case log,SUCCESS,True
SYN-AUDIT-002574,SYN-USER-ADMIN-001,administrator,MUTATION_AUDIT,mutation,SYN-RES-002574,2024-07-27T06:54:00Z,Review of mutation notice period under Sec 129 KLRA,SUCCESS,True
SYN-AUDIT-002575,SYSTEM-VALIDATION-ENGINE,system_engine,DOCUMENT_INGEST,document,SYN-RES-002575,2024-08-28T07:55:00Z,Citizen evidence upload and SHA-256 vault ingest,SUCCESS,True
SYN-AUDIT-002576,SYN-USER-CITIZEN-001,citizen,VALIDATION_RUN,validation_case,SYN-CASE-002576,2024-09-01T08:56:00Z,Automated multi-field statutory comparison pipeline,SUCCESS,True
SYN-AUDIT-002577,SYN-USER-OFFICER-001,revenue_officer,CASE_REVIEW,validation_case,SYN-CASE-002577,2024-10-02T09:57:00Z,Revenue officer inspected cadastral discrepancy,REVIEW_REQUIRED,True
SYN-AUDIT-002578,SYN-USER-ADMIN-001,administrator,DECISION_RECORDED,validation_case,SYN-CASE-002578,2024-11-03T10:58:00Z,Officer adjudication recorded in case log,SUCCESS,True
SYN-AUDIT-002579,SYSTEM-VALIDATION-ENGINE,system_engine,MUTATION_AUDIT,mutation,SYN-RES-002579,2024-12-04T11:59:00Z,Review of mutation notice period under Sec 129 KLRA,SUCCESS,True
SYN-AUDIT-002580,SYN-USER-CITIZEN-001,citizen,DOCUMENT_INGEST,document,SYN-RES-002580,2024-01-05T12:00:00Z,Citizen evidence upload and SHA-256 vault ingest,SUCCESS,True
SYN-AUDIT-002581,SYN-USER-OFFICER-001,revenue_officer,VALIDATION_RUN,validation_case,SYN-CASE-002581,2024-02-06T13:01:00Z,Automated multi-field statutory comparison pipeline,SUCCESS,True
SYN-AUDIT-002582,SYN-USER-ADMIN-001,administrator,CASE_REVIEW,validation_case,SYN-CASE-002582,2024-03-07T14:02:00Z,Revenue officer inspected cadastral discrepancy,REVIEW_REQUIRED,True
SYN-AUDIT-002583,SYSTEM-VALIDATION-ENGINE,system_engine,DECISION_RECORDED,validation_case,SYN-CASE-002583,2024-04-08T15:03:00Z,Officer adjudication recorded in case log,SUCCESS,True
SYN-AUDIT-002584,SYN-USER-CITIZEN-001,citizen,MUTATION_AUDIT,mutation,SYN-RES-002584,2024-05-09T16:04:00Z,Review of mutation notice period under Sec 129 KLRA,SUCCESS,True
SYN-AUDIT-002585,SYN-USER-OFFICER-001,revenue_officer,DOCUMENT_INGEST,document,SYN-RES-002585,2024-06-10T17:05:00Z,Citizen evidence upload and SHA-256 vault ingest,SUCCESS,True
SYN-AUDIT-002586,SYN-USER-ADMIN-001,administrator,VALIDATION_RUN,validation_case,SYN-CASE-002586,2024-07-11T18:06:00Z,Automated multi-field statutory comparison pipeline,SUCCESS,True
SYN-AUDIT-002587,SYSTEM-VALIDATION-ENGINE,system_engine,CASE_REVIEW,validation_case,SYN-CASE-002587,2024-08-12T19:07:00Z,Revenue officer inspected cadastral discrepancy,REVIEW_REQUIRED,True
SYN-AUDIT-002588,SYN-USER-CITIZEN-001,citizen,DECISION_RECORDED,validation_case,SYN-CASE-002588,2024-09-13T20:08:00Z,Officer adjudication recorded in case log,SUCCESS,True
SYN-AUDIT-002589,SYN-USER-OFFICER-001,revenue_officer,MUTATION_AUDIT,mutation,SYN-RES-002589,2024-10-14T21:09:00Z,Review of mutation notice period under Sec 129 KLRA,SUCCESS,True
SYN-AUDIT-002590,SYN-USER-ADMIN-001,administrator,DOCUMENT_INGEST,document,SYN-RES-002590,2024-11-15T22:10:00Z,Citizen evidence upload and SHA-256 vault ingest,SUCCESS,True
SYN-AUDIT-002591,SYSTEM-VALIDATION-ENGINE,system_engine,VALIDATION_RUN,validation_case,SYN-CASE-002591,2024-12-16T23:11:00Z,Automated multi-field statutory comparison pipeline,SUCCESS,True
SYN-AUDIT-002592,SYN-USER-CITIZEN-001,citizen,CASE_REVIEW,validation_case,SYN-CASE-002592,2024-01-17T00:12:00Z,Revenue officer inspected cadastral discrepancy,REVIEW_REQUIRED,True
SYN-AUDIT-002593,SYN-USER-OFFICER-001,revenue_officer,DECISION_RECORDED,validation_case,SYN-CASE-002593,2024-02-18T01:13:00Z,Officer adjudication recorded in case log,SUCCESS,True
SYN-AUDIT-002594,SYN-USER-ADMIN-001,administrator,MUTATION_AUDIT,mutation,SYN-RES-002594,2024-03-19T02:14:00Z,Review of mutation notice period under Sec 129 KLRA,SUCCESS,True
SYN-AUDIT-002595,SYSTEM-VALIDATION-ENGINE,system_engine,DOCUMENT_INGEST,document,SYN-RES-002595,2024-04-20T03:15:00Z,Citizen evidence upload and SHA-256 vault ingest,SUCCESS,True
SYN-AUDIT-002596,SYN-USER-CITIZEN-001,citizen,VALIDATION_RUN,validation_case,SYN-CASE-002596,2024-05-21T04:16:00Z,Automated multi-field statutory comparison pipeline,SUCCESS,True
SYN-AUDIT-002597,SYN-USER-OFFICER-001,revenue_officer,CASE_REVIEW,validation_case,SYN-CASE-002597,2024-06-22T05:17:00Z,Revenue officer inspected cadastral discrepancy,REVIEW_REQUIRED,True
SYN-AUDIT-002598,SYN-USER-ADMIN-001,administrator,DECISION_RECORDED,validation_case,SYN-CASE-002598,2024-07-23T06:18:00Z,Officer adjudication recorded in case log,SUCCESS,True
SYN-AUDIT-002599,SYSTEM-VALIDATION-ENGINE,system_engine,MUTATION_AUDIT,mutation,SYN-RES-002599,2024-08-24T07:19:00Z,Review of mutation notice period under Sec 129 KLRA,SUCCESS,True
SYN-AUDIT-002600,SYN-USER-CITIZEN-001,citizen,DOCUMENT_INGEST,document,SYN-RES-002600,2024-09-25T08:20:00Z,Citizen evidence upload and SHA-256 vault ingest,SUCCESS,True
SYN-AUDIT-002601,SYN-USER-OFFICER-001,revenue_officer,VALIDATION_RUN,validation_case,SYN-CASE-002601,2024-10-26T09:21:00Z,Automated multi-field statutory comparison pipeline,SUCCESS,True
SYN-AUDIT-002602,SYN-USER-ADMIN-001,administrator,CASE_REVIEW,validation_case,SYN-CASE-002602,2024-11-27T10:22:00Z,Revenue officer inspected cadastral discrepancy,REVIEW_REQUIRED,True
SYN-AUDIT-002603,SYSTEM-VALIDATION-ENGINE,system_engine,DECISION_RECORDED,validation_case,SYN-CASE-002603,2024-12-28T11:23:00Z,Officer adjudication recorded in case log,SUCCESS,True
SYN-AUDIT-002604,SYN-USER-CITIZEN-001,citizen,MUTATION_AUDIT,mutation,SYN-RES-002604,2024-01-01T12:24:00Z,Review of mutation notice period under Sec 129 KLRA,SUCCESS,True
SYN-AUDIT-002605,SYN-USER-OFFICER-001,revenue_officer,DOCUMENT_INGEST,document,SYN-RES-002605,2024-02-02T13:25:00Z,Citizen evidence upload and SHA-256 vault ingest,SUCCESS,True
SYN-AUDIT-002606,SYN-USER-ADMIN-001,administrator,VALIDATION_RUN,validation_case,SYN-CASE-002606,2024-03-03T14:26:00Z,Automated multi-field statutory comparison pipeline,SUCCESS,True
SYN-AUDIT-002607,SYSTEM-VALIDATION-ENGINE,system_engine,CASE_REVIEW,validation_case,SYN-CASE-002607,2024-04-04T15:27:00Z,Revenue officer inspected cadastral discrepancy,REVIEW_REQUIRED,True
SYN-AUDIT-002608,SYN-USER-CITIZEN-001,citizen,DECISION_RECORDED,validation_case,SYN-CASE-002608,2024-05-05T16:28:00Z,Officer adjudication recorded in case log,SUCCESS,True
SYN-AUDIT-002609,SYN-USER-OFFICER-001,revenue_officer,MUTATION_AUDIT,mutation,SYN-RES-002609,2024-06-06T17:29:00Z,Review of mutation notice period under Sec 129 KLRA,SUCCESS,True
SYN-AUDIT-002610,SYN-USER-ADMIN-001,administrator,DOCUMENT_INGEST,document,SYN-RES-002610,2024-07-07T18:30:00Z,Citizen evidence upload and SHA-256 vault ingest,SUCCESS,True
SYN-AUDIT-002611,SYSTEM-VALIDATION-ENGINE,system_engine,VALIDATION_RUN,validation_case,SYN-CASE-002611,2024-08-08T19:31:00Z,Automated multi-field statutory comparison pipeline,SUCCESS,True
SYN-AUDIT-002612,SYN-USER-CITIZEN-001,citizen,CASE_REVIEW,validation_case,SYN-CASE-002612,2024-09-09T20:32:00Z,Revenue officer inspected cadastral discrepancy,REVIEW_REQUIRED,True
SYN-AUDIT-002613,SYN-USER-OFFICER-001,revenue_officer,DECISION_RECORDED,validation_case,SYN-CASE-002613,2024-10-10T21:33:00Z,Officer adjudication recorded in case log,SUCCESS,True
SYN-AUDIT-002614,SYN-USER-ADMIN-001,administrator,MUTATION_AUDIT,mutation,SYN-RES-002614,2024-11-11T22:34:00Z,Review of mutation notice period under Sec 129 KLRA,SUCCESS,True
SYN-AUDIT-002615,SYSTEM-VALIDATION-ENGINE,system_engine,DOCUMENT_INGEST,document,SYN-RES-002615,2024-12-12T23:35:00Z,Citizen evidence upload and SHA-256 vault ingest,SUCCESS,True
SYN-AUDIT-002616,SYN-USER-CITIZEN-001,citizen,VALIDATION_RUN,validation_case,SYN-CASE-002616,2024-01-13T00:36:00Z,Automated multi-field statutory comparison pipeline,SUCCESS,True
SYN-AUDIT-002617,SYN-USER-OFFICER-001,revenue_officer,CASE_REVIEW,validation_case,SYN-CASE-002617,2024-02-14T01:37:00Z,Revenue officer inspected cadastral discrepancy,REVIEW_REQUIRED,True
SYN-AUDIT-002618,SYN-USER-ADMIN-001,administrator,DECISION_RECORDED,validation_case,SYN-CASE-002618,2024-03-15T02:38:00Z,Officer adjudication recorded in case log,SUCCESS,True
SYN-AUDIT-002619,SYSTEM-VALIDATION-ENGINE,system_engine,MUTATION_AUDIT,mutation,SYN-RES-002619,2024-04-16T03:39:00Z,Review of mutation notice period under Sec 129 KLRA,SUCCESS,True
SYN-AUDIT-002620,SYN-USER-CITIZEN-001,citizen,DOCUMENT_INGEST,document,SYN-RES-002620,2024-05-17T04:40:00Z,Citizen evidence upload and SHA-256 vault ingest,SUCCESS,True
SYN-AUDIT-002621,SYN-USER-OFFICER-001,revenue_officer,VALIDATION_RUN,validation_case,SYN-CASE-002621,2024-06-18T05:41:00Z,Automated multi-field statutory comparison pipeline,SUCCESS,True
SYN-AUDIT-002622,SYN-USER-ADMIN-001,administrator,CASE_REVIEW,validation_case,SYN-CASE-002622,2024-07-19T06:42:00Z,Revenue officer inspected cadastral discrepancy,REVIEW_REQUIRED,True
SYN-AUDIT-002623,SYSTEM-VALIDATION-ENGINE,system_engine,DECISION_RECORDED,validation_case,SYN-CASE-002623,2024-08-20T07:43:00Z,Officer adjudication recorded in case log,SUCCESS,True
SYN-AUDIT-002624,SYN-USER-CITIZEN-001,citizen,MUTATION_AUDIT,mutation,SYN-RES-002624,2024-09-21T08:44:00Z,Review of mutation notice period under Sec 129 KLRA,SUCCESS,True
SYN-AUDIT-002625,SYN-USER-OFFICER-001,revenue_officer,DOCUMENT_INGEST,document,SYN-RES-002625,2024-10-22T09:45:00Z,Citizen evidence upload and SHA-256 vault ingest,SUCCESS,True
SYN-AUDIT-002626,SYN-USER-ADMIN-001,administrator,VALIDATION_RUN,validation_case,SYN-CASE-002626,2024-11-23T10:46:00Z,Automated multi-field statutory comparison pipeline,SUCCESS,True
SYN-AUDIT-002627,SYSTEM-VALIDATION-ENGINE,system_engine,CASE_REVIEW,validation_case,SYN-CASE-002627,2024-12-24T11:47:00Z,Revenue officer inspected cadastral discrepancy,REVIEW_REQUIRED,True
SYN-AUDIT-002628,SYN-USER-CITIZEN-001,citizen,DECISION_RECORDED,validation_case,SYN-CASE-002628,2024-01-25T12:48:00Z,Officer adjudication recorded in case log,SUCCESS,True
SYN-AUDIT-002629,SYN-USER-OFFICER-001,revenue_officer,MUTATION_AUDIT,mutation,SYN-RES-002629,2024-02-26T13:49:00Z,Review of mutation notice period under Sec 129 KLRA,SUCCESS,True
SYN-AUDIT-002630,SYN-USER-ADMIN-001,administrator,DOCUMENT_INGEST,document,SYN-RES-002630,2024-03-27T14:50:00Z,Citizen evidence upload and SHA-256 vault ingest,SUCCESS,True
SYN-AUDIT-002631,SYSTEM-VALIDATION-ENGINE,system_engine,VALIDATION_RUN,validation_case,SYN-CASE-002631,2024-04-28T15:51:00Z,Automated multi-field statutory comparison pipeline,SUCCESS,True
SYN-AUDIT-002632,SYN-USER-CITIZEN-001,citizen,CASE_REVIEW,validation_case,SYN-CASE-002632,2024-05-01T16:52:00Z,Revenue officer inspected cadastral discrepancy,REVIEW_REQUIRED,True
SYN-AUDIT-002633,SYN-USER-OFFICER-001,revenue_officer,DECISION_RECORDED,validation_case,SYN-CASE-002633,2024-06-02T17:53:00Z,Officer adjudication recorded in case log,SUCCESS,True
SYN-AUDIT-002634,SYN-USER-ADMIN-001,administrator,MUTATION_AUDIT,mutation,SYN-RES-002634,2024-07-03T18:54:00Z,Review of mutation notice period under Sec 129 KLRA,SUCCESS,True
SYN-AUDIT-002635,SYSTEM-VALIDATION-ENGINE,system_engine,DOCUMENT_INGEST,document,SYN-RES-002635,2024-08-04T19:55:00Z,Citizen evidence upload and SHA-256 vault ingest,SUCCESS,True
SYN-AUDIT-002636,SYN-USER-CITIZEN-001,citizen,VALIDATION_RUN,validation_case,SYN-CASE-002636,2024-09-05T20:56:00Z,Automated multi-field statutory comparison pipeline,SUCCESS,True
SYN-AUDIT-002637,SYN-USER-OFFICER-001,revenue_officer,CASE_REVIEW,validation_case,SYN-CASE-002637,2024-10-06T21:57:00Z,Revenue officer inspected cadastral discrepancy,REVIEW_REQUIRED,True
SYN-AUDIT-002638,SYN-USER-ADMIN-001,administrator,DECISION_RECORDED,validation_case,SYN-CASE-002638,2024-11-07T22:58:00Z,Officer adjudication recorded in case log,SUCCESS,True
SYN-AUDIT-002639,SYSTEM-VALIDATION-ENGINE,system_engine,MUTATION_AUDIT,mutation,SYN-RES-002639,2024-12-08T23:59:00Z,Review of mutation notice period under Sec 129 KLRA,SUCCESS,True
SYN-AUDIT-002640,SYN-USER-CITIZEN-001,citizen,DOCUMENT_INGEST,document,SYN-RES-002640,2024-01-09T00:00:00Z,Citizen evidence upload and SHA-256 vault ingest,SUCCESS,True
SYN-AUDIT-002641,SYN-USER-OFFICER-001,revenue_officer,VALIDATION_RUN,validation_case,SYN-CASE-002641,2024-02-10T01:01:00Z,Automated multi-field statutory comparison pipeline,SUCCESS,True
SYN-AUDIT-002642,SYN-USER-ADMIN-001,administrator,CASE_REVIEW,validation_case,SYN-CASE-002642,2024-03-11T02:02:00Z,Revenue officer inspected cadastral discrepancy,REVIEW_REQUIRED,True
SYN-AUDIT-002643,SYSTEM-VALIDATION-ENGINE,system_engine,DECISION_RECORDED,validation_case,SYN-CASE-002643,2024-04-12T03:03:00Z,Officer adjudication recorded in case log,SUCCESS,True
SYN-AUDIT-002644,SYN-USER-CITIZEN-001,citizen,MUTATION_AUDIT,mutation,SYN-RES-002644,2024-05-13T04:04:00Z,Review of mutation notice period under Sec 129 KLRA,SUCCESS,True
SYN-AUDIT-002645,SYN-USER-OFFICER-001,revenue_officer,DOCUMENT_INGEST,document,SYN-RES-002645,2024-06-14T05:05:00Z,Citizen evidence upload and SHA-256 vault ingest,SUCCESS,True
SYN-AUDIT-002646,SYN-USER-ADMIN-001,administrator,VALIDATION_RUN,validation_case,SYN-CASE-002646,2024-07-15T06:06:00Z,Automated multi-field statutory comparison pipeline,SUCCESS,True
SYN-AUDIT-002647,SYSTEM-VALIDATION-ENGINE,system_engine,CASE_REVIEW,validation_case,SYN-CASE-002647,2024-08-16T07:07:00Z,Revenue officer inspected cadastral discrepancy,REVIEW_REQUIRED,True
SYN-AUDIT-002648,SYN-USER-CITIZEN-001,citizen,DECISION_RECORDED,validation_case,SYN-CASE-002648,2024-09-17T08:08:00Z,Officer adjudication recorded in case log,SUCCESS,True
SYN-AUDIT-002649,SYN-USER-OFFICER-001,revenue_officer,MUTATION_AUDIT,mutation,SYN-RES-002649,2024-10-18T09:09:00Z,Review of mutation notice period under Sec 129 KLRA,SUCCESS,True
SYN-AUDIT-002650,SYN-USER-ADMIN-001,administrator,DOCUMENT_INGEST,document,SYN-RES-002650,2024-11-19T10:10:00Z,Citizen evidence upload and SHA-256 vault ingest,SUCCESS,True
SYN-AUDIT-002651,SYSTEM-VALIDATION-ENGINE,system_engine,VALIDATION_RUN,validation_case,SYN-CASE-002651,2024-12-20T11:11:00Z,Automated multi-field statutory comparison pipeline,SUCCESS,True
SYN-AUDIT-002652,SYN-USER-CITIZEN-001,citizen,CASE_REVIEW,validation_case,SYN-CASE-002652,2024-01-21T12:12:00Z,Revenue officer inspected cadastral discrepancy,REVIEW_REQUIRED,True
SYN-AUDIT-002653,SYN-USER-OFFICER-001,revenue_officer,DECISION_RECORDED,validation_case,SYN-CASE-002653,2024-02-22T13:13:00Z,Officer adjudication recorded in case log,SUCCESS,True
SYN-AUDIT-002654,SYN-USER-ADMIN-001,administrator,MUTATION_AUDIT,mutation,SYN-RES-002654,2024-03-23T14:14:00Z,Review of mutation notice period under Sec 129 KLRA,SUCCESS,True
SYN-AUDIT-002655,SYSTEM-VALIDATION-ENGINE,system_engine,DOCUMENT_INGEST,document,SYN-RES-002655,2024-04-24T15:15:00Z,Citizen evidence upload and SHA-256 vault ingest,SUCCESS,True
SYN-AUDIT-002656,SYN-USER-CITIZEN-001,citizen,VALIDATION_RUN,validation_case,SYN-CASE-002656,2024-05-25T16:16:00Z,Automated multi-field statutory comparison pipeline,SUCCESS,True
SYN-AUDIT-002657,SYN-USER-OFFICER-001,revenue_officer,CASE_REVIEW,validation_case,SYN-CASE-002657,2024-06-26T17:17:00Z,Revenue officer inspected cadastral discrepancy,REVIEW_REQUIRED,True
SYN-AUDIT-002658,SYN-USER-ADMIN-001,administrator,DECISION_RECORDED,validation_case,SYN-CASE-002658,2024-07-27T18:18:00Z,Officer adjudication recorded in case log,SUCCESS,True
SYN-AUDIT-002659,SYSTEM-VALIDATION-ENGINE,system_engine,MUTATION_AUDIT,mutation,SYN-RES-002659,2024-08-28T19:19:00Z,Review of mutation notice period under Sec 129 KLRA,SUCCESS,True
SYN-AUDIT-002660,SYN-USER-CITIZEN-001,citizen,DOCUMENT_INGEST,document,SYN-RES-002660,2024-09-01T20:20:00Z,Citizen evidence upload and SHA-256 vault ingest,SUCCESS,True
SYN-AUDIT-002661,SYN-USER-OFFICER-001,revenue_officer,VALIDATION_RUN,validation_case,SYN-CASE-002661,2024-10-02T21:21:00Z,Automated multi-field statutory comparison pipeline,SUCCESS,True
SYN-AUDIT-002662,SYN-USER-ADMIN-001,administrator,CASE_REVIEW,validation_case,SYN-CASE-002662,2024-11-03T22:22:00Z,Revenue officer inspected cadastral discrepancy,REVIEW_REQUIRED,True
SYN-AUDIT-002663,SYSTEM-VALIDATION-ENGINE,system_engine,DECISION_RECORDED,validation_case,SYN-CASE-002663,2024-12-04T23:23:00Z,Officer adjudication recorded in case log,SUCCESS,True
SYN-AUDIT-002664,SYN-USER-CITIZEN-001,citizen,MUTATION_AUDIT,mutation,SYN-RES-002664,2024-01-05T00:24:00Z,Review of mutation notice period under Sec 129 KLRA,SUCCESS,True
SYN-AUDIT-002665,SYN-USER-OFFICER-001,revenue_officer,DOCUMENT_INGEST,document,SYN-RES-002665,2024-02-06T01:25:00Z,Citizen evidence upload and SHA-256 vault ingest,SUCCESS,True
SYN-AUDIT-002666,SYN-USER-ADMIN-001,administrator,VALIDATION_RUN,validation_case,SYN-CASE-002666,2024-03-07T02:26:00Z,Automated multi-field statutory comparison pipeline,SUCCESS,True
SYN-AUDIT-002667,SYSTEM-VALIDATION-ENGINE,system_engine,CASE_REVIEW,validation_case,SYN-CASE-002667,2024-04-08T03:27:00Z,Revenue officer inspected cadastral discrepancy,REVIEW_REQUIRED,True
SYN-AUDIT-002668,SYN-USER-CITIZEN-001,citizen,DECISION_RECORDED,validation_case,SYN-CASE-002668,2024-05-09T04:28:00Z,Officer adjudication recorded in case log,SUCCESS,True
SYN-AUDIT-002669,SYN-USER-OFFICER-001,revenue_officer,MUTATION_AUDIT,mutation,SYN-RES-002669,2024-06-10T05:29:00Z,Review of mutation notice period under Sec 129 KLRA,SUCCESS,True
SYN-AUDIT-002670,SYN-USER-ADMIN-001,administrator,DOCUMENT_INGEST,document,SYN-RES-002670,2024-07-11T06:30:00Z,Citizen evidence upload and SHA-256 vault ingest,SUCCESS,True
SYN-AUDIT-002671,SYSTEM-VALIDATION-ENGINE,system_engine,VALIDATION_RUN,validation_case,SYN-CASE-002671,2024-08-12T07:31:00Z,Automated multi-field statutory comparison pipeline,SUCCESS,True
SYN-AUDIT-002672,SYN-USER-CITIZEN-001,citizen,CASE_REVIEW,validation_case,SYN-CASE-002672,2024-09-13T08:32:00Z,Revenue officer inspected cadastral discrepancy,REVIEW_REQUIRED,True
SYN-AUDIT-002673,SYN-USER-OFFICER-001,revenue_officer,DECISION_RECORDED,validation_case,SYN-CASE-002673,2024-10-14T09:33:00Z,Officer adjudication recorded in case log,SUCCESS,True
SYN-AUDIT-002674,SYN-USER-ADMIN-001,administrator,MUTATION_AUDIT,mutation,SYN-RES-002674,2024-11-15T10:34:00Z,Review of mutation notice period under Sec 129 KLRA,SUCCESS,True
SYN-AUDIT-002675,SYSTEM-VALIDATION-ENGINE,system_engine,DOCUMENT_INGEST,document,SYN-RES-002675,2024-12-16T11:35:00Z,Citizen evidence upload and SHA-256 vault ingest,SUCCESS,True
SYN-AUDIT-002676,SYN-USER-CITIZEN-001,citizen,VALIDATION_RUN,validation_case,SYN-CASE-002676,2024-01-17T12:36:00Z,Automated multi-field statutory comparison pipeline,SUCCESS,True
SYN-AUDIT-002677,SYN-USER-OFFICER-001,revenue_officer,CASE_REVIEW,validation_case,SYN-CASE-002677,2024-02-18T13:37:00Z,Revenue officer inspected cadastral discrepancy,REVIEW_REQUIRED,True
SYN-AUDIT-002678,SYN-USER-ADMIN-001,administrator,DECISION_RECORDED,validation_case,SYN-CASE-002678,2024-03-19T14:38:00Z,Officer adjudication recorded in case log,SUCCESS,True
SYN-AUDIT-002679,SYSTEM-VALIDATION-ENGINE,system_engine,MUTATION_AUDIT,mutation,SYN-RES-002679,2024-04-20T15:39:00Z,Review of mutation notice period under Sec 129 KLRA,SUCCESS,True
SYN-AUDIT-002680,SYN-USER-CITIZEN-001,citizen,DOCUMENT_INGEST,document,SYN-RES-002680,2024-05-21T16:40:00Z,Citizen evidence upload and SHA-256 vault ingest,SUCCESS,True
SYN-AUDIT-002681,SYN-USER-OFFICER-001,revenue_officer,VALIDATION_RUN,validation_case,SYN-CASE-002681,2024-06-22T17:41:00Z,Automated multi-field statutory comparison pipeline,SUCCESS,True
SYN-AUDIT-002682,SYN-USER-ADMIN-001,administrator,CASE_REVIEW,validation_case,SYN-CASE-002682,2024-07-23T18:42:00Z,Revenue officer inspected cadastral discrepancy,REVIEW_REQUIRED,True
SYN-AUDIT-002683,SYSTEM-VALIDATION-ENGINE,system_engine,DECISION_RECORDED,validation_case,SYN-CASE-002683,2024-08-24T19:43:00Z,Officer adjudication recorded in case log,SUCCESS,True
SYN-AUDIT-002684,SYN-USER-CITIZEN-001,citizen,MUTATION_AUDIT,mutation,SYN-RES-002684,2024-09-25T20:44:00Z,Review of mutation notice period under Sec 129 KLRA,SUCCESS,True
SYN-AUDIT-002685,SYN-USER-OFFICER-001,revenue_officer,DOCUMENT_INGEST,document,SYN-RES-002685,2024-10-26T21:45:00Z,Citizen evidence upload and SHA-256 vault ingest,SUCCESS,True
SYN-AUDIT-002686,SYN-USER-ADMIN-001,administrator,VALIDATION_RUN,validation_case,SYN-CASE-002686,2024-11-27T22:46:00Z,Automated multi-field statutory comparison pipeline,SUCCESS,True
SYN-AUDIT-002687,SYSTEM-VALIDATION-ENGINE,system_engine,CASE_REVIEW,validation_case,SYN-CASE-002687,2024-12-28T23:47:00Z,Revenue officer inspected cadastral discrepancy,REVIEW_REQUIRED,True
SYN-AUDIT-002688,SYN-USER-CITIZEN-001,citizen,DECISION_RECORDED,validation_case,SYN-CASE-002688,2024-01-01T00:48:00Z,Officer adjudication recorded in case log,SUCCESS,True
SYN-AUDIT-002689,SYN-USER-OFFICER-001,revenue_officer,MUTATION_AUDIT,mutation,SYN-RES-002689,2024-02-02T01:49:00Z,Review of mutation notice period under Sec 129 KLRA,SUCCESS,True
SYN-AUDIT-002690,SYN-USER-ADMIN-001,administrator,DOCUMENT_INGEST,document,SYN-RES-002690,2024-03-03T02:50:00Z,Citizen evidence upload and SHA-256 vault ingest,SUCCESS,True
SYN-AUDIT-002691,SYSTEM-VALIDATION-ENGINE,system_engine,VALIDATION_RUN,validation_case,SYN-CASE-002691,2024-04-04T03:51:00Z,Automated multi-field statutory comparison pipeline,SUCCESS,True
SYN-AUDIT-002692,SYN-USER-CITIZEN-001,citizen,CASE_REVIEW,validation_case,SYN-CASE-002692,2024-05-05T04:52:00Z,Revenue officer inspected cadastral discrepancy,REVIEW_REQUIRED,True
SYN-AUDIT-002693,SYN-USER-OFFICER-001,revenue_officer,DECISION_RECORDED,validation_case,SYN-CASE-002693,2024-06-06T05:53:00Z,Officer adjudication recorded in case log,SUCCESS,True
SYN-AUDIT-002694,SYN-USER-ADMIN-001,administrator,MUTATION_AUDIT,mutation,SYN-RES-002694,2024-07-07T06:54:00Z,Review of mutation notice period under Sec 129 KLRA,SUCCESS,True
SYN-AUDIT-002695,SYSTEM-VALIDATION-ENGINE,system_engine,DOCUMENT_INGEST,document,SYN-RES-002695,2024-08-08T07:55:00Z,Citizen evidence upload and SHA-256 vault ingest,SUCCESS,True
SYN-AUDIT-002696,SYN-USER-CITIZEN-001,citizen,VALIDATION_RUN,validation_case,SYN-CASE-002696,2024-09-09T08:56:00Z,Automated multi-field statutory comparison pipeline,SUCCESS,True
SYN-AUDIT-002697,SYN-USER-OFFICER-001,revenue_officer,CASE_REVIEW,validation_case,SYN-CASE-002697,2024-10-10T09:57:00Z,Revenue officer inspected cadastral discrepancy,REVIEW_REQUIRED,True
SYN-AUDIT-002698,SYN-USER-ADMIN-001,administrator,DECISION_RECORDED,validation_case,SYN-CASE-002698,2024-11-11T10:58:00Z,Officer adjudication recorded in case log,SUCCESS,True
SYN-AUDIT-002699,SYSTEM-VALIDATION-ENGINE,system_engine,MUTATION_AUDIT,mutation,SYN-RES-002699,2024-12-12T11:59:00Z,Review of mutation notice period under Sec 129 KLRA,SUCCESS,True
SYN-AUDIT-002700,SYN-USER-CITIZEN-001,citizen,DOCUMENT_INGEST,document,SYN-RES-002700,2024-01-13T12:00:00Z,Citizen evidence upload and SHA-256 vault ingest,SUCCESS,True
SYN-AUDIT-002701,SYN-USER-OFFICER-001,revenue_officer,VALIDATION_RUN,validation_case,SYN-CASE-002701,2024-02-14T13:01:00Z,Automated multi-field statutory comparison pipeline,SUCCESS,True
SYN-AUDIT-002702,SYN-USER-ADMIN-001,administrator,CASE_REVIEW,validation_case,SYN-CASE-002702,2024-03-15T14:02:00Z,Revenue officer inspected cadastral discrepancy,REVIEW_REQUIRED,True
SYN-AUDIT-002703,SYSTEM-VALIDATION-ENGINE,system_engine,DECISION_RECORDED,validation_case,SYN-CASE-002703,2024-04-16T15:03:00Z,Officer adjudication recorded in case log,SUCCESS,True
SYN-AUDIT-002704,SYN-USER-CITIZEN-001,citizen,MUTATION_AUDIT,mutation,SYN-RES-002704,2024-05-17T16:04:00Z,Review of mutation notice period under Sec 129 KLRA,SUCCESS,True
SYN-AUDIT-002705,SYN-USER-OFFICER-001,revenue_officer,DOCUMENT_INGEST,document,SYN-RES-002705,2024-06-18T17:05:00Z,Citizen evidence upload and SHA-256 vault ingest,SUCCESS,True
SYN-AUDIT-002706,SYN-USER-ADMIN-001,administrator,VALIDATION_RUN,validation_case,SYN-CASE-002706,2024-07-19T18:06:00Z,Automated multi-field statutory comparison pipeline,SUCCESS,True
SYN-AUDIT-002707,SYSTEM-VALIDATION-ENGINE,system_engine,CASE_REVIEW,validation_case,SYN-CASE-002707,2024-08-20T19:07:00Z,Revenue officer inspected cadastral discrepancy,REVIEW_REQUIRED,True
SYN-AUDIT-002708,SYN-USER-CITIZEN-001,citizen,DECISION_RECORDED,validation_case,SYN-CASE-002708,2024-09-21T20:08:00Z,Officer adjudication recorded in case log,SUCCESS,True
SYN-AUDIT-002709,SYN-USER-OFFICER-001,revenue_officer,MUTATION_AUDIT,mutation,SYN-RES-002709,2024-10-22T21:09:00Z,Review of mutation notice period under Sec 129 KLRA,SUCCESS,True
SYN-AUDIT-002710,SYN-USER-ADMIN-001,administrator,DOCUMENT_INGEST,document,SYN-RES-002710,2024-11-23T22:10:00Z,Citizen evidence upload and SHA-256 vault ingest,SUCCESS,True
SYN-AUDIT-002711,SYSTEM-VALIDATION-ENGINE,system_engine,VALIDATION_RUN,validation_case,SYN-CASE-002711,2024-12-24T23:11:00Z,Automated multi-field statutory comparison pipeline,SUCCESS,True
SYN-AUDIT-002712,SYN-USER-CITIZEN-001,citizen,CASE_REVIEW,validation_case,SYN-CASE-002712,2024-01-25T00:12:00Z,Revenue officer inspected cadastral discrepancy,REVIEW_REQUIRED,True
SYN-AUDIT-002713,SYN-USER-OFFICER-001,revenue_officer,DECISION_RECORDED,validation_case,SYN-CASE-002713,2024-02-26T01:13:00Z,Officer adjudication recorded in case log,SUCCESS,True
SYN-AUDIT-002714,SYN-USER-ADMIN-001,administrator,MUTATION_AUDIT,mutation,SYN-RES-002714,2024-03-27T02:14:00Z,Review of mutation notice period under Sec 129 KLRA,SUCCESS,True
SYN-AUDIT-002715,SYSTEM-VALIDATION-ENGINE,system_engine,DOCUMENT_INGEST,document,SYN-RES-002715,2024-04-28T03:15:00Z,Citizen evidence upload and SHA-256 vault ingest,SUCCESS,True
SYN-AUDIT-002716,SYN-USER-CITIZEN-001,citizen,VALIDATION_RUN,validation_case,SYN-CASE-002716,2024-05-01T04:16:00Z,Automated multi-field statutory comparison pipeline,SUCCESS,True
SYN-AUDIT-002717,SYN-USER-OFFICER-001,revenue_officer,CASE_REVIEW,validation_case,SYN-CASE-002717,2024-06-02T05:17:00Z,Revenue officer inspected cadastral discrepancy,REVIEW_REQUIRED,True
SYN-AUDIT-002718,SYN-USER-ADMIN-001,administrator,DECISION_RECORDED,validation_case,SYN-CASE-002718,2024-07-03T06:18:00Z,Officer adjudication recorded in case log,SUCCESS,True
SYN-AUDIT-002719,SYSTEM-VALIDATION-ENGINE,system_engine,MUTATION_AUDIT,mutation,SYN-RES-002719,2024-08-04T07:19:00Z,Review of mutation notice period under Sec 129 KLRA,SUCCESS,True
SYN-AUDIT-002720,SYN-USER-CITIZEN-001,citizen,DOCUMENT_INGEST,document,SYN-RES-002720,2024-09-05T08:20:00Z,Citizen evidence upload and SHA-256 vault ingest,SUCCESS,True
SYN-AUDIT-002721,SYN-USER-OFFICER-001,revenue_officer,VALIDATION_RUN,validation_case,SYN-CASE-002721,2024-10-06T09:21:00Z,Automated multi-field statutory comparison pipeline,SUCCESS,True
SYN-AUDIT-002722,SYN-USER-ADMIN-001,administrator,CASE_REVIEW,validation_case,SYN-CASE-002722,2024-11-07T10:22:00Z,Revenue officer inspected cadastral discrepancy,REVIEW_REQUIRED,True
SYN-AUDIT-002723,SYSTEM-VALIDATION-ENGINE,system_engine,DECISION_RECORDED,validation_case,SYN-CASE-002723,2024-12-08T11:23:00Z,Officer adjudication recorded in case log,SUCCESS,True
SYN-AUDIT-002724,SYN-USER-CITIZEN-001,citizen,MUTATION_AUDIT,mutation,SYN-RES-002724,2024-01-09T12:24:00Z,Review of mutation notice period under Sec 129 KLRA,SUCCESS,True
SYN-AUDIT-002725,SYN-USER-OFFICER-001,revenue_officer,DOCUMENT_INGEST,document,SYN-RES-002725,2024-02-10T13:25:00Z,Citizen evidence upload and SHA-256 vault ingest,SUCCESS,True
SYN-AUDIT-002726,SYN-USER-ADMIN-001,administrator,VALIDATION_RUN,validation_case,SYN-CASE-002726,2024-03-11T14:26:00Z,Automated multi-field statutory comparison pipeline,SUCCESS,True
SYN-AUDIT-002727,SYSTEM-VALIDATION-ENGINE,system_engine,CASE_REVIEW,validation_case,SYN-CASE-002727,2024-04-12T15:27:00Z,Revenue officer inspected cadastral discrepancy,REVIEW_REQUIRED,True
SYN-AUDIT-002728,SYN-USER-CITIZEN-001,citizen,DECISION_RECORDED,validation_case,SYN-CASE-002728,2024-05-13T16:28:00Z,Officer adjudication recorded in case log,SUCCESS,True
SYN-AUDIT-002729,SYN-USER-OFFICER-001,revenue_officer,MUTATION_AUDIT,mutation,SYN-RES-002729,2024-06-14T17:29:00Z,Review of mutation notice period under Sec 129 KLRA,SUCCESS,True
SYN-AUDIT-002730,SYN-USER-ADMIN-001,administrator,DOCUMENT_INGEST,document,SYN-RES-002730,2024-07-15T18:30:00Z,Citizen evidence upload and SHA-256 vault ingest,SUCCESS,True
SYN-AUDIT-002731,SYSTEM-VALIDATION-ENGINE,system_engine,VALIDATION_RUN,validation_case,SYN-CASE-002731,2024-08-16T19:31:00Z,Automated multi-field statutory comparison pipeline,SUCCESS,True
SYN-AUDIT-002732,SYN-USER-CITIZEN-001,citizen,CASE_REVIEW,validation_case,SYN-CASE-002732,2024-09-17T20:32:00Z,Revenue officer inspected cadastral discrepancy,REVIEW_REQUIRED,True
SYN-AUDIT-002733,SYN-USER-OFFICER-001,revenue_officer,DECISION_RECORDED,validation_case,SYN-CASE-002733,2024-10-18T21:33:00Z,Officer adjudication recorded in case log,SUCCESS,True
SYN-AUDIT-002734,SYN-USER-ADMIN-001,administrator,MUTATION_AUDIT,mutation,SYN-RES-002734,2024-11-19T22:34:00Z,Review of mutation notice period under Sec 129 KLRA,SUCCESS,True
SYN-AUDIT-002735,SYSTEM-VALIDATION-ENGINE,system_engine,DOCUMENT_INGEST,document,SYN-RES-002735,2024-12-20T23:35:00Z,Citizen evidence upload and SHA-256 vault ingest,SUCCESS,True
SYN-AUDIT-002736,SYN-USER-CITIZEN-001,citizen,VALIDATION_RUN,validation_case,SYN-CASE-002736,2024-01-21T00:36:00Z,Automated multi-field statutory comparison pipeline,SUCCESS,True
SYN-AUDIT-002737,SYN-USER-OFFICER-001,revenue_officer,CASE_REVIEW,validation_case,SYN-CASE-002737,2024-02-22T01:37:00Z,Revenue officer inspected cadastral discrepancy,REVIEW_REQUIRED,True
SYN-AUDIT-002738,SYN-USER-ADMIN-001,administrator,DECISION_RECORDED,validation_case,SYN-CASE-002738,2024-03-23T02:38:00Z,Officer adjudication recorded in case log,SUCCESS,True
SYN-AUDIT-002739,SYSTEM-VALIDATION-ENGINE,system_engine,MUTATION_AUDIT,mutation,SYN-RES-002739,2024-04-24T03:39:00Z,Review of mutation notice period under Sec 129 KLRA,SUCCESS,True
SYN-AUDIT-002740,SYN-USER-CITIZEN-001,citizen,DOCUMENT_INGEST,document,SYN-RES-002740,2024-05-25T04:40:00Z,Citizen evidence upload and SHA-256 vault ingest,SUCCESS,True
SYN-AUDIT-002741,SYN-USER-OFFICER-001,revenue_officer,VALIDATION_RUN,validation_case,SYN-CASE-002741,2024-06-26T05:41:00Z,Automated multi-field statutory comparison pipeline,SUCCESS,True
SYN-AUDIT-002742,SYN-USER-ADMIN-001,administrator,CASE_REVIEW,validation_case,SYN-CASE-002742,2024-07-27T06:42:00Z,Revenue officer inspected cadastral discrepancy,REVIEW_REQUIRED,True
SYN-AUDIT-002743,SYSTEM-VALIDATION-ENGINE,system_engine,DECISION_RECORDED,validation_case,SYN-CASE-002743,2024-08-28T07:43:00Z,Officer adjudication recorded in case log,SUCCESS,True
SYN-AUDIT-002744,SYN-USER-CITIZEN-001,citizen,MUTATION_AUDIT,mutation,SYN-RES-002744,2024-09-01T08:44:00Z,Review of mutation notice period under Sec 129 KLRA,SUCCESS,True
SYN-AUDIT-002745,SYN-USER-OFFICER-001,revenue_officer,DOCUMENT_INGEST,document,SYN-RES-002745,2024-10-02T09:45:00Z,Citizen evidence upload and SHA-256 vault ingest,SUCCESS,True
SYN-AUDIT-002746,SYN-USER-ADMIN-001,administrator,VALIDATION_RUN,validation_case,SYN-CASE-002746,2024-11-03T10:46:00Z,Automated multi-field statutory comparison pipeline,SUCCESS,True
SYN-AUDIT-002747,SYSTEM-VALIDATION-ENGINE,system_engine,CASE_REVIEW,validation_case,SYN-CASE-002747,2024-12-04T11:47:00Z,Revenue officer inspected cadastral discrepancy,REVIEW_REQUIRED,True
SYN-AUDIT-002748,SYN-USER-CITIZEN-001,citizen,DECISION_RECORDED,validation_case,SYN-CASE-002748,2024-01-05T12:48:00Z,Officer adjudication recorded in case log,SUCCESS,True
SYN-AUDIT-002749,SYN-USER-OFFICER-001,revenue_officer,MUTATION_AUDIT,mutation,SYN-RES-002749,2024-02-06T13:49:00Z,Review of mutation notice period under Sec 129 KLRA,SUCCESS,True
SYN-AUDIT-002750,SYN-USER-ADMIN-001,administrator,DOCUMENT_INGEST,document,SYN-RES-002750,2024-03-07T14:50:00Z,Citizen evidence upload and SHA-256 vault ingest,SUCCESS,True
SYN-AUDIT-002751,SYSTEM-VALIDATION-ENGINE,system_engine,VALIDATION_RUN,validation_case,SYN-CASE-002751,2024-04-08T15:51:00Z,Automated multi-field statutory comparison pipeline,SUCCESS,True
SYN-AUDIT-002752,SYN-USER-CITIZEN-001,citizen,CASE_REVIEW,validation_case,SYN-CASE-002752,2024-05-09T16:52:00Z,Revenue officer inspected cadastral discrepancy,REVIEW_REQUIRED,True
SYN-AUDIT-002753,SYN-USER-OFFICER-001,revenue_officer,DECISION_RECORDED,validation_case,SYN-CASE-002753,2024-06-10T17:53:00Z,Officer adjudication recorded in case log,SUCCESS,True
SYN-AUDIT-002754,SYN-USER-ADMIN-001,administrator,MUTATION_AUDIT,mutation,SYN-RES-002754,2024-07-11T18:54:00Z,Review of mutation notice period under Sec 129 KLRA,SUCCESS,True
SYN-AUDIT-002755,SYSTEM-VALIDATION-ENGINE,system_engine,DOCUMENT_INGEST,document,SYN-RES-002755,2024-08-12T19:55:00Z,Citizen evidence upload and SHA-256 vault ingest,SUCCESS,True
SYN-AUDIT-002756,SYN-USER-CITIZEN-001,citizen,VALIDATION_RUN,validation_case,SYN-CASE-002756,2024-09-13T20:56:00Z,Automated multi-field statutory comparison pipeline,SUCCESS,True
SYN-AUDIT-002757,SYN-USER-OFFICER-001,revenue_officer,CASE_REVIEW,validation_case,SYN-CASE-002757,2024-10-14T21:57:00Z,Revenue officer inspected cadastral discrepancy,REVIEW_REQUIRED,True
SYN-AUDIT-002758,SYN-USER-ADMIN-001,administrator,DECISION_RECORDED,validation_case,SYN-CASE-002758,2024-11-15T22:58:00Z,Officer adjudication recorded in case log,SUCCESS,True
SYN-AUDIT-002759,SYSTEM-VALIDATION-ENGINE,system_engine,MUTATION_AUDIT,mutation,SYN-RES-002759,2024-12-16T23:59:00Z,Review of mutation notice period under Sec 129 KLRA,SUCCESS,True
SYN-AUDIT-002760,SYN-USER-CITIZEN-001,citizen,DOCUMENT_INGEST,document,SYN-RES-002760,2024-01-17T00:00:00Z,Citizen evidence upload and SHA-256 vault ingest,SUCCESS,True
SYN-AUDIT-002761,SYN-USER-OFFICER-001,revenue_officer,VALIDATION_RUN,validation_case,SYN-CASE-002761,2024-02-18T01:01:00Z,Automated multi-field statutory comparison pipeline,SUCCESS,True
SYN-AUDIT-002762,SYN-USER-ADMIN-001,administrator,CASE_REVIEW,validation_case,SYN-CASE-002762,2024-03-19T02:02:00Z,Revenue officer inspected cadastral discrepancy,REVIEW_REQUIRED,True
SYN-AUDIT-002763,SYSTEM-VALIDATION-ENGINE,system_engine,DECISION_RECORDED,validation_case,SYN-CASE-002763,2024-04-20T03:03:00Z,Officer adjudication recorded in case log,SUCCESS,True
SYN-AUDIT-002764,SYN-USER-CITIZEN-001,citizen,MUTATION_AUDIT,mutation,SYN-RES-002764,2024-05-21T04:04:00Z,Review of mutation notice period under Sec 129 KLRA,SUCCESS,True
SYN-AUDIT-002765,SYN-USER-OFFICER-001,revenue_officer,DOCUMENT_INGEST,document,SYN-RES-002765,2024-06-22T05:05:00Z,Citizen evidence upload and SHA-256 vault ingest,SUCCESS,True
SYN-AUDIT-002766,SYN-USER-ADMIN-001,administrator,VALIDATION_RUN,validation_case,SYN-CASE-002766,2024-07-23T06:06:00Z,Automated multi-field statutory comparison pipeline,SUCCESS,True
SYN-AUDIT-002767,SYSTEM-VALIDATION-ENGINE,system_engine,CASE_REVIEW,validation_case,SYN-CASE-002767,2024-08-24T07:07:00Z,Revenue officer inspected cadastral discrepancy,REVIEW_REQUIRED,True
SYN-AUDIT-002768,SYN-USER-CITIZEN-001,citizen,DECISION_RECORDED,validation_case,SYN-CASE-002768,2024-09-25T08:08:00Z,Officer adjudication recorded in case log,SUCCESS,True
SYN-AUDIT-002769,SYN-USER-OFFICER-001,revenue_officer,MUTATION_AUDIT,mutation,SYN-RES-002769,2024-10-26T09:09:00Z,Review of mutation notice period under Sec 129 KLRA,SUCCESS,True
SYN-AUDIT-002770,SYN-USER-ADMIN-001,administrator,DOCUMENT_INGEST,document,SYN-RES-002770,2024-11-27T10:10:00Z,Citizen evidence upload and SHA-256 vault ingest,SUCCESS,True
SYN-AUDIT-002771,SYSTEM-VALIDATION-ENGINE,system_engine,VALIDATION_RUN,validation_case,SYN-CASE-002771,2024-12-28T11:11:00Z,Automated multi-field statutory comparison pipeline,SUCCESS,True
SYN-AUDIT-002772,SYN-USER-CITIZEN-001,citizen,CASE_REVIEW,validation_case,SYN-CASE-002772,2024-01-01T12:12:00Z,Revenue officer inspected cadastral discrepancy,REVIEW_REQUIRED,True
SYN-AUDIT-002773,SYN-USER-OFFICER-001,revenue_officer,DECISION_RECORDED,validation_case,SYN-CASE-002773,2024-02-02T13:13:00Z,Officer adjudication recorded in case log,SUCCESS,True
SYN-AUDIT-002774,SYN-USER-ADMIN-001,administrator,MUTATION_AUDIT,mutation,SYN-RES-002774,2024-03-03T14:14:00Z,Review of mutation notice period under Sec 129 KLRA,SUCCESS,True
SYN-AUDIT-002775,SYSTEM-VALIDATION-ENGINE,system_engine,DOCUMENT_INGEST,document,SYN-RES-002775,2024-04-04T15:15:00Z,Citizen evidence upload and SHA-256 vault ingest,SUCCESS,True
SYN-AUDIT-002776,SYN-USER-CITIZEN-001,citizen,VALIDATION_RUN,validation_case,SYN-CASE-002776,2024-05-05T16:16:00Z,Automated multi-field statutory comparison pipeline,SUCCESS,True
SYN-AUDIT-002777,SYN-USER-OFFICER-001,revenue_officer,CASE_REVIEW,validation_case,SYN-CASE-002777,2024-06-06T17:17:00Z,Revenue officer inspected cadastral discrepancy,REVIEW_REQUIRED,True
SYN-AUDIT-002778,SYN-USER-ADMIN-001,administrator,DECISION_RECORDED,validation_case,SYN-CASE-002778,2024-07-07T18:18:00Z,Officer adjudication recorded in case log,SUCCESS,True
SYN-AUDIT-002779,SYSTEM-VALIDATION-ENGINE,system_engine,MUTATION_AUDIT,mutation,SYN-RES-002779,2024-08-08T19:19:00Z,Review of mutation notice period under Sec 129 KLRA,SUCCESS,True
SYN-AUDIT-002780,SYN-USER-CITIZEN-001,citizen,DOCUMENT_INGEST,document,SYN-RES-002780,2024-09-09T20:20:00Z,Citizen evidence upload and SHA-256 vault ingest,SUCCESS,True
SYN-AUDIT-002781,SYN-USER-OFFICER-001,revenue_officer,VALIDATION_RUN,validation_case,SYN-CASE-002781,2024-10-10T21:21:00Z,Automated multi-field statutory comparison pipeline,SUCCESS,True
SYN-AUDIT-002782,SYN-USER-ADMIN-001,administrator,CASE_REVIEW,validation_case,SYN-CASE-002782,2024-11-11T22:22:00Z,Revenue officer inspected cadastral discrepancy,REVIEW_REQUIRED,True
SYN-AUDIT-002783,SYSTEM-VALIDATION-ENGINE,system_engine,DECISION_RECORDED,validation_case,SYN-CASE-002783,2024-12-12T23:23:00Z,Officer adjudication recorded in case log,SUCCESS,True
SYN-AUDIT-002784,SYN-USER-CITIZEN-001,citizen,MUTATION_AUDIT,mutation,SYN-RES-002784,2024-01-13T00:24:00Z,Review of mutation notice period under Sec 129 KLRA,SUCCESS,True
SYN-AUDIT-002785,SYN-USER-OFFICER-001,revenue_officer,DOCUMENT_INGEST,document,SYN-RES-002785,2024-02-14T01:25:00Z,Citizen evidence upload and SHA-256 vault ingest,SUCCESS,True
SYN-AUDIT-002786,SYN-USER-ADMIN-001,administrator,VALIDATION_RUN,validation_case,SYN-CASE-002786,2024-03-15T02:26:00Z,Automated multi-field statutory comparison pipeline,SUCCESS,True
SYN-AUDIT-002787,SYSTEM-VALIDATION-ENGINE,system_engine,CASE_REVIEW,validation_case,SYN-CASE-002787,2024-04-16T03:27:00Z,Revenue officer inspected cadastral discrepancy,REVIEW_REQUIRED,True
SYN-AUDIT-002788,SYN-USER-CITIZEN-001,citizen,DECISION_RECORDED,validation_case,SYN-CASE-002788,2024-05-17T04:28:00Z,Officer adjudication recorded in case log,SUCCESS,True
SYN-AUDIT-002789,SYN-USER-OFFICER-001,revenue_officer,MUTATION_AUDIT,mutation,SYN-RES-002789,2024-06-18T05:29:00Z,Review of mutation notice period under Sec 129 KLRA,SUCCESS,True
SYN-AUDIT-002790,SYN-USER-ADMIN-001,administrator,DOCUMENT_INGEST,document,SYN-RES-002790,2024-07-19T06:30:00Z,Citizen evidence upload and SHA-256 vault ingest,SUCCESS,True
SYN-AUDIT-002791,SYSTEM-VALIDATION-ENGINE,system_engine,VALIDATION_RUN,validation_case,SYN-CASE-002791,2024-08-20T07:31:00Z,Automated multi-field statutory comparison pipeline,SUCCESS,True
SYN-AUDIT-002792,SYN-USER-CITIZEN-001,citizen,CASE_REVIEW,validation_case,SYN-CASE-002792,2024-09-21T08:32:00Z,Revenue officer inspected cadastral discrepancy,REVIEW_REQUIRED,True
SYN-AUDIT-002793,SYN-USER-OFFICER-001,revenue_officer,DECISION_RECORDED,validation_case,SYN-CASE-002793,2024-10-22T09:33:00Z,Officer adjudication recorded in case log,SUCCESS,True
SYN-AUDIT-002794,SYN-USER-ADMIN-001,administrator,MUTATION_AUDIT,mutation,SYN-RES-002794,2024-11-23T10:34:00Z,Review of mutation notice period under Sec 129 KLRA,SUCCESS,True
SYN-AUDIT-002795,SYSTEM-VALIDATION-ENGINE,system_engine,DOCUMENT_INGEST,document,SYN-RES-002795,2024-12-24T11:35:00Z,Citizen evidence upload and SHA-256 vault ingest,SUCCESS,True
SYN-AUDIT-002796,SYN-USER-CITIZEN-001,citizen,VALIDATION_RUN,validation_case,SYN-CASE-002796,2024-01-25T12:36:00Z,Automated multi-field statutory comparison pipeline,SUCCESS,True
SYN-AUDIT-002797,SYN-USER-OFFICER-001,revenue_officer,CASE_REVIEW,validation_case,SYN-CASE-002797,2024-02-26T13:37:00Z,Revenue officer inspected cadastral discrepancy,REVIEW_REQUIRED,True
SYN-AUDIT-002798,SYN-USER-ADMIN-001,administrator,DECISION_RECORDED,validation_case,SYN-CASE-002798,2024-03-27T14:38:00Z,Officer adjudication recorded in case log,SUCCESS,True
SYN-AUDIT-002799,SYSTEM-VALIDATION-ENGINE,system_engine,MUTATION_AUDIT,mutation,SYN-RES-002799,2024-04-28T15:39:00Z,Review of mutation notice period under Sec 129 KLRA,SUCCESS,True
SYN-AUDIT-002800,SYN-USER-CITIZEN-001,citizen,DOCUMENT_INGEST,document,SYN-RES-002800,2024-05-01T16:40:00Z,Citizen evidence upload and SHA-256 vault ingest,SUCCESS,True
SYN-AUDIT-002801,SYN-USER-OFFICER-001,revenue_officer,VALIDATION_RUN,validation_case,SYN-CASE-002801,2024-06-02T17:41:00Z,Automated multi-field statutory comparison pipeline,SUCCESS,True
SYN-AUDIT-002802,SYN-USER-ADMIN-001,administrator,CASE_REVIEW,validation_case,SYN-CASE-002802,2024-07-03T18:42:00Z,Revenue officer inspected cadastral discrepancy,REVIEW_REQUIRED,True
SYN-AUDIT-002803,SYSTEM-VALIDATION-ENGINE,system_engine,DECISION_RECORDED,validation_case,SYN-CASE-002803,2024-08-04T19:43:00Z,Officer adjudication recorded in case log,SUCCESS,True
SYN-AUDIT-002804,SYN-USER-CITIZEN-001,citizen,MUTATION_AUDIT,mutation,SYN-RES-002804,2024-09-05T20:44:00Z,Review of mutation notice period under Sec 129 KLRA,SUCCESS,True
SYN-AUDIT-002805,SYN-USER-OFFICER-001,revenue_officer,DOCUMENT_INGEST,document,SYN-RES-002805,2024-10-06T21:45:00Z,Citizen evidence upload and SHA-256 vault ingest,SUCCESS,True
SYN-AUDIT-002806,SYN-USER-ADMIN-001,administrator,VALIDATION_RUN,validation_case,SYN-CASE-002806,2024-11-07T22:46:00Z,Automated multi-field statutory comparison pipeline,SUCCESS,True
SYN-AUDIT-002807,SYSTEM-VALIDATION-ENGINE,system_engine,CASE_REVIEW,validation_case,SYN-CASE-002807,2024-12-08T23:47:00Z,Revenue officer inspected cadastral discrepancy,REVIEW_REQUIRED,True
SYN-AUDIT-002808,SYN-USER-CITIZEN-001,citizen,DECISION_RECORDED,validation_case,SYN-CASE-002808,2024-01-09T00:48:00Z,Officer adjudication recorded in case log,SUCCESS,True
SYN-AUDIT-002809,SYN-USER-OFFICER-001,revenue_officer,MUTATION_AUDIT,mutation,SYN-RES-002809,2024-02-10T01:49:00Z,Review of mutation notice period under Sec 129 KLRA,SUCCESS,True
SYN-AUDIT-002810,SYN-USER-ADMIN-001,administrator,DOCUMENT_INGEST,document,SYN-RES-002810,2024-03-11T02:50:00Z,Citizen evidence upload and SHA-256 vault ingest,SUCCESS,True
SYN-AUDIT-002811,SYSTEM-VALIDATION-ENGINE,system_engine,VALIDATION_RUN,validation_case,SYN-CASE-002811,2024-04-12T03:51:00Z,Automated multi-field statutory comparison pipeline,SUCCESS,True
SYN-AUDIT-002812,SYN-USER-CITIZEN-001,citizen,CASE_REVIEW,validation_case,SYN-CASE-002812,2024-05-13T04:52:00Z,Revenue officer inspected cadastral discrepancy,REVIEW_REQUIRED,True
SYN-AUDIT-002813,SYN-USER-OFFICER-001,revenue_officer,DECISION_RECORDED,validation_case,SYN-CASE-002813,2024-06-14T05:53:00Z,Officer adjudication recorded in case log,SUCCESS,True
SYN-AUDIT-002814,SYN-USER-ADMIN-001,administrator,MUTATION_AUDIT,mutation,SYN-RES-002814,2024-07-15T06:54:00Z,Review of mutation notice period under Sec 129 KLRA,SUCCESS,True
SYN-AUDIT-002815,SYSTEM-VALIDATION-ENGINE,system_engine,DOCUMENT_INGEST,document,SYN-RES-002815,2024-08-16T07:55:00Z,Citizen evidence upload and SHA-256 vault ingest,SUCCESS,True
SYN-AUDIT-002816,SYN-USER-CITIZEN-001,citizen,VALIDATION_RUN,validation_case,SYN-CASE-002816,2024-09-17T08:56:00Z,Automated multi-field statutory comparison pipeline,SUCCESS,True
SYN-AUDIT-002817,SYN-USER-OFFICER-001,revenue_officer,CASE_REVIEW,validation_case,SYN-CASE-002817,2024-10-18T09:57:00Z,Revenue officer inspected cadastral discrepancy,REVIEW_REQUIRED,True
SYN-AUDIT-002818,SYN-USER-ADMIN-001,administrator,DECISION_RECORDED,validation_case,SYN-CASE-002818,2024-11-19T10:58:00Z,Officer adjudication recorded in case log,SUCCESS,True
SYN-AUDIT-002819,SYSTEM-VALIDATION-ENGINE,system_engine,MUTATION_AUDIT,mutation,SYN-RES-002819,2024-12-20T11:59:00Z,Review of mutation notice period under Sec 129 KLRA,SUCCESS,True
SYN-AUDIT-002820,SYN-USER-CITIZEN-001,citizen,DOCUMENT_INGEST,document,SYN-RES-002820,2024-01-21T12:00:00Z,Citizen evidence upload and SHA-256 vault ingest,SUCCESS,True
SYN-AUDIT-002821,SYN-USER-OFFICER-001,revenue_officer,VALIDATION_RUN,validation_case,SYN-CASE-002821,2024-02-22T13:01:00Z,Automated multi-field statutory comparison pipeline,SUCCESS,True
SYN-AUDIT-002822,SYN-USER-ADMIN-001,administrator,CASE_REVIEW,validation_case,SYN-CASE-002822,2024-03-23T14:02:00Z,Revenue officer inspected cadastral discrepancy,REVIEW_REQUIRED,True
SYN-AUDIT-002823,SYSTEM-VALIDATION-ENGINE,system_engine,DECISION_RECORDED,validation_case,SYN-CASE-002823,2024-04-24T15:03:00Z,Officer adjudication recorded in case log,SUCCESS,True
SYN-AUDIT-002824,SYN-USER-CITIZEN-001,citizen,MUTATION_AUDIT,mutation,SYN-RES-002824,2024-05-25T16:04:00Z,Review of mutation notice period under Sec 129 KLRA,SUCCESS,True
SYN-AUDIT-002825,SYN-USER-OFFICER-001,revenue_officer,DOCUMENT_INGEST,document,SYN-RES-002825,2024-06-26T17:05:00Z,Citizen evidence upload and SHA-256 vault ingest,SUCCESS,True
SYN-AUDIT-002826,SYN-USER-ADMIN-001,administrator,VALIDATION_RUN,validation_case,SYN-CASE-002826,2024-07-27T18:06:00Z,Automated multi-field statutory comparison pipeline,SUCCESS,True
SYN-AUDIT-002827,SYSTEM-VALIDATION-ENGINE,system_engine,CASE_REVIEW,validation_case,SYN-CASE-002827,2024-08-28T19:07:00Z,Revenue officer inspected cadastral discrepancy,REVIEW_REQUIRED,True
SYN-AUDIT-002828,SYN-USER-CITIZEN-001,citizen,DECISION_RECORDED,validation_case,SYN-CASE-002828,2024-09-01T20:08:00Z,Officer adjudication recorded in case log,SUCCESS,True
SYN-AUDIT-002829,SYN-USER-OFFICER-001,revenue_officer,MUTATION_AUDIT,mutation,SYN-RES-002829,2024-10-02T21:09:00Z,Review of mutation notice period under Sec 129 KLRA,SUCCESS,True
SYN-AUDIT-002830,SYN-USER-ADMIN-001,administrator,DOCUMENT_INGEST,document,SYN-RES-002830,2024-11-03T22:10:00Z,Citizen evidence upload and SHA-256 vault ingest,SUCCESS,True
SYN-AUDIT-002831,SYSTEM-VALIDATION-ENGINE,system_engine,VALIDATION_RUN,validation_case,SYN-CASE-002831,2024-12-04T23:11:00Z,Automated multi-field statutory comparison pipeline,SUCCESS,True
SYN-AUDIT-002832,SYN-USER-CITIZEN-001,citizen,CASE_REVIEW,validation_case,SYN-CASE-002832,2024-01-05T00:12:00Z,Revenue officer inspected cadastral discrepancy,REVIEW_REQUIRED,True
SYN-AUDIT-002833,SYN-USER-OFFICER-001,revenue_officer,DECISION_RECORDED,validation_case,SYN-CASE-002833,2024-02-06T01:13:00Z,Officer adjudication recorded in case log,SUCCESS,True
SYN-AUDIT-002834,SYN-USER-ADMIN-001,administrator,MUTATION_AUDIT,mutation,SYN-RES-002834,2024-03-07T02:14:00Z,Review of mutation notice period under Sec 129 KLRA,SUCCESS,True
SYN-AUDIT-002835,SYSTEM-VALIDATION-ENGINE,system_engine,DOCUMENT_INGEST,document,SYN-RES-002835,2024-04-08T03:15:00Z,Citizen evidence upload and SHA-256 vault ingest,SUCCESS,True
SYN-AUDIT-002836,SYN-USER-CITIZEN-001,citizen,VALIDATION_RUN,validation_case,SYN-CASE-002836,2024-05-09T04:16:00Z,Automated multi-field statutory comparison pipeline,SUCCESS,True
SYN-AUDIT-002837,SYN-USER-OFFICER-001,revenue_officer,CASE_REVIEW,validation_case,SYN-CASE-002837,2024-06-10T05:17:00Z,Revenue officer inspected cadastral discrepancy,REVIEW_REQUIRED,True
SYN-AUDIT-002838,SYN-USER-ADMIN-001,administrator,DECISION_RECORDED,validation_case,SYN-CASE-002838,2024-07-11T06:18:00Z,Officer adjudication recorded in case log,SUCCESS,True
SYN-AUDIT-002839,SYSTEM-VALIDATION-ENGINE,system_engine,MUTATION_AUDIT,mutation,SYN-RES-002839,2024-08-12T07:19:00Z,Review of mutation notice period under Sec 129 KLRA,SUCCESS,True
SYN-AUDIT-002840,SYN-USER-CITIZEN-001,citizen,DOCUMENT_INGEST,document,SYN-RES-002840,2024-09-13T08:20:00Z,Citizen evidence upload and SHA-256 vault ingest,SUCCESS,True
SYN-AUDIT-002841,SYN-USER-OFFICER-001,revenue_officer,VALIDATION_RUN,validation_case,SYN-CASE-002841,2024-10-14T09:21:00Z,Automated multi-field statutory comparison pipeline,SUCCESS,True
SYN-AUDIT-002842,SYN-USER-ADMIN-001,administrator,CASE_REVIEW,validation_case,SYN-CASE-002842,2024-11-15T10:22:00Z,Revenue officer inspected cadastral discrepancy,REVIEW_REQUIRED,True
SYN-AUDIT-002843,SYSTEM-VALIDATION-ENGINE,system_engine,DECISION_RECORDED,validation_case,SYN-CASE-002843,2024-12-16T11:23:00Z,Officer adjudication recorded in case log,SUCCESS,True
SYN-AUDIT-002844,SYN-USER-CITIZEN-001,citizen,MUTATION_AUDIT,mutation,SYN-RES-002844,2024-01-17T12:24:00Z,Review of mutation notice period under Sec 129 KLRA,SUCCESS,True
SYN-AUDIT-002845,SYN-USER-OFFICER-001,revenue_officer,DOCUMENT_INGEST,document,SYN-RES-002845,2024-02-18T13:25:00Z,Citizen evidence upload and SHA-256 vault ingest,SUCCESS,True
SYN-AUDIT-002846,SYN-USER-ADMIN-001,administrator,VALIDATION_RUN,validation_case,SYN-CASE-002846,2024-03-19T14:26:00Z,Automated multi-field statutory comparison pipeline,SUCCESS,True
SYN-AUDIT-002847,SYSTEM-VALIDATION-ENGINE,system_engine,CASE_REVIEW,validation_case,SYN-CASE-002847,2024-04-20T15:27:00Z,Revenue officer inspected cadastral discrepancy,REVIEW_REQUIRED,True
SYN-AUDIT-002848,SYN-USER-CITIZEN-001,citizen,DECISION_RECORDED,validation_case,SYN-CASE-002848,2024-05-21T16:28:00Z,Officer adjudication recorded in case log,SUCCESS,True
SYN-AUDIT-002849,SYN-USER-OFFICER-001,revenue_officer,MUTATION_AUDIT,mutation,SYN-RES-002849,2024-06-22T17:29:00Z,Review of mutation notice period under Sec 129 KLRA,SUCCESS,True
SYN-AUDIT-002850,SYN-USER-ADMIN-001,administrator,DOCUMENT_INGEST,document,SYN-RES-002850,2024-07-23T18:30:00Z,Citizen evidence upload and SHA-256 vault ingest,SUCCESS,True
SYN-AUDIT-002851,SYSTEM-VALIDATION-ENGINE,system_engine,VALIDATION_RUN,validation_case,SYN-CASE-002851,2024-08-24T19:31:00Z,Automated multi-field statutory comparison pipeline,SUCCESS,True
SYN-AUDIT-002852,SYN-USER-CITIZEN-001,citizen,CASE_REVIEW,validation_case,SYN-CASE-002852,2024-09-25T20:32:00Z,Revenue officer inspected cadastral discrepancy,REVIEW_REQUIRED,True
SYN-AUDIT-002853,SYN-USER-OFFICER-001,revenue_officer,DECISION_RECORDED,validation_case,SYN-CASE-002853,2024-10-26T21:33:00Z,Officer adjudication recorded in case log,SUCCESS,True
SYN-AUDIT-002854,SYN-USER-ADMIN-001,administrator,MUTATION_AUDIT,mutation,SYN-RES-002854,2024-11-27T22:34:00Z,Review of mutation notice period under Sec 129 KLRA,SUCCESS,True
SYN-AUDIT-002855,SYSTEM-VALIDATION-ENGINE,system_engine,DOCUMENT_INGEST,document,SYN-RES-002855,2024-12-28T23:35:00Z,Citizen evidence upload and SHA-256 vault ingest,SUCCESS,True
SYN-AUDIT-002856,SYN-USER-CITIZEN-001,citizen,VALIDATION_RUN,validation_case,SYN-CASE-002856,2024-01-01T00:36:00Z,Automated multi-field statutory comparison pipeline,SUCCESS,True
SYN-AUDIT-002857,SYN-USER-OFFICER-001,revenue_officer,CASE_REVIEW,validation_case,SYN-CASE-002857,2024-02-02T01:37:00Z,Revenue officer inspected cadastral discrepancy,REVIEW_REQUIRED,True
SYN-AUDIT-002858,SYN-USER-ADMIN-001,administrator,DECISION_RECORDED,validation_case,SYN-CASE-002858,2024-03-03T02:38:00Z,Officer adjudication recorded in case log,SUCCESS,True
SYN-AUDIT-002859,SYSTEM-VALIDATION-ENGINE,system_engine,MUTATION_AUDIT,mutation,SYN-RES-002859,2024-04-04T03:39:00Z,Review of mutation notice period under Sec 129 KLRA,SUCCESS,True
SYN-AUDIT-002860,SYN-USER-CITIZEN-001,citizen,DOCUMENT_INGEST,document,SYN-RES-002860,2024-05-05T04:40:00Z,Citizen evidence upload and SHA-256 vault ingest,SUCCESS,True
SYN-AUDIT-002861,SYN-USER-OFFICER-001,revenue_officer,VALIDATION_RUN,validation_case,SYN-CASE-002861,2024-06-06T05:41:00Z,Automated multi-field statutory comparison pipeline,SUCCESS,True
SYN-AUDIT-002862,SYN-USER-ADMIN-001,administrator,CASE_REVIEW,validation_case,SYN-CASE-002862,2024-07-07T06:42:00Z,Revenue officer inspected cadastral discrepancy,REVIEW_REQUIRED,True
SYN-AUDIT-002863,SYSTEM-VALIDATION-ENGINE,system_engine,DECISION_RECORDED,validation_case,SYN-CASE-002863,2024-08-08T07:43:00Z,Officer adjudication recorded in case log,SUCCESS,True
SYN-AUDIT-002864,SYN-USER-CITIZEN-001,citizen,MUTATION_AUDIT,mutation,SYN-RES-002864,2024-09-09T08:44:00Z,Review of mutation notice period under Sec 129 KLRA,SUCCESS,True
SYN-AUDIT-002865,SYN-USER-OFFICER-001,revenue_officer,DOCUMENT_INGEST,document,SYN-RES-002865,2024-10-10T09:45:00Z,Citizen evidence upload and SHA-256 vault ingest,SUCCESS,True
SYN-AUDIT-002866,SYN-USER-ADMIN-001,administrator,VALIDATION_RUN,validation_case,SYN-CASE-002866,2024-11-11T10:46:00Z,Automated multi-field statutory comparison pipeline,SUCCESS,True
SYN-AUDIT-002867,SYSTEM-VALIDATION-ENGINE,system_engine,CASE_REVIEW,validation_case,SYN-CASE-002867,2024-12-12T11:47:00Z,Revenue officer inspected cadastral discrepancy,REVIEW_REQUIRED,True
SYN-AUDIT-002868,SYN-USER-CITIZEN-001,citizen,DECISION_RECORDED,validation_case,SYN-CASE-002868,2024-01-13T12:48:00Z,Officer adjudication recorded in case log,SUCCESS,True
SYN-AUDIT-002869,SYN-USER-OFFICER-001,revenue_officer,MUTATION_AUDIT,mutation,SYN-RES-002869,2024-02-14T13:49:00Z,Review of mutation notice period under Sec 129 KLRA,SUCCESS,True
SYN-AUDIT-002870,SYN-USER-ADMIN-001,administrator,DOCUMENT_INGEST,document,SYN-RES-002870,2024-03-15T14:50:00Z,Citizen evidence upload and SHA-256 vault ingest,SUCCESS,True
SYN-AUDIT-002871,SYSTEM-VALIDATION-ENGINE,system_engine,VALIDATION_RUN,validation_case,SYN-CASE-002871,2024-04-16T15:51:00Z,Automated multi-field statutory comparison pipeline,SUCCESS,True
SYN-AUDIT-002872,SYN-USER-CITIZEN-001,citizen,CASE_REVIEW,validation_case,SYN-CASE-002872,2024-05-17T16:52:00Z,Revenue officer inspected cadastral discrepancy,REVIEW_REQUIRED,True
SYN-AUDIT-002873,SYN-USER-OFFICER-001,revenue_officer,DECISION_RECORDED,validation_case,SYN-CASE-002873,2024-06-18T17:53:00Z,Officer adjudication recorded in case log,SUCCESS,True
SYN-AUDIT-002874,SYN-USER-ADMIN-001,administrator,MUTATION_AUDIT,mutation,SYN-RES-002874,2024-07-19T18:54:00Z,Review of mutation notice period under Sec 129 KLRA,SUCCESS,True
SYN-AUDIT-002875,SYSTEM-VALIDATION-ENGINE,system_engine,DOCUMENT_INGEST,document,SYN-RES-002875,2024-08-20T19:55:00Z,Citizen evidence upload and SHA-256 vault ingest,SUCCESS,True
SYN-AUDIT-002876,SYN-USER-CITIZEN-001,citizen,VALIDATION_RUN,validation_case,SYN-CASE-002876,2024-09-21T20:56:00Z,Automated multi-field statutory comparison pipeline,SUCCESS,True
SYN-AUDIT-002877,SYN-USER-OFFICER-001,revenue_officer,CASE_REVIEW,validation_case,SYN-CASE-002877,2024-10-22T21:57:00Z,Revenue officer inspected cadastral discrepancy,REVIEW_REQUIRED,True
SYN-AUDIT-002878,SYN-USER-ADMIN-001,administrator,DECISION_RECORDED,validation_case,SYN-CASE-002878,2024-11-23T22:58:00Z,Officer adjudication recorded in case log,SUCCESS,True
SYN-AUDIT-002879,SYSTEM-VALIDATION-ENGINE,system_engine,MUTATION_AUDIT,mutation,SYN-RES-002879,2024-12-24T23:59:00Z,Review of mutation notice period under Sec 129 KLRA,SUCCESS,True
SYN-AUDIT-002880,SYN-USER-CITIZEN-001,citizen,DOCUMENT_INGEST,document,SYN-RES-002880,2024-01-25T00:00:00Z,Citizen evidence upload and SHA-256 vault ingest,SUCCESS,True
SYN-AUDIT-002881,SYN-USER-OFFICER-001,revenue_officer,VALIDATION_RUN,validation_case,SYN-CASE-000001,2024-02-26T01:01:00Z,Automated multi-field statutory comparison pipeline,SUCCESS,True
SYN-AUDIT-002882,SYN-USER-ADMIN-001,administrator,CASE_REVIEW,validation_case,SYN-CASE-000002,2024-03-27T02:02:00Z,Revenue officer inspected cadastral discrepancy,REVIEW_REQUIRED,True
SYN-AUDIT-002883,SYSTEM-VALIDATION-ENGINE,system_engine,DECISION_RECORDED,validation_case,SYN-CASE-000003,2024-04-28T03:03:00Z,Officer adjudication recorded in case log,SUCCESS,True
SYN-AUDIT-002884,SYN-USER-CITIZEN-001,citizen,MUTATION_AUDIT,mutation,SYN-RES-002884,2024-05-01T04:04:00Z,Review of mutation notice period under Sec 129 KLRA,SUCCESS,True
SYN-AUDIT-002885,SYN-USER-OFFICER-001,revenue_officer,DOCUMENT_INGEST,document,SYN-RES-002885,2024-06-02T05:05:00Z,Citizen evidence upload and SHA-256 vault ingest,SUCCESS,True
SYN-AUDIT-002886,SYN-USER-ADMIN-001,administrator,VALIDATION_RUN,validation_case,SYN-CASE-000006,2024-07-03T06:06:00Z,Automated multi-field statutory comparison pipeline,SUCCESS,True
SYN-AUDIT-002887,SYSTEM-VALIDATION-ENGINE,system_engine,CASE_REVIEW,validation_case,SYN-CASE-000007,2024-08-04T07:07:00Z,Revenue officer inspected cadastral discrepancy,REVIEW_REQUIRED,True
SYN-AUDIT-002888,SYN-USER-CITIZEN-001,citizen,DECISION_RECORDED,validation_case,SYN-CASE-000008,2024-09-05T08:08:00Z,Officer adjudication recorded in case log,SUCCESS,True
SYN-AUDIT-002889,SYN-USER-OFFICER-001,revenue_officer,MUTATION_AUDIT,mutation,SYN-RES-002889,2024-10-06T09:09:00Z,Review of mutation notice period under Sec 129 KLRA,SUCCESS,True
SYN-AUDIT-002890,SYN-USER-ADMIN-001,administrator,DOCUMENT_INGEST,document,SYN-RES-002890,2024-11-07T10:10:00Z,Citizen evidence upload and SHA-256 vault ingest,SUCCESS,True
SYN-AUDIT-002891,SYSTEM-VALIDATION-ENGINE,system_engine,VALIDATION_RUN,validation_case,SYN-CASE-000011,2024-12-08T11:11:00Z,Automated multi-field statutory comparison pipeline,SUCCESS,True
SYN-AUDIT-002892,SYN-USER-CITIZEN-001,citizen,CASE_REVIEW,validation_case,SYN-CASE-000012,2024-01-09T12:12:00Z,Revenue officer inspected cadastral discrepancy,REVIEW_REQUIRED,True
SYN-AUDIT-002893,SYN-USER-OFFICER-001,revenue_officer,DECISION_RECORDED,validation_case,SYN-CASE-000013,2024-02-10T13:13:00Z,Officer adjudication recorded in case log,SUCCESS,True
SYN-AUDIT-002894,SYN-USER-ADMIN-001,administrator,MUTATION_AUDIT,mutation,SYN-RES-002894,2024-03-11T14:14:00Z,Review of mutation notice period under Sec 129 KLRA,SUCCESS,True
SYN-AUDIT-002895,SYSTEM-VALIDATION-ENGINE,system_engine,DOCUMENT_INGEST,document,SYN-RES-002895,2024-04-12T15:15:00Z,Citizen evidence upload and SHA-256 vault ingest,SUCCESS,True
SYN-AUDIT-002896,SYN-USER-CITIZEN-001,citizen,VALIDATION_RUN,validation_case,SYN-CASE-000016,2024-05-13T16:16:00Z,Automated multi-field statutory comparison pipeline,SUCCESS,True
SYN-AUDIT-002897,SYN-USER-OFFICER-001,revenue_officer,CASE_REVIEW,validation_case,SYN-CASE-000017,2024-06-14T17:17:00Z,Revenue officer inspected cadastral discrepancy,REVIEW_REQUIRED,True
SYN-AUDIT-002898,SYN-USER-ADMIN-001,administrator,DECISION_RECORDED,validation_case,SYN-CASE-000018,2024-07-15T18:18:00Z,Officer adjudication recorded in case log,SUCCESS,True
SYN-AUDIT-002899,SYSTEM-VALIDATION-ENGINE,system_engine,MUTATION_AUDIT,mutation,SYN-RES-002899,2024-08-16T19:19:00Z,Review of mutation notice period under Sec 129 KLRA,SUCCESS,True
SYN-AUDIT-002900,SYN-USER-CITIZEN-001,citizen,DOCUMENT_INGEST,document,SYN-RES-002900,2024-09-17T20:20:00Z,Citizen evidence upload and SHA-256 vault ingest,SUCCESS,True
SYN-AUDIT-002901,SYN-USER-OFFICER-001,revenue_officer,VALIDATION_RUN,validation_case,SYN-CASE-000021,2024-10-18T21:21:00Z,Automated multi-field statutory comparison pipeline,SUCCESS,True
SYN-AUDIT-002902,SYN-USER-ADMIN-001,administrator,CASE_REVIEW,validation_case,SYN-CASE-000022,2024-11-19T22:22:00Z,Revenue officer inspected cadastral discrepancy,REVIEW_REQUIRED,True
SYN-AUDIT-002903,SYSTEM-VALIDATION-ENGINE,system_engine,DECISION_RECORDED,validation_case,SYN-CASE-000023,2024-12-20T23:23:00Z,Officer adjudication recorded in case log,SUCCESS,True
SYN-AUDIT-002904,SYN-USER-CITIZEN-001,citizen,MUTATION_AUDIT,mutation,SYN-RES-002904,2024-01-21T00:24:00Z,Review of mutation notice period under Sec 129 KLRA,SUCCESS,True
SYN-AUDIT-002905,SYN-USER-OFFICER-001,revenue_officer,DOCUMENT_INGEST,document,SYN-RES-002905,2024-02-22T01:25:00Z,Citizen evidence upload and SHA-256 vault ingest,SUCCESS,True
SYN-AUDIT-002906,SYN-USER-ADMIN-001,administrator,VALIDATION_RUN,validation_case,SYN-CASE-000026,2024-03-23T02:26:00Z,Automated multi-field statutory comparison pipeline,SUCCESS,True
SYN-AUDIT-002907,SYSTEM-VALIDATION-ENGINE,system_engine,CASE_REVIEW,validation_case,SYN-CASE-000027,2024-04-24T03:27:00Z,Revenue officer inspected cadastral discrepancy,REVIEW_REQUIRED,True
SYN-AUDIT-002908,SYN-USER-CITIZEN-001,citizen,DECISION_RECORDED,validation_case,SYN-CASE-000028,2024-05-25T04:28:00Z,Officer adjudication recorded in case log,SUCCESS,True
SYN-AUDIT-002909,SYN-USER-OFFICER-001,revenue_officer,MUTATION_AUDIT,mutation,SYN-RES-002909,2024-06-26T05:29:00Z,Review of mutation notice period under Sec 129 KLRA,SUCCESS,True
SYN-AUDIT-002910,SYN-USER-ADMIN-001,administrator,DOCUMENT_INGEST,document,SYN-RES-002910,2024-07-27T06:30:00Z,Citizen evidence upload and SHA-256 vault ingest,SUCCESS,True
SYN-AUDIT-002911,SYSTEM-VALIDATION-ENGINE,system_engine,VALIDATION_RUN,validation_case,SYN-CASE-000031,2024-08-28T07:31:00Z,Automated multi-field statutory comparison pipeline,SUCCESS,True
SYN-AUDIT-002912,SYN-USER-CITIZEN-001,citizen,CASE_REVIEW,validation_case,SYN-CASE-000032,2024-09-01T08:32:00Z,Revenue officer inspected cadastral discrepancy,REVIEW_REQUIRED,True
SYN-AUDIT-002913,SYN-USER-OFFICER-001,revenue_officer,DECISION_RECORDED,validation_case,SYN-CASE-000033,2024-10-02T09:33:00Z,Officer adjudication recorded in case log,SUCCESS,True
SYN-AUDIT-002914,SYN-USER-ADMIN-001,administrator,MUTATION_AUDIT,mutation,SYN-RES-002914,2024-11-03T10:34:00Z,Review of mutation notice period under Sec 129 KLRA,SUCCESS,True
SYN-AUDIT-002915,SYSTEM-VALIDATION-ENGINE,system_engine,DOCUMENT_INGEST,document,SYN-RES-002915,2024-12-04T11:35:00Z,Citizen evidence upload and SHA-256 vault ingest,SUCCESS,True
SYN-AUDIT-002916,SYN-USER-CITIZEN-001,citizen,VALIDATION_RUN,validation_case,SYN-CASE-000036,2024-01-05T12:36:00Z,Automated multi-field statutory comparison pipeline,SUCCESS,True
SYN-AUDIT-002917,SYN-USER-OFFICER-001,revenue_officer,CASE_REVIEW,validation_case,SYN-CASE-000037,2024-02-06T13:37:00Z,Revenue officer inspected cadastral discrepancy,REVIEW_REQUIRED,True
SYN-AUDIT-002918,SYN-USER-ADMIN-001,administrator,DECISION_RECORDED,validation_case,SYN-CASE-000038,2024-03-07T14:38:00Z,Officer adjudication recorded in case log,SUCCESS,True
SYN-AUDIT-002919,SYSTEM-VALIDATION-ENGINE,system_engine,MUTATION_AUDIT,mutation,SYN-RES-002919,2024-04-08T15:39:00Z,Review of mutation notice period under Sec 129 KLRA,SUCCESS,True
SYN-AUDIT-002920,SYN-USER-CITIZEN-001,citizen,DOCUMENT_INGEST,document,SYN-RES-002920,2024-05-09T16:40:00Z,Citizen evidence upload and SHA-256 vault ingest,SUCCESS,True
SYN-AUDIT-002921,SYN-USER-OFFICER-001,revenue_officer,VALIDATION_RUN,validation_case,SYN-CASE-000041,2024-06-10T17:41:00Z,Automated multi-field statutory comparison pipeline,SUCCESS,True
SYN-AUDIT-002922,SYN-USER-ADMIN-001,administrator,CASE_REVIEW,validation_case,SYN-CASE-000042,2024-07-11T18:42:00Z,Revenue officer inspected cadastral discrepancy,REVIEW_REQUIRED,True
SYN-AUDIT-002923,SYSTEM-VALIDATION-ENGINE,system_engine,DECISION_RECORDED,validation_case,SYN-CASE-000043,2024-08-12T19:43:00Z,Officer adjudication recorded in case log,SUCCESS,True
SYN-AUDIT-002924,SYN-USER-CITIZEN-001,citizen,MUTATION_AUDIT,mutation,SYN-RES-002924,2024-09-13T20:44:00Z,Review of mutation notice period under Sec 129 KLRA,SUCCESS,True
SYN-AUDIT-002925,SYN-USER-OFFICER-001,revenue_officer,DOCUMENT_INGEST,document,SYN-RES-002925,2024-10-14T21:45:00Z,Citizen evidence upload and SHA-256 vault ingest,SUCCESS,True
SYN-AUDIT-002926,SYN-USER-ADMIN-001,administrator,VALIDATION_RUN,validation_case,SYN-CASE-000046,2024-11-15T22:46:00Z,Automated multi-field statutory comparison pipeline,SUCCESS,True
SYN-AUDIT-002927,SYSTEM-VALIDATION-ENGINE,system_engine,CASE_REVIEW,validation_case,SYN-CASE-000047,2024-12-16T23:47:00Z,Revenue officer inspected cadastral discrepancy,REVIEW_REQUIRED,True
SYN-AUDIT-002928,SYN-USER-CITIZEN-001,citizen,DECISION_RECORDED,validation_case,SYN-CASE-000048,2024-01-17T00:48:00Z,Officer adjudication recorded in case log,SUCCESS,True
SYN-AUDIT-002929,SYN-USER-OFFICER-001,revenue_officer,MUTATION_AUDIT,mutation,SYN-RES-002929,2024-02-18T01:49:00Z,Review of mutation notice period under Sec 129 KLRA,SUCCESS,True
SYN-AUDIT-002930,SYN-USER-ADMIN-001,administrator,DOCUMENT_INGEST,document,SYN-RES-002930,2024-03-19T02:50:00Z,Citizen evidence upload and SHA-256 vault ingest,SUCCESS,True
SYN-AUDIT-002931,SYSTEM-VALIDATION-ENGINE,system_engine,VALIDATION_RUN,validation_case,SYN-CASE-000051,2024-04-20T03:51:00Z,Automated multi-field statutory comparison pipeline,SUCCESS,True
SYN-AUDIT-002932,SYN-USER-CITIZEN-001,citizen,CASE_REVIEW,validation_case,SYN-CASE-000052,2024-05-21T04:52:00Z,Revenue officer inspected cadastral discrepancy,REVIEW_REQUIRED,True
SYN-AUDIT-002933,SYN-USER-OFFICER-001,revenue_officer,DECISION_RECORDED,validation_case,SYN-CASE-000053,2024-06-22T05:53:00Z,Officer adjudication recorded in case log,SUCCESS,True
SYN-AUDIT-002934,SYN-USER-ADMIN-001,administrator,MUTATION_AUDIT,mutation,SYN-RES-002934,2024-07-23T06:54:00Z,Review of mutation notice period under Sec 129 KLRA,SUCCESS,True
SYN-AUDIT-002935,SYSTEM-VALIDATION-ENGINE,system_engine,DOCUMENT_INGEST,document,SYN-RES-002935,2024-08-24T07:55:00Z,Citizen evidence upload and SHA-256 vault ingest,SUCCESS,True
SYN-AUDIT-002936,SYN-USER-CITIZEN-001,citizen,VALIDATION_RUN,validation_case,SYN-CASE-000056,2024-09-25T08:56:00Z,Automated multi-field statutory comparison pipeline,SUCCESS,True
SYN-AUDIT-002937,SYN-USER-OFFICER-001,revenue_officer,CASE_REVIEW,validation_case,SYN-CASE-000057,2024-10-26T09:57:00Z,Revenue officer inspected cadastral discrepancy,REVIEW_REQUIRED,True
SYN-AUDIT-002938,SYN-USER-ADMIN-001,administrator,DECISION_RECORDED,validation_case,SYN-CASE-000058,2024-11-27T10:58:00Z,Officer adjudication recorded in case log,SUCCESS,True
SYN-AUDIT-002939,SYSTEM-VALIDATION-ENGINE,system_engine,MUTATION_AUDIT,mutation,SYN-RES-002939,2024-12-28T11:59:00Z,Review of mutation notice period under Sec 129 KLRA,SUCCESS,True
SYN-AUDIT-002940,SYN-USER-CITIZEN-001,citizen,DOCUMENT_INGEST,document,SYN-RES-002940,2024-01-01T12:00:00Z,Citizen evidence upload and SHA-256 vault ingest,SUCCESS,True
SYN-AUDIT-002941,SYN-USER-OFFICER-001,revenue_officer,VALIDATION_RUN,validation_case,SYN-CASE-000061,2024-02-02T13:01:00Z,Automated multi-field statutory comparison pipeline,SUCCESS,True
SYN-AUDIT-002942,SYN-USER-ADMIN-001,administrator,CASE_REVIEW,validation_case,SYN-CASE-000062,2024-03-03T14:02:00Z,Revenue officer inspected cadastral discrepancy,REVIEW_REQUIRED,True
SYN-AUDIT-002943,SYSTEM-VALIDATION-ENGINE,system_engine,DECISION_RECORDED,validation_case,SYN-CASE-000063,2024-04-04T15:03:00Z,Officer adjudication recorded in case log,SUCCESS,True
SYN-AUDIT-002944,SYN-USER-CITIZEN-001,citizen,MUTATION_AUDIT,mutation,SYN-RES-002944,2024-05-05T16:04:00Z,Review of mutation notice period under Sec 129 KLRA,SUCCESS,True
SYN-AUDIT-002945,SYN-USER-OFFICER-001,revenue_officer,DOCUMENT_INGEST,document,SYN-RES-002945,2024-06-06T17:05:00Z,Citizen evidence upload and SHA-256 vault ingest,SUCCESS,True
SYN-AUDIT-002946,SYN-USER-ADMIN-001,administrator,VALIDATION_RUN,validation_case,SYN-CASE-000066,2024-07-07T18:06:00Z,Automated multi-field statutory comparison pipeline,SUCCESS,True
SYN-AUDIT-002947,SYSTEM-VALIDATION-ENGINE,system_engine,CASE_REVIEW,validation_case,SYN-CASE-000067,2024-08-08T19:07:00Z,Revenue officer inspected cadastral discrepancy,REVIEW_REQUIRED,True
SYN-AUDIT-002948,SYN-USER-CITIZEN-001,citizen,DECISION_RECORDED,validation_case,SYN-CASE-000068,2024-09-09T20:08:00Z,Officer adjudication recorded in case log,SUCCESS,True
SYN-AUDIT-002949,SYN-USER-OFFICER-001,revenue_officer,MUTATION_AUDIT,mutation,SYN-RES-002949,2024-10-10T21:09:00Z,Review of mutation notice period under Sec 129 KLRA,SUCCESS,True
SYN-AUDIT-002950,SYN-USER-ADMIN-001,administrator,DOCUMENT_INGEST,document,SYN-RES-002950,2024-11-11T22:10:00Z,Citizen evidence upload and SHA-256 vault ingest,SUCCESS,True
SYN-AUDIT-002951,SYSTEM-VALIDATION-ENGINE,system_engine,VALIDATION_RUN,validation_case,SYN-CASE-000071,2024-12-12T23:11:00Z,Automated multi-field statutory comparison pipeline,SUCCESS,True
SYN-AUDIT-002952,SYN-USER-CITIZEN-001,citizen,CASE_REVIEW,validation_case,SYN-CASE-000072,2024-01-13T00:12:00Z,Revenue officer inspected cadastral discrepancy,REVIEW_REQUIRED,True
SYN-AUDIT-002953,SYN-USER-OFFICER-001,revenue_officer,DECISION_RECORDED,validation_case,SYN-CASE-000073,2024-02-14T01:13:00Z,Officer adjudication recorded in case log,SUCCESS,True
SYN-AUDIT-002954,SYN-USER-ADMIN-001,administrator,MUTATION_AUDIT,mutation,SYN-RES-002954,2024-03-15T02:14:00Z,Review of mutation notice period under Sec 129 KLRA,SUCCESS,True
SYN-AUDIT-002955,SYSTEM-VALIDATION-ENGINE,system_engine,DOCUMENT_INGEST,document,SYN-RES-002955,2024-04-16T03:15:00Z,Citizen evidence upload and SHA-256 vault ingest,SUCCESS,True
SYN-AUDIT-002956,SYN-USER-CITIZEN-001,citizen,VALIDATION_RUN,validation_case,SYN-CASE-000076,2024-05-17T04:16:00Z,Automated multi-field statutory comparison pipeline,SUCCESS,True
SYN-AUDIT-002957,SYN-USER-OFFICER-001,revenue_officer,CASE_REVIEW,validation_case,SYN-CASE-000077,2024-06-18T05:17:00Z,Revenue officer inspected cadastral discrepancy,REVIEW_REQUIRED,True
SYN-AUDIT-002958,SYN-USER-ADMIN-001,administrator,DECISION_RECORDED,validation_case,SYN-CASE-000078,2024-07-19T06:18:00Z,Officer adjudication recorded in case log,SUCCESS,True
SYN-AUDIT-002959,SYSTEM-VALIDATION-ENGINE,system_engine,MUTATION_AUDIT,mutation,SYN-RES-002959,2024-08-20T07:19:00Z,Review of mutation notice period under Sec 129 KLRA,SUCCESS,True
SYN-AUDIT-002960,SYN-USER-CITIZEN-001,citizen,DOCUMENT_INGEST,document,SYN-RES-002960,2024-09-21T08:20:00Z,Citizen evidence upload and SHA-256 vault ingest,SUCCESS,True
SYN-AUDIT-002961,SYN-USER-OFFICER-001,revenue_officer,VALIDATION_RUN,validation_case,SYN-CASE-000081,2024-10-22T09:21:00Z,Automated multi-field statutory comparison pipeline,SUCCESS,True
SYN-AUDIT-002962,SYN-USER-ADMIN-001,administrator,CASE_REVIEW,validation_case,SYN-CASE-000082,2024-11-23T10:22:00Z,Revenue officer inspected cadastral discrepancy,REVIEW_REQUIRED,True
SYN-AUDIT-002963,SYSTEM-VALIDATION-ENGINE,system_engine,DECISION_RECORDED,validation_case,SYN-CASE-000083,2024-12-24T11:23:00Z,Officer adjudication recorded in case log,SUCCESS,True
SYN-AUDIT-002964,SYN-USER-CITIZEN-001,citizen,MUTATION_AUDIT,mutation,SYN-RES-002964,2024-01-25T12:24:00Z,Review of mutation notice period under Sec 129 KLRA,SUCCESS,True
SYN-AUDIT-002965,SYN-USER-OFFICER-001,revenue_officer,DOCUMENT_INGEST,document,SYN-RES-002965,2024-02-26T13:25:00Z,Citizen evidence upload and SHA-256 vault ingest,SUCCESS,True
SYN-AUDIT-002966,SYN-USER-ADMIN-001,administrator,VALIDATION_RUN,validation_case,SYN-CASE-000086,2024-03-27T14:26:00Z,Automated multi-field statutory comparison pipeline,SUCCESS,True
SYN-AUDIT-002967,SYSTEM-VALIDATION-ENGINE,system_engine,CASE_REVIEW,validation_case,SYN-CASE-000087,2024-04-28T15:27:00Z,Revenue officer inspected cadastral discrepancy,REVIEW_REQUIRED,True
SYN-AUDIT-002968,SYN-USER-CITIZEN-001,citizen,DECISION_RECORDED,validation_case,SYN-CASE-000088,2024-05-01T16:28:00Z,Officer adjudication recorded in case log,SUCCESS,True
SYN-AUDIT-002969,SYN-USER-OFFICER-001,revenue_officer,MUTATION_AUDIT,mutation,SYN-RES-002969,2024-06-02T17:29:00Z,Review of mutation notice period under Sec 129 KLRA,SUCCESS,True
SYN-AUDIT-002970,SYN-USER-ADMIN-001,administrator,DOCUMENT_INGEST,document,SYN-RES-002970,2024-07-03T18:30:00Z,Citizen evidence upload and SHA-256 vault ingest,SUCCESS,True
SYN-AUDIT-002971,SYSTEM-VALIDATION-ENGINE,system_engine,VALIDATION_RUN,validation_case,SYN-CASE-000091,2024-08-04T19:31:00Z,Automated multi-field statutory comparison pipeline,SUCCESS,True
SYN-AUDIT-002972,SYN-USER-CITIZEN-001,citizen,CASE_REVIEW,validation_case,SYN-CASE-000092,2024-09-05T20:32:00Z,Revenue officer inspected cadastral discrepancy,REVIEW_REQUIRED,True
SYN-AUDIT-002973,SYN-USER-OFFICER-001,revenue_officer,DECISION_RECORDED,validation_case,SYN-CASE-000093,2024-10-06T21:33:00Z,Officer adjudication recorded in case log,SUCCESS,True
SYN-AUDIT-002974,SYN-USER-ADMIN-001,administrator,MUTATION_AUDIT,mutation,SYN-RES-002974,2024-11-07T22:34:00Z,Review of mutation notice period under Sec 129 KLRA,SUCCESS,True
SYN-AUDIT-002975,SYSTEM-VALIDATION-ENGINE,system_engine,DOCUMENT_INGEST,document,SYN-RES-002975,2024-12-08T23:35:00Z,Citizen evidence upload and SHA-256 vault ingest,SUCCESS,True
SYN-AUDIT-002976,SYN-USER-CITIZEN-001,citizen,VALIDATION_RUN,validation_case,SYN-CASE-000096,2024-01-09T00:36:00Z,Automated multi-field statutory comparison pipeline,SUCCESS,True
SYN-AUDIT-002977,SYN-USER-OFFICER-001,revenue_officer,CASE_REVIEW,validation_case,SYN-CASE-000097,2024-02-10T01:37:00Z,Revenue officer inspected cadastral discrepancy,REVIEW_REQUIRED,True
SYN-AUDIT-002978,SYN-USER-ADMIN-001,administrator,DECISION_RECORDED,validation_case,SYN-CASE-000098,2024-03-11T02:38:00Z,Officer adjudication recorded in case log,SUCCESS,True
SYN-AUDIT-002979,SYSTEM-VALIDATION-ENGINE,system_engine,MUTATION_AUDIT,mutation,SYN-RES-002979,2024-04-12T03:39:00Z,Review of mutation notice period under Sec 129 KLRA,SUCCESS,True
SYN-AUDIT-002980,SYN-USER-CITIZEN-001,citizen,DOCUMENT_INGEST,document,SYN-RES-002980,2024-05-13T04:40:00Z,Citizen evidence upload and SHA-256 vault ingest,SUCCESS,True
SYN-AUDIT-002981,SYN-USER-OFFICER-001,revenue_officer,VALIDATION_RUN,validation_case,SYN-CASE-000101,2024-06-14T05:41:00Z,Automated multi-field statutory comparison pipeline,SUCCESS,True
SYN-AUDIT-002982,SYN-USER-ADMIN-001,administrator,CASE_REVIEW,validation_case,SYN-CASE-000102,2024-07-15T06:42:00Z,Revenue officer inspected cadastral discrepancy,REVIEW_REQUIRED,True
SYN-AUDIT-002983,SYSTEM-VALIDATION-ENGINE,system_engine,DECISION_RECORDED,validation_case,SYN-CASE-000103,2024-08-16T07:43:00Z,Officer adjudication recorded in case log,SUCCESS,True
SYN-AUDIT-002984,SYN-USER-CITIZEN-001,citizen,MUTATION_AUDIT,mutation,SYN-RES-002984,2024-09-17T08:44:00Z,Review of mutation notice period under Sec 129 KLRA,SUCCESS,True
SYN-AUDIT-002985,SYN-USER-OFFICER-001,revenue_officer,DOCUMENT_INGEST,document,SYN-RES-002985,2024-10-18T09:45:00Z,Citizen evidence upload and SHA-256 vault ingest,SUCCESS,True
SYN-AUDIT-002986,SYN-USER-ADMIN-001,administrator,VALIDATION_RUN,validation_case,SYN-CASE-000106,2024-11-19T10:46:00Z,Automated multi-field statutory comparison pipeline,SUCCESS,True
SYN-AUDIT-002987,SYSTEM-VALIDATION-ENGINE,system_engine,CASE_REVIEW,validation_case,SYN-CASE-000107,2024-12-20T11:47:00Z,Revenue officer inspected cadastral discrepancy,REVIEW_REQUIRED,True
SYN-AUDIT-002988,SYN-USER-CITIZEN-001,citizen,DECISION_RECORDED,validation_case,SYN-CASE-000108,2024-01-21T12:48:00Z,Officer adjudication recorded in case log,SUCCESS,True
SYN-AUDIT-002989,SYN-USER-OFFICER-001,revenue_officer,MUTATION_AUDIT,mutation,SYN-RES-002989,2024-02-22T13:49:00Z,Review of mutation notice period under Sec 129 KLRA,SUCCESS,True
SYN-AUDIT-002990,SYN-USER-ADMIN-001,administrator,DOCUMENT_INGEST,document,SYN-RES-002990,2024-03-23T14:50:00Z,Citizen evidence upload and SHA-256 vault ingest,SUCCESS,True
SYN-AUDIT-002991,SYSTEM-VALIDATION-ENGINE,system_engine,VALIDATION_RUN,validation_case,SYN-CASE-000111,2024-04-24T15:51:00Z,Automated multi-field statutory comparison pipeline,SUCCESS,True
SYN-AUDIT-002992,SYN-USER-CITIZEN-001,citizen,CASE_REVIEW,validation_case,SYN-CASE-000112,2024-05-25T16:52:00Z,Revenue officer inspected cadastral discrepancy,REVIEW_REQUIRED,True
SYN-AUDIT-002993,SYN-USER-OFFICER-001,revenue_officer,DECISION_RECORDED,validation_case,SYN-CASE-000113,2024-06-26T17:53:00Z,Officer adjudication recorded in case log,SUCCESS,True
SYN-AUDIT-002994,SYN-USER-ADMIN-001,administrator,MUTATION_AUDIT,mutation,SYN-RES-002994,2024-07-27T18:54:00Z,Review of mutation notice period under Sec 129 KLRA,SUCCESS,True
SYN-AUDIT-002995,SYSTEM-VALIDATION-ENGINE,system_engine,DOCUMENT_INGEST,document,SYN-RES-002995,2024-08-28T19:55:00Z,Citizen evidence upload and SHA-256 vault ingest,SUCCESS,True
SYN-AUDIT-002996,SYN-USER-CITIZEN-001,citizen,VALIDATION_RUN,validation_case,SYN-CASE-000116,2024-09-01T20:56:00Z,Automated multi-field statutory comparison pipeline,SUCCESS,True
SYN-AUDIT-002997,SYN-USER-OFFICER-001,revenue_officer,CASE_REVIEW,validation_case,SYN-CASE-000117,2024-10-02T21:57:00Z,Revenue officer inspected cadastral discrepancy,REVIEW_REQUIRED,True
SYN-AUDIT-002998,SYN-USER-ADMIN-001,administrator,DECISION_RECORDED,validation_case,SYN-CASE-000118,2024-11-03T22:58:00Z,Officer adjudication recorded in case log,SUCCESS,True
SYN-AUDIT-002999,SYSTEM-VALIDATION-ENGINE,system_engine,MUTATION_AUDIT,mutation,SYN-RES-002999,2024-12-04T23:59:00Z,Review of mutation notice period under Sec 129 KLRA,SUCCESS,True
SYN-AUDIT-003000,SYN-USER-CITIZEN-001,citizen,DOCUMENT_INGEST,document,SYN-RES-003000,2024-01-05T00:00:00Z,Citizen evidence upload and SHA-256 vault ingest,SUCCESS,True
SYN-AUDIT-003001,SYN-USER-OFFICER-001,revenue_officer,VALIDATION_RUN,validation_case,SYN-CASE-000121,2024-02-06T01:01:00Z,Automated multi-field statutory comparison pipeline,SUCCESS,True
SYN-AUDIT-003002,SYN-USER-ADMIN-001,administrator,CASE_REVIEW,validation_case,SYN-CASE-000122,2024-03-07T02:02:00Z,Revenue officer inspected cadastral discrepancy,REVIEW_REQUIRED,True
SYN-AUDIT-003003,SYSTEM-VALIDATION-ENGINE,system_engine,DECISION_RECORDED,validation_case,SYN-CASE-000123,2024-04-08T03:03:00Z,Officer adjudication recorded in case log,SUCCESS,True
SYN-AUDIT-003004,SYN-USER-CITIZEN-001,citizen,MUTATION_AUDIT,mutation,SYN-RES-003004,2024-05-09T04:04:00Z,Review of mutation notice period under Sec 129 KLRA,SUCCESS,True
SYN-AUDIT-003005,SYN-USER-OFFICER-001,revenue_officer,DOCUMENT_INGEST,document,SYN-RES-003005,2024-06-10T05:05:00Z,Citizen evidence upload and SHA-256 vault ingest,SUCCESS,True
SYN-AUDIT-003006,SYN-USER-ADMIN-001,administrator,VALIDATION_RUN,validation_case,SYN-CASE-000126,2024-07-11T06:06:00Z,Automated multi-field statutory comparison pipeline,SUCCESS,True
SYN-AUDIT-003007,SYSTEM-VALIDATION-ENGINE,system_engine,CASE_REVIEW,validation_case,SYN-CASE-000127,2024-08-12T07:07:00Z,Revenue officer inspected cadastral discrepancy,REVIEW_REQUIRED,True
SYN-AUDIT-003008,SYN-USER-CITIZEN-001,citizen,DECISION_RECORDED,validation_case,SYN-CASE-000128,2024-09-13T08:08:00Z,Officer adjudication recorded in case log,SUCCESS,True
SYN-AUDIT-003009,SYN-USER-OFFICER-001,revenue_officer,MUTATION_AUDIT,mutation,SYN-RES-003009,2024-10-14T09:09:00Z,Review of mutation notice period under Sec 129 KLRA,SUCCESS,True
SYN-AUDIT-003010,SYN-USER-ADMIN-001,administrator,DOCUMENT_INGEST,document,SYN-RES-003010,2024-11-15T10:10:00Z,Citizen evidence upload and SHA-256 vault ingest,SUCCESS,True
SYN-AUDIT-003011,SYSTEM-VALIDATION-ENGINE,system_engine,VALIDATION_RUN,validation_case,SYN-CASE-000131,2024-12-16T11:11:00Z,Automated multi-field statutory comparison pipeline,SUCCESS,True
SYN-AUDIT-003012,SYN-USER-CITIZEN-001,citizen,CASE_REVIEW,validation_case,SYN-CASE-000132,2024-01-17T12:12:00Z,Revenue officer inspected cadastral discrepancy,REVIEW_REQUIRED,True
SYN-AUDIT-003013,SYN-USER-OFFICER-001,revenue_officer,DECISION_RECORDED,validation_case,SYN-CASE-000133,2024-02-18T13:13:00Z,Officer adjudication recorded in case log,SUCCESS,True
SYN-AUDIT-003014,SYN-USER-ADMIN-001,administrator,MUTATION_AUDIT,mutation,SYN-RES-003014,2024-03-19T14:14:00Z,Review of mutation notice period under Sec 129 KLRA,SUCCESS,True
SYN-AUDIT-003015,SYSTEM-VALIDATION-ENGINE,system_engine,DOCUMENT_INGEST,document,SYN-RES-003015,2024-04-20T15:15:00Z,Citizen evidence upload and SHA-256 vault ingest,SUCCESS,True
SYN-AUDIT-003016,SYN-USER-CITIZEN-001,citizen,VALIDATION_RUN,validation_case,SYN-CASE-000136,2024-05-21T16:16:00Z,Automated multi-field statutory comparison pipeline,SUCCESS,True
SYN-AUDIT-003017,SYN-USER-OFFICER-001,revenue_officer,CASE_REVIEW,validation_case,SYN-CASE-000137,2024-06-22T17:17:00Z,Revenue officer inspected cadastral discrepancy,REVIEW_REQUIRED,True
SYN-AUDIT-003018,SYN-USER-ADMIN-001,administrator,DECISION_RECORDED,validation_case,SYN-CASE-000138,2024-07-23T18:18:00Z,Officer adjudication recorded in case log,SUCCESS,True
SYN-AUDIT-003019,SYSTEM-VALIDATION-ENGINE,system_engine,MUTATION_AUDIT,mutation,SYN-RES-003019,2024-08-24T19:19:00Z,Review of mutation notice period under Sec 129 KLRA,SUCCESS,True
SYN-AUDIT-003020,SYN-USER-CITIZEN-001,citizen,DOCUMENT_INGEST,document,SYN-RES-003020,2024-09-25T20:20:00Z,Citizen evidence upload and SHA-256 vault ingest,SUCCESS,True
SYN-AUDIT-003021,SYN-USER-OFFICER-001,revenue_officer,VALIDATION_RUN,validation_case,SYN-CASE-000141,2024-10-26T21:21:00Z,Automated multi-field statutory comparison pipeline,SUCCESS,True
SYN-AUDIT-003022,SYN-USER-ADMIN-001,administrator,CASE_REVIEW,validation_case,SYN-CASE-000142,2024-11-27T22:22:00Z,Revenue officer inspected cadastral discrepancy,REVIEW_REQUIRED,True
SYN-AUDIT-003023,SYSTEM-VALIDATION-ENGINE,system_engine,DECISION_RECORDED,validation_case,SYN-CASE-000143,2024-12-28T23:23:00Z,Officer adjudication recorded in case log,SUCCESS,True
SYN-AUDIT-003024,SYN-USER-CITIZEN-001,citizen,MUTATION_AUDIT,mutation,SYN-RES-003024,2024-01-01T00:24:00Z,Review of mutation notice period under Sec 129 KLRA,SUCCESS,True
SYN-AUDIT-003025,SYN-USER-OFFICER-001,revenue_officer,DOCUMENT_INGEST,document,SYN-RES-003025,2024-02-02T01:25:00Z,Citizen evidence upload and SHA-256 vault ingest,SUCCESS,True
SYN-AUDIT-003026,SYN-USER-ADMIN-001,administrator,VALIDATION_RUN,validation_case,SYN-CASE-000146,2024-03-03T02:26:00Z,Automated multi-field statutory comparison pipeline,SUCCESS,True
SYN-AUDIT-003027,SYSTEM-VALIDATION-ENGINE,system_engine,CASE_REVIEW,validation_case,SYN-CASE-000147,2024-04-04T03:27:00Z,Revenue officer inspected cadastral discrepancy,REVIEW_REQUIRED,True
SYN-AUDIT-003028,SYN-USER-CITIZEN-001,citizen,DECISION_RECORDED,validation_case,SYN-CASE-000148,2024-05-05T04:28:00Z,Officer adjudication recorded in case log,SUCCESS,True
SYN-AUDIT-003029,SYN-USER-OFFICER-001,revenue_officer,MUTATION_AUDIT,mutation,SYN-RES-003029,2024-06-06T05:29:00Z,Review of mutation notice period under Sec 129 KLRA,SUCCESS,True
SYN-AUDIT-003030,SYN-USER-ADMIN-001,administrator,DOCUMENT_INGEST,document,SYN-RES-003030,2024-07-07T06:30:00Z,Citizen evidence upload and SHA-256 vault ingest,SUCCESS,True
SYN-AUDIT-003031,SYSTEM-VALIDATION-ENGINE,system_engine,VALIDATION_RUN,validation_case,SYN-CASE-000151,2024-08-08T07:31:00Z,Automated multi-field statutory comparison pipeline,SUCCESS,True
SYN-AUDIT-003032,SYN-USER-CITIZEN-001,citizen,CASE_REVIEW,validation_case,SYN-CASE-000152,2024-09-09T08:32:00Z,Revenue officer inspected cadastral discrepancy,REVIEW_REQUIRED,True
SYN-AUDIT-003033,SYN-USER-OFFICER-001,revenue_officer,DECISION_RECORDED,validation_case,SYN-CASE-000153,2024-10-10T09:33:00Z,Officer adjudication recorded in case log,SUCCESS,True
SYN-AUDIT-003034,SYN-USER-ADMIN-001,administrator,MUTATION_AUDIT,mutation,SYN-RES-003034,2024-11-11T10:34:00Z,Review of mutation notice period under Sec 129 KLRA,SUCCESS,True
SYN-AUDIT-003035,SYSTEM-VALIDATION-ENGINE,system_engine,DOCUMENT_INGEST,document,SYN-RES-003035,2024-12-12T11:35:00Z,Citizen evidence upload and SHA-256 vault ingest,SUCCESS,True
SYN-AUDIT-003036,SYN-USER-CITIZEN-001,citizen,VALIDATION_RUN,validation_case,SYN-CASE-000156,2024-01-13T12:36:00Z,Automated multi-field statutory comparison pipeline,SUCCESS,True
SYN-AUDIT-003037,SYN-USER-OFFICER-001,revenue_officer,CASE_REVIEW,validation_case,SYN-CASE-000157,2024-02-14T13:37:00Z,Revenue officer inspected cadastral discrepancy,REVIEW_REQUIRED,True
SYN-AUDIT-003038,SYN-USER-ADMIN-001,administrator,DECISION_RECORDED,validation_case,SYN-CASE-000158,2024-03-15T14:38:00Z,Officer adjudication recorded in case log,SUCCESS,True
SYN-AUDIT-003039,SYSTEM-VALIDATION-ENGINE,system_engine,MUTATION_AUDIT,mutation,SYN-RES-003039,2024-04-16T15:39:00Z,Review of mutation notice period under Sec 129 KLRA,SUCCESS,True
SYN-AUDIT-003040,SYN-USER-CITIZEN-001,citizen,DOCUMENT_INGEST,document,SYN-RES-003040,2024-05-17T16:40:00Z,Citizen evidence upload and SHA-256 vault ingest,SUCCESS,True
SYN-AUDIT-003041,SYN-USER-OFFICER-001,revenue_officer,VALIDATION_RUN,validation_case,SYN-CASE-000161,2024-06-18T17:41:00Z,Automated multi-field statutory comparison pipeline,SUCCESS,True
SYN-AUDIT-003042,SYN-USER-ADMIN-001,administrator,CASE_REVIEW,validation_case,SYN-CASE-000162,2024-07-19T18:42:00Z,Revenue officer inspected cadastral discrepancy,REVIEW_REQUIRED,True
SYN-AUDIT-003043,SYSTEM-VALIDATION-ENGINE,system_engine,DECISION_RECORDED,validation_case,SYN-CASE-000163,2024-08-20T19:43:00Z,Officer adjudication recorded in case log,SUCCESS,True
SYN-AUDIT-003044,SYN-USER-CITIZEN-001,citizen,MUTATION_AUDIT,mutation,SYN-RES-003044,2024-09-21T20:44:00Z,Review of mutation notice period under Sec 129 KLRA,SUCCESS,True
SYN-AUDIT-003045,SYN-USER-OFFICER-001,revenue_officer,DOCUMENT_INGEST,document,SYN-RES-003045,2024-10-22T21:45:00Z,Citizen evidence upload and SHA-256 vault ingest,SUCCESS,True
SYN-AUDIT-003046,SYN-USER-ADMIN-001,administrator,VALIDATION_RUN,validation_case,SYN-CASE-000166,2024-11-23T22:46:00Z,Automated multi-field statutory comparison pipeline,SUCCESS,True
SYN-AUDIT-003047,SYSTEM-VALIDATION-ENGINE,system_engine,CASE_REVIEW,validation_case,SYN-CASE-000167,2024-12-24T23:47:00Z,Revenue officer inspected cadastral discrepancy,REVIEW_REQUIRED,True
SYN-AUDIT-003048,SYN-USER-CITIZEN-001,citizen,DECISION_RECORDED,validation_case,SYN-CASE-000168,2024-01-25T00:48:00Z,Officer adjudication recorded in case log,SUCCESS,True
SYN-AUDIT-003049,SYN-USER-OFFICER-001,revenue_officer,MUTATION_AUDIT,mutation,SYN-RES-003049,2024-02-26T01:49:00Z,Review of mutation notice period under Sec 129 KLRA,SUCCESS,True
SYN-AUDIT-003050,SYN-USER-ADMIN-001,administrator,DOCUMENT_INGEST,document,SYN-RES-003050,2024-03-27T02:50:00Z,Citizen evidence upload and SHA-256 vault ingest,SUCCESS,True
SYN-AUDIT-003051,SYSTEM-VALIDATION-ENGINE,system_engine,VALIDATION_RUN,validation_case,SYN-CASE-000171,2024-04-28T03:51:00Z,Automated multi-field statutory comparison pipeline,SUCCESS,True
SYN-AUDIT-003052,SYN-USER-CITIZEN-001,citizen,CASE_REVIEW,validation_case,SYN-CASE-000172,2024-05-01T04:52:00Z,Revenue officer inspected cadastral discrepancy,REVIEW_REQUIRED,True
SYN-AUDIT-003053,SYN-USER-OFFICER-001,revenue_officer,DECISION_RECORDED,validation_case,SYN-CASE-000173,2024-06-02T05:53:00Z,Officer adjudication recorded in case log,SUCCESS,True
SYN-AUDIT-003054,SYN-USER-ADMIN-001,administrator,MUTATION_AUDIT,mutation,SYN-RES-003054,2024-07-03T06:54:00Z,Review of mutation notice period under Sec 129 KLRA,SUCCESS,True
SYN-AUDIT-003055,SYSTEM-VALIDATION-ENGINE,system_engine,DOCUMENT_INGEST,document,SYN-RES-003055,2024-08-04T07:55:00Z,Citizen evidence upload and SHA-256 vault ingest,SUCCESS,True
SYN-AUDIT-003056,SYN-USER-CITIZEN-001,citizen,VALIDATION_RUN,validation_case,SYN-CASE-000176,2024-09-05T08:56:00Z,Automated multi-field statutory comparison pipeline,SUCCESS,True
SYN-AUDIT-003057,SYN-USER-OFFICER-001,revenue_officer,CASE_REVIEW,validation_case,SYN-CASE-000177,2024-10-06T09:57:00Z,Revenue officer inspected cadastral discrepancy,REVIEW_REQUIRED,True
SYN-AUDIT-003058,SYN-USER-ADMIN-001,administrator,DECISION_RECORDED,validation_case,SYN-CASE-000178,2024-11-07T10:58:00Z,Officer adjudication recorded in case log,SUCCESS,True
SYN-AUDIT-003059,SYSTEM-VALIDATION-ENGINE,system_engine,MUTATION_AUDIT,mutation,SYN-RES-003059,2024-12-08T11:59:00Z,Review of mutation notice period under Sec 129 KLRA,SUCCESS,True
SYN-AUDIT-003060,SYN-USER-CITIZEN-001,citizen,DOCUMENT_INGEST,document,SYN-RES-003060,2024-01-09T12:00:00Z,Citizen evidence upload and SHA-256 vault ingest,SUCCESS,True
SYN-AUDIT-003061,SYN-USER-OFFICER-001,revenue_officer,VALIDATION_RUN,validation_case,SYN-CASE-000181,2024-02-10T13:01:00Z,Automated multi-field statutory comparison pipeline,SUCCESS,True
SYN-AUDIT-003062,SYN-USER-ADMIN-001,administrator,CASE_REVIEW,validation_case,SYN-CASE-000182,2024-03-11T14:02:00Z,Revenue officer inspected cadastral discrepancy,REVIEW_REQUIRED,True
SYN-AUDIT-003063,SYSTEM-VALIDATION-ENGINE,system_engine,DECISION_RECORDED,validation_case,SYN-CASE-000183,2024-04-12T15:03:00Z,Officer adjudication recorded in case log,SUCCESS,True
SYN-AUDIT-003064,SYN-USER-CITIZEN-001,citizen,MUTATION_AUDIT,mutation,SYN-RES-003064,2024-05-13T16:04:00Z,Review of mutation notice period under Sec 129 KLRA,SUCCESS,True
SYN-AUDIT-003065,SYN-USER-OFFICER-001,revenue_officer,DOCUMENT_INGEST,document,SYN-RES-003065,2024-06-14T17:05:00Z,Citizen evidence upload and SHA-256 vault ingest,SUCCESS,True
SYN-AUDIT-003066,SYN-USER-ADMIN-001,administrator,VALIDATION_RUN,validation_case,SYN-CASE-000186,2024-07-15T18:06:00Z,Automated multi-field statutory comparison pipeline,SUCCESS,True
SYN-AUDIT-003067,SYSTEM-VALIDATION-ENGINE,system_engine,CASE_REVIEW,validation_case,SYN-CASE-000187,2024-08-16T19:07:00Z,Revenue officer inspected cadastral discrepancy,REVIEW_REQUIRED,True
SYN-AUDIT-003068,SYN-USER-CITIZEN-001,citizen,DECISION_RECORDED,validation_case,SYN-CASE-000188,2024-09-17T20:08:00Z,Officer adjudication recorded in case log,SUCCESS,True
SYN-AUDIT-003069,SYN-USER-OFFICER-001,revenue_officer,MUTATION_AUDIT,mutation,SYN-RES-003069,2024-10-18T21:09:00Z,Review of mutation notice period under Sec 129 KLRA,SUCCESS,True
SYN-AUDIT-003070,SYN-USER-ADMIN-001,administrator,DOCUMENT_INGEST,document,SYN-RES-003070,2024-11-19T22:10:00Z,Citizen evidence upload and SHA-256 vault ingest,SUCCESS,True
SYN-AUDIT-003071,SYSTEM-VALIDATION-ENGINE,system_engine,VALIDATION_RUN,validation_case,SYN-CASE-000191,2024-12-20T23:11:00Z,Automated multi-field statutory comparison pipeline,SUCCESS,True
SYN-AUDIT-003072,SYN-USER-CITIZEN-001,citizen,CASE_REVIEW,validation_case,SYN-CASE-000192,2024-01-21T00:12:00Z,Revenue officer inspected cadastral discrepancy,REVIEW_REQUIRED,True
SYN-AUDIT-003073,SYN-USER-OFFICER-001,revenue_officer,DECISION_RECORDED,validation_case,SYN-CASE-000193,2024-02-22T01:13:00Z,Officer adjudication recorded in case log,SUCCESS,True
SYN-AUDIT-003074,SYN-USER-ADMIN-001,administrator,MUTATION_AUDIT,mutation,SYN-RES-003074,2024-03-23T02:14:00Z,Review of mutation notice period under Sec 129 KLRA,SUCCESS,True
SYN-AUDIT-003075,SYSTEM-VALIDATION-ENGINE,system_engine,DOCUMENT_INGEST,document,SYN-RES-003075,2024-04-24T03:15:00Z,Citizen evidence upload and SHA-256 vault ingest,SUCCESS,True
SYN-AUDIT-003076,SYN-USER-CITIZEN-001,citizen,VALIDATION_RUN,validation_case,SYN-CASE-000196,2024-05-25T04:16:00Z,Automated multi-field statutory comparison pipeline,SUCCESS,True
SYN-AUDIT-003077,SYN-USER-OFFICER-001,revenue_officer,CASE_REVIEW,validation_case,SYN-CASE-000197,2024-06-26T05:17:00Z,Revenue officer inspected cadastral discrepancy,REVIEW_REQUIRED,True
SYN-AUDIT-003078,SYN-USER-ADMIN-001,administrator,DECISION_RECORDED,validation_case,SYN-CASE-000198,2024-07-27T06:18:00Z,Officer adjudication recorded in case log,SUCCESS,True
SYN-AUDIT-003079,SYSTEM-VALIDATION-ENGINE,system_engine,MUTATION_AUDIT,mutation,SYN-RES-003079,2024-08-28T07:19:00Z,Review of mutation notice period under Sec 129 KLRA,SUCCESS,True
SYN-AUDIT-003080,SYN-USER-CITIZEN-001,citizen,DOCUMENT_INGEST,document,SYN-RES-003080,2024-09-01T08:20:00Z,Citizen evidence upload and SHA-256 vault ingest,SUCCESS,True
SYN-AUDIT-003081,SYN-USER-OFFICER-001,revenue_officer,VALIDATION_RUN,validation_case,SYN-CASE-000201,2024-10-02T09:21:00Z,Automated multi-field statutory comparison pipeline,SUCCESS,True
SYN-AUDIT-003082,SYN-USER-ADMIN-001,administrator,CASE_REVIEW,validation_case,SYN-CASE-000202,2024-11-03T10:22:00Z,Revenue officer inspected cadastral discrepancy,REVIEW_REQUIRED,True
SYN-AUDIT-003083,SYSTEM-VALIDATION-ENGINE,system_engine,DECISION_RECORDED,validation_case,SYN-CASE-000203,2024-12-04T11:23:00Z,Officer adjudication recorded in case log,SUCCESS,True
SYN-AUDIT-003084,SYN-USER-CITIZEN-001,citizen,MUTATION_AUDIT,mutation,SYN-RES-003084,2024-01-05T12:24:00Z,Review of mutation notice period under Sec 129 KLRA,SUCCESS,True
SYN-AUDIT-003085,SYN-USER-OFFICER-001,revenue_officer,DOCUMENT_INGEST,document,SYN-RES-003085,2024-02-06T13:25:00Z,Citizen evidence upload and SHA-256 vault ingest,SUCCESS,True
SYN-AUDIT-003086,SYN-USER-ADMIN-001,administrator,VALIDATION_RUN,validation_case,SYN-CASE-000206,2024-03-07T14:26:00Z,Automated multi-field statutory comparison pipeline,SUCCESS,True
SYN-AUDIT-003087,SYSTEM-VALIDATION-ENGINE,system_engine,CASE_REVIEW,validation_case,SYN-CASE-000207,2024-04-08T15:27:00Z,Revenue officer inspected cadastral discrepancy,REVIEW_REQUIRED,True
SYN-AUDIT-003088,SYN-USER-CITIZEN-001,citizen,DECISION_RECORDED,validation_case,SYN-CASE-000208,2024-05-09T16:28:00Z,Officer adjudication recorded in case log,SUCCESS,True
SYN-AUDIT-003089,SYN-USER-OFFICER-001,revenue_officer,MUTATION_AUDIT,mutation,SYN-RES-003089,2024-06-10T17:29:00Z,Review of mutation notice period under Sec 129 KLRA,SUCCESS,True
SYN-AUDIT-003090,SYN-USER-ADMIN-001,administrator,DOCUMENT_INGEST,document,SYN-RES-003090,2024-07-11T18:30:00Z,Citizen evidence upload and SHA-256 vault ingest,SUCCESS,True
SYN-AUDIT-003091,SYSTEM-VALIDATION-ENGINE,system_engine,VALIDATION_RUN,validation_case,SYN-CASE-000211,2024-08-12T19:31:00Z,Automated multi-field statutory comparison pipeline,SUCCESS,True
SYN-AUDIT-003092,SYN-USER-CITIZEN-001,citizen,CASE_REVIEW,validation_case,SYN-CASE-000212,2024-09-13T20:32:00Z,Revenue officer inspected cadastral discrepancy,REVIEW_REQUIRED,True
SYN-AUDIT-003093,SYN-USER-OFFICER-001,revenue_officer,DECISION_RECORDED,validation_case,SYN-CASE-000213,2024-10-14T21:33:00Z,Officer adjudication recorded in case log,SUCCESS,True
SYN-AUDIT-003094,SYN-USER-ADMIN-001,administrator,MUTATION_AUDIT,mutation,SYN-RES-003094,2024-11-15T22:34:00Z,Review of mutation notice period under Sec 129 KLRA,SUCCESS,True
SYN-AUDIT-003095,SYSTEM-VALIDATION-ENGINE,system_engine,DOCUMENT_INGEST,document,SYN-RES-003095,2024-12-16T23:35:00Z,Citizen evidence upload and SHA-256 vault ingest,SUCCESS,True
SYN-AUDIT-003096,SYN-USER-CITIZEN-001,citizen,VALIDATION_RUN,validation_case,SYN-CASE-000216,2024-01-17T00:36:00Z,Automated multi-field statutory comparison pipeline,SUCCESS,True
SYN-AUDIT-003097,SYN-USER-OFFICER-001,revenue_officer,CASE_REVIEW,validation_case,SYN-CASE-000217,2024-02-18T01:37:00Z,Revenue officer inspected cadastral discrepancy,REVIEW_REQUIRED,True
SYN-AUDIT-003098,SYN-USER-ADMIN-001,administrator,DECISION_RECORDED,validation_case,SYN-CASE-000218,2024-03-19T02:38:00Z,Officer adjudication recorded in case log,SUCCESS,True
SYN-AUDIT-003099,SYSTEM-VALIDATION-ENGINE,system_engine,MUTATION_AUDIT,mutation,SYN-RES-003099,2024-04-20T03:39:00Z,Review of mutation notice period under Sec 129 KLRA,SUCCESS,True
SYN-AUDIT-003100,SYN-USER-CITIZEN-001,citizen,DOCUMENT_INGEST,document,SYN-RES-003100,2024-05-21T04:40:00Z,Citizen evidence upload and SHA-256 vault ingest,SUCCESS,True
SYN-AUDIT-003101,SYN-USER-OFFICER-001,revenue_officer,VALIDATION_RUN,validation_case,SYN-CASE-000221,2024-06-22T05:41:00Z,Automated multi-field statutory comparison pipeline,SUCCESS,True
SYN-AUDIT-003102,SYN-USER-ADMIN-001,administrator,CASE_REVIEW,validation_case,SYN-CASE-000222,2024-07-23T06:42:00Z,Revenue officer inspected cadastral discrepancy,REVIEW_REQUIRED,True
SYN-AUDIT-003103,SYSTEM-VALIDATION-ENGINE,system_engine,DECISION_RECORDED,validation_case,SYN-CASE-000223,2024-08-24T07:43:00Z,Officer adjudication recorded in case log,SUCCESS,True
SYN-AUDIT-003104,SYN-USER-CITIZEN-001,citizen,MUTATION_AUDIT,mutation,SYN-RES-003104,2024-09-25T08:44:00Z,Review of mutation notice period under Sec 129 KLRA,SUCCESS,True
SYN-AUDIT-003105,SYN-USER-OFFICER-001,revenue_officer,DOCUMENT_INGEST,document,SYN-RES-003105,2024-10-26T09:45:00Z,Citizen evidence upload and SHA-256 vault ingest,SUCCESS,True
SYN-AUDIT-003106,SYN-USER-ADMIN-001,administrator,VALIDATION_RUN,validation_case,SYN-CASE-000226,2024-11-27T10:46:00Z,Automated multi-field statutory comparison pipeline,SUCCESS,True
SYN-AUDIT-003107,SYSTEM-VALIDATION-ENGINE,system_engine,CASE_REVIEW,validation_case,SYN-CASE-000227,2024-12-28T11:47:00Z,Revenue officer inspected cadastral discrepancy,REVIEW_REQUIRED,True
SYN-AUDIT-003108,SYN-USER-CITIZEN-001,citizen,DECISION_RECORDED,validation_case,SYN-CASE-000228,2024-01-01T12:48:00Z,Officer adjudication recorded in case log,SUCCESS,True
SYN-AUDIT-003109,SYN-USER-OFFICER-001,revenue_officer,MUTATION_AUDIT,mutation,SYN-RES-003109,2024-02-02T13:49:00Z,Review of mutation notice period under Sec 129 KLRA,SUCCESS,True
SYN-AUDIT-003110,SYN-USER-ADMIN-001,administrator,DOCUMENT_INGEST,document,SYN-RES-003110,2024-03-03T14:50:00Z,Citizen evidence upload and SHA-256 vault ingest,SUCCESS,True
SYN-AUDIT-003111,SYSTEM-VALIDATION-ENGINE,system_engine,VALIDATION_RUN,validation_case,SYN-CASE-000231,2024-04-04T15:51:00Z,Automated multi-field statutory comparison pipeline,SUCCESS,True
SYN-AUDIT-003112,SYN-USER-CITIZEN-001,citizen,CASE_REVIEW,validation_case,SYN-CASE-000232,2024-05-05T16:52:00Z,Revenue officer inspected cadastral discrepancy,REVIEW_REQUIRED,True
SYN-AUDIT-003113,SYN-USER-OFFICER-001,revenue_officer,DECISION_RECORDED,validation_case,SYN-CASE-000233,2024-06-06T17:53:00Z,Officer adjudication recorded in case log,SUCCESS,True
SYN-AUDIT-003114,SYN-USER-ADMIN-001,administrator,MUTATION_AUDIT,mutation,SYN-RES-003114,2024-07-07T18:54:00Z,Review of mutation notice period under Sec 129 KLRA,SUCCESS,True
SYN-AUDIT-003115,SYSTEM-VALIDATION-ENGINE,system_engine,DOCUMENT_INGEST,document,SYN-RES-003115,2024-08-08T19:55:00Z,Citizen evidence upload and SHA-256 vault ingest,SUCCESS,True
SYN-AUDIT-003116,SYN-USER-CITIZEN-001,citizen,VALIDATION_RUN,validation_case,SYN-CASE-000236,2024-09-09T20:56:00Z,Automated multi-field statutory comparison pipeline,SUCCESS,True
SYN-AUDIT-003117,SYN-USER-OFFICER-001,revenue_officer,CASE_REVIEW,validation_case,SYN-CASE-000237,2024-10-10T21:57:00Z,Revenue officer inspected cadastral discrepancy,REVIEW_REQUIRED,True
SYN-AUDIT-003118,SYN-USER-ADMIN-001,administrator,DECISION_RECORDED,validation_case,SYN-CASE-000238,2024-11-11T22:58:00Z,Officer adjudication recorded in case log,SUCCESS,True
SYN-AUDIT-003119,SYSTEM-VALIDATION-ENGINE,system_engine,MUTATION_AUDIT,mutation,SYN-RES-003119,2024-12-12T23:59:00Z,Review of mutation notice period under Sec 129 KLRA,SUCCESS,True
SYN-AUDIT-003120,SYN-USER-CITIZEN-001,citizen,DOCUMENT_INGEST,document,SYN-RES-003120,2024-01-13T00:00:00Z,Citizen evidence upload and SHA-256 vault ingest,SUCCESS,True
SYN-AUDIT-003121,SYN-USER-OFFICER-001,revenue_officer,VALIDATION_RUN,validation_case,SYN-CASE-000241,2024-02-14T01:01:00Z,Automated multi-field statutory comparison pipeline,SUCCESS,True
SYN-AUDIT-003122,SYN-USER-ADMIN-001,administrator,CASE_REVIEW,validation_case,SYN-CASE-000242,2024-03-15T02:02:00Z,Revenue officer inspected cadastral discrepancy,REVIEW_REQUIRED,True
SYN-AUDIT-003123,SYSTEM-VALIDATION-ENGINE,system_engine,DECISION_RECORDED,validation_case,SYN-CASE-000243,2024-04-16T03:03:00Z,Officer adjudication recorded in case log,SUCCESS,True
SYN-AUDIT-003124,SYN-USER-CITIZEN-001,citizen,MUTATION_AUDIT,mutation,SYN-RES-003124,2024-05-17T04:04:00Z,Review of mutation notice period under Sec 129 KLRA,SUCCESS,True
SYN-AUDIT-003125,SYN-USER-OFFICER-001,revenue_officer,DOCUMENT_INGEST,document,SYN-RES-003125,2024-06-18T05:05:00Z,Citizen evidence upload and SHA-256 vault ingest,SUCCESS,True
SYN-AUDIT-003126,SYN-USER-ADMIN-001,administrator,VALIDATION_RUN,validation_case,SYN-CASE-000246,2024-07-19T06:06:00Z,Automated multi-field statutory comparison pipeline,SUCCESS,True
SYN-AUDIT-003127,SYSTEM-VALIDATION-ENGINE,system_engine,CASE_REVIEW,validation_case,SYN-CASE-000247,2024-08-20T07:07:00Z,Revenue officer inspected cadastral discrepancy,REVIEW_REQUIRED,True
SYN-AUDIT-003128,SYN-USER-CITIZEN-001,citizen,DECISION_RECORDED,validation_case,SYN-CASE-000248,2024-09-21T08:08:00Z,Officer adjudication recorded in case log,SUCCESS,True
SYN-AUDIT-003129,SYN-USER-OFFICER-001,revenue_officer,MUTATION_AUDIT,mutation,SYN-RES-003129,2024-10-22T09:09:00Z,Review of mutation notice period under Sec 129 KLRA,SUCCESS,True
SYN-AUDIT-003130,SYN-USER-ADMIN-001,administrator,DOCUMENT_INGEST,document,SYN-RES-003130,2024-11-23T10:10:00Z,Citizen evidence upload and SHA-256 vault ingest,SUCCESS,True
SYN-AUDIT-003131,SYSTEM-VALIDATION-ENGINE,system_engine,VALIDATION_RUN,validation_case,SYN-CASE-000251,2024-12-24T11:11:00Z,Automated multi-field statutory comparison pipeline,SUCCESS,True
SYN-AUDIT-003132,SYN-USER-CITIZEN-001,citizen,CASE_REVIEW,validation_case,SYN-CASE-000252,2024-01-25T12:12:00Z,Revenue officer inspected cadastral discrepancy,REVIEW_REQUIRED,True
SYN-AUDIT-003133,SYN-USER-OFFICER-001,revenue_officer,DECISION_RECORDED,validation_case,SYN-CASE-000253,2024-02-26T13:13:00Z,Officer adjudication recorded in case log,SUCCESS,True
SYN-AUDIT-003134,SYN-USER-ADMIN-001,administrator,MUTATION_AUDIT,mutation,SYN-RES-003134,2024-03-27T14:14:00Z,Review of mutation notice period under Sec 129 KLRA,SUCCESS,True
SYN-AUDIT-003135,SYSTEM-VALIDATION-ENGINE,system_engine,DOCUMENT_INGEST,document,SYN-RES-003135,2024-04-28T15:15:00Z,Citizen evidence upload and SHA-256 vault ingest,SUCCESS,True
SYN-AUDIT-003136,SYN-USER-CITIZEN-001,citizen,VALIDATION_RUN,validation_case,SYN-CASE-000256,2024-05-01T16:16:00Z,Automated multi-field statutory comparison pipeline,SUCCESS,True
SYN-AUDIT-003137,SYN-USER-OFFICER-001,revenue_officer,CASE_REVIEW,validation_case,SYN-CASE-000257,2024-06-02T17:17:00Z,Revenue officer inspected cadastral discrepancy,REVIEW_REQUIRED,True
SYN-AUDIT-003138,SYN-USER-ADMIN-001,administrator,DECISION_RECORDED,validation_case,SYN-CASE-000258,2024-07-03T18:18:00Z,Officer adjudication recorded in case log,SUCCESS,True
SYN-AUDIT-003139,SYSTEM-VALIDATION-ENGINE,system_engine,MUTATION_AUDIT,mutation,SYN-RES-003139,2024-08-04T19:19:00Z,Review of mutation notice period under Sec 129 KLRA,SUCCESS,True
SYN-AUDIT-003140,SYN-USER-CITIZEN-001,citizen,DOCUMENT_INGEST,document,SYN-RES-003140,2024-09-05T20:20:00Z,Citizen evidence upload and SHA-256 vault ingest,SUCCESS,True
SYN-AUDIT-003141,SYN-USER-OFFICER-001,revenue_officer,VALIDATION_RUN,validation_case,SYN-CASE-000261,2024-10-06T21:21:00Z,Automated multi-field statutory comparison pipeline,SUCCESS,True
SYN-AUDIT-003142,SYN-USER-ADMIN-001,administrator,CASE_REVIEW,validation_case,SYN-CASE-000262,2024-11-07T22:22:00Z,Revenue officer inspected cadastral discrepancy,REVIEW_REQUIRED,True
SYN-AUDIT-003143,SYSTEM-VALIDATION-ENGINE,system_engine,DECISION_RECORDED,validation_case,SYN-CASE-000263,2024-12-08T23:23:00Z,Officer adjudication recorded in case log,SUCCESS,True
SYN-AUDIT-003144,SYN-USER-CITIZEN-001,citizen,MUTATION_AUDIT,mutation,SYN-RES-003144,2024-01-09T00:24:00Z,Review of mutation notice period under Sec 129 KLRA,SUCCESS,True
SYN-AUDIT-003145,SYN-USER-OFFICER-001,revenue_officer,DOCUMENT_INGEST,document,SYN-RES-003145,2024-02-10T01:25:00Z,Citizen evidence upload and SHA-256 vault ingest,SUCCESS,True
SYN-AUDIT-003146,SYN-USER-ADMIN-001,administrator,VALIDATION_RUN,validation_case,SYN-CASE-000266,2024-03-11T02:26:00Z,Automated multi-field statutory comparison pipeline,SUCCESS,True
SYN-AUDIT-003147,SYSTEM-VALIDATION-ENGINE,system_engine,CASE_REVIEW,validation_case,SYN-CASE-000267,2024-04-12T03:27:00Z,Revenue officer inspected cadastral discrepancy,REVIEW_REQUIRED,True
SYN-AUDIT-003148,SYN-USER-CITIZEN-001,citizen,DECISION_RECORDED,validation_case,SYN-CASE-000268,2024-05-13T04:28:00Z,Officer adjudication recorded in case log,SUCCESS,True
SYN-AUDIT-003149,SYN-USER-OFFICER-001,revenue_officer,MUTATION_AUDIT,mutation,SYN-RES-003149,2024-06-14T05:29:00Z,Review of mutation notice period under Sec 129 KLRA,SUCCESS,True
SYN-AUDIT-003150,SYN-USER-ADMIN-001,administrator,DOCUMENT_INGEST,document,SYN-RES-003150,2024-07-15T06:30:00Z,Citizen evidence upload and SHA-256 vault ingest,SUCCESS,True
SYN-AUDIT-003151,SYSTEM-VALIDATION-ENGINE,system_engine,VALIDATION_RUN,validation_case,SYN-CASE-000271,2024-08-16T07:31:00Z,Automated multi-field statutory comparison pipeline,SUCCESS,True
SYN-AUDIT-003152,SYN-USER-CITIZEN-001,citizen,CASE_REVIEW,validation_case,SYN-CASE-000272,2024-09-17T08:32:00Z,Revenue officer inspected cadastral discrepancy,REVIEW_REQUIRED,True
SYN-AUDIT-003153,SYN-USER-OFFICER-001,revenue_officer,DECISION_RECORDED,validation_case,SYN-CASE-000273,2024-10-18T09:33:00Z,Officer adjudication recorded in case log,SUCCESS,True
SYN-AUDIT-003154,SYN-USER-ADMIN-001,administrator,MUTATION_AUDIT,mutation,SYN-RES-003154,2024-11-19T10:34:00Z,Review of mutation notice period under Sec 129 KLRA,SUCCESS,True
SYN-AUDIT-003155,SYSTEM-VALIDATION-ENGINE,system_engine,DOCUMENT_INGEST,document,SYN-RES-003155,2024-12-20T11:35:00Z,Citizen evidence upload and SHA-256 vault ingest,SUCCESS,True
SYN-AUDIT-003156,SYN-USER-CITIZEN-001,citizen,VALIDATION_RUN,validation_case,SYN-CASE-000276,2024-01-21T12:36:00Z,Automated multi-field statutory comparison pipeline,SUCCESS,True
SYN-AUDIT-003157,SYN-USER-OFFICER-001,revenue_officer,CASE_REVIEW,validation_case,SYN-CASE-000277,2024-02-22T13:37:00Z,Revenue officer inspected cadastral discrepancy,REVIEW_REQUIRED,True
SYN-AUDIT-003158,SYN-USER-ADMIN-001,administrator,DECISION_RECORDED,validation_case,SYN-CASE-000278,2024-03-23T14:38:00Z,Officer adjudication recorded in case log,SUCCESS,True
SYN-AUDIT-003159,SYSTEM-VALIDATION-ENGINE,system_engine,MUTATION_AUDIT,mutation,SYN-RES-003159,2024-04-24T15:39:00Z,Review of mutation notice period under Sec 129 KLRA,SUCCESS,True
SYN-AUDIT-003160,SYN-USER-CITIZEN-001,citizen,DOCUMENT_INGEST,document,SYN-RES-003160,2024-05-25T16:40:00Z,Citizen evidence upload and SHA-256 vault ingest,SUCCESS,True
SYN-AUDIT-003161,SYN-USER-OFFICER-001,revenue_officer,VALIDATION_RUN,validation_case,SYN-CASE-000281,2024-06-26T17:41:00Z,Automated multi-field statutory comparison pipeline,SUCCESS,True
SYN-AUDIT-003162,SYN-USER-ADMIN-001,administrator,CASE_REVIEW,validation_case,SYN-CASE-000282,2024-07-27T18:42:00Z,Revenue officer inspected cadastral discrepancy,REVIEW_REQUIRED,True
SYN-AUDIT-003163,SYSTEM-VALIDATION-ENGINE,system_engine,DECISION_RECORDED,validation_case,SYN-CASE-000283,2024-08-28T19:43:00Z,Officer adjudication recorded in case log,SUCCESS,True
SYN-AUDIT-003164,SYN-USER-CITIZEN-001,citizen,MUTATION_AUDIT,mutation,SYN-RES-003164,2024-09-01T20:44:00Z,Review of mutation notice period under Sec 129 KLRA,SUCCESS,True
SYN-AUDIT-003165,SYN-USER-OFFICER-001,revenue_officer,DOCUMENT_INGEST,document,SYN-RES-003165,2024-10-02T21:45:00Z,Citizen evidence upload and SHA-256 vault ingest,SUCCESS,True
SYN-AUDIT-003166,SYN-USER-ADMIN-001,administrator,VALIDATION_RUN,validation_case,SYN-CASE-000286,2024-11-03T22:46:00Z,Automated multi-field statutory comparison pipeline,SUCCESS,True
SYN-AUDIT-003167,SYSTEM-VALIDATION-ENGINE,system_engine,CASE_REVIEW,validation_case,SYN-CASE-000287,2024-12-04T23:47:00Z,Revenue officer inspected cadastral discrepancy,REVIEW_REQUIRED,True
SYN-AUDIT-003168,SYN-USER-CITIZEN-001,citizen,DECISION_RECORDED,validation_case,SYN-CASE-000288,2024-01-05T00:48:00Z,Officer adjudication recorded in case log,SUCCESS,True
SYN-AUDIT-003169,SYN-USER-OFFICER-001,revenue_officer,MUTATION_AUDIT,mutation,SYN-RES-003169,2024-02-06T01:49:00Z,Review of mutation notice period under Sec 129 KLRA,SUCCESS,True
SYN-AUDIT-003170,SYN-USER-ADMIN-001,administrator,DOCUMENT_INGEST,document,SYN-RES-003170,2024-03-07T02:50:00Z,Citizen evidence upload and SHA-256 vault ingest,SUCCESS,True
SYN-AUDIT-003171,SYSTEM-VALIDATION-ENGINE,system_engine,VALIDATION_RUN,validation_case,SYN-CASE-000291,2024-04-08T03:51:00Z,Automated multi-field statutory comparison pipeline,SUCCESS,True
SYN-AUDIT-003172,SYN-USER-CITIZEN-001,citizen,CASE_REVIEW,validation_case,SYN-CASE-000292,2024-05-09T04:52:00Z,Revenue officer inspected cadastral discrepancy,REVIEW_REQUIRED,True
SYN-AUDIT-003173,SYN-USER-OFFICER-001,revenue_officer,DECISION_RECORDED,validation_case,SYN-CASE-000293,2024-06-10T05:53:00Z,Officer adjudication recorded in case log,SUCCESS,True
SYN-AUDIT-003174,SYN-USER-ADMIN-001,administrator,MUTATION_AUDIT,mutation,SYN-RES-003174,2024-07-11T06:54:00Z,Review of mutation notice period under Sec 129 KLRA,SUCCESS,True
SYN-AUDIT-003175,SYSTEM-VALIDATION-ENGINE,system_engine,DOCUMENT_INGEST,document,SYN-RES-003175,2024-08-12T07:55:00Z,Citizen evidence upload and SHA-256 vault ingest,SUCCESS,True
SYN-AUDIT-003176,SYN-USER-CITIZEN-001,citizen,VALIDATION_RUN,validation_case,SYN-CASE-000296,2024-09-13T08:56:00Z,Automated multi-field statutory comparison pipeline,SUCCESS,True
SYN-AUDIT-003177,SYN-USER-OFFICER-001,revenue_officer,CASE_REVIEW,validation_case,SYN-CASE-000297,2024-10-14T09:57:00Z,Revenue officer inspected cadastral discrepancy,REVIEW_REQUIRED,True
SYN-AUDIT-003178,SYN-USER-ADMIN-001,administrator,DECISION_RECORDED,validation_case,SYN-CASE-000298,2024-11-15T10:58:00Z,Officer adjudication recorded in case log,SUCCESS,True
SYN-AUDIT-003179,SYSTEM-VALIDATION-ENGINE,system_engine,MUTATION_AUDIT,mutation,SYN-RES-003179,2024-12-16T11:59:00Z,Review of mutation notice period under Sec 129 KLRA,SUCCESS,True
SYN-AUDIT-003180,SYN-USER-CITIZEN-001,citizen,DOCUMENT_INGEST,document,SYN-RES-003180,2024-01-17T12:00:00Z,Citizen evidence upload and SHA-256 vault ingest,SUCCESS,True
SYN-AUDIT-003181,SYN-USER-OFFICER-001,revenue_officer,VALIDATION_RUN,validation_case,SYN-CASE-000301,2024-02-18T13:01:00Z,Automated multi-field statutory comparison pipeline,SUCCESS,True
SYN-AUDIT-003182,SYN-USER-ADMIN-001,administrator,CASE_REVIEW,validation_case,SYN-CASE-000302,2024-03-19T14:02:00Z,Revenue officer inspected cadastral discrepancy,REVIEW_REQUIRED,True
SYN-AUDIT-003183,SYSTEM-VALIDATION-ENGINE,system_engine,DECISION_RECORDED,validation_case,SYN-CASE-000303,2024-04-20T15:03:00Z,Officer adjudication recorded in case log,SUCCESS,True
SYN-AUDIT-003184,SYN-USER-CITIZEN-001,citizen,MUTATION_AUDIT,mutation,SYN-RES-003184,2024-05-21T16:04:00Z,Review of mutation notice period under Sec 129 KLRA,SUCCESS,True
SYN-AUDIT-003185,SYN-USER-OFFICER-001,revenue_officer,DOCUMENT_INGEST,document,SYN-RES-003185,2024-06-22T17:05:00Z,Citizen evidence upload and SHA-256 vault ingest,SUCCESS,True
SYN-AUDIT-003186,SYN-USER-ADMIN-001,administrator,VALIDATION_RUN,validation_case,SYN-CASE-000306,2024-07-23T18:06:00Z,Automated multi-field statutory comparison pipeline,SUCCESS,True
SYN-AUDIT-003187,SYSTEM-VALIDATION-ENGINE,system_engine,CASE_REVIEW,validation_case,SYN-CASE-000307,2024-08-24T19:07:00Z,Revenue officer inspected cadastral discrepancy,REVIEW_REQUIRED,True
SYN-AUDIT-003188,SYN-USER-CITIZEN-001,citizen,DECISION_RECORDED,validation_case,SYN-CASE-000308,2024-09-25T20:08:00Z,Officer adjudication recorded in case log,SUCCESS,True
SYN-AUDIT-003189,SYN-USER-OFFICER-001,revenue_officer,MUTATION_AUDIT,mutation,SYN-RES-003189,2024-10-26T21:09:00Z,Review of mutation notice period under Sec 129 KLRA,SUCCESS,True
SYN-AUDIT-003190,SYN-USER-ADMIN-001,administrator,DOCUMENT_INGEST,document,SYN-RES-003190,2024-11-27T22:10:00Z,Citizen evidence upload and SHA-256 vault ingest,SUCCESS,True
SYN-AUDIT-003191,SYSTEM-VALIDATION-ENGINE,system_engine,VALIDATION_RUN,validation_case,SYN-CASE-000311,2024-12-28T23:11:00Z,Automated multi-field statutory comparison pipeline,SUCCESS,True
SYN-AUDIT-003192,SYN-USER-CITIZEN-001,citizen,CASE_REVIEW,validation_case,SYN-CASE-000312,2024-01-01T00:12:00Z,Revenue officer inspected cadastral discrepancy,REVIEW_REQUIRED,True
SYN-AUDIT-003193,SYN-USER-OFFICER-001,revenue_officer,DECISION_RECORDED,validation_case,SYN-CASE-000313,2024-02-02T01:13:00Z,Officer adjudication recorded in case log,SUCCESS,True
SYN-AUDIT-003194,SYN-USER-ADMIN-001,administrator,MUTATION_AUDIT,mutation,SYN-RES-003194,2024-03-03T02:14:00Z,Review of mutation notice period under Sec 129 KLRA,SUCCESS,True
SYN-AUDIT-003195,SYSTEM-VALIDATION-ENGINE,system_engine,DOCUMENT_INGEST,document,SYN-RES-003195,2024-04-04T03:15:00Z,Citizen evidence upload and SHA-256 vault ingest,SUCCESS,True
SYN-AUDIT-003196,SYN-USER-CITIZEN-001,citizen,VALIDATION_RUN,validation_case,SYN-CASE-000316,2024-05-05T04:16:00Z,Automated multi-field statutory comparison pipeline,SUCCESS,True
SYN-AUDIT-003197,SYN-USER-OFFICER-001,revenue_officer,CASE_REVIEW,validation_case,SYN-CASE-000317,2024-06-06T05:17:00Z,Revenue officer inspected cadastral discrepancy,REVIEW_REQUIRED,True
SYN-AUDIT-003198,SYN-USER-ADMIN-001,administrator,DECISION_RECORDED,validation_case,SYN-CASE-000318,2024-07-07T06:18:00Z,Officer adjudication recorded in case log,SUCCESS,True
SYN-AUDIT-003199,SYSTEM-VALIDATION-ENGINE,system_engine,MUTATION_AUDIT,mutation,SYN-RES-003199,2024-08-08T07:19:00Z,Review of mutation notice period under Sec 129 KLRA,SUCCESS,True
SYN-AUDIT-003200,SYN-USER-CITIZEN-001,citizen,DOCUMENT_INGEST,document,SYN-RES-003200,2024-09-09T08:20:00Z,Citizen evidence upload and SHA-256 vault ingest,SUCCESS,True
SYN-AUDIT-003201,SYN-USER-OFFICER-001,revenue_officer,VALIDATION_RUN,validation_case,SYN-CASE-000321,2024-10-10T09:21:00Z,Automated multi-field statutory comparison pipeline,SUCCESS,True
SYN-AUDIT-003202,SYN-USER-ADMIN-001,administrator,CASE_REVIEW,validation_case,SYN-CASE-000322,2024-11-11T10:22:00Z,Revenue officer inspected cadastral discrepancy,REVIEW_REQUIRED,True
SYN-AUDIT-003203,SYSTEM-VALIDATION-ENGINE,system_engine,DECISION_RECORDED,validation_case,SYN-CASE-000323,2024-12-12T11:23:00Z,Officer adjudication recorded in case log,SUCCESS,True
SYN-AUDIT-003204,SYN-USER-CITIZEN-001,citizen,MUTATION_AUDIT,mutation,SYN-RES-003204,2024-01-13T12:24:00Z,Review of mutation notice period under Sec 129 KLRA,SUCCESS,True
SYN-AUDIT-003205,SYN-USER-OFFICER-001,revenue_officer,DOCUMENT_INGEST,document,SYN-RES-003205,2024-02-14T13:25:00Z,Citizen evidence upload and SHA-256 vault ingest,SUCCESS,True
SYN-AUDIT-003206,SYN-USER-ADMIN-001,administrator,VALIDATION_RUN,validation_case,SYN-CASE-000326,2024-03-15T14:26:00Z,Automated multi-field statutory comparison pipeline,SUCCESS,True
SYN-AUDIT-003207,SYSTEM-VALIDATION-ENGINE,system_engine,CASE_REVIEW,validation_case,SYN-CASE-000327,2024-04-16T15:27:00Z,Revenue officer inspected cadastral discrepancy,REVIEW_REQUIRED,True
SYN-AUDIT-003208,SYN-USER-CITIZEN-001,citizen,DECISION_RECORDED,validation_case,SYN-CASE-000328,2024-05-17T16:28:00Z,Officer adjudication recorded in case log,SUCCESS,True
SYN-AUDIT-003209,SYN-USER-OFFICER-001,revenue_officer,MUTATION_AUDIT,mutation,SYN-RES-003209,2024-06-18T17:29:00Z,Review of mutation notice period under Sec 129 KLRA,SUCCESS,True
SYN-AUDIT-003210,SYN-USER-ADMIN-001,administrator,DOCUMENT_INGEST,document,SYN-RES-003210,2024-07-19T18:30:00Z,Citizen evidence upload and SHA-256 vault ingest,SUCCESS,True
SYN-AUDIT-003211,SYSTEM-VALIDATION-ENGINE,system_engine,VALIDATION_RUN,validation_case,SYN-CASE-000331,2024-08-20T19:31:00Z,Automated multi-field statutory comparison pipeline,SUCCESS,True
SYN-AUDIT-003212,SYN-USER-CITIZEN-001,citizen,CASE_REVIEW,validation_case,SYN-CASE-000332,2024-09-21T20:32:00Z,Revenue officer inspected cadastral discrepancy,REVIEW_REQUIRED,True
SYN-AUDIT-003213,SYN-USER-OFFICER-001,revenue_officer,DECISION_RECORDED,validation_case,SYN-CASE-000333,2024-10-22T21:33:00Z,Officer adjudication recorded in case log,SUCCESS,True
SYN-AUDIT-003214,SYN-USER-ADMIN-001,administrator,MUTATION_AUDIT,mutation,SYN-RES-003214,2024-11-23T22:34:00Z,Review of mutation notice period under Sec 129 KLRA,SUCCESS,True
SYN-AUDIT-003215,SYSTEM-VALIDATION-ENGINE,system_engine,DOCUMENT_INGEST,document,SYN-RES-003215,2024-12-24T23:35:00Z,Citizen evidence upload and SHA-256 vault ingest,SUCCESS,True
SYN-AUDIT-003216,SYN-USER-CITIZEN-001,citizen,VALIDATION_RUN,validation_case,SYN-CASE-000336,2024-01-25T00:36:00Z,Automated multi-field statutory comparison pipeline,SUCCESS,True
SYN-AUDIT-003217,SYN-USER-OFFICER-001,revenue_officer,CASE_REVIEW,validation_case,SYN-CASE-000337,2024-02-26T01:37:00Z,Revenue officer inspected cadastral discrepancy,REVIEW_REQUIRED,True
SYN-AUDIT-003218,SYN-USER-ADMIN-001,administrator,DECISION_RECORDED,validation_case,SYN-CASE-000338,2024-03-27T02:38:00Z,Officer adjudication recorded in case log,SUCCESS,True
SYN-AUDIT-003219,SYSTEM-VALIDATION-ENGINE,system_engine,MUTATION_AUDIT,mutation,SYN-RES-003219,2024-04-28T03:39:00Z,Review of mutation notice period under Sec 129 KLRA,SUCCESS,True
SYN-AUDIT-003220,SYN-USER-CITIZEN-001,citizen,DOCUMENT_INGEST,document,SYN-RES-003220,2024-05-01T04:40:00Z,Citizen evidence upload and SHA-256 vault ingest,SUCCESS,True
SYN-AUDIT-003221,SYN-USER-OFFICER-001,revenue_officer,VALIDATION_RUN,validation_case,SYN-CASE-000341,2024-06-02T05:41:00Z,Automated multi-field statutory comparison pipeline,SUCCESS,True
SYN-AUDIT-003222,SYN-USER-ADMIN-001,administrator,CASE_REVIEW,validation_case,SYN-CASE-000342,2024-07-03T06:42:00Z,Revenue officer inspected cadastral discrepancy,REVIEW_REQUIRED,True
SYN-AUDIT-003223,SYSTEM-VALIDATION-ENGINE,system_engine,DECISION_RECORDED,validation_case,SYN-CASE-000343,2024-08-04T07:43:00Z,Officer adjudication recorded in case log,SUCCESS,True
SYN-AUDIT-003224,SYN-USER-CITIZEN-001,citizen,MUTATION_AUDIT,mutation,SYN-RES-003224,2024-09-05T08:44:00Z,Review of mutation notice period under Sec 129 KLRA,SUCCESS,True
SYN-AUDIT-003225,SYN-USER-OFFICER-001,revenue_officer,DOCUMENT_INGEST,document,SYN-RES-003225,2024-10-06T09:45:00Z,Citizen evidence upload and SHA-256 vault ingest,SUCCESS,True
SYN-AUDIT-003226,SYN-USER-ADMIN-001,administrator,VALIDATION_RUN,validation_case,SYN-CASE-000346,2024-11-07T10:46:00Z,Automated multi-field statutory comparison pipeline,SUCCESS,True
SYN-AUDIT-003227,SYSTEM-VALIDATION-ENGINE,system_engine,CASE_REVIEW,validation_case,SYN-CASE-000347,2024-12-08T11:47:00Z,Revenue officer inspected cadastral discrepancy,REVIEW_REQUIRED,True
SYN-AUDIT-003228,SYN-USER-CITIZEN-001,citizen,DECISION_RECORDED,validation_case,SYN-CASE-000348,2024-01-09T12:48:00Z,Officer adjudication recorded in case log,SUCCESS,True
SYN-AUDIT-003229,SYN-USER-OFFICER-001,revenue_officer,MUTATION_AUDIT,mutation,SYN-RES-003229,2024-02-10T13:49:00Z,Review of mutation notice period under Sec 129 KLRA,SUCCESS,True
SYN-AUDIT-003230,SYN-USER-ADMIN-001,administrator,DOCUMENT_INGEST,document,SYN-RES-003230,2024-03-11T14:50:00Z,Citizen evidence upload and SHA-256 vault ingest,SUCCESS,True
SYN-AUDIT-003231,SYSTEM-VALIDATION-ENGINE,system_engine,VALIDATION_RUN,validation_case,SYN-CASE-000351,2024-04-12T15:51:00Z,Automated multi-field statutory comparison pipeline,SUCCESS,True
SYN-AUDIT-003232,SYN-USER-CITIZEN-001,citizen,CASE_REVIEW,validation_case,SYN-CASE-000352,2024-05-13T16:52:00Z,Revenue officer inspected cadastral discrepancy,REVIEW_REQUIRED,True
SYN-AUDIT-003233,SYN-USER-OFFICER-001,revenue_officer,DECISION_RECORDED,validation_case,SYN-CASE-000353,2024-06-14T17:53:00Z,Officer adjudication recorded in case log,SUCCESS,True
SYN-AUDIT-003234,SYN-USER-ADMIN-001,administrator,MUTATION_AUDIT,mutation,SYN-RES-003234,2024-07-15T18:54:00Z,Review of mutation notice period under Sec 129 KLRA,SUCCESS,True
SYN-AUDIT-003235,SYSTEM-VALIDATION-ENGINE,system_engine,DOCUMENT_INGEST,document,SYN-RES-003235,2024-08-16T19:55:00Z,Citizen evidence upload and SHA-256 vault ingest,SUCCESS,True
SYN-AUDIT-003236,SYN-USER-CITIZEN-001,citizen,VALIDATION_RUN,validation_case,SYN-CASE-000356,2024-09-17T20:56:00Z,Automated multi-field statutory comparison pipeline,SUCCESS,True
SYN-AUDIT-003237,SYN-USER-OFFICER-001,revenue_officer,CASE_REVIEW,validation_case,SYN-CASE-000357,2024-10-18T21:57:00Z,Revenue officer inspected cadastral discrepancy,REVIEW_REQUIRED,True
SYN-AUDIT-003238,SYN-USER-ADMIN-001,administrator,DECISION_RECORDED,validation_case,SYN-CASE-000358,2024-11-19T22:58:00Z,Officer adjudication recorded in case log,SUCCESS,True
SYN-AUDIT-003239,SYSTEM-VALIDATION-ENGINE,system_engine,MUTATION_AUDIT,mutation,SYN-RES-003239,2024-12-20T23:59:00Z,Review of mutation notice period under Sec 129 KLRA,SUCCESS,True
SYN-AUDIT-003240,SYN-USER-CITIZEN-001,citizen,DOCUMENT_INGEST,document,SYN-RES-003240,2024-01-21T00:00:00Z,Citizen evidence upload and SHA-256 vault ingest,SUCCESS,True
SYN-AUDIT-003241,SYN-USER-OFFICER-001,revenue_officer,VALIDATION_RUN,validation_case,SYN-CASE-000361,2024-02-22T01:01:00Z,Automated multi-field statutory comparison pipeline,SUCCESS,True
SYN-AUDIT-003242,SYN-USER-ADMIN-001,administrator,CASE_REVIEW,validation_case,SYN-CASE-000362,2024-03-23T02:02:00Z,Revenue officer inspected cadastral discrepancy,REVIEW_REQUIRED,True
SYN-AUDIT-003243,SYSTEM-VALIDATION-ENGINE,system_engine,DECISION_RECORDED,validation_case,SYN-CASE-000363,2024-04-24T03:03:00Z,Officer adjudication recorded in case log,SUCCESS,True
SYN-AUDIT-003244,SYN-USER-CITIZEN-001,citizen,MUTATION_AUDIT,mutation,SYN-RES-003244,2024-05-25T04:04:00Z,Review of mutation notice period under Sec 129 KLRA,SUCCESS,True
SYN-AUDIT-003245,SYN-USER-OFFICER-001,revenue_officer,DOCUMENT_INGEST,document,SYN-RES-003245,2024-06-26T05:05:00Z,Citizen evidence upload and SHA-256 vault ingest,SUCCESS,True
SYN-AUDIT-003246,SYN-USER-ADMIN-001,administrator,VALIDATION_RUN,validation_case,SYN-CASE-000366,2024-07-27T06:06:00Z,Automated multi-field statutory comparison pipeline,SUCCESS,True
SYN-AUDIT-003247,SYSTEM-VALIDATION-ENGINE,system_engine,CASE_REVIEW,validation_case,SYN-CASE-000367,2024-08-28T07:07:00Z,Revenue officer inspected cadastral discrepancy,REVIEW_REQUIRED,True
SYN-AUDIT-003248,SYN-USER-CITIZEN-001,citizen,DECISION_RECORDED,validation_case,SYN-CASE-000368,2024-09-01T08:08:00Z,Officer adjudication recorded in case log,SUCCESS,True
SYN-AUDIT-003249,SYN-USER-OFFICER-001,revenue_officer,MUTATION_AUDIT,mutation,SYN-RES-003249,2024-10-02T09:09:00Z,Review of mutation notice period under Sec 129 KLRA,SUCCESS,True
SYN-AUDIT-003250,SYN-USER-ADMIN-001,administrator,DOCUMENT_INGEST,document,SYN-RES-003250,2024-11-03T10:10:00Z,Citizen evidence upload and SHA-256 vault ingest,SUCCESS,True
SYN-AUDIT-003251,SYSTEM-VALIDATION-ENGINE,system_engine,VALIDATION_RUN,validation_case,SYN-CASE-000371,2024-12-04T11:11:00Z,Automated multi-field statutory comparison pipeline,SUCCESS,True
SYN-AUDIT-003252,SYN-USER-CITIZEN-001,citizen,CASE_REVIEW,validation_case,SYN-CASE-000372,2024-01-05T12:12:00Z,Revenue officer inspected cadastral discrepancy,REVIEW_REQUIRED,True
SYN-AUDIT-003253,SYN-USER-OFFICER-001,revenue_officer,DECISION_RECORDED,validation_case,SYN-CASE-000373,2024-02-06T13:13:00Z,Officer adjudication recorded in case log,SUCCESS,True
SYN-AUDIT-003254,SYN-USER-ADMIN-001,administrator,MUTATION_AUDIT,mutation,SYN-RES-003254,2024-03-07T14:14:00Z,Review of mutation notice period under Sec 129 KLRA,SUCCESS,True
SYN-AUDIT-003255,SYSTEM-VALIDATION-ENGINE,system_engine,DOCUMENT_INGEST,document,SYN-RES-003255,2024-04-08T15:15:00Z,Citizen evidence upload and SHA-256 vault ingest,SUCCESS,True
SYN-AUDIT-003256,SYN-USER-CITIZEN-001,citizen,VALIDATION_RUN,validation_case,SYN-CASE-000376,2024-05-09T16:16:00Z,Automated multi-field statutory comparison pipeline,SUCCESS,True
SYN-AUDIT-003257,SYN-USER-OFFICER-001,revenue_officer,CASE_REVIEW,validation_case,SYN-CASE-000377,2024-06-10T17:17:00Z,Revenue officer inspected cadastral discrepancy,REVIEW_REQUIRED,True
SYN-AUDIT-003258,SYN-USER-ADMIN-001,administrator,DECISION_RECORDED,validation_case,SYN-CASE-000378,2024-07-11T18:18:00Z,Officer adjudication recorded in case log,SUCCESS,True
SYN-AUDIT-003259,SYSTEM-VALIDATION-ENGINE,system_engine,MUTATION_AUDIT,mutation,SYN-RES-003259,2024-08-12T19:19:00Z,Review of mutation notice period under Sec 129 KLRA,SUCCESS,True
SYN-AUDIT-003260,SYN-USER-CITIZEN-001,citizen,DOCUMENT_INGEST,document,SYN-RES-003260,2024-09-13T20:20:00Z,Citizen evidence upload and SHA-256 vault ingest,SUCCESS,True
SYN-AUDIT-003261,SYN-USER-OFFICER-001,revenue_officer,VALIDATION_RUN,validation_case,SYN-CASE-000381,2024-10-14T21:21:00Z,Automated multi-field statutory comparison pipeline,SUCCESS,True
SYN-AUDIT-003262,SYN-USER-ADMIN-001,administrator,CASE_REVIEW,validation_case,SYN-CASE-000382,2024-11-15T22:22:00Z,Revenue officer inspected cadastral discrepancy,REVIEW_REQUIRED,True
SYN-AUDIT-003263,SYSTEM-VALIDATION-ENGINE,system_engine,DECISION_RECORDED,validation_case,SYN-CASE-000383,2024-12-16T23:23:00Z,Officer adjudication recorded in case log,SUCCESS,True
SYN-AUDIT-003264,SYN-USER-CITIZEN-001,citizen,MUTATION_AUDIT,mutation,SYN-RES-003264,2024-01-17T00:24:00Z,Review of mutation notice period under Sec 129 KLRA,SUCCESS,True
SYN-AUDIT-003265,SYN-USER-OFFICER-001,revenue_officer,DOCUMENT_INGEST,document,SYN-RES-003265,2024-02-18T01:25:00Z,Citizen evidence upload and SHA-256 vault ingest,SUCCESS,True
SYN-AUDIT-003266,SYN-USER-ADMIN-001,administrator,VALIDATION_RUN,validation_case,SYN-CASE-000386,2024-03-19T02:26:00Z,Automated multi-field statutory comparison pipeline,SUCCESS,True
SYN-AUDIT-003267,SYSTEM-VALIDATION-ENGINE,system_engine,CASE_REVIEW,validation_case,SYN-CASE-000387,2024-04-20T03:27:00Z,Revenue officer inspected cadastral discrepancy,REVIEW_REQUIRED,True
SYN-AUDIT-003268,SYN-USER-CITIZEN-001,citizen,DECISION_RECORDED,validation_case,SYN-CASE-000388,2024-05-21T04:28:00Z,Officer adjudication recorded in case log,SUCCESS,True
SYN-AUDIT-003269,SYN-USER-OFFICER-001,revenue_officer,MUTATION_AUDIT,mutation,SYN-RES-003269,2024-06-22T05:29:00Z,Review of mutation notice period under Sec 129 KLRA,SUCCESS,True
SYN-AUDIT-003270,SYN-USER-ADMIN-001,administrator,DOCUMENT_INGEST,document,SYN-RES-003270,2024-07-23T06:30:00Z,Citizen evidence upload and SHA-256 vault ingest,SUCCESS,True
SYN-AUDIT-003271,SYSTEM-VALIDATION-ENGINE,system_engine,VALIDATION_RUN,validation_case,SYN-CASE-000391,2024-08-24T07:31:00Z,Automated multi-field statutory comparison pipeline,SUCCESS,True
SYN-AUDIT-003272,SYN-USER-CITIZEN-001,citizen,CASE_REVIEW,validation_case,SYN-CASE-000392,2024-09-25T08:32:00Z,Revenue officer inspected cadastral discrepancy,REVIEW_REQUIRED,True
SYN-AUDIT-003273,SYN-USER-OFFICER-001,revenue_officer,DECISION_RECORDED,validation_case,SYN-CASE-000393,2024-10-26T09:33:00Z,Officer adjudication recorded in case log,SUCCESS,True
SYN-AUDIT-003274,SYN-USER-ADMIN-001,administrator,MUTATION_AUDIT,mutation,SYN-RES-003274,2024-11-27T10:34:00Z,Review of mutation notice period under Sec 129 KLRA,SUCCESS,True
SYN-AUDIT-003275,SYSTEM-VALIDATION-ENGINE,system_engine,DOCUMENT_INGEST,document,SYN-RES-003275,2024-12-28T11:35:00Z,Citizen evidence upload and SHA-256 vault ingest,SUCCESS,True
SYN-AUDIT-003276,SYN-USER-CITIZEN-001,citizen,VALIDATION_RUN,validation_case,SYN-CASE-000396,2024-01-01T12:36:00Z,Automated multi-field statutory comparison pipeline,SUCCESS,True
SYN-AUDIT-003277,SYN-USER-OFFICER-001,revenue_officer,CASE_REVIEW,validation_case,SYN-CASE-000397,2024-02-02T13:37:00Z,Revenue officer inspected cadastral discrepancy,REVIEW_REQUIRED,True
SYN-AUDIT-003278,SYN-USER-ADMIN-001,administrator,DECISION_RECORDED,validation_case,SYN-CASE-000398,2024-03-03T14:38:00Z,Officer adjudication recorded in case log,SUCCESS,True
SYN-AUDIT-003279,SYSTEM-VALIDATION-ENGINE,system_engine,MUTATION_AUDIT,mutation,SYN-RES-003279,2024-04-04T15:39:00Z,Review of mutation notice period under Sec 129 KLRA,SUCCESS,True
SYN-AUDIT-003280,SYN-USER-CITIZEN-001,citizen,DOCUMENT_INGEST,document,SYN-RES-003280,2024-05-05T16:40:00Z,Citizen evidence upload and SHA-256 vault ingest,SUCCESS,True
SYN-AUDIT-003281,SYN-USER-OFFICER-001,revenue_officer,VALIDATION_RUN,validation_case,SYN-CASE-000401,2024-06-06T17:41:00Z,Automated multi-field statutory comparison pipeline,SUCCESS,True
SYN-AUDIT-003282,SYN-USER-ADMIN-001,administrator,CASE_REVIEW,validation_case,SYN-CASE-000402,2024-07-07T18:42:00Z,Revenue officer inspected cadastral discrepancy,REVIEW_REQUIRED,True
SYN-AUDIT-003283,SYSTEM-VALIDATION-ENGINE,system_engine,DECISION_RECORDED,validation_case,SYN-CASE-000403,2024-08-08T19:43:00Z,Officer adjudication recorded in case log,SUCCESS,True
SYN-AUDIT-003284,SYN-USER-CITIZEN-001,citizen,MUTATION_AUDIT,mutation,SYN-RES-003284,2024-09-09T20:44:00Z,Review of mutation notice period under Sec 129 KLRA,SUCCESS,True
SYN-AUDIT-003285,SYN-USER-OFFICER-001,revenue_officer,DOCUMENT_INGEST,document,SYN-RES-003285,2024-10-10T21:45:00Z,Citizen evidence upload and SHA-256 vault ingest,SUCCESS,True
SYN-AUDIT-003286,SYN-USER-ADMIN-001,administrator,VALIDATION_RUN,validation_case,SYN-CASE-000406,2024-11-11T22:46:00Z,Automated multi-field statutory comparison pipeline,SUCCESS,True
SYN-AUDIT-003287,SYSTEM-VALIDATION-ENGINE,system_engine,CASE_REVIEW,validation_case,SYN-CASE-000407,2024-12-12T23:47:00Z,Revenue officer inspected cadastral discrepancy,REVIEW_REQUIRED,True
SYN-AUDIT-003288,SYN-USER-CITIZEN-001,citizen,DECISION_RECORDED,validation_case,SYN-CASE-000408,2024-01-13T00:48:00Z,Officer adjudication recorded in case log,SUCCESS,True
SYN-AUDIT-003289,SYN-USER-OFFICER-001,revenue_officer,MUTATION_AUDIT,mutation,SYN-RES-003289,2024-02-14T01:49:00Z,Review of mutation notice period under Sec 129 KLRA,SUCCESS,True
SYN-AUDIT-003290,SYN-USER-ADMIN-001,administrator,DOCUMENT_INGEST,document,SYN-RES-003290,2024-03-15T02:50:00Z,Citizen evidence upload and SHA-256 vault ingest,SUCCESS,True
SYN-AUDIT-003291,SYSTEM-VALIDATION-ENGINE,system_engine,VALIDATION_RUN,validation_case,SYN-CASE-000411,2024-04-16T03:51:00Z,Automated multi-field statutory comparison pipeline,SUCCESS,True
SYN-AUDIT-003292,SYN-USER-CITIZEN-001,citizen,CASE_REVIEW,validation_case,SYN-CASE-000412,2024-05-17T04:52:00Z,Revenue officer inspected cadastral discrepancy,REVIEW_REQUIRED,True
SYN-AUDIT-003293,SYN-USER-OFFICER-001,revenue_officer,DECISION_RECORDED,validation_case,SYN-CASE-000413,2024-06-18T05:53:00Z,Officer adjudication recorded in case log,SUCCESS,True
SYN-AUDIT-003294,SYN-USER-ADMIN-001,administrator,MUTATION_AUDIT,mutation,SYN-RES-003294,2024-07-19T06:54:00Z,Review of mutation notice period under Sec 129 KLRA,SUCCESS,True
SYN-AUDIT-003295,SYSTEM-VALIDATION-ENGINE,system_engine,DOCUMENT_INGEST,document,SYN-RES-003295,2024-08-20T07:55:00Z,Citizen evidence upload and SHA-256 vault ingest,SUCCESS,True
SYN-AUDIT-003296,SYN-USER-CITIZEN-001,citizen,VALIDATION_RUN,validation_case,SYN-CASE-000416,2024-09-21T08:56:00Z,Automated multi-field statutory comparison pipeline,SUCCESS,True
SYN-AUDIT-003297,SYN-USER-OFFICER-001,revenue_officer,CASE_REVIEW,validation_case,SYN-CASE-000417,2024-10-22T09:57:00Z,Revenue officer inspected cadastral discrepancy,REVIEW_REQUIRED,True
SYN-AUDIT-003298,SYN-USER-ADMIN-001,administrator,DECISION_RECORDED,validation_case,SYN-CASE-000418,2024-11-23T10:58:00Z,Officer adjudication recorded in case log,SUCCESS,True
SYN-AUDIT-003299,SYSTEM-VALIDATION-ENGINE,system_engine,MUTATION_AUDIT,mutation,SYN-RES-003299,2024-12-24T11:59:00Z,Review of mutation notice period under Sec 129 KLRA,SUCCESS,True
SYN-AUDIT-003300,SYN-USER-CITIZEN-001,citizen,DOCUMENT_INGEST,document,SYN-RES-003300,2024-01-25T12:00:00Z,Citizen evidence upload and SHA-256 vault ingest,SUCCESS,True
SYN-AUDIT-003301,SYN-USER-OFFICER-001,revenue_officer,VALIDATION_RUN,validation_case,SYN-CASE-000421,2024-02-26T13:01:00Z,Automated multi-field statutory comparison pipeline,SUCCESS,True
SYN-AUDIT-003302,SYN-USER-ADMIN-001,administrator,CASE_REVIEW,validation_case,SYN-CASE-000422,2024-03-27T14:02:00Z,Revenue officer inspected cadastral discrepancy,REVIEW_REQUIRED,True
SYN-AUDIT-003303,SYSTEM-VALIDATION-ENGINE,system_engine,DECISION_RECORDED,validation_case,SYN-CASE-000423,2024-04-28T15:03:00Z,Officer adjudication recorded in case log,SUCCESS,True
SYN-AUDIT-003304,SYN-USER-CITIZEN-001,citizen,MUTATION_AUDIT,mutation,SYN-RES-003304,2024-05-01T16:04:00Z,Review of mutation notice period under Sec 129 KLRA,SUCCESS,True
SYN-AUDIT-003305,SYN-USER-OFFICER-001,revenue_officer,DOCUMENT_INGEST,document,SYN-RES-003305,2024-06-02T17:05:00Z,Citizen evidence upload and SHA-256 vault ingest,SUCCESS,True
SYN-AUDIT-003306,SYN-USER-ADMIN-001,administrator,VALIDATION_RUN,validation_case,SYN-CASE-000426,2024-07-03T18:06:00Z,Automated multi-field statutory comparison pipeline,SUCCESS,True
SYN-AUDIT-003307,SYSTEM-VALIDATION-ENGINE,system_engine,CASE_REVIEW,validation_case,SYN-CASE-000427,2024-08-04T19:07:00Z,Revenue officer inspected cadastral discrepancy,REVIEW_REQUIRED,True
SYN-AUDIT-003308,SYN-USER-CITIZEN-001,citizen,DECISION_RECORDED,validation_case,SYN-CASE-000428,2024-09-05T20:08:00Z,Officer adjudication recorded in case log,SUCCESS,True
SYN-AUDIT-003309,SYN-USER-OFFICER-001,revenue_officer,MUTATION_AUDIT,mutation,SYN-RES-003309,2024-10-06T21:09:00Z,Review of mutation notice period under Sec 129 KLRA,SUCCESS,True
SYN-AUDIT-003310,SYN-USER-ADMIN-001,administrator,DOCUMENT_INGEST,document,SYN-RES-003310,2024-11-07T22:10:00Z,Citizen evidence upload and SHA-256 vault ingest,SUCCESS,True
SYN-AUDIT-003311,SYSTEM-VALIDATION-ENGINE,system_engine,VALIDATION_RUN,validation_case,SYN-CASE-000431,2024-12-08T23:11:00Z,Automated multi-field statutory comparison pipeline,SUCCESS,True
SYN-AUDIT-003312,SYN-USER-CITIZEN-001,citizen,CASE_REVIEW,validation_case,SYN-CASE-000432,2024-01-09T00:12:00Z,Revenue officer inspected cadastral discrepancy,REVIEW_REQUIRED,True
SYN-AUDIT-003313,SYN-USER-OFFICER-001,revenue_officer,DECISION_RECORDED,validation_case,SYN-CASE-000433,2024-02-10T01:13:00Z,Officer adjudication recorded in case log,SUCCESS,True
SYN-AUDIT-003314,SYN-USER-ADMIN-001,administrator,MUTATION_AUDIT,mutation,SYN-RES-003314,2024-03-11T02:14:00Z,Review of mutation notice period under Sec 129 KLRA,SUCCESS,True
SYN-AUDIT-003315,SYSTEM-VALIDATION-ENGINE,system_engine,DOCUMENT_INGEST,document,SYN-RES-003315,2024-04-12T03:15:00Z,Citizen evidence upload and SHA-256 vault ingest,SUCCESS,True
SYN-AUDIT-003316,SYN-USER-CITIZEN-001,citizen,VALIDATION_RUN,validation_case,SYN-CASE-000436,2024-05-13T04:16:00Z,Automated multi-field statutory comparison pipeline,SUCCESS,True
SYN-AUDIT-003317,SYN-USER-OFFICER-001,revenue_officer,CASE_REVIEW,validation_case,SYN-CASE-000437,2024-06-14T05:17:00Z,Revenue officer inspected cadastral discrepancy,REVIEW_REQUIRED,True
SYN-AUDIT-003318,SYN-USER-ADMIN-001,administrator,DECISION_RECORDED,validation_case,SYN-CASE-000438,2024-07-15T06:18:00Z,Officer adjudication recorded in case log,SUCCESS,True
SYN-AUDIT-003319,SYSTEM-VALIDATION-ENGINE,system_engine,MUTATION_AUDIT,mutation,SYN-RES-003319,2024-08-16T07:19:00Z,Review of mutation notice period under Sec 129 KLRA,SUCCESS,True
SYN-AUDIT-003320,SYN-USER-CITIZEN-001,citizen,DOCUMENT_INGEST,document,SYN-RES-003320,2024-09-17T08:20:00Z,Citizen evidence upload and SHA-256 vault ingest,SUCCESS,True
SYN-AUDIT-003321,SYN-USER-OFFICER-001,revenue_officer,VALIDATION_RUN,validation_case,SYN-CASE-000441,2024-10-18T09:21:00Z,Automated multi-field statutory comparison pipeline,SUCCESS,True
SYN-AUDIT-003322,SYN-USER-ADMIN-001,administrator,CASE_REVIEW,validation_case,SYN-CASE-000442,2024-11-19T10:22:00Z,Revenue officer inspected cadastral discrepancy,REVIEW_REQUIRED,True
SYN-AUDIT-003323,SYSTEM-VALIDATION-ENGINE,system_engine,DECISION_RECORDED,validation_case,SYN-CASE-000443,2024-12-20T11:23:00Z,Officer adjudication recorded in case log,SUCCESS,True
SYN-AUDIT-003324,SYN-USER-CITIZEN-001,citizen,MUTATION_AUDIT,mutation,SYN-RES-003324,2024-01-21T12:24:00Z,Review of mutation notice period under Sec 129 KLRA,SUCCESS,True
SYN-AUDIT-003325,SYN-USER-OFFICER-001,revenue_officer,DOCUMENT_INGEST,document,SYN-RES-003325,2024-02-22T13:25:00Z,Citizen evidence upload and SHA-256 vault ingest,SUCCESS,True
SYN-AUDIT-003326,SYN-USER-ADMIN-001,administrator,VALIDATION_RUN,validation_case,SYN-CASE-000446,2024-03-23T14:26:00Z,Automated multi-field statutory comparison pipeline,SUCCESS,True
SYN-AUDIT-003327,SYSTEM-VALIDATION-ENGINE,system_engine,CASE_REVIEW,validation_case,SYN-CASE-000447,2024-04-24T15:27:00Z,Revenue officer inspected cadastral discrepancy,REVIEW_REQUIRED,True
SYN-AUDIT-003328,SYN-USER-CITIZEN-001,citizen,DECISION_RECORDED,validation_case,SYN-CASE-000448,2024-05-25T16:28:00Z,Officer adjudication recorded in case log,SUCCESS,True
SYN-AUDIT-003329,SYN-USER-OFFICER-001,revenue_officer,MUTATION_AUDIT,mutation,SYN-RES-003329,2024-06-26T17:29:00Z,Review of mutation notice period under Sec 129 KLRA,SUCCESS,True
SYN-AUDIT-003330,SYN-USER-ADMIN-001,administrator,DOCUMENT_INGEST,document,SYN-RES-003330,2024-07-27T18:30:00Z,Citizen evidence upload and SHA-256 vault ingest,SUCCESS,True
SYN-AUDIT-003331,SYSTEM-VALIDATION-ENGINE,system_engine,VALIDATION_RUN,validation_case,SYN-CASE-000451,2024-08-28T19:31:00Z,Automated multi-field statutory comparison pipeline,SUCCESS,True
SYN-AUDIT-003332,SYN-USER-CITIZEN-001,citizen,CASE_REVIEW,validation_case,SYN-CASE-000452,2024-09-01T20:32:00Z,Revenue officer inspected cadastral discrepancy,REVIEW_REQUIRED,True
SYN-AUDIT-003333,SYN-USER-OFFICER-001,revenue_officer,DECISION_RECORDED,validation_case,SYN-CASE-000453,2024-10-02T21:33:00Z,Officer adjudication recorded in case log,SUCCESS,True
SYN-AUDIT-003334,SYN-USER-ADMIN-001,administrator,MUTATION_AUDIT,mutation,SYN-RES-003334,2024-11-03T22:34:00Z,Review of mutation notice period under Sec 129 KLRA,SUCCESS,True
SYN-AUDIT-003335,SYSTEM-VALIDATION-ENGINE,system_engine,DOCUMENT_INGEST,document,SYN-RES-003335,2024-12-04T23:35:00Z,Citizen evidence upload and SHA-256 vault ingest,SUCCESS,True
SYN-AUDIT-003336,SYN-USER-CITIZEN-001,citizen,VALIDATION_RUN,validation_case,SYN-CASE-000456,2024-01-05T00:36:00Z,Automated multi-field statutory comparison pipeline,SUCCESS,True
SYN-AUDIT-003337,SYN-USER-OFFICER-001,revenue_officer,CASE_REVIEW,validation_case,SYN-CASE-000457,2024-02-06T01:37:00Z,Revenue officer inspected cadastral discrepancy,REVIEW_REQUIRED,True
SYN-AUDIT-003338,SYN-USER-ADMIN-001,administrator,DECISION_RECORDED,validation_case,SYN-CASE-000458,2024-03-07T02:38:00Z,Officer adjudication recorded in case log,SUCCESS,True
SYN-AUDIT-003339,SYSTEM-VALIDATION-ENGINE,system_engine,MUTATION_AUDIT,mutation,SYN-RES-003339,2024-04-08T03:39:00Z,Review of mutation notice period under Sec 129 KLRA,SUCCESS,True
SYN-AUDIT-003340,SYN-USER-CITIZEN-001,citizen,DOCUMENT_INGEST,document,SYN-RES-003340,2024-05-09T04:40:00Z,Citizen evidence upload and SHA-256 vault ingest,SUCCESS,True
SYN-AUDIT-003341,SYN-USER-OFFICER-001,revenue_officer,VALIDATION_RUN,validation_case,SYN-CASE-000461,2024-06-10T05:41:00Z,Automated multi-field statutory comparison pipeline,SUCCESS,True
SYN-AUDIT-003342,SYN-USER-ADMIN-001,administrator,CASE_REVIEW,validation_case,SYN-CASE-000462,2024-07-11T06:42:00Z,Revenue officer inspected cadastral discrepancy,REVIEW_REQUIRED,True
SYN-AUDIT-003343,SYSTEM-VALIDATION-ENGINE,system_engine,DECISION_RECORDED,validation_case,SYN-CASE-000463,2024-08-12T07:43:00Z,Officer adjudication recorded in case log,SUCCESS,True
SYN-AUDIT-003344,SYN-USER-CITIZEN-001,citizen,MUTATION_AUDIT,mutation,SYN-RES-003344,2024-09-13T08:44:00Z,Review of mutation notice period under Sec 129 KLRA,SUCCESS,True
SYN-AUDIT-003345,SYN-USER-OFFICER-001,revenue_officer,DOCUMENT_INGEST,document,SYN-RES-003345,2024-10-14T09:45:00Z,Citizen evidence upload and SHA-256 vault ingest,SUCCESS,True
SYN-AUDIT-003346,SYN-USER-ADMIN-001,administrator,VALIDATION_RUN,validation_case,SYN-CASE-000466,2024-11-15T10:46:00Z,Automated multi-field statutory comparison pipeline,SUCCESS,True
SYN-AUDIT-003347,SYSTEM-VALIDATION-ENGINE,system_engine,CASE_REVIEW,validation_case,SYN-CASE-000467,2024-12-16T11:47:00Z,Revenue officer inspected cadastral discrepancy,REVIEW_REQUIRED,True
SYN-AUDIT-003348,SYN-USER-CITIZEN-001,citizen,DECISION_RECORDED,validation_case,SYN-CASE-000468,2024-01-17T12:48:00Z,Officer adjudication recorded in case log,SUCCESS,True
SYN-AUDIT-003349,SYN-USER-OFFICER-001,revenue_officer,MUTATION_AUDIT,mutation,SYN-RES-003349,2024-02-18T13:49:00Z,Review of mutation notice period under Sec 129 KLRA,SUCCESS,True
SYN-AUDIT-003350,SYN-USER-ADMIN-001,administrator,DOCUMENT_INGEST,document,SYN-RES-003350,2024-03-19T14:50:00Z,Citizen evidence upload and SHA-256 vault ingest,SUCCESS,True
SYN-AUDIT-003351,SYSTEM-VALIDATION-ENGINE,system_engine,VALIDATION_RUN,validation_case,SYN-CASE-000471,2024-04-20T15:51:00Z,Automated multi-field statutory comparison pipeline,SUCCESS,True
SYN-AUDIT-003352,SYN-USER-CITIZEN-001,citizen,CASE_REVIEW,validation_case,SYN-CASE-000472,2024-05-21T16:52:00Z,Revenue officer inspected cadastral discrepancy,REVIEW_REQUIRED,True
SYN-AUDIT-003353,SYN-USER-OFFICER-001,revenue_officer,DECISION_RECORDED,validation_case,SYN-CASE-000473,2024-06-22T17:53:00Z,Officer adjudication recorded in case log,SUCCESS,True
SYN-AUDIT-003354,SYN-USER-ADMIN-001,administrator,MUTATION_AUDIT,mutation,SYN-RES-003354,2024-07-23T18:54:00Z,Review of mutation notice period under Sec 129 KLRA,SUCCESS,True
SYN-AUDIT-003355,SYSTEM-VALIDATION-ENGINE,system_engine,DOCUMENT_INGEST,document,SYN-RES-003355,2024-08-24T19:55:00Z,Citizen evidence upload and SHA-256 vault ingest,SUCCESS,True
SYN-AUDIT-003356,SYN-USER-CITIZEN-001,citizen,VALIDATION_RUN,validation_case,SYN-CASE-000476,2024-09-25T20:56:00Z,Automated multi-field statutory comparison pipeline,SUCCESS,True
SYN-AUDIT-003357,SYN-USER-OFFICER-001,revenue_officer,CASE_REVIEW,validation_case,SYN-CASE-000477,2024-10-26T21:57:00Z,Revenue officer inspected cadastral discrepancy,REVIEW_REQUIRED,True
SYN-AUDIT-003358,SYN-USER-ADMIN-001,administrator,DECISION_RECORDED,validation_case,SYN-CASE-000478,2024-11-27T22:58:00Z,Officer adjudication recorded in case log,SUCCESS,True
SYN-AUDIT-003359,SYSTEM-VALIDATION-ENGINE,system_engine,MUTATION_AUDIT,mutation,SYN-RES-003359,2024-12-28T23:59:00Z,Review of mutation notice period under Sec 129 KLRA,SUCCESS,True
SYN-AUDIT-003360,SYN-USER-CITIZEN-001,citizen,DOCUMENT_INGEST,document,SYN-RES-003360,2024-01-01T00:00:00Z,Citizen evidence upload and SHA-256 vault ingest,SUCCESS,True
SYN-AUDIT-003361,SYN-USER-OFFICER-001,revenue_officer,VALIDATION_RUN,validation_case,SYN-CASE-000481,2024-02-02T01:01:00Z,Automated multi-field statutory comparison pipeline,SUCCESS,True
SYN-AUDIT-003362,SYN-USER-ADMIN-001,administrator,CASE_REVIEW,validation_case,SYN-CASE-000482,2024-03-03T02:02:00Z,Revenue officer inspected cadastral discrepancy,REVIEW_REQUIRED,True
SYN-AUDIT-003363,SYSTEM-VALIDATION-ENGINE,system_engine,DECISION_RECORDED,validation_case,SYN-CASE-000483,2024-04-04T03:03:00Z,Officer adjudication recorded in case log,SUCCESS,True
SYN-AUDIT-003364,SYN-USER-CITIZEN-001,citizen,MUTATION_AUDIT,mutation,SYN-RES-003364,2024-05-05T04:04:00Z,Review of mutation notice period under Sec 129 KLRA,SUCCESS,True
SYN-AUDIT-003365,SYN-USER-OFFICER-001,revenue_officer,DOCUMENT_INGEST,document,SYN-RES-003365,2024-06-06T05:05:00Z,Citizen evidence upload and SHA-256 vault ingest,SUCCESS,True
SYN-AUDIT-003366,SYN-USER-ADMIN-001,administrator,VALIDATION_RUN,validation_case,SYN-CASE-000486,2024-07-07T06:06:00Z,Automated multi-field statutory comparison pipeline,SUCCESS,True
SYN-AUDIT-003367,SYSTEM-VALIDATION-ENGINE,system_engine,CASE_REVIEW,validation_case,SYN-CASE-000487,2024-08-08T07:07:00Z,Revenue officer inspected cadastral discrepancy,REVIEW_REQUIRED,True
SYN-AUDIT-003368,SYN-USER-CITIZEN-001,citizen,DECISION_RECORDED,validation_case,SYN-CASE-000488,2024-09-09T08:08:00Z,Officer adjudication recorded in case log,SUCCESS,True
SYN-AUDIT-003369,SYN-USER-OFFICER-001,revenue_officer,MUTATION_AUDIT,mutation,SYN-RES-003369,2024-10-10T09:09:00Z,Review of mutation notice period under Sec 129 KLRA,SUCCESS,True
SYN-AUDIT-003370,SYN-USER-ADMIN-001,administrator,DOCUMENT_INGEST,document,SYN-RES-003370,2024-11-11T10:10:00Z,Citizen evidence upload and SHA-256 vault ingest,SUCCESS,True
SYN-AUDIT-003371,SYSTEM-VALIDATION-ENGINE,system_engine,VALIDATION_RUN,validation_case,SYN-CASE-000491,2024-12-12T11:11:00Z,Automated multi-field statutory comparison pipeline,SUCCESS,True
SYN-AUDIT-003372,SYN-USER-CITIZEN-001,citizen,CASE_REVIEW,validation_case,SYN-CASE-000492,2024-01-13T12:12:00Z,Revenue officer inspected cadastral discrepancy,REVIEW_REQUIRED,True
SYN-AUDIT-003373,SYN-USER-OFFICER-001,revenue_officer,DECISION_RECORDED,validation_case,SYN-CASE-000493,2024-02-14T13:13:00Z,Officer adjudication recorded in case log,SUCCESS,True
SYN-AUDIT-003374,SYN-USER-ADMIN-001,administrator,MUTATION_AUDIT,mutation,SYN-RES-003374,2024-03-15T14:14:00Z,Review of mutation notice period under Sec 129 KLRA,SUCCESS,True
SYN-AUDIT-003375,SYSTEM-VALIDATION-ENGINE,system_engine,DOCUMENT_INGEST,document,SYN-RES-003375,2024-04-16T15:15:00Z,Citizen evidence upload and SHA-256 vault ingest,SUCCESS,True
SYN-AUDIT-003376,SYN-USER-CITIZEN-001,citizen,VALIDATION_RUN,validation_case,SYN-CASE-000496,2024-05-17T16:16:00Z,Automated multi-field statutory comparison pipeline,SUCCESS,True
SYN-AUDIT-003377,SYN-USER-OFFICER-001,revenue_officer,CASE_REVIEW,validation_case,SYN-CASE-000497,2024-06-18T17:17:00Z,Revenue officer inspected cadastral discrepancy,REVIEW_REQUIRED,True
SYN-AUDIT-003378,SYN-USER-ADMIN-001,administrator,DECISION_RECORDED,validation_case,SYN-CASE-000498,2024-07-19T18:18:00Z,Officer adjudication recorded in case log,SUCCESS,True
SYN-AUDIT-003379,SYSTEM-VALIDATION-ENGINE,system_engine,MUTATION_AUDIT,mutation,SYN-RES-003379,2024-08-20T19:19:00Z,Review of mutation notice period under Sec 129 KLRA,SUCCESS,True
SYN-AUDIT-003380,SYN-USER-CITIZEN-001,citizen,DOCUMENT_INGEST,document,SYN-RES-003380,2024-09-21T20:20:00Z,Citizen evidence upload and SHA-256 vault ingest,SUCCESS,True
SYN-AUDIT-003381,SYN-USER-OFFICER-001,revenue_officer,VALIDATION_RUN,validation_case,SYN-CASE-000501,2024-10-22T21:21:00Z,Automated multi-field statutory comparison pipeline,SUCCESS,True
SYN-AUDIT-003382,SYN-USER-ADMIN-001,administrator,CASE_REVIEW,validation_case,SYN-CASE-000502,2024-11-23T22:22:00Z,Revenue officer inspected cadastral discrepancy,REVIEW_REQUIRED,True
SYN-AUDIT-003383,SYSTEM-VALIDATION-ENGINE,system_engine,DECISION_RECORDED,validation_case,SYN-CASE-000503,2024-12-24T23:23:00Z,Officer adjudication recorded in case log,SUCCESS,True
SYN-AUDIT-003384,SYN-USER-CITIZEN-001,citizen,MUTATION_AUDIT,mutation,SYN-RES-003384,2024-01-25T00:24:00Z,Review of mutation notice period under Sec 129 KLRA,SUCCESS,True
SYN-AUDIT-003385,SYN-USER-OFFICER-001,revenue_officer,DOCUMENT_INGEST,document,SYN-RES-003385,2024-02-26T01:25:00Z,Citizen evidence upload and SHA-256 vault ingest,SUCCESS,True
SYN-AUDIT-003386,SYN-USER-ADMIN-001,administrator,VALIDATION_RUN,validation_case,SYN-CASE-000506,2024-03-27T02:26:00Z,Automated multi-field statutory comparison pipeline,SUCCESS,True
SYN-AUDIT-003387,SYSTEM-VALIDATION-ENGINE,system_engine,CASE_REVIEW,validation_case,SYN-CASE-000507,2024-04-28T03:27:00Z,Revenue officer inspected cadastral discrepancy,REVIEW_REQUIRED,True
SYN-AUDIT-003388,SYN-USER-CITIZEN-001,citizen,DECISION_RECORDED,validation_case,SYN-CASE-000508,2024-05-01T04:28:00Z,Officer adjudication recorded in case log,SUCCESS,True
SYN-AUDIT-003389,SYN-USER-OFFICER-001,revenue_officer,MUTATION_AUDIT,mutation,SYN-RES-003389,2024-06-02T05:29:00Z,Review of mutation notice period under Sec 129 KLRA,SUCCESS,True
SYN-AUDIT-003390,SYN-USER-ADMIN-001,administrator,DOCUMENT_INGEST,document,SYN-RES-003390,2024-07-03T06:30:00Z,Citizen evidence upload and SHA-256 vault ingest,SUCCESS,True
SYN-AUDIT-003391,SYSTEM-VALIDATION-ENGINE,system_engine,VALIDATION_RUN,validation_case,SYN-CASE-000511,2024-08-04T07:31:00Z,Automated multi-field statutory comparison pipeline,SUCCESS,True
SYN-AUDIT-003392,SYN-USER-CITIZEN-001,citizen,CASE_REVIEW,validation_case,SYN-CASE-000512,2024-09-05T08:32:00Z,Revenue officer inspected cadastral discrepancy,REVIEW_REQUIRED,True
SYN-AUDIT-003393,SYN-USER-OFFICER-001,revenue_officer,DECISION_RECORDED,validation_case,SYN-CASE-000513,2024-10-06T09:33:00Z,Officer adjudication recorded in case log,SUCCESS,True
SYN-AUDIT-003394,SYN-USER-ADMIN-001,administrator,MUTATION_AUDIT,mutation,SYN-RES-003394,2024-11-07T10:34:00Z,Review of mutation notice period under Sec 129 KLRA,SUCCESS,True
SYN-AUDIT-003395,SYSTEM-VALIDATION-ENGINE,system_engine,DOCUMENT_INGEST,document,SYN-RES-003395,2024-12-08T11:35:00Z,Citizen evidence upload and SHA-256 vault ingest,SUCCESS,True
SYN-AUDIT-003396,SYN-USER-CITIZEN-001,citizen,VALIDATION_RUN,validation_case,SYN-CASE-000516,2024-01-09T12:36:00Z,Automated multi-field statutory comparison pipeline,SUCCESS,True
SYN-AUDIT-003397,SYN-USER-OFFICER-001,revenue_officer,CASE_REVIEW,validation_case,SYN-CASE-000517,2024-02-10T13:37:00Z,Revenue officer inspected cadastral discrepancy,REVIEW_REQUIRED,True
SYN-AUDIT-003398,SYN-USER-ADMIN-001,administrator,DECISION_RECORDED,validation_case,SYN-CASE-000518,2024-03-11T14:38:00Z,Officer adjudication recorded in case log,SUCCESS,True
SYN-AUDIT-003399,SYSTEM-VALIDATION-ENGINE,system_engine,MUTATION_AUDIT,mutation,SYN-RES-003399,2024-04-12T15:39:00Z,Review of mutation notice period under Sec 129 KLRA,SUCCESS,True
SYN-AUDIT-003400,SYN-USER-CITIZEN-001,citizen,DOCUMENT_INGEST,document,SYN-RES-003400,2024-05-13T16:40:00Z,Citizen evidence upload and SHA-256 vault ingest,SUCCESS,True
SYN-AUDIT-003401,SYN-USER-OFFICER-001,revenue_officer,VALIDATION_RUN,validation_case,SYN-CASE-000521,2024-06-14T17:41:00Z,Automated multi-field statutory comparison pipeline,SUCCESS,True
SYN-AUDIT-003402,SYN-USER-ADMIN-001,administrator,CASE_REVIEW,validation_case,SYN-CASE-000522,2024-07-15T18:42:00Z,Revenue officer inspected cadastral discrepancy,REVIEW_REQUIRED,True
SYN-AUDIT-003403,SYSTEM-VALIDATION-ENGINE,system_engine,DECISION_RECORDED,validation_case,SYN-CASE-000523,2024-08-16T19:43:00Z,Officer adjudication recorded in case log,SUCCESS,True
SYN-AUDIT-003404,SYN-USER-CITIZEN-001,citizen,MUTATION_AUDIT,mutation,SYN-RES-003404,2024-09-17T20:44:00Z,Review of mutation notice period under Sec 129 KLRA,SUCCESS,True
SYN-AUDIT-003405,SYN-USER-OFFICER-001,revenue_officer,DOCUMENT_INGEST,document,SYN-RES-003405,2024-10-18T21:45:00Z,Citizen evidence upload and SHA-256 vault ingest,SUCCESS,True
SYN-AUDIT-003406,SYN-USER-ADMIN-001,administrator,VALIDATION_RUN,validation_case,SYN-CASE-000526,2024-11-19T22:46:00Z,Automated multi-field statutory comparison pipeline,SUCCESS,True
SYN-AUDIT-003407,SYSTEM-VALIDATION-ENGINE,system_engine,CASE_REVIEW,validation_case,SYN-CASE-000527,2024-12-20T23:47:00Z,Revenue officer inspected cadastral discrepancy,REVIEW_REQUIRED,True
SYN-AUDIT-003408,SYN-USER-CITIZEN-001,citizen,DECISION_RECORDED,validation_case,SYN-CASE-000528,2024-01-21T00:48:00Z,Officer adjudication recorded in case log,SUCCESS,True
SYN-AUDIT-003409,SYN-USER-OFFICER-001,revenue_officer,MUTATION_AUDIT,mutation,SYN-RES-003409,2024-02-22T01:49:00Z,Review of mutation notice period under Sec 129 KLRA,SUCCESS,True
SYN-AUDIT-003410,SYN-USER-ADMIN-001,administrator,DOCUMENT_INGEST,document,SYN-RES-003410,2024-03-23T02:50:00Z,Citizen evidence upload and SHA-256 vault ingest,SUCCESS,True
SYN-AUDIT-003411,SYSTEM-VALIDATION-ENGINE,system_engine,VALIDATION_RUN,validation_case,SYN-CASE-000531,2024-04-24T03:51:00Z,Automated multi-field statutory comparison pipeline,SUCCESS,True
SYN-AUDIT-003412,SYN-USER-CITIZEN-001,citizen,CASE_REVIEW,validation_case,SYN-CASE-000532,2024-05-25T04:52:00Z,Revenue officer inspected cadastral discrepancy,REVIEW_REQUIRED,True
SYN-AUDIT-003413,SYN-USER-OFFICER-001,revenue_officer,DECISION_RECORDED,validation_case,SYN-CASE-000533,2024-06-26T05:53:00Z,Officer adjudication recorded in case log,SUCCESS,True
SYN-AUDIT-003414,SYN-USER-ADMIN-001,administrator,MUTATION_AUDIT,mutation,SYN-RES-003414,2024-07-27T06:54:00Z,Review of mutation notice period under Sec 129 KLRA,SUCCESS,True
SYN-AUDIT-003415,SYSTEM-VALIDATION-ENGINE,system_engine,DOCUMENT_INGEST,document,SYN-RES-003415,2024-08-28T07:55:00Z,Citizen evidence upload and SHA-256 vault ingest,SUCCESS,True
SYN-AUDIT-003416,SYN-USER-CITIZEN-001,citizen,VALIDATION_RUN,validation_case,SYN-CASE-000536,2024-09-01T08:56:00Z,Automated multi-field statutory comparison pipeline,SUCCESS,True
SYN-AUDIT-003417,SYN-USER-OFFICER-001,revenue_officer,CASE_REVIEW,validation_case,SYN-CASE-000537,2024-10-02T09:57:00Z,Revenue officer inspected cadastral discrepancy,REVIEW_REQUIRED,True
SYN-AUDIT-003418,SYN-USER-ADMIN-001,administrator,DECISION_RECORDED,validation_case,SYN-CASE-000538,2024-11-03T10:58:00Z,Officer adjudication recorded in case log,SUCCESS,True
SYN-AUDIT-003419,SYSTEM-VALIDATION-ENGINE,system_engine,MUTATION_AUDIT,mutation,SYN-RES-003419,2024-12-04T11:59:00Z,Review of mutation notice period under Sec 129 KLRA,SUCCESS,True
SYN-AUDIT-003420,SYN-USER-CITIZEN-001,citizen,DOCUMENT_INGEST,document,SYN-RES-003420,2024-01-05T12:00:00Z,Citizen evidence upload and SHA-256 vault ingest,SUCCESS,True
SYN-AUDIT-003421,SYN-USER-OFFICER-001,revenue_officer,VALIDATION_RUN,validation_case,SYN-CASE-000541,2024-02-06T13:01:00Z,Automated multi-field statutory comparison pipeline,SUCCESS,True
SYN-AUDIT-003422,SYN-USER-ADMIN-001,administrator,CASE_REVIEW,validation_case,SYN-CASE-000542,2024-03-07T14:02:00Z,Revenue officer inspected cadastral discrepancy,REVIEW_REQUIRED,True
SYN-AUDIT-003423,SYSTEM-VALIDATION-ENGINE,system_engine,DECISION_RECORDED,validation_case,SYN-CASE-000543,2024-04-08T15:03:00Z,Officer adjudication recorded in case log,SUCCESS,True
SYN-AUDIT-003424,SYN-USER-CITIZEN-001,citizen,MUTATION_AUDIT,mutation,SYN-RES-003424,2024-05-09T16:04:00Z,Review of mutation notice period under Sec 129 KLRA,SUCCESS,True
SYN-AUDIT-003425,SYN-USER-OFFICER-001,revenue_officer,DOCUMENT_INGEST,document,SYN-RES-003425,2024-06-10T17:05:00Z,Citizen evidence upload and SHA-256 vault ingest,SUCCESS,True
SYN-AUDIT-003426,SYN-USER-ADMIN-001,administrator,VALIDATION_RUN,validation_case,SYN-CASE-000546,2024-07-11T18:06:00Z,Automated multi-field statutory comparison pipeline,SUCCESS,True
SYN-AUDIT-003427,SYSTEM-VALIDATION-ENGINE,system_engine,CASE_REVIEW,validation_case,SYN-CASE-000547,2024-08-12T19:07:00Z,Revenue officer inspected cadastral discrepancy,REVIEW_REQUIRED,True
SYN-AUDIT-003428,SYN-USER-CITIZEN-001,citizen,DECISION_RECORDED,validation_case,SYN-CASE-000548,2024-09-13T20:08:00Z,Officer adjudication recorded in case log,SUCCESS,True
SYN-AUDIT-003429,SYN-USER-OFFICER-001,revenue_officer,MUTATION_AUDIT,mutation,SYN-RES-003429,2024-10-14T21:09:00Z,Review of mutation notice period under Sec 129 KLRA,SUCCESS,True
SYN-AUDIT-003430,SYN-USER-ADMIN-001,administrator,DOCUMENT_INGEST,document,SYN-RES-003430,2024-11-15T22:10:00Z,Citizen evidence upload and SHA-256 vault ingest,SUCCESS,True
SYN-AUDIT-003431,SYSTEM-VALIDATION-ENGINE,system_engine,VALIDATION_RUN,validation_case,SYN-CASE-000551,2024-12-16T23:11:00Z,Automated multi-field statutory comparison pipeline,SUCCESS,True
SYN-AUDIT-003432,SYN-USER-CITIZEN-001,citizen,CASE_REVIEW,validation_case,SYN-CASE-000552,2024-01-17T00:12:00Z,Revenue officer inspected cadastral discrepancy,REVIEW_REQUIRED,True
SYN-AUDIT-003433,SYN-USER-OFFICER-001,revenue_officer,DECISION_RECORDED,validation_case,SYN-CASE-000553,2024-02-18T01:13:00Z,Officer adjudication recorded in case log,SUCCESS,True
SYN-AUDIT-003434,SYN-USER-ADMIN-001,administrator,MUTATION_AUDIT,mutation,SYN-RES-003434,2024-03-19T02:14:00Z,Review of mutation notice period under Sec 129 KLRA,SUCCESS,True
SYN-AUDIT-003435,SYSTEM-VALIDATION-ENGINE,system_engine,DOCUMENT_INGEST,document,SYN-RES-003435,2024-04-20T03:15:00Z,Citizen evidence upload and SHA-256 vault ingest,SUCCESS,True
SYN-AUDIT-003436,SYN-USER-CITIZEN-001,citizen,VALIDATION_RUN,validation_case,SYN-CASE-000556,2024-05-21T04:16:00Z,Automated multi-field statutory comparison pipeline,SUCCESS,True
SYN-AUDIT-003437,SYN-USER-OFFICER-001,revenue_officer,CASE_REVIEW,validation_case,SYN-CASE-000557,2024-06-22T05:17:00Z,Revenue officer inspected cadastral discrepancy,REVIEW_REQUIRED,True
SYN-AUDIT-003438,SYN-USER-ADMIN-001,administrator,DECISION_RECORDED,validation_case,SYN-CASE-000558,2024-07-23T06:18:00Z,Officer adjudication recorded in case log,SUCCESS,True
SYN-AUDIT-003439,SYSTEM-VALIDATION-ENGINE,system_engine,MUTATION_AUDIT,mutation,SYN-RES-003439,2024-08-24T07:19:00Z,Review of mutation notice period under Sec 129 KLRA,SUCCESS,True
SYN-AUDIT-003440,SYN-USER-CITIZEN-001,citizen,DOCUMENT_INGEST,document,SYN-RES-003440,2024-09-25T08:20:00Z,Citizen evidence upload and SHA-256 vault ingest,SUCCESS,True
SYN-AUDIT-003441,SYN-USER-OFFICER-001,revenue_officer,VALIDATION_RUN,validation_case,SYN-CASE-000561,2024-10-26T09:21:00Z,Automated multi-field statutory comparison pipeline,SUCCESS,True
SYN-AUDIT-003442,SYN-USER-ADMIN-001,administrator,CASE_REVIEW,validation_case,SYN-CASE-000562,2024-11-27T10:22:00Z,Revenue officer inspected cadastral discrepancy,REVIEW_REQUIRED,True
SYN-AUDIT-003443,SYSTEM-VALIDATION-ENGINE,system_engine,DECISION_RECORDED,validation_case,SYN-CASE-000563,2024-12-28T11:23:00Z,Officer adjudication recorded in case log,SUCCESS,True
SYN-AUDIT-003444,SYN-USER-CITIZEN-001,citizen,MUTATION_AUDIT,mutation,SYN-RES-003444,2024-01-01T12:24:00Z,Review of mutation notice period under Sec 129 KLRA,SUCCESS,True
SYN-AUDIT-003445,SYN-USER-OFFICER-001,revenue_officer,DOCUMENT_INGEST,document,SYN-RES-003445,2024-02-02T13:25:00Z,Citizen evidence upload and SHA-256 vault ingest,SUCCESS,True
SYN-AUDIT-003446,SYN-USER-ADMIN-001,administrator,VALIDATION_RUN,validation_case,SYN-CASE-000566,2024-03-03T14:26:00Z,Automated multi-field statutory comparison pipeline,SUCCESS,True
SYN-AUDIT-003447,SYSTEM-VALIDATION-ENGINE,system_engine,CASE_REVIEW,validation_case,SYN-CASE-000567,2024-04-04T15:27:00Z,Revenue officer inspected cadastral discrepancy,REVIEW_REQUIRED,True
SYN-AUDIT-003448,SYN-USER-CITIZEN-001,citizen,DECISION_RECORDED,validation_case,SYN-CASE-000568,2024-05-05T16:28:00Z,Officer adjudication recorded in case log,SUCCESS,True
SYN-AUDIT-003449,SYN-USER-OFFICER-001,revenue_officer,MUTATION_AUDIT,mutation,SYN-RES-003449,2024-06-06T17:29:00Z,Review of mutation notice period under Sec 129 KLRA,SUCCESS,True
SYN-AUDIT-003450,SYN-USER-ADMIN-001,administrator,DOCUMENT_INGEST,document,SYN-RES-003450,2024-07-07T18:30:00Z,Citizen evidence upload and SHA-256 vault ingest,SUCCESS,True
SYN-AUDIT-003451,SYSTEM-VALIDATION-ENGINE,system_engine,VALIDATION_RUN,validation_case,SYN-CASE-000571,2024-08-08T19:31:00Z,Automated multi-field statutory comparison pipeline,SUCCESS,True
SYN-AUDIT-003452,SYN-USER-CITIZEN-001,citizen,CASE_REVIEW,validation_case,SYN-CASE-000572,2024-09-09T20:32:00Z,Revenue officer inspected cadastral discrepancy,REVIEW_REQUIRED,True
SYN-AUDIT-003453,SYN-USER-OFFICER-001,revenue_officer,DECISION_RECORDED,validation_case,SYN-CASE-000573,2024-10-10T21:33:00Z,Officer adjudication recorded in case log,SUCCESS,True
SYN-AUDIT-003454,SYN-USER-ADMIN-001,administrator,MUTATION_AUDIT,mutation,SYN-RES-003454,2024-11-11T22:34:00Z,Review of mutation notice period under Sec 129 KLRA,SUCCESS,True
SYN-AUDIT-003455,SYSTEM-VALIDATION-ENGINE,system_engine,DOCUMENT_INGEST,document,SYN-RES-003455,2024-12-12T23:35:00Z,Citizen evidence upload and SHA-256 vault ingest,SUCCESS,True
SYN-AUDIT-003456,SYN-USER-CITIZEN-001,citizen,VALIDATION_RUN,validation_case,SYN-CASE-000576,2024-01-13T00:36:00Z,Automated multi-field statutory comparison pipeline,SUCCESS,True
SYN-AUDIT-003457,SYN-USER-OFFICER-001,revenue_officer,CASE_REVIEW,validation_case,SYN-CASE-000577,2024-02-14T01:37:00Z,Revenue officer inspected cadastral discrepancy,REVIEW_REQUIRED,True
SYN-AUDIT-003458,SYN-USER-ADMIN-001,administrator,DECISION_RECORDED,validation_case,SYN-CASE-000578,2024-03-15T02:38:00Z,Officer adjudication recorded in case log,SUCCESS,True
SYN-AUDIT-003459,SYSTEM-VALIDATION-ENGINE,system_engine,MUTATION_AUDIT,mutation,SYN-RES-003459,2024-04-16T03:39:00Z,Review of mutation notice period under Sec 129 KLRA,SUCCESS,True
SYN-AUDIT-003460,SYN-USER-CITIZEN-001,citizen,DOCUMENT_INGEST,document,SYN-RES-003460,2024-05-17T04:40:00Z,Citizen evidence upload and SHA-256 vault ingest,SUCCESS,True
SYN-AUDIT-003461,SYN-USER-OFFICER-001,revenue_officer,VALIDATION_RUN,validation_case,SYN-CASE-000581,2024-06-18T05:41:00Z,Automated multi-field statutory comparison pipeline,SUCCESS,True
SYN-AUDIT-003462,SYN-USER-ADMIN-001,administrator,CASE_REVIEW,validation_case,SYN-CASE-000582,2024-07-19T06:42:00Z,Revenue officer inspected cadastral discrepancy,REVIEW_REQUIRED,True
SYN-AUDIT-003463,SYSTEM-VALIDATION-ENGINE,system_engine,DECISION_RECORDED,validation_case,SYN-CASE-000583,2024-08-20T07:43:00Z,Officer adjudication recorded in case log,SUCCESS,True
SYN-AUDIT-003464,SYN-USER-CITIZEN-001,citizen,MUTATION_AUDIT,mutation,SYN-RES-003464,2024-09-21T08:44:00Z,Review of mutation notice period under Sec 129 KLRA,SUCCESS,True
SYN-AUDIT-003465,SYN-USER-OFFICER-001,revenue_officer,DOCUMENT_INGEST,document,SYN-RES-003465,2024-10-22T09:45:00Z,Citizen evidence upload and SHA-256 vault ingest,SUCCESS,True
SYN-AUDIT-003466,SYN-USER-ADMIN-001,administrator,VALIDATION_RUN,validation_case,SYN-CASE-000586,2024-11-23T10:46:00Z,Automated multi-field statutory comparison pipeline,SUCCESS,True
SYN-AUDIT-003467,SYSTEM-VALIDATION-ENGINE,system_engine,CASE_REVIEW,validation_case,SYN-CASE-000587,2024-12-24T11:47:00Z,Revenue officer inspected cadastral discrepancy,REVIEW_REQUIRED,True
SYN-AUDIT-003468,SYN-USER-CITIZEN-001,citizen,DECISION_RECORDED,validation_case,SYN-CASE-000588,2024-01-25T12:48:00Z,Officer adjudication recorded in case log,SUCCESS,True
SYN-AUDIT-003469,SYN-USER-OFFICER-001,revenue_officer,MUTATION_AUDIT,mutation,SYN-RES-003469,2024-02-26T13:49:00Z,Review of mutation notice period under Sec 129 KLRA,SUCCESS,True
SYN-AUDIT-003470,SYN-USER-ADMIN-001,administrator,DOCUMENT_INGEST,document,SYN-RES-003470,2024-03-27T14:50:00Z,Citizen evidence upload and SHA-256 vault ingest,SUCCESS,True
SYN-AUDIT-003471,SYSTEM-VALIDATION-ENGINE,system_engine,VALIDATION_RUN,validation_case,SYN-CASE-000591,2024-04-28T15:51:00Z,Automated multi-field statutory comparison pipeline,SUCCESS,True
SYN-AUDIT-003472,SYN-USER-CITIZEN-001,citizen,CASE_REVIEW,validation_case,SYN-CASE-000592,2024-05-01T16:52:00Z,Revenue officer inspected cadastral discrepancy,REVIEW_REQUIRED,True
SYN-AUDIT-003473,SYN-USER-OFFICER-001,revenue_officer,DECISION_RECORDED,validation_case,SYN-CASE-000593,2024-06-02T17:53:00Z,Officer adjudication recorded in case log,SUCCESS,True
SYN-AUDIT-003474,SYN-USER-ADMIN-001,administrator,MUTATION_AUDIT,mutation,SYN-RES-003474,2024-07-03T18:54:00Z,Review of mutation notice period under Sec 129 KLRA,SUCCESS,True
SYN-AUDIT-003475,SYSTEM-VALIDATION-ENGINE,system_engine,DOCUMENT_INGEST,document,SYN-RES-003475,2024-08-04T19:55:00Z,Citizen evidence upload and SHA-256 vault ingest,SUCCESS,True
SYN-AUDIT-003476,SYN-USER-CITIZEN-001,citizen,VALIDATION_RUN,validation_case,SYN-CASE-000596,2024-09-05T20:56:00Z,Automated multi-field statutory comparison pipeline,SUCCESS,True
SYN-AUDIT-003477,SYN-USER-OFFICER-001,revenue_officer,CASE_REVIEW,validation_case,SYN-CASE-000597,2024-10-06T21:57:00Z,Revenue officer inspected cadastral discrepancy,REVIEW_REQUIRED,True
SYN-AUDIT-003478,SYN-USER-ADMIN-001,administrator,DECISION_RECORDED,validation_case,SYN-CASE-000598,2024-11-07T22:58:00Z,Officer adjudication recorded in case log,SUCCESS,True
SYN-AUDIT-003479,SYSTEM-VALIDATION-ENGINE,system_engine,MUTATION_AUDIT,mutation,SYN-RES-003479,2024-12-08T23:59:00Z,Review of mutation notice period under Sec 129 KLRA,SUCCESS,True
SYN-AUDIT-003480,SYN-USER-CITIZEN-001,citizen,DOCUMENT_INGEST,document,SYN-RES-003480,2024-01-09T00:00:00Z,Citizen evidence upload and SHA-256 vault ingest,SUCCESS,True
SYN-AUDIT-003481,SYN-USER-OFFICER-001,revenue_officer,VALIDATION_RUN,validation_case,SYN-CASE-000601,2024-02-10T01:01:00Z,Automated multi-field statutory comparison pipeline,SUCCESS,True
SYN-AUDIT-003482,SYN-USER-ADMIN-001,administrator,CASE_REVIEW,validation_case,SYN-CASE-000602,2024-03-11T02:02:00Z,Revenue officer inspected cadastral discrepancy,REVIEW_REQUIRED,True
SYN-AUDIT-003483,SYSTEM-VALIDATION-ENGINE,system_engine,DECISION_RECORDED,validation_case,SYN-CASE-000603,2024-04-12T03:03:00Z,Officer adjudication recorded in case log,SUCCESS,True
SYN-AUDIT-003484,SYN-USER-CITIZEN-001,citizen,MUTATION_AUDIT,mutation,SYN-RES-003484,2024-05-13T04:04:00Z,Review of mutation notice period under Sec 129 KLRA,SUCCESS,True
SYN-AUDIT-003485,SYN-USER-OFFICER-001,revenue_officer,DOCUMENT_INGEST,document,SYN-RES-003485,2024-06-14T05:05:00Z,Citizen evidence upload and SHA-256 vault ingest,SUCCESS,True
SYN-AUDIT-003486,SYN-USER-ADMIN-001,administrator,VALIDATION_RUN,validation_case,SYN-CASE-000606,2024-07-15T06:06:00Z,Automated multi-field statutory comparison pipeline,SUCCESS,True
SYN-AUDIT-003487,SYSTEM-VALIDATION-ENGINE,system_engine,CASE_REVIEW,validation_case,SYN-CASE-000607,2024-08-16T07:07:00Z,Revenue officer inspected cadastral discrepancy,REVIEW_REQUIRED,True
SYN-AUDIT-003488,SYN-USER-CITIZEN-001,citizen,DECISION_RECORDED,validation_case,SYN-CASE-000608,2024-09-17T08:08:00Z,Officer adjudication recorded in case log,SUCCESS,True
SYN-AUDIT-003489,SYN-USER-OFFICER-001,revenue_officer,MUTATION_AUDIT,mutation,SYN-RES-003489,2024-10-18T09:09:00Z,Review of mutation notice period under Sec 129 KLRA,SUCCESS,True
SYN-AUDIT-003490,SYN-USER-ADMIN-001,administrator,DOCUMENT_INGEST,document,SYN-RES-003490,2024-11-19T10:10:00Z,Citizen evidence upload and SHA-256 vault ingest,SUCCESS,True
SYN-AUDIT-003491,SYSTEM-VALIDATION-ENGINE,system_engine,VALIDATION_RUN,validation_case,SYN-CASE-000611,2024-12-20T11:11:00Z,Automated multi-field statutory comparison pipeline,SUCCESS,True
SYN-AUDIT-003492,SYN-USER-CITIZEN-001,citizen,CASE_REVIEW,validation_case,SYN-CASE-000612,2024-01-21T12:12:00Z,Revenue officer inspected cadastral discrepancy,REVIEW_REQUIRED,True
SYN-AUDIT-003493,SYN-USER-OFFICER-001,revenue_officer,DECISION_RECORDED,validation_case,SYN-CASE-000613,2024-02-22T13:13:00Z,Officer adjudication recorded in case log,SUCCESS,True
SYN-AUDIT-003494,SYN-USER-ADMIN-001,administrator,MUTATION_AUDIT,mutation,SYN-RES-003494,2024-03-23T14:14:00Z,Review of mutation notice period under Sec 129 KLRA,SUCCESS,True
SYN-AUDIT-003495,SYSTEM-VALIDATION-ENGINE,system_engine,DOCUMENT_INGEST,document,SYN-RES-003495,2024-04-24T15:15:00Z,Citizen evidence upload and SHA-256 vault ingest,SUCCESS,True
SYN-AUDIT-003496,SYN-USER-CITIZEN-001,citizen,VALIDATION_RUN,validation_case,SYN-CASE-000616,2024-05-25T16:16:00Z,Automated multi-field statutory comparison pipeline,SUCCESS,True
SYN-AUDIT-003497,SYN-USER-OFFICER-001,revenue_officer,CASE_REVIEW,validation_case,SYN-CASE-000617,2024-06-26T17:17:00Z,Revenue officer inspected cadastral discrepancy,REVIEW_REQUIRED,True
SYN-AUDIT-003498,SYN-USER-ADMIN-001,administrator,DECISION_RECORDED,validation_case,SYN-CASE-000618,2024-07-27T18:18:00Z,Officer adjudication recorded in case log,SUCCESS,True
SYN-AUDIT-003499,SYSTEM-VALIDATION-ENGINE,system_engine,MUTATION_AUDIT,mutation,SYN-RES-003499,2024-08-28T19:19:00Z,Review of mutation notice period under Sec 129 KLRA,SUCCESS,True
SYN-AUDIT-003500,SYN-USER-CITIZEN-001,citizen,DOCUMENT_INGEST,document,SYN-RES-003500,2024-09-01T20:20:00Z,Citizen evidence upload and SHA-256 vault ingest,SUCCESS,True
SYN-AUDIT-003501,SYN-USER-OFFICER-001,revenue_officer,VALIDATION_RUN,validation_case,SYN-CASE-000621,2024-10-02T21:21:00Z,Automated multi-field statutory comparison pipeline,SUCCESS,True
SYN-AUDIT-003502,SYN-USER-ADMIN-001,administrator,CASE_REVIEW,validation_case,SYN-CASE-000622,2024-11-03T22:22:00Z,Revenue officer inspected cadastral discrepancy,REVIEW_REQUIRED,True
SYN-AUDIT-003503,SYSTEM-VALIDATION-ENGINE,system_engine,DECISION_RECORDED,validation_case,SYN-CASE-000623,2024-12-04T23:23:00Z,Officer adjudication recorded in case log,SUCCESS,True
SYN-AUDIT-003504,SYN-USER-CITIZEN-001,citizen,MUTATION_AUDIT,mutation,SYN-RES-003504,2024-01-05T00:24:00Z,Review of mutation notice period under Sec 129 KLRA,SUCCESS,True
SYN-AUDIT-003505,SYN-USER-OFFICER-001,revenue_officer,DOCUMENT_INGEST,document,SYN-RES-003505,2024-02-06T01:25:00Z,Citizen evidence upload and SHA-256 vault ingest,SUCCESS,True
SYN-AUDIT-003506,SYN-USER-ADMIN-001,administrator,VALIDATION_RUN,validation_case,SYN-CASE-000626,2024-03-07T02:26:00Z,Automated multi-field statutory comparison pipeline,SUCCESS,True
SYN-AUDIT-003507,SYSTEM-VALIDATION-ENGINE,system_engine,CASE_REVIEW,validation_case,SYN-CASE-000627,2024-04-08T03:27:00Z,Revenue officer inspected cadastral discrepancy,REVIEW_REQUIRED,True
SYN-AUDIT-003508,SYN-USER-CITIZEN-001,citizen,DECISION_RECORDED,validation_case,SYN-CASE-000628,2024-05-09T04:28:00Z,Officer adjudication recorded in case log,SUCCESS,True
SYN-AUDIT-003509,SYN-USER-OFFICER-001,revenue_officer,MUTATION_AUDIT,mutation,SYN-RES-003509,2024-06-10T05:29:00Z,Review of mutation notice period under Sec 129 KLRA,SUCCESS,True
SYN-AUDIT-003510,SYN-USER-ADMIN-001,administrator,DOCUMENT_INGEST,document,SYN-RES-003510,2024-07-11T06:30:00Z,Citizen evidence upload and SHA-256 vault ingest,SUCCESS,True
SYN-AUDIT-003511,SYSTEM-VALIDATION-ENGINE,system_engine,VALIDATION_RUN,validation_case,SYN-CASE-000631,2024-08-12T07:31:00Z,Automated multi-field statutory comparison pipeline,SUCCESS,True
SYN-AUDIT-003512,SYN-USER-CITIZEN-001,citizen,CASE_REVIEW,validation_case,SYN-CASE-000632,2024-09-13T08:32:00Z,Revenue officer inspected cadastral discrepancy,REVIEW_REQUIRED,True
SYN-AUDIT-003513,SYN-USER-OFFICER-001,revenue_officer,DECISION_RECORDED,validation_case,SYN-CASE-000633,2024-10-14T09:33:00Z,Officer adjudication recorded in case log,SUCCESS,True
SYN-AUDIT-003514,SYN-USER-ADMIN-001,administrator,MUTATION_AUDIT,mutation,SYN-RES-003514,2024-11-15T10:34:00Z,Review of mutation notice period under Sec 129 KLRA,SUCCESS,True
SYN-AUDIT-003515,SYSTEM-VALIDATION-ENGINE,system_engine,DOCUMENT_INGEST,document,SYN-RES-003515,2024-12-16T11:35:00Z,Citizen evidence upload and SHA-256 vault ingest,SUCCESS,True
SYN-AUDIT-003516,SYN-USER-CITIZEN-001,citizen,VALIDATION_RUN,validation_case,SYN-CASE-000636,2024-01-17T12:36:00Z,Automated multi-field statutory comparison pipeline,SUCCESS,True
SYN-AUDIT-003517,SYN-USER-OFFICER-001,revenue_officer,CASE_REVIEW,validation_case,SYN-CASE-000637,2024-02-18T13:37:00Z,Revenue officer inspected cadastral discrepancy,REVIEW_REQUIRED,True
SYN-AUDIT-003518,SYN-USER-ADMIN-001,administrator,DECISION_RECORDED,validation_case,SYN-CASE-000638,2024-03-19T14:38:00Z,Officer adjudication recorded in case log,SUCCESS,True
SYN-AUDIT-003519,SYSTEM-VALIDATION-ENGINE,system_engine,MUTATION_AUDIT,mutation,SYN-RES-003519,2024-04-20T15:39:00Z,Review of mutation notice period under Sec 129 KLRA,SUCCESS,True
SYN-AUDIT-003520,SYN-USER-CITIZEN-001,citizen,DOCUMENT_INGEST,document,SYN-RES-003520,2024-05-21T16:40:00Z,Citizen evidence upload and SHA-256 vault ingest,SUCCESS,True
SYN-AUDIT-003521,SYN-USER-OFFICER-001,revenue_officer,VALIDATION_RUN,validation_case,SYN-CASE-000641,2024-06-22T17:41:00Z,Automated multi-field statutory comparison pipeline,SUCCESS,True
SYN-AUDIT-003522,SYN-USER-ADMIN-001,administrator,CASE_REVIEW,validation_case,SYN-CASE-000642,2024-07-23T18:42:00Z,Revenue officer inspected cadastral discrepancy,REVIEW_REQUIRED,True
SYN-AUDIT-003523,SYSTEM-VALIDATION-ENGINE,system_engine,DECISION_RECORDED,validation_case,SYN-CASE-000643,2024-08-24T19:43:00Z,Officer adjudication recorded in case log,SUCCESS,True
SYN-AUDIT-003524,SYN-USER-CITIZEN-001,citizen,MUTATION_AUDIT,mutation,SYN-RES-003524,2024-09-25T20:44:00Z,Review of mutation notice period under Sec 129 KLRA,SUCCESS,True
SYN-AUDIT-003525,SYN-USER-OFFICER-001,revenue_officer,DOCUMENT_INGEST,document,SYN-RES-003525,2024-10-26T21:45:00Z,Citizen evidence upload and SHA-256 vault ingest,SUCCESS,True
SYN-AUDIT-003526,SYN-USER-ADMIN-001,administrator,VALIDATION_RUN,validation_case,SYN-CASE-000646,2024-11-27T22:46:00Z,Automated multi-field statutory comparison pipeline,SUCCESS,True
SYN-AUDIT-003527,SYSTEM-VALIDATION-ENGINE,system_engine,CASE_REVIEW,validation_case,SYN-CASE-000647,2024-12-28T23:47:00Z,Revenue officer inspected cadastral discrepancy,REVIEW_REQUIRED,True
SYN-AUDIT-003528,SYN-USER-CITIZEN-001,citizen,DECISION_RECORDED,validation_case,SYN-CASE-000648,2024-01-01T00:48:00Z,Officer adjudication recorded in case log,SUCCESS,True
SYN-AUDIT-003529,SYN-USER-OFFICER-001,revenue_officer,MUTATION_AUDIT,mutation,SYN-RES-003529,2024-02-02T01:49:00Z,Review of mutation notice period under Sec 129 KLRA,SUCCESS,True
SYN-AUDIT-003530,SYN-USER-ADMIN-001,administrator,DOCUMENT_INGEST,document,SYN-RES-003530,2024-03-03T02:50:00Z,Citizen evidence upload and SHA-256 vault ingest,SUCCESS,True
SYN-AUDIT-003531,SYSTEM-VALIDATION-ENGINE,system_engine,VALIDATION_RUN,validation_case,SYN-CASE-000651,2024-04-04T03:51:00Z,Automated multi-field statutory comparison pipeline,SUCCESS,True
SYN-AUDIT-003532,SYN-USER-CITIZEN-001,citizen,CASE_REVIEW,validation_case,SYN-CASE-000652,2024-05-05T04:52:00Z,Revenue officer inspected cadastral discrepancy,REVIEW_REQUIRED,True
SYN-AUDIT-003533,SYN-USER-OFFICER-001,revenue_officer,DECISION_RECORDED,validation_case,SYN-CASE-000653,2024-06-06T05:53:00Z,Officer adjudication recorded in case log,SUCCESS,True
SYN-AUDIT-003534,SYN-USER-ADMIN-001,administrator,MUTATION_AUDIT,mutation,SYN-RES-003534,2024-07-07T06:54:00Z,Review of mutation notice period under Sec 129 KLRA,SUCCESS,True
SYN-AUDIT-003535,SYSTEM-VALIDATION-ENGINE,system_engine,DOCUMENT_INGEST,document,SYN-RES-003535,2024-08-08T07:55:00Z,Citizen evidence upload and SHA-256 vault ingest,SUCCESS,True
SYN-AUDIT-003536,SYN-USER-CITIZEN-001,citizen,VALIDATION_RUN,validation_case,SYN-CASE-000656,2024-09-09T08:56:00Z,Automated multi-field statutory comparison pipeline,SUCCESS,True
SYN-AUDIT-003537,SYN-USER-OFFICER-001,revenue_officer,CASE_REVIEW,validation_case,SYN-CASE-000657,2024-10-10T09:57:00Z,Revenue officer inspected cadastral discrepancy,REVIEW_REQUIRED,True
SYN-AUDIT-003538,SYN-USER-ADMIN-001,administrator,DECISION_RECORDED,validation_case,SYN-CASE-000658,2024-11-11T10:58:00Z,Officer adjudication recorded in case log,SUCCESS,True
SYN-AUDIT-003539,SYSTEM-VALIDATION-ENGINE,system_engine,MUTATION_AUDIT,mutation,SYN-RES-003539,2024-12-12T11:59:00Z,Review of mutation notice period under Sec 129 KLRA,SUCCESS,True
SYN-AUDIT-003540,SYN-USER-CITIZEN-001,citizen,DOCUMENT_INGEST,document,SYN-RES-003540,2024-01-13T12:00:00Z,Citizen evidence upload and SHA-256 vault ingest,SUCCESS,True
SYN-AUDIT-003541,SYN-USER-OFFICER-001,revenue_officer,VALIDATION_RUN,validation_case,SYN-CASE-000661,2024-02-14T13:01:00Z,Automated multi-field statutory comparison pipeline,SUCCESS,True
SYN-AUDIT-003542,SYN-USER-ADMIN-001,administrator,CASE_REVIEW,validation_case,SYN-CASE-000662,2024-03-15T14:02:00Z,Revenue officer inspected cadastral discrepancy,REVIEW_REQUIRED,True
SYN-AUDIT-003543,SYSTEM-VALIDATION-ENGINE,system_engine,DECISION_RECORDED,validation_case,SYN-CASE-000663,2024-04-16T15:03:00Z,Officer adjudication recorded in case log,SUCCESS,True
SYN-AUDIT-003544,SYN-USER-CITIZEN-001,citizen,MUTATION_AUDIT,mutation,SYN-RES-003544,2024-05-17T16:04:00Z,Review of mutation notice period under Sec 129 KLRA,SUCCESS,True
SYN-AUDIT-003545,SYN-USER-OFFICER-001,revenue_officer,DOCUMENT_INGEST,document,SYN-RES-003545,2024-06-18T17:05:00Z,Citizen evidence upload and SHA-256 vault ingest,SUCCESS,True
SYN-AUDIT-003546,SYN-USER-ADMIN-001,administrator,VALIDATION_RUN,validation_case,SYN-CASE-000666,2024-07-19T18:06:00Z,Automated multi-field statutory comparison pipeline,SUCCESS,True
SYN-AUDIT-003547,SYSTEM-VALIDATION-ENGINE,system_engine,CASE_REVIEW,validation_case,SYN-CASE-000667,2024-08-20T19:07:00Z,Revenue officer inspected cadastral discrepancy,REVIEW_REQUIRED,True
SYN-AUDIT-003548,SYN-USER-CITIZEN-001,citizen,DECISION_RECORDED,validation_case,SYN-CASE-000668,2024-09-21T20:08:00Z,Officer adjudication recorded in case log,SUCCESS,True
SYN-AUDIT-003549,SYN-USER-OFFICER-001,revenue_officer,MUTATION_AUDIT,mutation,SYN-RES-003549,2024-10-22T21:09:00Z,Review of mutation notice period under Sec 129 KLRA,SUCCESS,True
SYN-AUDIT-003550,SYN-USER-ADMIN-001,administrator,DOCUMENT_INGEST,document,SYN-RES-003550,2024-11-23T22:10:00Z,Citizen evidence upload and SHA-256 vault ingest,SUCCESS,True
SYN-AUDIT-003551,SYSTEM-VALIDATION-ENGINE,system_engine,VALIDATION_RUN,validation_case,SYN-CASE-000671,2024-12-24T23:11:00Z,Automated multi-field statutory comparison pipeline,SUCCESS,True
SYN-AUDIT-003552,SYN-USER-CITIZEN-001,citizen,CASE_REVIEW,validation_case,SYN-CASE-000672,2024-01-25T00:12:00Z,Revenue officer inspected cadastral discrepancy,REVIEW_REQUIRED,True
SYN-AUDIT-003553,SYN-USER-OFFICER-001,revenue_officer,DECISION_RECORDED,validation_case,SYN-CASE-000673,2024-02-26T01:13:00Z,Officer adjudication recorded in case log,SUCCESS,True
SYN-AUDIT-003554,SYN-USER-ADMIN-001,administrator,MUTATION_AUDIT,mutation,SYN-RES-003554,2024-03-27T02:14:00Z,Review of mutation notice period under Sec 129 KLRA,SUCCESS,True
SYN-AUDIT-003555,SYSTEM-VALIDATION-ENGINE,system_engine,DOCUMENT_INGEST,document,SYN-RES-003555,2024-04-28T03:15:00Z,Citizen evidence upload and SHA-256 vault ingest,SUCCESS,True
SYN-AUDIT-003556,SYN-USER-CITIZEN-001,citizen,VALIDATION_RUN,validation_case,SYN-CASE-000676,2024-05-01T04:16:00Z,Automated multi-field statutory comparison pipeline,SUCCESS,True
SYN-AUDIT-003557,SYN-USER-OFFICER-001,revenue_officer,CASE_REVIEW,validation_case,SYN-CASE-000677,2024-06-02T05:17:00Z,Revenue officer inspected cadastral discrepancy,REVIEW_REQUIRED,True
SYN-AUDIT-003558,SYN-USER-ADMIN-001,administrator,DECISION_RECORDED,validation_case,SYN-CASE-000678,2024-07-03T06:18:00Z,Officer adjudication recorded in case log,SUCCESS,True
SYN-AUDIT-003559,SYSTEM-VALIDATION-ENGINE,system_engine,MUTATION_AUDIT,mutation,SYN-RES-003559,2024-08-04T07:19:00Z,Review of mutation notice period under Sec 129 KLRA,SUCCESS,True
SYN-AUDIT-003560,SYN-USER-CITIZEN-001,citizen,DOCUMENT_INGEST,document,SYN-RES-003560,2024-09-05T08:20:00Z,Citizen evidence upload and SHA-256 vault ingest,SUCCESS,True
SYN-AUDIT-003561,SYN-USER-OFFICER-001,revenue_officer,VALIDATION_RUN,validation_case,SYN-CASE-000681,2024-10-06T09:21:00Z,Automated multi-field statutory comparison pipeline,SUCCESS,True
SYN-AUDIT-003562,SYN-USER-ADMIN-001,administrator,CASE_REVIEW,validation_case,SYN-CASE-000682,2024-11-07T10:22:00Z,Revenue officer inspected cadastral discrepancy,REVIEW_REQUIRED,True
SYN-AUDIT-003563,SYSTEM-VALIDATION-ENGINE,system_engine,DECISION_RECORDED,validation_case,SYN-CASE-000683,2024-12-08T11:23:00Z,Officer adjudication recorded in case log,SUCCESS,True
SYN-AUDIT-003564,SYN-USER-CITIZEN-001,citizen,MUTATION_AUDIT,mutation,SYN-RES-003564,2024-01-09T12:24:00Z,Review of mutation notice period under Sec 129 KLRA,SUCCESS,True
SYN-AUDIT-003565,SYN-USER-OFFICER-001,revenue_officer,DOCUMENT_INGEST,document,SYN-RES-003565,2024-02-10T13:25:00Z,Citizen evidence upload and SHA-256 vault ingest,SUCCESS,True
SYN-AUDIT-003566,SYN-USER-ADMIN-001,administrator,VALIDATION_RUN,validation_case,SYN-CASE-000686,2024-03-11T14:26:00Z,Automated multi-field statutory comparison pipeline,SUCCESS,True
SYN-AUDIT-003567,SYSTEM-VALIDATION-ENGINE,system_engine,CASE_REVIEW,validation_case,SYN-CASE-000687,2024-04-12T15:27:00Z,Revenue officer inspected cadastral discrepancy,REVIEW_REQUIRED,True
SYN-AUDIT-003568,SYN-USER-CITIZEN-001,citizen,DECISION_RECORDED,validation_case,SYN-CASE-000688,2024-05-13T16:28:00Z,Officer adjudication recorded in case log,SUCCESS,True
SYN-AUDIT-003569,SYN-USER-OFFICER-001,revenue_officer,MUTATION_AUDIT,mutation,SYN-RES-003569,2024-06-14T17:29:00Z,Review of mutation notice period under Sec 129 KLRA,SUCCESS,True
SYN-AUDIT-003570,SYN-USER-ADMIN-001,administrator,DOCUMENT_INGEST,document,SYN-RES-003570,2024-07-15T18:30:00Z,Citizen evidence upload and SHA-256 vault ingest,SUCCESS,True
SYN-AUDIT-003571,SYSTEM-VALIDATION-ENGINE,system_engine,VALIDATION_RUN,validation_case,SYN-CASE-000691,2024-08-16T19:31:00Z,Automated multi-field statutory comparison pipeline,SUCCESS,True
SYN-AUDIT-003572,SYN-USER-CITIZEN-001,citizen,CASE_REVIEW,validation_case,SYN-CASE-000692,2024-09-17T20:32:00Z,Revenue officer inspected cadastral discrepancy,REVIEW_REQUIRED,True
SYN-AUDIT-003573,SYN-USER-OFFICER-001,revenue_officer,DECISION_RECORDED,validation_case,SYN-CASE-000693,2024-10-18T21:33:00Z,Officer adjudication recorded in case log,SUCCESS,True
SYN-AUDIT-003574,SYN-USER-ADMIN-001,administrator,MUTATION_AUDIT,mutation,SYN-RES-003574,2024-11-19T22:34:00Z,Review of mutation notice period under Sec 129 KLRA,SUCCESS,True
SYN-AUDIT-003575,SYSTEM-VALIDATION-ENGINE,system_engine,DOCUMENT_INGEST,document,SYN-RES-003575,2024-12-20T23:35:00Z,Citizen evidence upload and SHA-256 vault ingest,SUCCESS,True
SYN-AUDIT-003576,SYN-USER-CITIZEN-001,citizen,VALIDATION_RUN,validation_case,SYN-CASE-000696,2024-01-21T00:36:00Z,Automated multi-field statutory comparison pipeline,SUCCESS,True
SYN-AUDIT-003577,SYN-USER-OFFICER-001,revenue_officer,CASE_REVIEW,validation_case,SYN-CASE-000697,2024-02-22T01:37:00Z,Revenue officer inspected cadastral discrepancy,REVIEW_REQUIRED,True
SYN-AUDIT-003578,SYN-USER-ADMIN-001,administrator,DECISION_RECORDED,validation_case,SYN-CASE-000698,2024-03-23T02:38:00Z,Officer adjudication recorded in case log,SUCCESS,True
SYN-AUDIT-003579,SYSTEM-VALIDATION-ENGINE,system_engine,MUTATION_AUDIT,mutation,SYN-RES-003579,2024-04-24T03:39:00Z,Review of mutation notice period under Sec 129 KLRA,SUCCESS,True
SYN-AUDIT-003580,SYN-USER-CITIZEN-001,citizen,DOCUMENT_INGEST,document,SYN-RES-003580,2024-05-25T04:40:00Z,Citizen evidence upload and SHA-256 vault ingest,SUCCESS,True
SYN-AUDIT-003581,SYN-USER-OFFICER-001,revenue_officer,VALIDATION_RUN,validation_case,SYN-CASE-000701,2024-06-26T05:41:00Z,Automated multi-field statutory comparison pipeline,SUCCESS,True
SYN-AUDIT-003582,SYN-USER-ADMIN-001,administrator,CASE_REVIEW,validation_case,SYN-CASE-000702,2024-07-27T06:42:00Z,Revenue officer inspected cadastral discrepancy,REVIEW_REQUIRED,True
SYN-AUDIT-003583,SYSTEM-VALIDATION-ENGINE,system_engine,DECISION_RECORDED,validation_case,SYN-CASE-000703,2024-08-28T07:43:00Z,Officer adjudication recorded in case log,SUCCESS,True
SYN-AUDIT-003584,SYN-USER-CITIZEN-001,citizen,MUTATION_AUDIT,mutation,SYN-RES-003584,2024-09-01T08:44:00Z,Review of mutation notice period under Sec 129 KLRA,SUCCESS,True
SYN-AUDIT-003585,SYN-USER-OFFICER-001,revenue_officer,DOCUMENT_INGEST,document,SYN-RES-003585,2024-10-02T09:45:00Z,Citizen evidence upload and SHA-256 vault ingest,SUCCESS,True
SYN-AUDIT-003586,SYN-USER-ADMIN-001,administrator,VALIDATION_RUN,validation_case,SYN-CASE-000706,2024-11-03T10:46:00Z,Automated multi-field statutory comparison pipeline,SUCCESS,True
SYN-AUDIT-003587,SYSTEM-VALIDATION-ENGINE,system_engine,CASE_REVIEW,validation_case,SYN-CASE-000707,2024-12-04T11:47:00Z,Revenue officer inspected cadastral discrepancy,REVIEW_REQUIRED,True
SYN-AUDIT-003588,SYN-USER-CITIZEN-001,citizen,DECISION_RECORDED,validation_case,SYN-CASE-000708,2024-01-05T12:48:00Z,Officer adjudication recorded in case log,SUCCESS,True
SYN-AUDIT-003589,SYN-USER-OFFICER-001,revenue_officer,MUTATION_AUDIT,mutation,SYN-RES-003589,2024-02-06T13:49:00Z,Review of mutation notice period under Sec 129 KLRA,SUCCESS,True
SYN-AUDIT-003590,SYN-USER-ADMIN-001,administrator,DOCUMENT_INGEST,document,SYN-RES-003590,2024-03-07T14:50:00Z,Citizen evidence upload and SHA-256 vault ingest,SUCCESS,True
SYN-AUDIT-003591,SYSTEM-VALIDATION-ENGINE,system_engine,VALIDATION_RUN,validation_case,SYN-CASE-000711,2024-04-08T15:51:00Z,Automated multi-field statutory comparison pipeline,SUCCESS,True
SYN-AUDIT-003592,SYN-USER-CITIZEN-001,citizen,CASE_REVIEW,validation_case,SYN-CASE-000712,2024-05-09T16:52:00Z,Revenue officer inspected cadastral discrepancy,REVIEW_REQUIRED,True
SYN-AUDIT-003593,SYN-USER-OFFICER-001,revenue_officer,DECISION_RECORDED,validation_case,SYN-CASE-000713,2024-06-10T17:53:00Z,Officer adjudication recorded in case log,SUCCESS,True
SYN-AUDIT-003594,SYN-USER-ADMIN-001,administrator,MUTATION_AUDIT,mutation,SYN-RES-003594,2024-07-11T18:54:00Z,Review of mutation notice period under Sec 129 KLRA,SUCCESS,True
SYN-AUDIT-003595,SYSTEM-VALIDATION-ENGINE,system_engine,DOCUMENT_INGEST,document,SYN-RES-003595,2024-08-12T19:55:00Z,Citizen evidence upload and SHA-256 vault ingest,SUCCESS,True
SYN-AUDIT-003596,SYN-USER-CITIZEN-001,citizen,VALIDATION_RUN,validation_case,SYN-CASE-000716,2024-09-13T20:56:00Z,Automated multi-field statutory comparison pipeline,SUCCESS,True
SYN-AUDIT-003597,SYN-USER-OFFICER-001,revenue_officer,CASE_REVIEW,validation_case,SYN-CASE-000717,2024-10-14T21:57:00Z,Revenue officer inspected cadastral discrepancy,REVIEW_REQUIRED,True
SYN-AUDIT-003598,SYN-USER-ADMIN-001,administrator,DECISION_RECORDED,validation_case,SYN-CASE-000718,2024-11-15T22:58:00Z,Officer adjudication recorded in case log,SUCCESS,True
SYN-AUDIT-003599,SYSTEM-VALIDATION-ENGINE,system_engine,MUTATION_AUDIT,mutation,SYN-RES-003599,2024-12-16T23:59:00Z,Review of mutation notice period under Sec 129 KLRA,SUCCESS,True
SYN-AUDIT-003600,SYN-USER-CITIZEN-001,citizen,DOCUMENT_INGEST,document,SYN-RES-003600,2024-01-17T00:00:00Z,Citizen evidence upload and SHA-256 vault ingest,SUCCESS,True
SYN-AUDIT-003601,SYN-USER-OFFICER-001,revenue_officer,VALIDATION_RUN,validation_case,SYN-CASE-000721,2024-02-18T01:01:00Z,Automated multi-field statutory comparison pipeline,SUCCESS,True
SYN-AUDIT-003602,SYN-USER-ADMIN-001,administrator,CASE_REVIEW,validation_case,SYN-CASE-000722,2024-03-19T02:02:00Z,Revenue officer inspected cadastral discrepancy,REVIEW_REQUIRED,True
SYN-AUDIT-003603,SYSTEM-VALIDATION-ENGINE,system_engine,DECISION_RECORDED,validation_case,SYN-CASE-000723,2024-04-20T03:03:00Z,Officer adjudication recorded in case log,SUCCESS,True
SYN-AUDIT-003604,SYN-USER-CITIZEN-001,citizen,MUTATION_AUDIT,mutation,SYN-RES-003604,2024-05-21T04:04:00Z,Review of mutation notice period under Sec 129 KLRA,SUCCESS,True
SYN-AUDIT-003605,SYN-USER-OFFICER-001,revenue_officer,DOCUMENT_INGEST,document,SYN-RES-003605,2024-06-22T05:05:00Z,Citizen evidence upload and SHA-256 vault ingest,SUCCESS,True
SYN-AUDIT-003606,SYN-USER-ADMIN-001,administrator,VALIDATION_RUN,validation_case,SYN-CASE-000726,2024-07-23T06:06:00Z,Automated multi-field statutory comparison pipeline,SUCCESS,True
SYN-AUDIT-003607,SYSTEM-VALIDATION-ENGINE,system_engine,CASE_REVIEW,validation_case,SYN-CASE-000727,2024-08-24T07:07:00Z,Revenue officer inspected cadastral discrepancy,REVIEW_REQUIRED,True
SYN-AUDIT-003608,SYN-USER-CITIZEN-001,citizen,DECISION_RECORDED,validation_case,SYN-CASE-000728,2024-09-25T08:08:00Z,Officer adjudication recorded in case log,SUCCESS,True
SYN-AUDIT-003609,SYN-USER-OFFICER-001,revenue_officer,MUTATION_AUDIT,mutation,SYN-RES-003609,2024-10-26T09:09:00Z,Review of mutation notice period under Sec 129 KLRA,SUCCESS,True
SYN-AUDIT-003610,SYN-USER-ADMIN-001,administrator,DOCUMENT_INGEST,document,SYN-RES-003610,2024-11-27T10:10:00Z,Citizen evidence upload and SHA-256 vault ingest,SUCCESS,True
SYN-AUDIT-003611,SYSTEM-VALIDATION-ENGINE,system_engine,VALIDATION_RUN,validation_case,SYN-CASE-000731,2024-12-28T11:11:00Z,Automated multi-field statutory comparison pipeline,SUCCESS,True
SYN-AUDIT-003612,SYN-USER-CITIZEN-001,citizen,CASE_REVIEW,validation_case,SYN-CASE-000732,2024-01-01T12:12:00Z,Revenue officer inspected cadastral discrepancy,REVIEW_REQUIRED,True
SYN-AUDIT-003613,SYN-USER-OFFICER-001,revenue_officer,DECISION_RECORDED,validation_case,SYN-CASE-000733,2024-02-02T13:13:00Z,Officer adjudication recorded in case log,SUCCESS,True
SYN-AUDIT-003614,SYN-USER-ADMIN-001,administrator,MUTATION_AUDIT,mutation,SYN-RES-003614,2024-03-03T14:14:00Z,Review of mutation notice period under Sec 129 KLRA,SUCCESS,True
SYN-AUDIT-003615,SYSTEM-VALIDATION-ENGINE,system_engine,DOCUMENT_INGEST,document,SYN-RES-003615,2024-04-04T15:15:00Z,Citizen evidence upload and SHA-256 vault ingest,SUCCESS,True
SYN-AUDIT-003616,SYN-USER-CITIZEN-001,citizen,VALIDATION_RUN,validation_case,SYN-CASE-000736,2024-05-05T16:16:00Z,Automated multi-field statutory comparison pipeline,SUCCESS,True
SYN-AUDIT-003617,SYN-USER-OFFICER-001,revenue_officer,CASE_REVIEW,validation_case,SYN-CASE-000737,2024-06-06T17:17:00Z,Revenue officer inspected cadastral discrepancy,REVIEW_REQUIRED,True
SYN-AUDIT-003618,SYN-USER-ADMIN-001,administrator,DECISION_RECORDED,validation_case,SYN-CASE-000738,2024-07-07T18:18:00Z,Officer adjudication recorded in case log,SUCCESS,True
SYN-AUDIT-003619,SYSTEM-VALIDATION-ENGINE,system_engine,MUTATION_AUDIT,mutation,SYN-RES-003619,2024-08-08T19:19:00Z,Review of mutation notice period under Sec 129 KLRA,SUCCESS,True
SYN-AUDIT-003620,SYN-USER-CITIZEN-001,citizen,DOCUMENT_INGEST,document,SYN-RES-003620,2024-09-09T20:20:00Z,Citizen evidence upload and SHA-256 vault ingest,SUCCESS,True
SYN-AUDIT-003621,SYN-USER-OFFICER-001,revenue_officer,VALIDATION_RUN,validation_case,SYN-CASE-000741,2024-10-10T21:21:00Z,Automated multi-field statutory comparison pipeline,SUCCESS,True
SYN-AUDIT-003622,SYN-USER-ADMIN-001,administrator,CASE_REVIEW,validation_case,SYN-CASE-000742,2024-11-11T22:22:00Z,Revenue officer inspected cadastral discrepancy,REVIEW_REQUIRED,True
SYN-AUDIT-003623,SYSTEM-VALIDATION-ENGINE,system_engine,DECISION_RECORDED,validation_case,SYN-CASE-000743,2024-12-12T23:23:00Z,Officer adjudication recorded in case log,SUCCESS,True
SYN-AUDIT-003624,SYN-USER-CITIZEN-001,citizen,MUTATION_AUDIT,mutation,SYN-RES-003624,2024-01-13T00:24:00Z,Review of mutation notice period under Sec 129 KLRA,SUCCESS,True
SYN-AUDIT-003625,SYN-USER-OFFICER-001,revenue_officer,DOCUMENT_INGEST,document,SYN-RES-003625,2024-02-14T01:25:00Z,Citizen evidence upload and SHA-256 vault ingest,SUCCESS,True
SYN-AUDIT-003626,SYN-USER-ADMIN-001,administrator,VALIDATION_RUN,validation_case,SYN-CASE-000746,2024-03-15T02:26:00Z,Automated multi-field statutory comparison pipeline,SUCCESS,True
SYN-AUDIT-003627,SYSTEM-VALIDATION-ENGINE,system_engine,CASE_REVIEW,validation_case,SYN-CASE-000747,2024-04-16T03:27:00Z,Revenue officer inspected cadastral discrepancy,REVIEW_REQUIRED,True
SYN-AUDIT-003628,SYN-USER-CITIZEN-001,citizen,DECISION_RECORDED,validation_case,SYN-CASE-000748,2024-05-17T04:28:00Z,Officer adjudication recorded in case log,SUCCESS,True
SYN-AUDIT-003629,SYN-USER-OFFICER-001,revenue_officer,MUTATION_AUDIT,mutation,SYN-RES-003629,2024-06-18T05:29:00Z,Review of mutation notice period under Sec 129 KLRA,SUCCESS,True
SYN-AUDIT-003630,SYN-USER-ADMIN-001,administrator,DOCUMENT_INGEST,document,SYN-RES-003630,2024-07-19T06:30:00Z,Citizen evidence upload and SHA-256 vault ingest,SUCCESS,True
SYN-AUDIT-003631,SYSTEM-VALIDATION-ENGINE,system_engine,VALIDATION_RUN,validation_case,SYN-CASE-000751,2024-08-20T07:31:00Z,Automated multi-field statutory comparison pipeline,SUCCESS,True
SYN-AUDIT-003632,SYN-USER-CITIZEN-001,citizen,CASE_REVIEW,validation_case,SYN-CASE-000752,2024-09-21T08:32:00Z,Revenue officer inspected cadastral discrepancy,REVIEW_REQUIRED,True
SYN-AUDIT-003633,SYN-USER-OFFICER-001,revenue_officer,DECISION_RECORDED,validation_case,SYN-CASE-000753,2024-10-22T09:33:00Z,Officer adjudication recorded in case log,SUCCESS,True
SYN-AUDIT-003634,SYN-USER-ADMIN-001,administrator,MUTATION_AUDIT,mutation,SYN-RES-003634,2024-11-23T10:34:00Z,Review of mutation notice period under Sec 129 KLRA,SUCCESS,True
SYN-AUDIT-003635,SYSTEM-VALIDATION-ENGINE,system_engine,DOCUMENT_INGEST,document,SYN-RES-003635,2024-12-24T11:35:00Z,Citizen evidence upload and SHA-256 vault ingest,SUCCESS,True
SYN-AUDIT-003636,SYN-USER-CITIZEN-001,citizen,VALIDATION_RUN,validation_case,SYN-CASE-000756,2024-01-25T12:36:00Z,Automated multi-field statutory comparison pipeline,SUCCESS,True
SYN-AUDIT-003637,SYN-USER-OFFICER-001,revenue_officer,CASE_REVIEW,validation_case,SYN-CASE-000757,2024-02-26T13:37:00Z,Revenue officer inspected cadastral discrepancy,REVIEW_REQUIRED,True
SYN-AUDIT-003638,SYN-USER-ADMIN-001,administrator,DECISION_RECORDED,validation_case,SYN-CASE-000758,2024-03-27T14:38:00Z,Officer adjudication recorded in case log,SUCCESS,True
SYN-AUDIT-003639,SYSTEM-VALIDATION-ENGINE,system_engine,MUTATION_AUDIT,mutation,SYN-RES-003639,2024-04-28T15:39:00Z,Review of mutation notice period under Sec 129 KLRA,SUCCESS,True
SYN-AUDIT-003640,SYN-USER-CITIZEN-001,citizen,DOCUMENT_INGEST,document,SYN-RES-003640,2024-05-01T16:40:00Z,Citizen evidence upload and SHA-256 vault ingest,SUCCESS,True
SYN-AUDIT-003641,SYN-USER-OFFICER-001,revenue_officer,VALIDATION_RUN,validation_case,SYN-CASE-000761,2024-06-02T17:41:00Z,Automated multi-field statutory comparison pipeline,SUCCESS,True
SYN-AUDIT-003642,SYN-USER-ADMIN-001,administrator,CASE_REVIEW,validation_case,SYN-CASE-000762,2024-07-03T18:42:00Z,Revenue officer inspected cadastral discrepancy,REVIEW_REQUIRED,True
SYN-AUDIT-003643,SYSTEM-VALIDATION-ENGINE,system_engine,DECISION_RECORDED,validation_case,SYN-CASE-000763,2024-08-04T19:43:00Z,Officer adjudication recorded in case log,SUCCESS,True
SYN-AUDIT-003644,SYN-USER-CITIZEN-001,citizen,MUTATION_AUDIT,mutation,SYN-RES-003644,2024-09-05T20:44:00Z,Review of mutation notice period under Sec 129 KLRA,SUCCESS,True
SYN-AUDIT-003645,SYN-USER-OFFICER-001,revenue_officer,DOCUMENT_INGEST,document,SYN-RES-003645,2024-10-06T21:45:00Z,Citizen evidence upload and SHA-256 vault ingest,SUCCESS,True
SYN-AUDIT-003646,SYN-USER-ADMIN-001,administrator,VALIDATION_RUN,validation_case,SYN-CASE-000766,2024-11-07T22:46:00Z,Automated multi-field statutory comparison pipeline,SUCCESS,True
SYN-AUDIT-003647,SYSTEM-VALIDATION-ENGINE,system_engine,CASE_REVIEW,validation_case,SYN-CASE-000767,2024-12-08T23:47:00Z,Revenue officer inspected cadastral discrepancy,REVIEW_REQUIRED,True
SYN-AUDIT-003648,SYN-USER-CITIZEN-001,citizen,DECISION_RECORDED,validation_case,SYN-CASE-000768,2024-01-09T00:48:00Z,Officer adjudication recorded in case log,SUCCESS,True
SYN-AUDIT-003649,SYN-USER-OFFICER-001,revenue_officer,MUTATION_AUDIT,mutation,SYN-RES-003649,2024-02-10T01:49:00Z,Review of mutation notice period under Sec 129 KLRA,SUCCESS,True
SYN-AUDIT-003650,SYN-USER-ADMIN-001,administrator,DOCUMENT_INGEST,document,SYN-RES-003650,2024-03-11T02:50:00Z,Citizen evidence upload and SHA-256 vault ingest,SUCCESS,True
SYN-AUDIT-003651,SYSTEM-VALIDATION-ENGINE,system_engine,VALIDATION_RUN,validation_case,SYN-CASE-000771,2024-04-12T03:51:00Z,Automated multi-field statutory comparison pipeline,SUCCESS,True
SYN-AUDIT-003652,SYN-USER-CITIZEN-001,citizen,CASE_REVIEW,validation_case,SYN-CASE-000772,2024-05-13T04:52:00Z,Revenue officer inspected cadastral discrepancy,REVIEW_REQUIRED,True
SYN-AUDIT-003653,SYN-USER-OFFICER-001,revenue_officer,DECISION_RECORDED,validation_case,SYN-CASE-000773,2024-06-14T05:53:00Z,Officer adjudication recorded in case log,SUCCESS,True
SYN-AUDIT-003654,SYN-USER-ADMIN-001,administrator,MUTATION_AUDIT,mutation,SYN-RES-003654,2024-07-15T06:54:00Z,Review of mutation notice period under Sec 129 KLRA,SUCCESS,True
SYN-AUDIT-003655,SYSTEM-VALIDATION-ENGINE,system_engine,DOCUMENT_INGEST,document,SYN-RES-003655,2024-08-16T07:55:00Z,Citizen evidence upload and SHA-256 vault ingest,SUCCESS,True
SYN-AUDIT-003656,SYN-USER-CITIZEN-001,citizen,VALIDATION_RUN,validation_case,SYN-CASE-000776,2024-09-17T08:56:00Z,Automated multi-field statutory comparison pipeline,SUCCESS,True
SYN-AUDIT-003657,SYN-USER-OFFICER-001,revenue_officer,CASE_REVIEW,validation_case,SYN-CASE-000777,2024-10-18T09:57:00Z,Revenue officer inspected cadastral discrepancy,REVIEW_REQUIRED,True
SYN-AUDIT-003658,SYN-USER-ADMIN-001,administrator,DECISION_RECORDED,validation_case,SYN-CASE-000778,2024-11-19T10:58:00Z,Officer adjudication recorded in case log,SUCCESS,True
SYN-AUDIT-003659,SYSTEM-VALIDATION-ENGINE,system_engine,MUTATION_AUDIT,mutation,SYN-RES-003659,2024-12-20T11:59:00Z,Review of mutation notice period under Sec 129 KLRA,SUCCESS,True
SYN-AUDIT-003660,SYN-USER-CITIZEN-001,citizen,DOCUMENT_INGEST,document,SYN-RES-003660,2024-01-21T12:00:00Z,Citizen evidence upload and SHA-256 vault ingest,SUCCESS,True
SYN-AUDIT-003661,SYN-USER-OFFICER-001,revenue_officer,VALIDATION_RUN,validation_case,SYN-CASE-000781,2024-02-22T13:01:00Z,Automated multi-field statutory comparison pipeline,SUCCESS,True
SYN-AUDIT-003662,SYN-USER-ADMIN-001,administrator,CASE_REVIEW,validation_case,SYN-CASE-000782,2024-03-23T14:02:00Z,Revenue officer inspected cadastral discrepancy,REVIEW_REQUIRED,True
SYN-AUDIT-003663,SYSTEM-VALIDATION-ENGINE,system_engine,DECISION_RECORDED,validation_case,SYN-CASE-000783,2024-04-24T15:03:00Z,Officer adjudication recorded in case log,SUCCESS,True
SYN-AUDIT-003664,SYN-USER-CITIZEN-001,citizen,MUTATION_AUDIT,mutation,SYN-RES-003664,2024-05-25T16:04:00Z,Review of mutation notice period under Sec 129 KLRA,SUCCESS,True
SYN-AUDIT-003665,SYN-USER-OFFICER-001,revenue_officer,DOCUMENT_INGEST,document,SYN-RES-003665,2024-06-26T17:05:00Z,Citizen evidence upload and SHA-256 vault ingest,SUCCESS,True
SYN-AUDIT-003666,SYN-USER-ADMIN-001,administrator,VALIDATION_RUN,validation_case,SYN-CASE-000786,2024-07-27T18:06:00Z,Automated multi-field statutory comparison pipeline,SUCCESS,True
SYN-AUDIT-003667,SYSTEM-VALIDATION-ENGINE,system_engine,CASE_REVIEW,validation_case,SYN-CASE-000787,2024-08-28T19:07:00Z,Revenue officer inspected cadastral discrepancy,REVIEW_REQUIRED,True
SYN-AUDIT-003668,SYN-USER-CITIZEN-001,citizen,DECISION_RECORDED,validation_case,SYN-CASE-000788,2024-09-01T20:08:00Z,Officer adjudication recorded in case log,SUCCESS,True
SYN-AUDIT-003669,SYN-USER-OFFICER-001,revenue_officer,MUTATION_AUDIT,mutation,SYN-RES-003669,2024-10-02T21:09:00Z,Review of mutation notice period under Sec 129 KLRA,SUCCESS,True
SYN-AUDIT-003670,SYN-USER-ADMIN-001,administrator,DOCUMENT_INGEST,document,SYN-RES-003670,2024-11-03T22:10:00Z,Citizen evidence upload and SHA-256 vault ingest,SUCCESS,True
SYN-AUDIT-003671,SYSTEM-VALIDATION-ENGINE,system_engine,VALIDATION_RUN,validation_case,SYN-CASE-000791,2024-12-04T23:11:00Z,Automated multi-field statutory comparison pipeline,SUCCESS,True
SYN-AUDIT-003672,SYN-USER-CITIZEN-001,citizen,CASE_REVIEW,validation_case,SYN-CASE-000792,2024-01-05T00:12:00Z,Revenue officer inspected cadastral discrepancy,REVIEW_REQUIRED,True
SYN-AUDIT-003673,SYN-USER-OFFICER-001,revenue_officer,DECISION_RECORDED,validation_case,SYN-CASE-000793,2024-02-06T01:13:00Z,Officer adjudication recorded in case log,SUCCESS,True
SYN-AUDIT-003674,SYN-USER-ADMIN-001,administrator,MUTATION_AUDIT,mutation,SYN-RES-003674,2024-03-07T02:14:00Z,Review of mutation notice period under Sec 129 KLRA,SUCCESS,True
SYN-AUDIT-003675,SYSTEM-VALIDATION-ENGINE,system_engine,DOCUMENT_INGEST,document,SYN-RES-003675,2024-04-08T03:15:00Z,Citizen evidence upload and SHA-256 vault ingest,SUCCESS,True
SYN-AUDIT-003676,SYN-USER-CITIZEN-001,citizen,VALIDATION_RUN,validation_case,SYN-CASE-000796,2024-05-09T04:16:00Z,Automated multi-field statutory comparison pipeline,SUCCESS,True
SYN-AUDIT-003677,SYN-USER-OFFICER-001,revenue_officer,CASE_REVIEW,validation_case,SYN-CASE-000797,2024-06-10T05:17:00Z,Revenue officer inspected cadastral discrepancy,REVIEW_REQUIRED,True
SYN-AUDIT-003678,SYN-USER-ADMIN-001,administrator,DECISION_RECORDED,validation_case,SYN-CASE-000798,2024-07-11T06:18:00Z,Officer adjudication recorded in case log,SUCCESS,True
SYN-AUDIT-003679,SYSTEM-VALIDATION-ENGINE,system_engine,MUTATION_AUDIT,mutation,SYN-RES-003679,2024-08-12T07:19:00Z,Review of mutation notice period under Sec 129 KLRA,SUCCESS,True
SYN-AUDIT-003680,SYN-USER-CITIZEN-001,citizen,DOCUMENT_INGEST,document,SYN-RES-003680,2024-09-13T08:20:00Z,Citizen evidence upload and SHA-256 vault ingest,SUCCESS,True
SYN-AUDIT-003681,SYN-USER-OFFICER-001,revenue_officer,VALIDATION_RUN,validation_case,SYN-CASE-000801,2024-10-14T09:21:00Z,Automated multi-field statutory comparison pipeline,SUCCESS,True
SYN-AUDIT-003682,SYN-USER-ADMIN-001,administrator,CASE_REVIEW,validation_case,SYN-CASE-000802,2024-11-15T10:22:00Z,Revenue officer inspected cadastral discrepancy,REVIEW_REQUIRED,True
SYN-AUDIT-003683,SYSTEM-VALIDATION-ENGINE,system_engine,DECISION_RECORDED,validation_case,SYN-CASE-000803,2024-12-16T11:23:00Z,Officer adjudication recorded in case log,SUCCESS,True
SYN-AUDIT-003684,SYN-USER-CITIZEN-001,citizen,MUTATION_AUDIT,mutation,SYN-RES-003684,2024-01-17T12:24:00Z,Review of mutation notice period under Sec 129 KLRA,SUCCESS,True
SYN-AUDIT-003685,SYN-USER-OFFICER-001,revenue_officer,DOCUMENT_INGEST,document,SYN-RES-003685,2024-02-18T13:25:00Z,Citizen evidence upload and SHA-256 vault ingest,SUCCESS,True
SYN-AUDIT-003686,SYN-USER-ADMIN-001,administrator,VALIDATION_RUN,validation_case,SYN-CASE-000806,2024-03-19T14:26:00Z,Automated multi-field statutory comparison pipeline,SUCCESS,True
SYN-AUDIT-003687,SYSTEM-VALIDATION-ENGINE,system_engine,CASE_REVIEW,validation_case,SYN-CASE-000807,2024-04-20T15:27:00Z,Revenue officer inspected cadastral discrepancy,REVIEW_REQUIRED,True
SYN-AUDIT-003688,SYN-USER-CITIZEN-001,citizen,DECISION_RECORDED,validation_case,SYN-CASE-000808,2024-05-21T16:28:00Z,Officer adjudication recorded in case log,SUCCESS,True
SYN-AUDIT-003689,SYN-USER-OFFICER-001,revenue_officer,MUTATION_AUDIT,mutation,SYN-RES-003689,2024-06-22T17:29:00Z,Review of mutation notice period under Sec 129 KLRA,SUCCESS,True
SYN-AUDIT-003690,SYN-USER-ADMIN-001,administrator,DOCUMENT_INGEST,document,SYN-RES-003690,2024-07-23T18:30:00Z,Citizen evidence upload and SHA-256 vault ingest,SUCCESS,True
SYN-AUDIT-003691,SYSTEM-VALIDATION-ENGINE,system_engine,VALIDATION_RUN,validation_case,SYN-CASE-000811,2024-08-24T19:31:00Z,Automated multi-field statutory comparison pipeline,SUCCESS,True
SYN-AUDIT-003692,SYN-USER-CITIZEN-001,citizen,CASE_REVIEW,validation_case,SYN-CASE-000812,2024-09-25T20:32:00Z,Revenue officer inspected cadastral discrepancy,REVIEW_REQUIRED,True
SYN-AUDIT-003693,SYN-USER-OFFICER-001,revenue_officer,DECISION_RECORDED,validation_case,SYN-CASE-000813,2024-10-26T21:33:00Z,Officer adjudication recorded in case log,SUCCESS,True
SYN-AUDIT-003694,SYN-USER-ADMIN-001,administrator,MUTATION_AUDIT,mutation,SYN-RES-003694,2024-11-27T22:34:00Z,Review of mutation notice period under Sec 129 KLRA,SUCCESS,True
SYN-AUDIT-003695,SYSTEM-VALIDATION-ENGINE,system_engine,DOCUMENT_INGEST,document,SYN-RES-003695,2024-12-28T23:35:00Z,Citizen evidence upload and SHA-256 vault ingest,SUCCESS,True
SYN-AUDIT-003696,SYN-USER-CITIZEN-001,citizen,VALIDATION_RUN,validation_case,SYN-CASE-000816,2024-01-01T00:36:00Z,Automated multi-field statutory comparison pipeline,SUCCESS,True
SYN-AUDIT-003697,SYN-USER-OFFICER-001,revenue_officer,CASE_REVIEW,validation_case,SYN-CASE-000817,2024-02-02T01:37:00Z,Revenue officer inspected cadastral discrepancy,REVIEW_REQUIRED,True
SYN-AUDIT-003698,SYN-USER-ADMIN-001,administrator,DECISION_RECORDED,validation_case,SYN-CASE-000818,2024-03-03T02:38:00Z,Officer adjudication recorded in case log,SUCCESS,True
SYN-AUDIT-003699,SYSTEM-VALIDATION-ENGINE,system_engine,MUTATION_AUDIT,mutation,SYN-RES-003699,2024-04-04T03:39:00Z,Review of mutation notice period under Sec 129 KLRA,SUCCESS,True
SYN-AUDIT-003700,SYN-USER-CITIZEN-001,citizen,DOCUMENT_INGEST,document,SYN-RES-003700,2024-05-05T04:40:00Z,Citizen evidence upload and SHA-256 vault ingest,SUCCESS,True
SYN-AUDIT-003701,SYN-USER-OFFICER-001,revenue_officer,VALIDATION_RUN,validation_case,SYN-CASE-000821,2024-06-06T05:41:00Z,Automated multi-field statutory comparison pipeline,SUCCESS,True
SYN-AUDIT-003702,SYN-USER-ADMIN-001,administrator,CASE_REVIEW,validation_case,SYN-CASE-000822,2024-07-07T06:42:00Z,Revenue officer inspected cadastral discrepancy,REVIEW_REQUIRED,True
SYN-AUDIT-003703,SYSTEM-VALIDATION-ENGINE,system_engine,DECISION_RECORDED,validation_case,SYN-CASE-000823,2024-08-08T07:43:00Z,Officer adjudication recorded in case log,SUCCESS,True
SYN-AUDIT-003704,SYN-USER-CITIZEN-001,citizen,MUTATION_AUDIT,mutation,SYN-RES-003704,2024-09-09T08:44:00Z,Review of mutation notice period under Sec 129 KLRA,SUCCESS,True
SYN-AUDIT-003705,SYN-USER-OFFICER-001,revenue_officer,DOCUMENT_INGEST,document,SYN-RES-003705,2024-10-10T09:45:00Z,Citizen evidence upload and SHA-256 vault ingest,SUCCESS,True
SYN-AUDIT-003706,SYN-USER-ADMIN-001,administrator,VALIDATION_RUN,validation_case,SYN-CASE-000826,2024-11-11T10:46:00Z,Automated multi-field statutory comparison pipeline,SUCCESS,True
SYN-AUDIT-003707,SYSTEM-VALIDATION-ENGINE,system_engine,CASE_REVIEW,validation_case,SYN-CASE-000827,2024-12-12T11:47:00Z,Revenue officer inspected cadastral discrepancy,REVIEW_REQUIRED,True
SYN-AUDIT-003708,SYN-USER-CITIZEN-001,citizen,DECISION_RECORDED,validation_case,SYN-CASE-000828,2024-01-13T12:48:00Z,Officer adjudication recorded in case log,SUCCESS,True
SYN-AUDIT-003709,SYN-USER-OFFICER-001,revenue_officer,MUTATION_AUDIT,mutation,SYN-RES-003709,2024-02-14T13:49:00Z,Review of mutation notice period under Sec 129 KLRA,SUCCESS,True
SYN-AUDIT-003710,SYN-USER-ADMIN-001,administrator,DOCUMENT_INGEST,document,SYN-RES-003710,2024-03-15T14:50:00Z,Citizen evidence upload and SHA-256 vault ingest,SUCCESS,True
SYN-AUDIT-003711,SYSTEM-VALIDATION-ENGINE,system_engine,VALIDATION_RUN,validation_case,SYN-CASE-000831,2024-04-16T15:51:00Z,Automated multi-field statutory comparison pipeline,SUCCESS,True
SYN-AUDIT-003712,SYN-USER-CITIZEN-001,citizen,CASE_REVIEW,validation_case,SYN-CASE-000832,2024-05-17T16:52:00Z,Revenue officer inspected cadastral discrepancy,REVIEW_REQUIRED,True
SYN-AUDIT-003713,SYN-USER-OFFICER-001,revenue_officer,DECISION_RECORDED,validation_case,SYN-CASE-000833,2024-06-18T17:53:00Z,Officer adjudication recorded in case log,SUCCESS,True
SYN-AUDIT-003714,SYN-USER-ADMIN-001,administrator,MUTATION_AUDIT,mutation,SYN-RES-003714,2024-07-19T18:54:00Z,Review of mutation notice period under Sec 129 KLRA,SUCCESS,True
SYN-AUDIT-003715,SYSTEM-VALIDATION-ENGINE,system_engine,DOCUMENT_INGEST,document,SYN-RES-003715,2024-08-20T19:55:00Z,Citizen evidence upload and SHA-256 vault ingest,SUCCESS,True
SYN-AUDIT-003716,SYN-USER-CITIZEN-001,citizen,VALIDATION_RUN,validation_case,SYN-CASE-000836,2024-09-21T20:56:00Z,Automated multi-field statutory comparison pipeline,SUCCESS,True
SYN-AUDIT-003717,SYN-USER-OFFICER-001,revenue_officer,CASE_REVIEW,validation_case,SYN-CASE-000837,2024-10-22T21:57:00Z,Revenue officer inspected cadastral discrepancy,REVIEW_REQUIRED,True
SYN-AUDIT-003718,SYN-USER-ADMIN-001,administrator,DECISION_RECORDED,validation_case,SYN-CASE-000838,2024-11-23T22:58:00Z,Officer adjudication recorded in case log,SUCCESS,True
SYN-AUDIT-003719,SYSTEM-VALIDATION-ENGINE,system_engine,MUTATION_AUDIT,mutation,SYN-RES-003719,2024-12-24T23:59:00Z,Review of mutation notice period under Sec 129 KLRA,SUCCESS,True
SYN-AUDIT-003720,SYN-USER-CITIZEN-001,citizen,DOCUMENT_INGEST,document,SYN-RES-003720,2024-01-25T00:00:00Z,Citizen evidence upload and SHA-256 vault ingest,SUCCESS,True
SYN-AUDIT-003721,SYN-USER-OFFICER-001,revenue_officer,VALIDATION_RUN,validation_case,SYN-CASE-000841,2024-02-26T01:01:00Z,Automated multi-field statutory comparison pipeline,SUCCESS,True
SYN-AUDIT-003722,SYN-USER-ADMIN-001,administrator,CASE_REVIEW,validation_case,SYN-CASE-000842,2024-03-27T02:02:00Z,Revenue officer inspected cadastral discrepancy,REVIEW_REQUIRED,True
SYN-AUDIT-003723,SYSTEM-VALIDATION-ENGINE,system_engine,DECISION_RECORDED,validation_case,SYN-CASE-000843,2024-04-28T03:03:00Z,Officer adjudication recorded in case log,SUCCESS,True
SYN-AUDIT-003724,SYN-USER-CITIZEN-001,citizen,MUTATION_AUDIT,mutation,SYN-RES-003724,2024-05-01T04:04:00Z,Review of mutation notice period under Sec 129 KLRA,SUCCESS,True
SYN-AUDIT-003725,SYN-USER-OFFICER-001,revenue_officer,DOCUMENT_INGEST,document,SYN-RES-003725,2024-06-02T05:05:00Z,Citizen evidence upload and SHA-256 vault ingest,SUCCESS,True
SYN-AUDIT-003726,SYN-USER-ADMIN-001,administrator,VALIDATION_RUN,validation_case,SYN-CASE-000846,2024-07-03T06:06:00Z,Automated multi-field statutory comparison pipeline,SUCCESS,True
SYN-AUDIT-003727,SYSTEM-VALIDATION-ENGINE,system_engine,CASE_REVIEW,validation_case,SYN-CASE-000847,2024-08-04T07:07:00Z,Revenue officer inspected cadastral discrepancy,REVIEW_REQUIRED,True
SYN-AUDIT-003728,SYN-USER-CITIZEN-001,citizen,DECISION_RECORDED,validation_case,SYN-CASE-000848,2024-09-05T08:08:00Z,Officer adjudication recorded in case log,SUCCESS,True
SYN-AUDIT-003729,SYN-USER-OFFICER-001,revenue_officer,MUTATION_AUDIT,mutation,SYN-RES-003729,2024-10-06T09:09:00Z,Review of mutation notice period under Sec 129 KLRA,SUCCESS,True
SYN-AUDIT-003730,SYN-USER-ADMIN-001,administrator,DOCUMENT_INGEST,document,SYN-RES-003730,2024-11-07T10:10:00Z,Citizen evidence upload and SHA-256 vault ingest,SUCCESS,True
SYN-AUDIT-003731,SYSTEM-VALIDATION-ENGINE,system_engine,VALIDATION_RUN,validation_case,SYN-CASE-000851,2024-12-08T11:11:00Z,Automated multi-field statutory comparison pipeline,SUCCESS,True
SYN-AUDIT-003732,SYN-USER-CITIZEN-001,citizen,CASE_REVIEW,validation_case,SYN-CASE-000852,2024-01-09T12:12:00Z,Revenue officer inspected cadastral discrepancy,REVIEW_REQUIRED,True
SYN-AUDIT-003733,SYN-USER-OFFICER-001,revenue_officer,DECISION_RECORDED,validation_case,SYN-CASE-000853,2024-02-10T13:13:00Z,Officer adjudication recorded in case log,SUCCESS,True
SYN-AUDIT-003734,SYN-USER-ADMIN-001,administrator,MUTATION_AUDIT,mutation,SYN-RES-003734,2024-03-11T14:14:00Z,Review of mutation notice period under Sec 129 KLRA,SUCCESS,True
SYN-AUDIT-003735,SYSTEM-VALIDATION-ENGINE,system_engine,DOCUMENT_INGEST,document,SYN-RES-003735,2024-04-12T15:15:00Z,Citizen evidence upload and SHA-256 vault ingest,SUCCESS,True
SYN-AUDIT-003736,SYN-USER-CITIZEN-001,citizen,VALIDATION_RUN,validation_case,SYN-CASE-000856,2024-05-13T16:16:00Z,Automated multi-field statutory comparison pipeline,SUCCESS,True
SYN-AUDIT-003737,SYN-USER-OFFICER-001,revenue_officer,CASE_REVIEW,validation_case,SYN-CASE-000857,2024-06-14T17:17:00Z,Revenue officer inspected cadastral discrepancy,REVIEW_REQUIRED,True
SYN-AUDIT-003738,SYN-USER-ADMIN-001,administrator,DECISION_RECORDED,validation_case,SYN-CASE-000858,2024-07-15T18:18:00Z,Officer adjudication recorded in case log,SUCCESS,True
SYN-AUDIT-003739,SYSTEM-VALIDATION-ENGINE,system_engine,MUTATION_AUDIT,mutation,SYN-RES-003739,2024-08-16T19:19:00Z,Review of mutation notice period under Sec 129 KLRA,SUCCESS,True
SYN-AUDIT-003740,SYN-USER-CITIZEN-001,citizen,DOCUMENT_INGEST,document,SYN-RES-003740,2024-09-17T20:20:00Z,Citizen evidence upload and SHA-256 vault ingest,SUCCESS,True
SYN-AUDIT-003741,SYN-USER-OFFICER-001,revenue_officer,VALIDATION_RUN,validation_case,SYN-CASE-000861,2024-10-18T21:21:00Z,Automated multi-field statutory comparison pipeline,SUCCESS,True
SYN-AUDIT-003742,SYN-USER-ADMIN-001,administrator,CASE_REVIEW,validation_case,SYN-CASE-000862,2024-11-19T22:22:00Z,Revenue officer inspected cadastral discrepancy,REVIEW_REQUIRED,True
SYN-AUDIT-003743,SYSTEM-VALIDATION-ENGINE,system_engine,DECISION_RECORDED,validation_case,SYN-CASE-000863,2024-12-20T23:23:00Z,Officer adjudication recorded in case log,SUCCESS,True
SYN-AUDIT-003744,SYN-USER-CITIZEN-001,citizen,MUTATION_AUDIT,mutation,SYN-RES-003744,2024-01-21T00:24:00Z,Review of mutation notice period under Sec 129 KLRA,SUCCESS,True
SYN-AUDIT-003745,SYN-USER-OFFICER-001,revenue_officer,DOCUMENT_INGEST,document,SYN-RES-003745,2024-02-22T01:25:00Z,Citizen evidence upload and SHA-256 vault ingest,SUCCESS,True
SYN-AUDIT-003746,SYN-USER-ADMIN-001,administrator,VALIDATION_RUN,validation_case,SYN-CASE-000866,2024-03-23T02:26:00Z,Automated multi-field statutory comparison pipeline,SUCCESS,True
SYN-AUDIT-003747,SYSTEM-VALIDATION-ENGINE,system_engine,CASE_REVIEW,validation_case,SYN-CASE-000867,2024-04-24T03:27:00Z,Revenue officer inspected cadastral discrepancy,REVIEW_REQUIRED,True
SYN-AUDIT-003748,SYN-USER-CITIZEN-001,citizen,DECISION_RECORDED,validation_case,SYN-CASE-000868,2024-05-25T04:28:00Z,Officer adjudication recorded in case log,SUCCESS,True
SYN-AUDIT-003749,SYN-USER-OFFICER-001,revenue_officer,MUTATION_AUDIT,mutation,SYN-RES-003749,2024-06-26T05:29:00Z,Review of mutation notice period under Sec 129 KLRA,SUCCESS,True
SYN-AUDIT-003750,SYN-USER-ADMIN-001,administrator,DOCUMENT_INGEST,document,SYN-RES-003750,2024-07-27T06:30:00Z,Citizen evidence upload and SHA-256 vault ingest,SUCCESS,True
SYN-AUDIT-003751,SYSTEM-VALIDATION-ENGINE,system_engine,VALIDATION_RUN,validation_case,SYN-CASE-000871,2024-08-28T07:31:00Z,Automated multi-field statutory comparison pipeline,SUCCESS,True
SYN-AUDIT-003752,SYN-USER-CITIZEN-001,citizen,CASE_REVIEW,validation_case,SYN-CASE-000872,2024-09-01T08:32:00Z,Revenue officer inspected cadastral discrepancy,REVIEW_REQUIRED,True
SYN-AUDIT-003753,SYN-USER-OFFICER-001,revenue_officer,DECISION_RECORDED,validation_case,SYN-CASE-000873,2024-10-02T09:33:00Z,Officer adjudication recorded in case log,SUCCESS,True
SYN-AUDIT-003754,SYN-USER-ADMIN-001,administrator,MUTATION_AUDIT,mutation,SYN-RES-003754,2024-11-03T10:34:00Z,Review of mutation notice period under Sec 129 KLRA,SUCCESS,True
SYN-AUDIT-003755,SYSTEM-VALIDATION-ENGINE,system_engine,DOCUMENT_INGEST,document,SYN-RES-003755,2024-12-04T11:35:00Z,Citizen evidence upload and SHA-256 vault ingest,SUCCESS,True
SYN-AUDIT-003756,SYN-USER-CITIZEN-001,citizen,VALIDATION_RUN,validation_case,SYN-CASE-000876,2024-01-05T12:36:00Z,Automated multi-field statutory comparison pipeline,SUCCESS,True
SYN-AUDIT-003757,SYN-USER-OFFICER-001,revenue_officer,CASE_REVIEW,validation_case,SYN-CASE-000877,2024-02-06T13:37:00Z,Revenue officer inspected cadastral discrepancy,REVIEW_REQUIRED,True
SYN-AUDIT-003758,SYN-USER-ADMIN-001,administrator,DECISION_RECORDED,validation_case,SYN-CASE-000878,2024-03-07T14:38:00Z,Officer adjudication recorded in case log,SUCCESS,True
SYN-AUDIT-003759,SYSTEM-VALIDATION-ENGINE,system_engine,MUTATION_AUDIT,mutation,SYN-RES-003759,2024-04-08T15:39:00Z,Review of mutation notice period under Sec 129 KLRA,SUCCESS,True
SYN-AUDIT-003760,SYN-USER-CITIZEN-001,citizen,DOCUMENT_INGEST,document,SYN-RES-003760,2024-05-09T16:40:00Z,Citizen evidence upload and SHA-256 vault ingest,SUCCESS,True
SYN-AUDIT-003761,SYN-USER-OFFICER-001,revenue_officer,VALIDATION_RUN,validation_case,SYN-CASE-000881,2024-06-10T17:41:00Z,Automated multi-field statutory comparison pipeline,SUCCESS,True
SYN-AUDIT-003762,SYN-USER-ADMIN-001,administrator,CASE_REVIEW,validation_case,SYN-CASE-000882,2024-07-11T18:42:00Z,Revenue officer inspected cadastral discrepancy,REVIEW_REQUIRED,True
SYN-AUDIT-003763,SYSTEM-VALIDATION-ENGINE,system_engine,DECISION_RECORDED,validation_case,SYN-CASE-000883,2024-08-12T19:43:00Z,Officer adjudication recorded in case log,SUCCESS,True
SYN-AUDIT-003764,SYN-USER-CITIZEN-001,citizen,MUTATION_AUDIT,mutation,SYN-RES-003764,2024-09-13T20:44:00Z,Review of mutation notice period under Sec 129 KLRA,SUCCESS,True
SYN-AUDIT-003765,SYN-USER-OFFICER-001,revenue_officer,DOCUMENT_INGEST,document,SYN-RES-003765,2024-10-14T21:45:00Z,Citizen evidence upload and SHA-256 vault ingest,SUCCESS,True
SYN-AUDIT-003766,SYN-USER-ADMIN-001,administrator,VALIDATION_RUN,validation_case,SYN-CASE-000886,2024-11-15T22:46:00Z,Automated multi-field statutory comparison pipeline,SUCCESS,True
SYN-AUDIT-003767,SYSTEM-VALIDATION-ENGINE,system_engine,CASE_REVIEW,validation_case,SYN-CASE-000887,2024-12-16T23:47:00Z,Revenue officer inspected cadastral discrepancy,REVIEW_REQUIRED,True
SYN-AUDIT-003768,SYN-USER-CITIZEN-001,citizen,DECISION_RECORDED,validation_case,SYN-CASE-000888,2024-01-17T00:48:00Z,Officer adjudication recorded in case log,SUCCESS,True
SYN-AUDIT-003769,SYN-USER-OFFICER-001,revenue_officer,MUTATION_AUDIT,mutation,SYN-RES-003769,2024-02-18T01:49:00Z,Review of mutation notice period under Sec 129 KLRA,SUCCESS,True
SYN-AUDIT-003770,SYN-USER-ADMIN-001,administrator,DOCUMENT_INGEST,document,SYN-RES-003770,2024-03-19T02:50:00Z,Citizen evidence upload and SHA-256 vault ingest,SUCCESS,True
SYN-AUDIT-003771,SYSTEM-VALIDATION-ENGINE,system_engine,VALIDATION_RUN,validation_case,SYN-CASE-000891,2024-04-20T03:51:00Z,Automated multi-field statutory comparison pipeline,SUCCESS,True
SYN-AUDIT-003772,SYN-USER-CITIZEN-001,citizen,CASE_REVIEW,validation_case,SYN-CASE-000892,2024-05-21T04:52:00Z,Revenue officer inspected cadastral discrepancy,REVIEW_REQUIRED,True
SYN-AUDIT-003773,SYN-USER-OFFICER-001,revenue_officer,DECISION_RECORDED,validation_case,SYN-CASE-000893,2024-06-22T05:53:00Z,Officer adjudication recorded in case log,SUCCESS,True
SYN-AUDIT-003774,SYN-USER-ADMIN-001,administrator,MUTATION_AUDIT,mutation,SYN-RES-003774,2024-07-23T06:54:00Z,Review of mutation notice period under Sec 129 KLRA,SUCCESS,True
SYN-AUDIT-003775,SYSTEM-VALIDATION-ENGINE,system_engine,DOCUMENT_INGEST,document,SYN-RES-003775,2024-08-24T07:55:00Z,Citizen evidence upload and SHA-256 vault ingest,SUCCESS,True
SYN-AUDIT-003776,SYN-USER-CITIZEN-001,citizen,VALIDATION_RUN,validation_case,SYN-CASE-000896,2024-09-25T08:56:00Z,Automated multi-field statutory comparison pipeline,SUCCESS,True
SYN-AUDIT-003777,SYN-USER-OFFICER-001,revenue_officer,CASE_REVIEW,validation_case,SYN-CASE-000897,2024-10-26T09:57:00Z,Revenue officer inspected cadastral discrepancy,REVIEW_REQUIRED,True
SYN-AUDIT-003778,SYN-USER-ADMIN-001,administrator,DECISION_RECORDED,validation_case,SYN-CASE-000898,2024-11-27T10:58:00Z,Officer adjudication recorded in case log,SUCCESS,True
SYN-AUDIT-003779,SYSTEM-VALIDATION-ENGINE,system_engine,MUTATION_AUDIT,mutation,SYN-RES-003779,2024-12-28T11:59:00Z,Review of mutation notice period under Sec 129 KLRA,SUCCESS,True
SYN-AUDIT-003780,SYN-USER-CITIZEN-001,citizen,DOCUMENT_INGEST,document,SYN-RES-003780,2024-01-01T12:00:00Z,Citizen evidence upload and SHA-256 vault ingest,SUCCESS,True
SYN-AUDIT-003781,SYN-USER-OFFICER-001,revenue_officer,VALIDATION_RUN,validation_case,SYN-CASE-000901,2024-02-02T13:01:00Z,Automated multi-field statutory comparison pipeline,SUCCESS,True
SYN-AUDIT-003782,SYN-USER-ADMIN-001,administrator,CASE_REVIEW,validation_case,SYN-CASE-000902,2024-03-03T14:02:00Z,Revenue officer inspected cadastral discrepancy,REVIEW_REQUIRED,True
SYN-AUDIT-003783,SYSTEM-VALIDATION-ENGINE,system_engine,DECISION_RECORDED,validation_case,SYN-CASE-000903,2024-04-04T15:03:00Z,Officer adjudication recorded in case log,SUCCESS,True
SYN-AUDIT-003784,SYN-USER-CITIZEN-001,citizen,MUTATION_AUDIT,mutation,SYN-RES-003784,2024-05-05T16:04:00Z,Review of mutation notice period under Sec 129 KLRA,SUCCESS,True
SYN-AUDIT-003785,SYN-USER-OFFICER-001,revenue_officer,DOCUMENT_INGEST,document,SYN-RES-003785,2024-06-06T17:05:00Z,Citizen evidence upload and SHA-256 vault ingest,SUCCESS,True
SYN-AUDIT-003786,SYN-USER-ADMIN-001,administrator,VALIDATION_RUN,validation_case,SYN-CASE-000906,2024-07-07T18:06:00Z,Automated multi-field statutory comparison pipeline,SUCCESS,True
SYN-AUDIT-003787,SYSTEM-VALIDATION-ENGINE,system_engine,CASE_REVIEW,validation_case,SYN-CASE-000907,2024-08-08T19:07:00Z,Revenue officer inspected cadastral discrepancy,REVIEW_REQUIRED,True
SYN-AUDIT-003788,SYN-USER-CITIZEN-001,citizen,DECISION_RECORDED,validation_case,SYN-CASE-000908,2024-09-09T20:08:00Z,Officer adjudication recorded in case log,SUCCESS,True
SYN-AUDIT-003789,SYN-USER-OFFICER-001,revenue_officer,MUTATION_AUDIT,mutation,SYN-RES-003789,2024-10-10T21:09:00Z,Review of mutation notice period under Sec 129 KLRA,SUCCESS,True
SYN-AUDIT-003790,SYN-USER-ADMIN-001,administrator,DOCUMENT_INGEST,document,SYN-RES-003790,2024-11-11T22:10:00Z,Citizen evidence upload and SHA-256 vault ingest,SUCCESS,True
SYN-AUDIT-003791,SYSTEM-VALIDATION-ENGINE,system_engine,VALIDATION_RUN,validation_case,SYN-CASE-000911,2024-12-12T23:11:00Z,Automated multi-field statutory comparison pipeline,SUCCESS,True
SYN-AUDIT-003792,SYN-USER-CITIZEN-001,citizen,CASE_REVIEW,validation_case,SYN-CASE-000912,2024-01-13T00:12:00Z,Revenue officer inspected cadastral discrepancy,REVIEW_REQUIRED,True
SYN-AUDIT-003793,SYN-USER-OFFICER-001,revenue_officer,DECISION_RECORDED,validation_case,SYN-CASE-000913,2024-02-14T01:13:00Z,Officer adjudication recorded in case log,SUCCESS,True
SYN-AUDIT-003794,SYN-USER-ADMIN-001,administrator,MUTATION_AUDIT,mutation,SYN-RES-003794,2024-03-15T02:14:00Z,Review of mutation notice period under Sec 129 KLRA,SUCCESS,True
SYN-AUDIT-003795,SYSTEM-VALIDATION-ENGINE,system_engine,DOCUMENT_INGEST,document,SYN-RES-003795,2024-04-16T03:15:00Z,Citizen evidence upload and SHA-256 vault ingest,SUCCESS,True
SYN-AUDIT-003796,SYN-USER-CITIZEN-001,citizen,VALIDATION_RUN,validation_case,SYN-CASE-000916,2024-05-17T04:16:00Z,Automated multi-field statutory comparison pipeline,SUCCESS,True
SYN-AUDIT-003797,SYN-USER-OFFICER-001,revenue_officer,CASE_REVIEW,validation_case,SYN-CASE-000917,2024-06-18T05:17:00Z,Revenue officer inspected cadastral discrepancy,REVIEW_REQUIRED,True
SYN-AUDIT-003798,SYN-USER-ADMIN-001,administrator,DECISION_RECORDED,validation_case,SYN-CASE-000918,2024-07-19T06:18:00Z,Officer adjudication recorded in case log,SUCCESS,True
SYN-AUDIT-003799,SYSTEM-VALIDATION-ENGINE,system_engine,MUTATION_AUDIT,mutation,SYN-RES-003799,2024-08-20T07:19:00Z,Review of mutation notice period under Sec 129 KLRA,SUCCESS,True
SYN-AUDIT-003800,SYN-USER-CITIZEN-001,citizen,DOCUMENT_INGEST,document,SYN-RES-003800,2024-09-21T08:20:00Z,Citizen evidence upload and SHA-256 vault ingest,SUCCESS,True
SYN-AUDIT-003801,SYN-USER-OFFICER-001,revenue_officer,VALIDATION_RUN,validation_case,SYN-CASE-000921,2024-10-22T09:21:00Z,Automated multi-field statutory comparison pipeline,SUCCESS,True
SYN-AUDIT-003802,SYN-USER-ADMIN-001,administrator,CASE_REVIEW,validation_case,SYN-CASE-000922,2024-11-23T10:22:00Z,Revenue officer inspected cadastral discrepancy,REVIEW_REQUIRED,True
SYN-AUDIT-003803,SYSTEM-VALIDATION-ENGINE,system_engine,DECISION_RECORDED,validation_case,SYN-CASE-000923,2024-12-24T11:23:00Z,Officer adjudication recorded in case log,SUCCESS,True
SYN-AUDIT-003804,SYN-USER-CITIZEN-001,citizen,MUTATION_AUDIT,mutation,SYN-RES-003804,2024-01-25T12:24:00Z,Review of mutation notice period under Sec 129 KLRA,SUCCESS,True
SYN-AUDIT-003805,SYN-USER-OFFICER-001,revenue_officer,DOCUMENT_INGEST,document,SYN-RES-003805,2024-02-26T13:25:00Z,Citizen evidence upload and SHA-256 vault ingest,SUCCESS,True
SYN-AUDIT-003806,SYN-USER-ADMIN-001,administrator,VALIDATION_RUN,validation_case,SYN-CASE-000926,2024-03-27T14:26:00Z,Automated multi-field statutory comparison pipeline,SUCCESS,True
SYN-AUDIT-003807,SYSTEM-VALIDATION-ENGINE,system_engine,CASE_REVIEW,validation_case,SYN-CASE-000927,2024-04-28T15:27:00Z,Revenue officer inspected cadastral discrepancy,REVIEW_REQUIRED,True
SYN-AUDIT-003808,SYN-USER-CITIZEN-001,citizen,DECISION_RECORDED,validation_case,SYN-CASE-000928,2024-05-01T16:28:00Z,Officer adjudication recorded in case log,SUCCESS,True
SYN-AUDIT-003809,SYN-USER-OFFICER-001,revenue_officer,MUTATION_AUDIT,mutation,SYN-RES-003809,2024-06-02T17:29:00Z,Review of mutation notice period under Sec 129 KLRA,SUCCESS,True
SYN-AUDIT-003810,SYN-USER-ADMIN-001,administrator,DOCUMENT_INGEST,document,SYN-RES-003810,2024-07-03T18:30:00Z,Citizen evidence upload and SHA-256 vault ingest,SUCCESS,True
SYN-AUDIT-003811,SYSTEM-VALIDATION-ENGINE,system_engine,VALIDATION_RUN,validation_case,SYN-CASE-000931,2024-08-04T19:31:00Z,Automated multi-field statutory comparison pipeline,SUCCESS,True
SYN-AUDIT-003812,SYN-USER-CITIZEN-001,citizen,CASE_REVIEW,validation_case,SYN-CASE-000932,2024-09-05T20:32:00Z,Revenue officer inspected cadastral discrepancy,REVIEW_REQUIRED,True
SYN-AUDIT-003813,SYN-USER-OFFICER-001,revenue_officer,DECISION_RECORDED,validation_case,SYN-CASE-000933,2024-10-06T21:33:00Z,Officer adjudication recorded in case log,SUCCESS,True
SYN-AUDIT-003814,SYN-USER-ADMIN-001,administrator,MUTATION_AUDIT,mutation,SYN-RES-003814,2024-11-07T22:34:00Z,Review of mutation notice period under Sec 129 KLRA,SUCCESS,True
SYN-AUDIT-003815,SYSTEM-VALIDATION-ENGINE,system_engine,DOCUMENT_INGEST,document,SYN-RES-003815,2024-12-08T23:35:00Z,Citizen evidence upload and SHA-256 vault ingest,SUCCESS,True
SYN-AUDIT-003816,SYN-USER-CITIZEN-001,citizen,VALIDATION_RUN,validation_case,SYN-CASE-000936,2024-01-09T00:36:00Z,Automated multi-field statutory comparison pipeline,SUCCESS,True
SYN-AUDIT-003817,SYN-USER-OFFICER-001,revenue_officer,CASE_REVIEW,validation_case,SYN-CASE-000937,2024-02-10T01:37:00Z,Revenue officer inspected cadastral discrepancy,REVIEW_REQUIRED,True
SYN-AUDIT-003818,SYN-USER-ADMIN-001,administrator,DECISION_RECORDED,validation_case,SYN-CASE-000938,2024-03-11T02:38:00Z,Officer adjudication recorded in case log,SUCCESS,True
SYN-AUDIT-003819,SYSTEM-VALIDATION-ENGINE,system_engine,MUTATION_AUDIT,mutation,SYN-RES-003819,2024-04-12T03:39:00Z,Review of mutation notice period under Sec 129 KLRA,SUCCESS,True
SYN-AUDIT-003820,SYN-USER-CITIZEN-001,citizen,DOCUMENT_INGEST,document,SYN-RES-003820,2024-05-13T04:40:00Z,Citizen evidence upload and SHA-256 vault ingest,SUCCESS,True
SYN-AUDIT-003821,SYN-USER-OFFICER-001,revenue_officer,VALIDATION_RUN,validation_case,SYN-CASE-000941,2024-06-14T05:41:00Z,Automated multi-field statutory comparison pipeline,SUCCESS,True
SYN-AUDIT-003822,SYN-USER-ADMIN-001,administrator,CASE_REVIEW,validation_case,SYN-CASE-000942,2024-07-15T06:42:00Z,Revenue officer inspected cadastral discrepancy,REVIEW_REQUIRED,True
SYN-AUDIT-003823,SYSTEM-VALIDATION-ENGINE,system_engine,DECISION_RECORDED,validation_case,SYN-CASE-000943,2024-08-16T07:43:00Z,Officer adjudication recorded in case log,SUCCESS,True
SYN-AUDIT-003824,SYN-USER-CITIZEN-001,citizen,MUTATION_AUDIT,mutation,SYN-RES-003824,2024-09-17T08:44:00Z,Review of mutation notice period under Sec 129 KLRA,SUCCESS,True
SYN-AUDIT-003825,SYN-USER-OFFICER-001,revenue_officer,DOCUMENT_INGEST,document,SYN-RES-003825,2024-10-18T09:45:00Z,Citizen evidence upload and SHA-256 vault ingest,SUCCESS,True
SYN-AUDIT-003826,SYN-USER-ADMIN-001,administrator,VALIDATION_RUN,validation_case,SYN-CASE-000946,2024-11-19T10:46:00Z,Automated multi-field statutory comparison pipeline,SUCCESS,True
SYN-AUDIT-003827,SYSTEM-VALIDATION-ENGINE,system_engine,CASE_REVIEW,validation_case,SYN-CASE-000947,2024-12-20T11:47:00Z,Revenue officer inspected cadastral discrepancy,REVIEW_REQUIRED,True
SYN-AUDIT-003828,SYN-USER-CITIZEN-001,citizen,DECISION_RECORDED,validation_case,SYN-CASE-000948,2024-01-21T12:48:00Z,Officer adjudication recorded in case log,SUCCESS,True
SYN-AUDIT-003829,SYN-USER-OFFICER-001,revenue_officer,MUTATION_AUDIT,mutation,SYN-RES-003829,2024-02-22T13:49:00Z,Review of mutation notice period under Sec 129 KLRA,SUCCESS,True
SYN-AUDIT-003830,SYN-USER-ADMIN-001,administrator,DOCUMENT_INGEST,document,SYN-RES-003830,2024-03-23T14:50:00Z,Citizen evidence upload and SHA-256 vault ingest,SUCCESS,True
SYN-AUDIT-003831,SYSTEM-VALIDATION-ENGINE,system_engine,VALIDATION_RUN,validation_case,SYN-CASE-000951,2024-04-24T15:51:00Z,Automated multi-field statutory comparison pipeline,SUCCESS,True
SYN-AUDIT-003832,SYN-USER-CITIZEN-001,citizen,CASE_REVIEW,validation_case,SYN-CASE-000952,2024-05-25T16:52:00Z,Revenue officer inspected cadastral discrepancy,REVIEW_REQUIRED,True
SYN-AUDIT-003833,SYN-USER-OFFICER-001,revenue_officer,DECISION_RECORDED,validation_case,SYN-CASE-000953,2024-06-26T17:53:00Z,Officer adjudication recorded in case log,SUCCESS,True
SYN-AUDIT-003834,SYN-USER-ADMIN-001,administrator,MUTATION_AUDIT,mutation,SYN-RES-003834,2024-07-27T18:54:00Z,Review of mutation notice period under Sec 129 KLRA,SUCCESS,True
SYN-AUDIT-003835,SYSTEM-VALIDATION-ENGINE,system_engine,DOCUMENT_INGEST,document,SYN-RES-003835,2024-08-28T19:55:00Z,Citizen evidence upload and SHA-256 vault ingest,SUCCESS,True
SYN-AUDIT-003836,SYN-USER-CITIZEN-001,citizen,VALIDATION_RUN,validation_case,SYN-CASE-000956,2024-09-01T20:56:00Z,Automated multi-field statutory comparison pipeline,SUCCESS,True
SYN-AUDIT-003837,SYN-USER-OFFICER-001,revenue_officer,CASE_REVIEW,validation_case,SYN-CASE-000957,2024-10-02T21:57:00Z,Revenue officer inspected cadastral discrepancy,REVIEW_REQUIRED,True
SYN-AUDIT-003838,SYN-USER-ADMIN-001,administrator,DECISION_RECORDED,validation_case,SYN-CASE-000958,2024-11-03T22:58:00Z,Officer adjudication recorded in case log,SUCCESS,True
SYN-AUDIT-003839,SYSTEM-VALIDATION-ENGINE,system_engine,MUTATION_AUDIT,mutation,SYN-RES-003839,2024-12-04T23:59:00Z,Review of mutation notice period under Sec 129 KLRA,SUCCESS,True
SYN-AUDIT-003840,SYN-USER-CITIZEN-001,citizen,DOCUMENT_INGEST,document,SYN-RES-003840,2024-01-05T00:00:00Z,Citizen evidence upload and SHA-256 vault ingest,SUCCESS,True
SYN-AUDIT-003841,SYN-USER-OFFICER-001,revenue_officer,VALIDATION_RUN,validation_case,SYN-CASE-000961,2024-02-06T01:01:00Z,Automated multi-field statutory comparison pipeline,SUCCESS,True
SYN-AUDIT-003842,SYN-USER-ADMIN-001,administrator,CASE_REVIEW,validation_case,SYN-CASE-000962,2024-03-07T02:02:00Z,Revenue officer inspected cadastral discrepancy,REVIEW_REQUIRED,True
SYN-AUDIT-003843,SYSTEM-VALIDATION-ENGINE,system_engine,DECISION_RECORDED,validation_case,SYN-CASE-000963,2024-04-08T03:03:00Z,Officer adjudication recorded in case log,SUCCESS,True
SYN-AUDIT-003844,SYN-USER-CITIZEN-001,citizen,MUTATION_AUDIT,mutation,SYN-RES-003844,2024-05-09T04:04:00Z,Review of mutation notice period under Sec 129 KLRA,SUCCESS,True
SYN-AUDIT-003845,SYN-USER-OFFICER-001,revenue_officer,DOCUMENT_INGEST,document,SYN-RES-003845,2024-06-10T05:05:00Z,Citizen evidence upload and SHA-256 vault ingest,SUCCESS,True
SYN-AUDIT-003846,SYN-USER-ADMIN-001,administrator,VALIDATION_RUN,validation_case,SYN-CASE-000966,2024-07-11T06:06:00Z,Automated multi-field statutory comparison pipeline,SUCCESS,True
SYN-AUDIT-003847,SYSTEM-VALIDATION-ENGINE,system_engine,CASE_REVIEW,validation_case,SYN-CASE-000967,2024-08-12T07:07:00Z,Revenue officer inspected cadastral discrepancy,REVIEW_REQUIRED,True
SYN-AUDIT-003848,SYN-USER-CITIZEN-001,citizen,DECISION_RECORDED,validation_case,SYN-CASE-000968,2024-09-13T08:08:00Z,Officer adjudication recorded in case log,SUCCESS,True
SYN-AUDIT-003849,SYN-USER-OFFICER-001,revenue_officer,MUTATION_AUDIT,mutation,SYN-RES-003849,2024-10-14T09:09:00Z,Review of mutation notice period under Sec 129 KLRA,SUCCESS,True
SYN-AUDIT-003850,SYN-USER-ADMIN-001,administrator,DOCUMENT_INGEST,document,SYN-RES-003850,2024-11-15T10:10:00Z,Citizen evidence upload and SHA-256 vault ingest,SUCCESS,True
SYN-AUDIT-003851,SYSTEM-VALIDATION-ENGINE,system_engine,VALIDATION_RUN,validation_case,SYN-CASE-000971,2024-12-16T11:11:00Z,Automated multi-field statutory comparison pipeline,SUCCESS,True
SYN-AUDIT-003852,SYN-USER-CITIZEN-001,citizen,CASE_REVIEW,validation_case,SYN-CASE-000972,2024-01-17T12:12:00Z,Revenue officer inspected cadastral discrepancy,REVIEW_REQUIRED,True
SYN-AUDIT-003853,SYN-USER-OFFICER-001,revenue_officer,DECISION_RECORDED,validation_case,SYN-CASE-000973,2024-02-18T13:13:00Z,Officer adjudication recorded in case log,SUCCESS,True
SYN-AUDIT-003854,SYN-USER-ADMIN-001,administrator,MUTATION_AUDIT,mutation,SYN-RES-003854,2024-03-19T14:14:00Z,Review of mutation notice period under Sec 129 KLRA,SUCCESS,True
SYN-AUDIT-003855,SYSTEM-VALIDATION-ENGINE,system_engine,DOCUMENT_INGEST,document,SYN-RES-003855,2024-04-20T15:15:00Z,Citizen evidence upload and SHA-256 vault ingest,SUCCESS,True
SYN-AUDIT-003856,SYN-USER-CITIZEN-001,citizen,VALIDATION_RUN,validation_case,SYN-CASE-000976,2024-05-21T16:16:00Z,Automated multi-field statutory comparison pipeline,SUCCESS,True
SYN-AUDIT-003857,SYN-USER-OFFICER-001,revenue_officer,CASE_REVIEW,validation_case,SYN-CASE-000977,2024-06-22T17:17:00Z,Revenue officer inspected cadastral discrepancy,REVIEW_REQUIRED,True
SYN-AUDIT-003858,SYN-USER-ADMIN-001,administrator,DECISION_RECORDED,validation_case,SYN-CASE-000978,2024-07-23T18:18:00Z,Officer adjudication recorded in case log,SUCCESS,True
SYN-AUDIT-003859,SYSTEM-VALIDATION-ENGINE,system_engine,MUTATION_AUDIT,mutation,SYN-RES-003859,2024-08-24T19:19:00Z,Review of mutation notice period under Sec 129 KLRA,SUCCESS,True
SYN-AUDIT-003860,SYN-USER-CITIZEN-001,citizen,DOCUMENT_INGEST,document,SYN-RES-003860,2024-09-25T20:20:00Z,Citizen evidence upload and SHA-256 vault ingest,SUCCESS,True
SYN-AUDIT-003861,SYN-USER-OFFICER-001,revenue_officer,VALIDATION_RUN,validation_case,SYN-CASE-000981,2024-10-26T21:21:00Z,Automated multi-field statutory comparison pipeline,SUCCESS,True
SYN-AUDIT-003862,SYN-USER-ADMIN-001,administrator,CASE_REVIEW,validation_case,SYN-CASE-000982,2024-11-27T22:22:00Z,Revenue officer inspected cadastral discrepancy,REVIEW_REQUIRED,True
SYN-AUDIT-003863,SYSTEM-VALIDATION-ENGINE,system_engine,DECISION_RECORDED,validation_case,SYN-CASE-000983,2024-12-28T23:23:00Z,Officer adjudication recorded in case log,SUCCESS,True
SYN-AUDIT-003864,SYN-USER-CITIZEN-001,citizen,MUTATION_AUDIT,mutation,SYN-RES-003864,2024-01-01T00:24:00Z,Review of mutation notice period under Sec 129 KLRA,SUCCESS,True
SYN-AUDIT-003865,SYN-USER-OFFICER-001,revenue_officer,DOCUMENT_INGEST,document,SYN-RES-003865,2024-02-02T01:25:00Z,Citizen evidence upload and SHA-256 vault ingest,SUCCESS,True
SYN-AUDIT-003866,SYN-USER-ADMIN-001,administrator,VALIDATION_RUN,validation_case,SYN-CASE-000986,2024-03-03T02:26:00Z,Automated multi-field statutory comparison pipeline,SUCCESS,True
SYN-AUDIT-003867,SYSTEM-VALIDATION-ENGINE,system_engine,CASE_REVIEW,validation_case,SYN-CASE-000987,2024-04-04T03:27:00Z,Revenue officer inspected cadastral discrepancy,REVIEW_REQUIRED,True
SYN-AUDIT-003868,SYN-USER-CITIZEN-001,citizen,DECISION_RECORDED,validation_case,SYN-CASE-000988,2024-05-05T04:28:00Z,Officer adjudication recorded in case log,SUCCESS,True
SYN-AUDIT-003869,SYN-USER-OFFICER-001,revenue_officer,MUTATION_AUDIT,mutation,SYN-RES-003869,2024-06-06T05:29:00Z,Review of mutation notice period under Sec 129 KLRA,SUCCESS,True
SYN-AUDIT-003870,SYN-USER-ADMIN-001,administrator,DOCUMENT_INGEST,document,SYN-RES-003870,2024-07-07T06:30:00Z,Citizen evidence upload and SHA-256 vault ingest,SUCCESS,True
SYN-AUDIT-003871,SYSTEM-VALIDATION-ENGINE,system_engine,VALIDATION_RUN,validation_case,SYN-CASE-000991,2024-08-08T07:31:00Z,Automated multi-field statutory comparison pipeline,SUCCESS,True
SYN-AUDIT-003872,SYN-USER-CITIZEN-001,citizen,CASE_REVIEW,validation_case,SYN-CASE-000992,2024-09-09T08:32:00Z,Revenue officer inspected cadastral discrepancy,REVIEW_REQUIRED,True
SYN-AUDIT-003873,SYN-USER-OFFICER-001,revenue_officer,DECISION_RECORDED,validation_case,SYN-CASE-000993,2024-10-10T09:33:00Z,Officer adjudication recorded in case log,SUCCESS,True
SYN-AUDIT-003874,SYN-USER-ADMIN-001,administrator,MUTATION_AUDIT,mutation,SYN-RES-003874,2024-11-11T10:34:00Z,Review of mutation notice period under Sec 129 KLRA,SUCCESS,True
SYN-AUDIT-003875,SYSTEM-VALIDATION-ENGINE,system_engine,DOCUMENT_INGEST,document,SYN-RES-003875,2024-12-12T11:35:00Z,Citizen evidence upload and SHA-256 vault ingest,SUCCESS,True
SYN-AUDIT-003876,SYN-USER-CITIZEN-001,citizen,VALIDATION_RUN,validation_case,SYN-CASE-000996,2024-01-13T12:36:00Z,Automated multi-field statutory comparison pipeline,SUCCESS,True
SYN-AUDIT-003877,SYN-USER-OFFICER-001,revenue_officer,CASE_REVIEW,validation_case,SYN-CASE-000997,2024-02-14T13:37:00Z,Revenue officer inspected cadastral discrepancy,REVIEW_REQUIRED,True
SYN-AUDIT-003878,SYN-USER-ADMIN-001,administrator,DECISION_RECORDED,validation_case,SYN-CASE-000998,2024-03-15T14:38:00Z,Officer adjudication recorded in case log,SUCCESS,True
SYN-AUDIT-003879,SYSTEM-VALIDATION-ENGINE,system_engine,MUTATION_AUDIT,mutation,SYN-RES-003879,2024-04-16T15:39:00Z,Review of mutation notice period under Sec 129 KLRA,SUCCESS,True
SYN-AUDIT-003880,SYN-USER-CITIZEN-001,citizen,DOCUMENT_INGEST,document,SYN-RES-003880,2024-05-17T16:40:00Z,Citizen evidence upload and SHA-256 vault ingest,SUCCESS,True
SYN-AUDIT-003881,SYN-USER-OFFICER-001,revenue_officer,VALIDATION_RUN,validation_case,SYN-CASE-001001,2024-06-18T17:41:00Z,Automated multi-field statutory comparison pipeline,SUCCESS,True
SYN-AUDIT-003882,SYN-USER-ADMIN-001,administrator,CASE_REVIEW,validation_case,SYN-CASE-001002,2024-07-19T18:42:00Z,Revenue officer inspected cadastral discrepancy,REVIEW_REQUIRED,True
SYN-AUDIT-003883,SYSTEM-VALIDATION-ENGINE,system_engine,DECISION_RECORDED,validation_case,SYN-CASE-001003,2024-08-20T19:43:00Z,Officer adjudication recorded in case log,SUCCESS,True
SYN-AUDIT-003884,SYN-USER-CITIZEN-001,citizen,MUTATION_AUDIT,mutation,SYN-RES-003884,2024-09-21T20:44:00Z,Review of mutation notice period under Sec 129 KLRA,SUCCESS,True
SYN-AUDIT-003885,SYN-USER-OFFICER-001,revenue_officer,DOCUMENT_INGEST,document,SYN-RES-003885,2024-10-22T21:45:00Z,Citizen evidence upload and SHA-256 vault ingest,SUCCESS,True
SYN-AUDIT-003886,SYN-USER-ADMIN-001,administrator,VALIDATION_RUN,validation_case,SYN-CASE-001006,2024-11-23T22:46:00Z,Automated multi-field statutory comparison pipeline,SUCCESS,True
SYN-AUDIT-003887,SYSTEM-VALIDATION-ENGINE,system_engine,CASE_REVIEW,validation_case,SYN-CASE-001007,2024-12-24T23:47:00Z,Revenue officer inspected cadastral discrepancy,REVIEW_REQUIRED,True
SYN-AUDIT-003888,SYN-USER-CITIZEN-001,citizen,DECISION_RECORDED,validation_case,SYN-CASE-001008,2024-01-25T00:48:00Z,Officer adjudication recorded in case log,SUCCESS,True
SYN-AUDIT-003889,SYN-USER-OFFICER-001,revenue_officer,MUTATION_AUDIT,mutation,SYN-RES-003889,2024-02-26T01:49:00Z,Review of mutation notice period under Sec 129 KLRA,SUCCESS,True
SYN-AUDIT-003890,SYN-USER-ADMIN-001,administrator,DOCUMENT_INGEST,document,SYN-RES-003890,2024-03-27T02:50:00Z,Citizen evidence upload and SHA-256 vault ingest,SUCCESS,True
SYN-AUDIT-003891,SYSTEM-VALIDATION-ENGINE,system_engine,VALIDATION_RUN,validation_case,SYN-CASE-001011,2024-04-28T03:51:00Z,Automated multi-field statutory comparison pipeline,SUCCESS,True
SYN-AUDIT-003892,SYN-USER-CITIZEN-001,citizen,CASE_REVIEW,validation_case,SYN-CASE-001012,2024-05-01T04:52:00Z,Revenue officer inspected cadastral discrepancy,REVIEW_REQUIRED,True
SYN-AUDIT-003893,SYN-USER-OFFICER-001,revenue_officer,DECISION_RECORDED,validation_case,SYN-CASE-001013,2024-06-02T05:53:00Z,Officer adjudication recorded in case log,SUCCESS,True
SYN-AUDIT-003894,SYN-USER-ADMIN-001,administrator,MUTATION_AUDIT,mutation,SYN-RES-003894,2024-07-03T06:54:00Z,Review of mutation notice period under Sec 129 KLRA,SUCCESS,True
SYN-AUDIT-003895,SYSTEM-VALIDATION-ENGINE,system_engine,DOCUMENT_INGEST,document,SYN-RES-003895,2024-08-04T07:55:00Z,Citizen evidence upload and SHA-256 vault ingest,SUCCESS,True
SYN-AUDIT-003896,SYN-USER-CITIZEN-001,citizen,VALIDATION_RUN,validation_case,SYN-CASE-001016,2024-09-05T08:56:00Z,Automated multi-field statutory comparison pipeline,SUCCESS,True
SYN-AUDIT-003897,SYN-USER-OFFICER-001,revenue_officer,CASE_REVIEW,validation_case,SYN-CASE-001017,2024-10-06T09:57:00Z,Revenue officer inspected cadastral discrepancy,REVIEW_REQUIRED,True
SYN-AUDIT-003898,SYN-USER-ADMIN-001,administrator,DECISION_RECORDED,validation_case,SYN-CASE-001018,2024-11-07T10:58:00Z,Officer adjudication recorded in case log,SUCCESS,True
SYN-AUDIT-003899,SYSTEM-VALIDATION-ENGINE,system_engine,MUTATION_AUDIT,mutation,SYN-RES-003899,2024-12-08T11:59:00Z,Review of mutation notice period under Sec 129 KLRA,SUCCESS,True
SYN-AUDIT-003900,SYN-USER-CITIZEN-001,citizen,DOCUMENT_INGEST,document,SYN-RES-003900,2024-01-09T12:00:00Z,Citizen evidence upload and SHA-256 vault ingest,SUCCESS,True
SYN-AUDIT-003901,SYN-USER-OFFICER-001,revenue_officer,VALIDATION_RUN,validation_case,SYN-CASE-001021,2024-02-10T13:01:00Z,Automated multi-field statutory comparison pipeline,SUCCESS,True
SYN-AUDIT-003902,SYN-USER-ADMIN-001,administrator,CASE_REVIEW,validation_case,SYN-CASE-001022,2024-03-11T14:02:00Z,Revenue officer inspected cadastral discrepancy,REVIEW_REQUIRED,True
SYN-AUDIT-003903,SYSTEM-VALIDATION-ENGINE,system_engine,DECISION_RECORDED,validation_case,SYN-CASE-001023,2024-04-12T15:03:00Z,Officer adjudication recorded in case log,SUCCESS,True
SYN-AUDIT-003904,SYN-USER-CITIZEN-001,citizen,MUTATION_AUDIT,mutation,SYN-RES-003904,2024-05-13T16:04:00Z,Review of mutation notice period under Sec 129 KLRA,SUCCESS,True
SYN-AUDIT-003905,SYN-USER-OFFICER-001,revenue_officer,DOCUMENT_INGEST,document,SYN-RES-003905,2024-06-14T17:05:00Z,Citizen evidence upload and SHA-256 vault ingest,SUCCESS,True
SYN-AUDIT-003906,SYN-USER-ADMIN-001,administrator,VALIDATION_RUN,validation_case,SYN-CASE-001026,2024-07-15T18:06:00Z,Automated multi-field statutory comparison pipeline,SUCCESS,True
SYN-AUDIT-003907,SYSTEM-VALIDATION-ENGINE,system_engine,CASE_REVIEW,validation_case,SYN-CASE-001027,2024-08-16T19:07:00Z,Revenue officer inspected cadastral discrepancy,REVIEW_REQUIRED,True
SYN-AUDIT-003908,SYN-USER-CITIZEN-001,citizen,DECISION_RECORDED,validation_case,SYN-CASE-001028,2024-09-17T20:08:00Z,Officer adjudication recorded in case log,SUCCESS,True
SYN-AUDIT-003909,SYN-USER-OFFICER-001,revenue_officer,MUTATION_AUDIT,mutation,SYN-RES-003909,2024-10-18T21:09:00Z,Review of mutation notice period under Sec 129 KLRA,SUCCESS,True
SYN-AUDIT-003910,SYN-USER-ADMIN-001,administrator,DOCUMENT_INGEST,document,SYN-RES-003910,2024-11-19T22:10:00Z,Citizen evidence upload and SHA-256 vault ingest,SUCCESS,True
SYN-AUDIT-003911,SYSTEM-VALIDATION-ENGINE,system_engine,VALIDATION_RUN,validation_case,SYN-CASE-001031,2024-12-20T23:11:00Z,Automated multi-field statutory comparison pipeline,SUCCESS,True
SYN-AUDIT-003912,SYN-USER-CITIZEN-001,citizen,CASE_REVIEW,validation_case,SYN-CASE-001032,2024-01-21T00:12:00Z,Revenue officer inspected cadastral discrepancy,REVIEW_REQUIRED,True
SYN-AUDIT-003913,SYN-USER-OFFICER-001,revenue_officer,DECISION_RECORDED,validation_case,SYN-CASE-001033,2024-02-22T01:13:00Z,Officer adjudication recorded in case log,SUCCESS,True
SYN-AUDIT-003914,SYN-USER-ADMIN-001,administrator,MUTATION_AUDIT,mutation,SYN-RES-003914,2024-03-23T02:14:00Z,Review of mutation notice period under Sec 129 KLRA,SUCCESS,True
SYN-AUDIT-003915,SYSTEM-VALIDATION-ENGINE,system_engine,DOCUMENT_INGEST,document,SYN-RES-003915,2024-04-24T03:15:00Z,Citizen evidence upload and SHA-256 vault ingest,SUCCESS,True
SYN-AUDIT-003916,SYN-USER-CITIZEN-001,citizen,VALIDATION_RUN,validation_case,SYN-CASE-001036,2024-05-25T04:16:00Z,Automated multi-field statutory comparison pipeline,SUCCESS,True
SYN-AUDIT-003917,SYN-USER-OFFICER-001,revenue_officer,CASE_REVIEW,validation_case,SYN-CASE-001037,2024-06-26T05:17:00Z,Revenue officer inspected cadastral discrepancy,REVIEW_REQUIRED,True
SYN-AUDIT-003918,SYN-USER-ADMIN-001,administrator,DECISION_RECORDED,validation_case,SYN-CASE-001038,2024-07-27T06:18:00Z,Officer adjudication recorded in case log,SUCCESS,True
SYN-AUDIT-003919,SYSTEM-VALIDATION-ENGINE,system_engine,MUTATION_AUDIT,mutation,SYN-RES-003919,2024-08-28T07:19:00Z,Review of mutation notice period under Sec 129 KLRA,SUCCESS,True
SYN-AUDIT-003920,SYN-USER-CITIZEN-001,citizen,DOCUMENT_INGEST,document,SYN-RES-003920,2024-09-01T08:20:00Z,Citizen evidence upload and SHA-256 vault ingest,SUCCESS,True
SYN-AUDIT-003921,SYN-USER-OFFICER-001,revenue_officer,VALIDATION_RUN,validation_case,SYN-CASE-001041,2024-10-02T09:21:00Z,Automated multi-field statutory comparison pipeline,SUCCESS,True
SYN-AUDIT-003922,SYN-USER-ADMIN-001,administrator,CASE_REVIEW,validation_case,SYN-CASE-001042,2024-11-03T10:22:00Z,Revenue officer inspected cadastral discrepancy,REVIEW_REQUIRED,True
SYN-AUDIT-003923,SYSTEM-VALIDATION-ENGINE,system_engine,DECISION_RECORDED,validation_case,SYN-CASE-001043,2024-12-04T11:23:00Z,Officer adjudication recorded in case log,SUCCESS,True
SYN-AUDIT-003924,SYN-USER-CITIZEN-001,citizen,MUTATION_AUDIT,mutation,SYN-RES-003924,2024-01-05T12:24:00Z,Review of mutation notice period under Sec 129 KLRA,SUCCESS,True
SYN-AUDIT-003925,SYN-USER-OFFICER-001,revenue_officer,DOCUMENT_INGEST,document,SYN-RES-003925,2024-02-06T13:25:00Z,Citizen evidence upload and SHA-256 vault ingest,SUCCESS,True
SYN-AUDIT-003926,SYN-USER-ADMIN-001,administrator,VALIDATION_RUN,validation_case,SYN-CASE-001046,2024-03-07T14:26:00Z,Automated multi-field statutory comparison pipeline,SUCCESS,True
SYN-AUDIT-003927,SYSTEM-VALIDATION-ENGINE,system_engine,CASE_REVIEW,validation_case,SYN-CASE-001047,2024-04-08T15:27:00Z,Revenue officer inspected cadastral discrepancy,REVIEW_REQUIRED,True
SYN-AUDIT-003928,SYN-USER-CITIZEN-001,citizen,DECISION_RECORDED,validation_case,SYN-CASE-001048,2024-05-09T16:28:00Z,Officer adjudication recorded in case log,SUCCESS,True
SYN-AUDIT-003929,SYN-USER-OFFICER-001,revenue_officer,MUTATION_AUDIT,mutation,SYN-RES-003929,2024-06-10T17:29:00Z,Review of mutation notice period under Sec 129 KLRA,SUCCESS,True
SYN-AUDIT-003930,SYN-USER-ADMIN-001,administrator,DOCUMENT_INGEST,document,SYN-RES-003930,2024-07-11T18:30:00Z,Citizen evidence upload and SHA-256 vault ingest,SUCCESS,True
SYN-AUDIT-003931,SYSTEM-VALIDATION-ENGINE,system_engine,VALIDATION_RUN,validation_case,SYN-CASE-001051,2024-08-12T19:31:00Z,Automated multi-field statutory comparison pipeline,SUCCESS,True
SYN-AUDIT-003932,SYN-USER-CITIZEN-001,citizen,CASE_REVIEW,validation_case,SYN-CASE-001052,2024-09-13T20:32:00Z,Revenue officer inspected cadastral discrepancy,REVIEW_REQUIRED,True
SYN-AUDIT-003933,SYN-USER-OFFICER-001,revenue_officer,DECISION_RECORDED,validation_case,SYN-CASE-001053,2024-10-14T21:33:00Z,Officer adjudication recorded in case log,SUCCESS,True
SYN-AUDIT-003934,SYN-USER-ADMIN-001,administrator,MUTATION_AUDIT,mutation,SYN-RES-003934,2024-11-15T22:34:00Z,Review of mutation notice period under Sec 129 KLRA,SUCCESS,True
SYN-AUDIT-003935,SYSTEM-VALIDATION-ENGINE,system_engine,DOCUMENT_INGEST,document,SYN-RES-003935,2024-12-16T23:35:00Z,Citizen evidence upload and SHA-256 vault ingest,SUCCESS,True
SYN-AUDIT-003936,SYN-USER-CITIZEN-001,citizen,VALIDATION_RUN,validation_case,SYN-CASE-001056,2024-01-17T00:36:00Z,Automated multi-field statutory comparison pipeline,SUCCESS,True
SYN-AUDIT-003937,SYN-USER-OFFICER-001,revenue_officer,CASE_REVIEW,validation_case,SYN-CASE-001057,2024-02-18T01:37:00Z,Revenue officer inspected cadastral discrepancy,REVIEW_REQUIRED,True
SYN-AUDIT-003938,SYN-USER-ADMIN-001,administrator,DECISION_RECORDED,validation_case,SYN-CASE-001058,2024-03-19T02:38:00Z,Officer adjudication recorded in case log,SUCCESS,True
SYN-AUDIT-003939,SYSTEM-VALIDATION-ENGINE,system_engine,MUTATION_AUDIT,mutation,SYN-RES-003939,2024-04-20T03:39:00Z,Review of mutation notice period under Sec 129 KLRA,SUCCESS,True
SYN-AUDIT-003940,SYN-USER-CITIZEN-001,citizen,DOCUMENT_INGEST,document,SYN-RES-003940,2024-05-21T04:40:00Z,Citizen evidence upload and SHA-256 vault ingest,SUCCESS,True
SYN-AUDIT-003941,SYN-USER-OFFICER-001,revenue_officer,VALIDATION_RUN,validation_case,SYN-CASE-001061,2024-06-22T05:41:00Z,Automated multi-field statutory comparison pipeline,SUCCESS,True
SYN-AUDIT-003942,SYN-USER-ADMIN-001,administrator,CASE_REVIEW,validation_case,SYN-CASE-001062,2024-07-23T06:42:00Z,Revenue officer inspected cadastral discrepancy,REVIEW_REQUIRED,True
SYN-AUDIT-003943,SYSTEM-VALIDATION-ENGINE,system_engine,DECISION_RECORDED,validation_case,SYN-CASE-001063,2024-08-24T07:43:00Z,Officer adjudication recorded in case log,SUCCESS,True
SYN-AUDIT-003944,SYN-USER-CITIZEN-001,citizen,MUTATION_AUDIT,mutation,SYN-RES-003944,2024-09-25T08:44:00Z,Review of mutation notice period under Sec 129 KLRA,SUCCESS,True
SYN-AUDIT-003945,SYN-USER-OFFICER-001,revenue_officer,DOCUMENT_INGEST,document,SYN-RES-003945,2024-10-26T09:45:00Z,Citizen evidence upload and SHA-256 vault ingest,SUCCESS,True
SYN-AUDIT-003946,SYN-USER-ADMIN-001,administrator,VALIDATION_RUN,validation_case,SYN-CASE-001066,2024-11-27T10:46:00Z,Automated multi-field statutory comparison pipeline,SUCCESS,True
SYN-AUDIT-003947,SYSTEM-VALIDATION-ENGINE,system_engine,CASE_REVIEW,validation_case,SYN-CASE-001067,2024-12-28T11:47:00Z,Revenue officer inspected cadastral discrepancy,REVIEW_REQUIRED,True
SYN-AUDIT-003948,SYN-USER-CITIZEN-001,citizen,DECISION_RECORDED,validation_case,SYN-CASE-001068,2024-01-01T12:48:00Z,Officer adjudication recorded in case log,SUCCESS,True
SYN-AUDIT-003949,SYN-USER-OFFICER-001,revenue_officer,MUTATION_AUDIT,mutation,SYN-RES-003949,2024-02-02T13:49:00Z,Review of mutation notice period under Sec 129 KLRA,SUCCESS,True
SYN-AUDIT-003950,SYN-USER-ADMIN-001,administrator,DOCUMENT_INGEST,document,SYN-RES-003950,2024-03-03T14:50:00Z,Citizen evidence upload and SHA-256 vault ingest,SUCCESS,True
SYN-AUDIT-003951,SYSTEM-VALIDATION-ENGINE,system_engine,VALIDATION_RUN,validation_case,SYN-CASE-001071,2024-04-04T15:51:00Z,Automated multi-field statutory comparison pipeline,SUCCESS,True
SYN-AUDIT-003952,SYN-USER-CITIZEN-001,citizen,CASE_REVIEW,validation_case,SYN-CASE-001072,2024-05-05T16:52:00Z,Revenue officer inspected cadastral discrepancy,REVIEW_REQUIRED,True
SYN-AUDIT-003953,SYN-USER-OFFICER-001,revenue_officer,DECISION_RECORDED,validation_case,SYN-CASE-001073,2024-06-06T17:53:00Z,Officer adjudication recorded in case log,SUCCESS,True
SYN-AUDIT-003954,SYN-USER-ADMIN-001,administrator,MUTATION_AUDIT,mutation,SYN-RES-003954,2024-07-07T18:54:00Z,Review of mutation notice period under Sec 129 KLRA,SUCCESS,True
SYN-AUDIT-003955,SYSTEM-VALIDATION-ENGINE,system_engine,DOCUMENT_INGEST,document,SYN-RES-003955,2024-08-08T19:55:00Z,Citizen evidence upload and SHA-256 vault ingest,SUCCESS,True
SYN-AUDIT-003956,SYN-USER-CITIZEN-001,citizen,VALIDATION_RUN,validation_case,SYN-CASE-001076,2024-09-09T20:56:00Z,Automated multi-field statutory comparison pipeline,SUCCESS,True
SYN-AUDIT-003957,SYN-USER-OFFICER-001,revenue_officer,CASE_REVIEW,validation_case,SYN-CASE-001077,2024-10-10T21:57:00Z,Revenue officer inspected cadastral discrepancy,REVIEW_REQUIRED,True
SYN-AUDIT-003958,SYN-USER-ADMIN-001,administrator,DECISION_RECORDED,validation_case,SYN-CASE-001078,2024-11-11T22:58:00Z,Officer adjudication recorded in case log,SUCCESS,True
SYN-AUDIT-003959,SYSTEM-VALIDATION-ENGINE,system_engine,MUTATION_AUDIT,mutation,SYN-RES-003959,2024-12-12T23:59:00Z,Review of mutation notice period under Sec 129 KLRA,SUCCESS,True
SYN-AUDIT-003960,SYN-USER-CITIZEN-001,citizen,DOCUMENT_INGEST,document,SYN-RES-003960,2024-01-13T00:00:00Z,Citizen evidence upload and SHA-256 vault ingest,SUCCESS,True
SYN-AUDIT-003961,SYN-USER-OFFICER-001,revenue_officer,VALIDATION_RUN,validation_case,SYN-CASE-001081,2024-02-14T01:01:00Z,Automated multi-field statutory comparison pipeline,SUCCESS,True
SYN-AUDIT-003962,SYN-USER-ADMIN-001,administrator,CASE_REVIEW,validation_case,SYN-CASE-001082,2024-03-15T02:02:00Z,Revenue officer inspected cadastral discrepancy,REVIEW_REQUIRED,True
SYN-AUDIT-003963,SYSTEM-VALIDATION-ENGINE,system_engine,DECISION_RECORDED,validation_case,SYN-CASE-001083,2024-04-16T03:03:00Z,Officer adjudication recorded in case log,SUCCESS,True
SYN-AUDIT-003964,SYN-USER-CITIZEN-001,citizen,MUTATION_AUDIT,mutation,SYN-RES-003964,2024-05-17T04:04:00Z,Review of mutation notice period under Sec 129 KLRA,SUCCESS,True
SYN-AUDIT-003965,SYN-USER-OFFICER-001,revenue_officer,DOCUMENT_INGEST,document,SYN-RES-003965,2024-06-18T05:05:00Z,Citizen evidence upload and SHA-256 vault ingest,SUCCESS,True
SYN-AUDIT-003966,SYN-USER-ADMIN-001,administrator,VALIDATION_RUN,validation_case,SYN-CASE-001086,2024-07-19T06:06:00Z,Automated multi-field statutory comparison pipeline,SUCCESS,True
SYN-AUDIT-003967,SYSTEM-VALIDATION-ENGINE,system_engine,CASE_REVIEW,validation_case,SYN-CASE-001087,2024-08-20T07:07:00Z,Revenue officer inspected cadastral discrepancy,REVIEW_REQUIRED,True
SYN-AUDIT-003968,SYN-USER-CITIZEN-001,citizen,DECISION_RECORDED,validation_case,SYN-CASE-001088,2024-09-21T08:08:00Z,Officer adjudication recorded in case log,SUCCESS,True
SYN-AUDIT-003969,SYN-USER-OFFICER-001,revenue_officer,MUTATION_AUDIT,mutation,SYN-RES-003969,2024-10-22T09:09:00Z,Review of mutation notice period under Sec 129 KLRA,SUCCESS,True
SYN-AUDIT-003970,SYN-USER-ADMIN-001,administrator,DOCUMENT_INGEST,document,SYN-RES-003970,2024-11-23T10:10:00Z,Citizen evidence upload and SHA-256 vault ingest,SUCCESS,True
SYN-AUDIT-003971,SYSTEM-VALIDATION-ENGINE,system_engine,VALIDATION_RUN,validation_case,SYN-CASE-001091,2024-12-24T11:11:00Z,Automated multi-field statutory comparison pipeline,SUCCESS,True
SYN-AUDIT-003972,SYN-USER-CITIZEN-001,citizen,CASE_REVIEW,validation_case,SYN-CASE-001092,2024-01-25T12:12:00Z,Revenue officer inspected cadastral discrepancy,REVIEW_REQUIRED,True
SYN-AUDIT-003973,SYN-USER-OFFICER-001,revenue_officer,DECISION_RECORDED,validation_case,SYN-CASE-001093,2024-02-26T13:13:00Z,Officer adjudication recorded in case log,SUCCESS,True
SYN-AUDIT-003974,SYN-USER-ADMIN-001,administrator,MUTATION_AUDIT,mutation,SYN-RES-003974,2024-03-27T14:14:00Z,Review of mutation notice period under Sec 129 KLRA,SUCCESS,True
SYN-AUDIT-003975,SYSTEM-VALIDATION-ENGINE,system_engine,DOCUMENT_INGEST,document,SYN-RES-003975,2024-04-28T15:15:00Z,Citizen evidence upload and SHA-256 vault ingest,SUCCESS,True
SYN-AUDIT-003976,SYN-USER-CITIZEN-001,citizen,VALIDATION_RUN,validation_case,SYN-CASE-001096,2024-05-01T16:16:00Z,Automated multi-field statutory comparison pipeline,SUCCESS,True
SYN-AUDIT-003977,SYN-USER-OFFICER-001,revenue_officer,CASE_REVIEW,validation_case,SYN-CASE-001097,2024-06-02T17:17:00Z,Revenue officer inspected cadastral discrepancy,REVIEW_REQUIRED,True
SYN-AUDIT-003978,SYN-USER-ADMIN-001,administrator,DECISION_RECORDED,validation_case,SYN-CASE-001098,2024-07-03T18:18:00Z,Officer adjudication recorded in case log,SUCCESS,True
SYN-AUDIT-003979,SYSTEM-VALIDATION-ENGINE,system_engine,MUTATION_AUDIT,mutation,SYN-RES-003979,2024-08-04T19:19:00Z,Review of mutation notice period under Sec 129 KLRA,SUCCESS,True
SYN-AUDIT-003980,SYN-USER-CITIZEN-001,citizen,DOCUMENT_INGEST,document,SYN-RES-003980,2024-09-05T20:20:00Z,Citizen evidence upload and SHA-256 vault ingest,SUCCESS,True
SYN-AUDIT-003981,SYN-USER-OFFICER-001,revenue_officer,VALIDATION_RUN,validation_case,SYN-CASE-001101,2024-10-06T21:21:00Z,Automated multi-field statutory comparison pipeline,SUCCESS,True
SYN-AUDIT-003982,SYN-USER-ADMIN-001,administrator,CASE_REVIEW,validation_case,SYN-CASE-001102,2024-11-07T22:22:00Z,Revenue officer inspected cadastral discrepancy,REVIEW_REQUIRED,True
SYN-AUDIT-003983,SYSTEM-VALIDATION-ENGINE,system_engine,DECISION_RECORDED,validation_case,SYN-CASE-001103,2024-12-08T23:23:00Z,Officer adjudication recorded in case log,SUCCESS,True
SYN-AUDIT-003984,SYN-USER-CITIZEN-001,citizen,MUTATION_AUDIT,mutation,SYN-RES-003984,2024-01-09T00:24:00Z,Review of mutation notice period under Sec 129 KLRA,SUCCESS,True
SYN-AUDIT-003985,SYN-USER-OFFICER-001,revenue_officer,DOCUMENT_INGEST,document,SYN-RES-003985,2024-02-10T01:25:00Z,Citizen evidence upload and SHA-256 vault ingest,SUCCESS,True
SYN-AUDIT-003986,SYN-USER-ADMIN-001,administrator,VALIDATION_RUN,validation_case,SYN-CASE-001106,2024-03-11T02:26:00Z,Automated multi-field statutory comparison pipeline,SUCCESS,True
SYN-AUDIT-003987,SYSTEM-VALIDATION-ENGINE,system_engine,CASE_REVIEW,validation_case,SYN-CASE-001107,2024-04-12T03:27:00Z,Revenue officer inspected cadastral discrepancy,REVIEW_REQUIRED,True
SYN-AUDIT-003988,SYN-USER-CITIZEN-001,citizen,DECISION_RECORDED,validation_case,SYN-CASE-001108,2024-05-13T04:28:00Z,Officer adjudication recorded in case log,SUCCESS,True
SYN-AUDIT-003989,SYN-USER-OFFICER-001,revenue_officer,MUTATION_AUDIT,mutation,SYN-RES-003989,2024-06-14T05:29:00Z,Review of mutation notice period under Sec 129 KLRA,SUCCESS,True
SYN-AUDIT-003990,SYN-USER-ADMIN-001,administrator,DOCUMENT_INGEST,document,SYN-RES-003990,2024-07-15T06:30:00Z,Citizen evidence upload and SHA-256 vault ingest,SUCCESS,True
SYN-AUDIT-003991,SYSTEM-VALIDATION-ENGINE,system_engine,VALIDATION_RUN,validation_case,SYN-CASE-001111,2024-08-16T07:31:00Z,Automated multi-field statutory comparison pipeline,SUCCESS,True
SYN-AUDIT-003992,SYN-USER-CITIZEN-001,citizen,CASE_REVIEW,validation_case,SYN-CASE-001112,2024-09-17T08:32:00Z,Revenue officer inspected cadastral discrepancy,REVIEW_REQUIRED,True
SYN-AUDIT-003993,SYN-USER-OFFICER-001,revenue_officer,DECISION_RECORDED,validation_case,SYN-CASE-001113,2024-10-18T09:33:00Z,Officer adjudication recorded in case log,SUCCESS,True
SYN-AUDIT-003994,SYN-USER-ADMIN-001,administrator,MUTATION_AUDIT,mutation,SYN-RES-003994,2024-11-19T10:34:00Z,Review of mutation notice period under Sec 129 KLRA,SUCCESS,True
SYN-AUDIT-003995,SYSTEM-VALIDATION-ENGINE,system_engine,DOCUMENT_INGEST,document,SYN-RES-003995,2024-12-20T11:35:00Z,Citizen evidence upload and SHA-256 vault ingest,SUCCESS,True
SYN-AUDIT-003996,SYN-USER-CITIZEN-001,citizen,VALIDATION_RUN,validation_case,SYN-CASE-001116,2024-01-21T12:36:00Z,Automated multi-field statutory comparison pipeline,SUCCESS,True
SYN-AUDIT-003997,SYN-USER-OFFICER-001,revenue_officer,CASE_REVIEW,validation_case,SYN-CASE-001117,2024-02-22T13:37:00Z,Revenue officer inspected cadastral discrepancy,REVIEW_REQUIRED,True
SYN-AUDIT-003998,SYN-USER-ADMIN-001,administrator,DECISION_RECORDED,validation_case,SYN-CASE-001118,2024-03-23T14:38:00Z,Officer adjudication recorded in case log,SUCCESS,True
SYN-AUDIT-003999,SYSTEM-VALIDATION-ENGINE,system_engine,MUTATION_AUDIT,mutation,SYN-RES-003999,2024-04-24T15:39:00Z,Review of mutation notice period under Sec 129 KLRA,SUCCESS,True
SYN-AUDIT-004000,SYN-USER-CITIZEN-001,citizen,DOCUMENT_INGEST,document,SYN-RES-004000,2024-05-25T16:40:00Z,Citizen evidence upload and SHA-256 vault ingest,SUCCESS,True
