interest_id,parcel_id,interest_type,source_document_id,effective_from,effective_until,status,source_verification_status,benchmark_note
SYN-INT-000001,SYN-PARCEL-000001,MORTGAGE_SIMPLE,SYN-DOC-000001,2019-03-15,,ACTIVE,REGISTERED_CHARGE,Synthetic mortgage simple recorded under TPA Sec 58/100 or Easements Act.
SYN-INT-000002,SYN-PARCEL-000002,MORTGAGE_EQUITABLE,SYN-DOC-000002,2020-03-15,,ACTIVE,REGISTERED_CHARGE,Synthetic mortgage equitable recorded under TPA Sec 58/100 or Easements Act.
SYN-INT-000003,SYN-PARCEL-000003,EASEMENT_RIGHT_OF_WAY,SYN-DOC-000003,2021-03-15,2024-03-15,DISCHARGED,REGISTERED_CHARGE,Synthetic easement right of way recorded under TPA Sec 58/100 or Easements Act.
SYN-INT-000004,SYN-PARCEL-000004,STATUTORY_CHARGE,SYN-DOC-000004,2022-03-15,,UNCERTAIN,REGISTERED_CHARGE,Synthetic statutory charge recorded under TPA Sec 58/100 or Easements Act.
SYN-INT-000005,SYN-PARCEL-000005,ACQUISITION_NOTICE,SYN-DOC-000005,2023-03-15,,ACTIVE,REGISTERED_CHARGE,Preliminary notification under RFCTLARR Act 2013 Section 11.
SYN-INT-000006,SYN-PARCEL-000006,MORTGAGE_SIMPLE,SYN-DOC-000006,2018-03-15,,ACTIVE,REGISTERED_CHARGE,Synthetic mortgage simple recorded under TPA Sec 58/100 or Easements Act.
SYN-INT-000007,SYN-PARCEL-000007,MORTGAGE_EQUITABLE,SYN-DOC-000007,2019-03-15,2022-03-15,DISCHARGED,REGISTERED_CHARGE,Synthetic mortgage equitable recorded under TPA Sec 58/100 or Easements Act.
SYN-INT-000008,SYN-PARCEL-000008,EASEMENT_RIGHT_OF_WAY,SYN-DOC-000008,2020-03-15,,UNCERTAIN,REGISTERED_CHARGE,Synthetic easement right of way recorded under TPA Sec 58/100 or Easements Act.
SYN-INT-000009,SYN-PARCEL-000009,STATUTORY_CHARGE,SYN-DOC-000009,2021-03-15,,ACTIVE,REGISTERED_CHARGE,Synthetic statutory charge recorded under TPA Sec 58/100 or Easements Act.
SYN-INT-000010,SYN-PARCEL-000010,ACQUISITION_NOTICE,SYN-DOC-000010,2022-03-15,,ACTIVE,REGISTERED_CHARGE,Preliminary notification under RFCTLARR Act 2013 Section 11.
SYN-INT-000011,SYN-PARCEL-000011,MORTGAGE_SIMPLE,SYN-DOC-000011,2023-03-15,2026-03-15,DISCHARGED,REGISTERED_CHARGE,Synthetic mortgage simple recorded under TPA Sec 58/100 or Easements Act.
SYN-INT-000012,SYN-PARCEL-000012,MORTGAGE_EQUITABLE,SYN-DOC-000012,2018-03-15,,UNCERTAIN,REGISTERED_CHARGE,Synthetic mortgage equitable recorded under TPA Sec 58/100 or Easements Act.
SYN-INT-000013,SYN-PARCEL-000013,EASEMENT_RIGHT_OF_WAY,SYN-DOC-000013,2019-03-15,,ACTIVE,REGISTERED_CHARGE,Synthetic easement right of way recorded under TPA Sec 58/100 or Easements Act.
SYN-INT-000014,SYN-PARCEL-000014,STATUTORY_CHARGE,SYN-DOC-000014,2020-03-15,,ACTIVE,REGISTERED_CHARGE,Synthetic statutory charge recorded under TPA Sec 58/100 or Easements Act.
SYN-INT-000015,SYN-PARCEL-000015,ACQUISITION_NOTICE,SYN-DOC-000015,2021-03-15,2024-03-15,DISCHARGED,REGISTERED_CHARGE,Preliminary notification under RFCTLARR Act 2013 Section 11.
SYN-INT-000016,SYN-PARCEL-000016,MORTGAGE_SIMPLE,SYN-DOC-000016,2022-03-15,,UNCERTAIN,REGISTERED_CHARGE,Synthetic mortgage simple recorded under TPA Sec 58/100 or Easements Act.
SYN-INT-000017,SYN-PARCEL-000017,MORTGAGE_EQUITABLE,SYN-DOC-000017,2023-03-15,,ACTIVE,REGISTERED_CHARGE,Synthetic mortgage equitable recorded under TPA Sec 58/100 or Easements Act.
SYN-INT-000018,SYN-PARCEL-000018,EASEMENT_RIGHT_OF_WAY,SYN-DOC-000018,2018-03-15,,ACTIVE,REGISTERED_CHARGE,Synthetic easement right of way recorded under TPA Sec 58/100 or Easements Act.
SYN-INT-000019,SYN-PARCEL-000019,STATUTORY_CHARGE,SYN-DOC-000019,2019-03-15,2022-03-15,DISCHARGED,REGISTERED_CHARGE,Synthetic statutory charge recorded under TPA Sec 58/100 or Easements Act.
SYN-INT-000020,SYN-PARCEL-000020,ACQUISITION_NOTICE,SYN-DOC-000020,2020-03-15,,UNCERTAIN,REGISTERED_CHARGE,Preliminary notification under RFCTLARR Act 2013 Section 11.
SYN-INT-000021,SYN-PARCEL-000021,MORTGAGE_SIMPLE,SYN-DOC-000021,2021-03-15,,ACTIVE,REGISTERED_CHARGE,Synthetic mortgage simple recorded under TPA Sec 58/100 or Easements Act.
SYN-INT-000022,SYN-PARCEL-000022,MORTGAGE_EQUITABLE,SYN-DOC-000022,2022-03-15,,ACTIVE,REGISTERED_CHARGE,Synthetic mortgage equitable recorded under TPA Sec 58/100 or Easements Act.
SYN-INT-000023,SYN-PARCEL-000023,EASEMENT_RIGHT_OF_WAY,SYN-DOC-000023,2023-03-15,2026-03-15,DISCHARGED,REGISTERED_CHARGE,Synthetic easement right of way recorded under TPA Sec 58/100 or Easements Act.
SYN-INT-000024,SYN-PARCEL-000024,STATUTORY_CHARGE,SYN-DOC-000024,2018-03-15,,UNCERTAIN,REGISTERED_CHARGE,Synthetic statutory charge recorded under TPA Sec 58/100 or Easements Act.
SYN-INT-000025,SYN-PARCEL-000025,ACQUISITION_NOTICE,SYN-DOC-000025,2019-03-15,,ACTIVE,REGISTERED_CHARGE,Preliminary notification under RFCTLARR Act 2013 Section 11.
SYN-INT-000026,SYN-PARCEL-000026,MORTGAGE_SIMPLE,SYN-DOC-000026,2020-03-15,,ACTIVE,REGISTERED_CHARGE,Synthetic mortgage simple recorded under TPA Sec 58/100 or Easements Act.
SYN-INT-000027,SYN-PARCEL-000027,MORTGAGE_EQUITABLE,SYN-DOC-000027,2021-03-15,2024-03-15,DISCHARGED,REGISTERED_CHARGE,Synthetic mortgage equitable recorded under TPA Sec 58/100 or Easements Act.
SYN-INT-000028,SYN-PARCEL-000028,EASEMENT_RIGHT_OF_WAY,SYN-DOC-000028,2022-03-15,,UNCERTAIN,REGISTERED_CHARGE,Synthetic easement right of way recorded under TPA Sec 58/100 or Easements Act.
SYN-INT-000029,SYN-PARCEL-000029,STATUTORY_CHARGE,SYN-DOC-000029,2023-03-15,,ACTIVE,REGISTERED_CHARGE,Synthetic statutory charge recorded under TPA Sec 58/100 or Easements Act.
SYN-INT-000030,SYN-PARCEL-000030,ACQUISITION_NOTICE,SYN-DOC-000030,2018-03-15,,ACTIVE,REGISTERED_CHARGE,Preliminary notification under RFCTLARR Act 2013 Section 11.
SYN-INT-000031,SYN-PARCEL-000031,MORTGAGE_SIMPLE,SYN-DOC-000031,2019-03-15,2022-03-15,DISCHARGED,REGISTERED_CHARGE,Synthetic mortgage simple recorded under TPA Sec 58/100 or Easements Act.
SYN-INT-000032,SYN-PARCEL-000032,MORTGAGE_EQUITABLE,SYN-DOC-000032,2020-03-15,,UNCERTAIN,REGISTERED_CHARGE,Synthetic mortgage equitable recorded under TPA Sec 58/100 or Easements Act.
SYN-INT-000033,SYN-PARCEL-000033,EASEMENT_RIGHT_OF_WAY,SYN-DOC-000033,2021-03-15,,ACTIVE,REGISTERED_CHARGE,Synthetic easement right of way recorded under TPA Sec 58/100 or Easements Act.
SYN-INT-000034,SYN-PARCEL-000034,STATUTORY_CHARGE,SYN-DOC-000034,2022-03-15,,ACTIVE,REGISTERED_CHARGE,Synthetic statutory charge recorded under TPA Sec 58/100 or Easements Act.
SYN-INT-000035,SYN-PARCEL-000035,ACQUISITION_NOTICE,SYN-DOC-000035,2023-03-15,2026-03-15,DISCHARGED,REGISTERED_CHARGE,Preliminary notification under RFCTLARR Act 2013 Section 11.
SYN-INT-000036,SYN-PARCEL-000036,MORTGAGE_SIMPLE,SYN-DOC-000036,2018-03-15,,UNCERTAIN,REGISTERED_CHARGE,Synthetic mortgage simple recorded under TPA Sec 58/100 or Easements Act.
SYN-INT-000037,SYN-PARCEL-000037,MORTGAGE_EQUITABLE,SYN-DOC-000037,2019-03-15,,ACTIVE,REGISTERED_CHARGE,Synthetic mortgage equitable recorded under TPA Sec 58/100 or Easements Act.
SYN-INT-000038,SYN-PARCEL-000038,EASEMENT_RIGHT_OF_WAY,SYN-DOC-000038,2020-03-15,,ACTIVE,REGISTERED_CHARGE,Synthetic easement right of way recorded under TPA Sec 58/100 or Easements Act.
SYN-INT-000039,SYN-PARCEL-000039,STATUTORY_CHARGE,SYN-DOC-000039,2021-03-15,2024-03-15,DISCHARGED,REGISTERED_CHARGE,Synthetic statutory charge recorded under TPA Sec 58/100 or Easements Act.
SYN-INT-000040,SYN-PARCEL-000040,ACQUISITION_NOTICE,SYN-DOC-000040,2022-03-15,,UNCERTAIN,REGISTERED_CHARGE,Preliminary notification under RFCTLARR Act 2013 Section 11.
SYN-INT-000041,SYN-PARCEL-000041,MORTGAGE_SIMPLE,SYN-DOC-000041,2023-03-15,,ACTIVE,REGISTERED_CHARGE,Synthetic mortgage simple recorded under TPA Sec 58/100 or Easements Act.
SYN-INT-000042,SYN-PARCEL-000042,MORTGAGE_EQUITABLE,SYN-DOC-000042,2018-03-15,,ACTIVE,REGISTERED_CHARGE,Synthetic mortgage equitable recorded under TPA Sec 58/100 or Easements Act.
SYN-INT-000043,SYN-PARCEL-000043,EASEMENT_RIGHT_OF_WAY,SYN-DOC-000043,2019-03-15,2022-03-15,DISCHARGED,REGISTERED_CHARGE,Synthetic easement right of way recorded under TPA Sec 58/100 or Easements Act.
SYN-INT-000044,SYN-PARCEL-000044,STATUTORY_CHARGE,SYN-DOC-000044,2020-03-15,,UNCERTAIN,REGISTERED_CHARGE,Synthetic statutory charge recorded under TPA Sec 58/100 or Easements Act.
SYN-INT-000045,SYN-PARCEL-000045,ACQUISITION_NOTICE,SYN-DOC-000045,2021-03-15,,ACTIVE,REGISTERED_CHARGE,Preliminary notification under RFCTLARR Act 2013 Section 11.
SYN-INT-000046,SYN-PARCEL-000046,MORTGAGE_SIMPLE,SYN-DOC-000046,2022-03-15,,ACTIVE,REGISTERED_CHARGE,Synthetic mortgage simple recorded under TPA Sec 58/100 or Easements Act.
SYN-INT-000047,SYN-PARCEL-000047,MORTGAGE_EQUITABLE,SYN-DOC-000047,2023-03-15,2026-03-15,DISCHARGED,REGISTERED_CHARGE,Synthetic mortgage equitable recorded under TPA Sec 58/100 or Easements Act.
SYN-INT-000048,SYN-PARCEL-000048,EASEMENT_RIGHT_OF_WAY,SYN-DOC-000048,2018-03-15,,UNCERTAIN,REGISTERED_CHARGE,Synthetic easement right of way recorded under TPA Sec 58/100 or Easements Act.
SYN-INT-000049,SYN-PARCEL-000049,STATUTORY_CHARGE,SYN-DOC-000049,2019-03-15,,ACTIVE,REGISTERED_CHARGE,Synthetic statutory charge recorded under TPA Sec 58/100 or Easements Act.
SYN-INT-000050,SYN-PARCEL-000050,ACQUISITION_NOTICE,SYN-DOC-000050,2020-03-15,,ACTIVE,REGISTERED_CHARGE,Preliminary notification under RFCTLARR Act 2013 Section 11.
SYN-INT-000051,SYN-PARCEL-000051,MORTGAGE_SIMPLE,SYN-DOC-000051,2021-03-15,2024-03-15,DISCHARGED,REGISTERED_CHARGE,Synthetic mortgage simple recorded under TPA Sec 58/100 or Easements Act.
SYN-INT-000052,SYN-PARCEL-000052,MORTGAGE_EQUITABLE,SYN-DOC-000052,2022-03-15,,UNCERTAIN,REGISTERED_CHARGE,Synthetic mortgage equitable recorded under TPA Sec 58/100 or Easements Act.
SYN-INT-000053,SYN-PARCEL-000053,EASEMENT_RIGHT_OF_WAY,SYN-DOC-000053,2023-03-15,,ACTIVE,REGISTERED_CHARGE,Synthetic easement right of way recorded under TPA Sec 58/100 or Easements Act.
SYN-INT-000054,SYN-PARCEL-000054,STATUTORY_CHARGE,SYN-DOC-000054,2018-03-15,,ACTIVE,REGISTERED_CHARGE,Synthetic statutory charge recorded under TPA Sec 58/100 or Easements Act.
SYN-INT-000055,SYN-PARCEL-000055,ACQUISITION_NOTICE,SYN-DOC-000055,2019-03-15,2022-03-15,DISCHARGED,REGISTERED_CHARGE,Preliminary notification under RFCTLARR Act 2013 Section 11.
SYN-INT-000056,SYN-PARCEL-000056,MORTGAGE_SIMPLE,SYN-DOC-000056,2020-03-15,,UNCERTAIN,REGISTERED_CHARGE,Synthetic mortgage simple recorded under TPA Sec 58/100 or Easements Act.
SYN-INT-000057,SYN-PARCEL-000057,MORTGAGE_EQUITABLE,SYN-DOC-000057,2021-03-15,,ACTIVE,REGISTERED_CHARGE,Synthetic mortgage equitable recorded under TPA Sec 58/100 or Easements Act.
SYN-INT-000058,SYN-PARCEL-000058,EASEMENT_RIGHT_OF_WAY,SYN-DOC-000058,2022-03-15,,ACTIVE,REGISTERED_CHARGE,Synthetic easement right of way recorded under TPA Sec 58/100 or Easements Act.
SYN-INT-000059,SYN-PARCEL-000059,STATUTORY_CHARGE,SYN-DOC-000059,2023-03-15,2026-03-15,DISCHARGED,REGISTERED_CHARGE,Synthetic statutory charge recorded under TPA Sec 58/100 or Easements Act.
SYN-INT-000060,SYN-PARCEL-000060,ACQUISITION_NOTICE,SYN-DOC-000060,2018-03-15,,UNCERTAIN,REGISTERED_CHARGE,Preliminary notification under RFCTLARR Act 2013 Section 11.
SYN-INT-000061,SYN-PARCEL-000061,MORTGAGE_SIMPLE,SYN-DOC-000061,2019-03-15,,ACTIVE,REGISTERED_CHARGE,Synthetic mortgage simple recorded under TPA Sec 58/100 or Easements Act.
SYN-INT-000062,SYN-PARCEL-000062,MORTGAGE_EQUITABLE,SYN-DOC-000062,2020-03-15,,ACTIVE,REGISTERED_CHARGE,Synthetic mortgage equitable recorded under TPA Sec 58/100 or Easements Act.
SYN-INT-000063,SYN-PARCEL-000063,EASEMENT_RIGHT_OF_WAY,SYN-DOC-000063,2021-03-15,2024-03-15,DISCHARGED,REGISTERED_CHARGE,Synthetic easement right of way recorded under TPA Sec 58/100 or Easements Act.
SYN-INT-000064,SYN-PARCEL-000064,STATUTORY_CHARGE,SYN-DOC-000064,2022-03-15,,UNCERTAIN,REGISTERED_CHARGE,Synthetic statutory charge recorded under TPA Sec 58/100 or Easements Act.
SYN-INT-000065,SYN-PARCEL-000065,ACQUISITION_NOTICE,SYN-DOC-000065,2023-03-15,,ACTIVE,REGISTERED_CHARGE,Preliminary notification under RFCTLARR Act 2013 Section 11.
SYN-INT-000066,SYN-PARCEL-000066,MORTGAGE_SIMPLE,SYN-DOC-000066,2018-03-15,,ACTIVE,REGISTERED_CHARGE,Synthetic mortgage simple recorded under TPA Sec 58/100 or Easements Act.
SYN-INT-000067,SYN-PARCEL-000067,MORTGAGE_EQUITABLE,SYN-DOC-000067,2019-03-15,2022-03-15,DISCHARGED,REGISTERED_CHARGE,Synthetic mortgage equitable recorded under TPA Sec 58/100 or Easements Act.
SYN-INT-000068,SYN-PARCEL-000068,EASEMENT_RIGHT_OF_WAY,SYN-DOC-000068,2020-03-15,,UNCERTAIN,REGISTERED_CHARGE,Synthetic easement right of way recorded under TPA Sec 58/100 or Easements Act.
SYN-INT-000069,SYN-PARCEL-000069,STATUTORY_CHARGE,SYN-DOC-000069,2021-03-15,,ACTIVE,REGISTERED_CHARGE,Synthetic statutory charge recorded under TPA Sec 58/100 or Easements Act.
SYN-INT-000070,SYN-PARCEL-000070,ACQUISITION_NOTICE,SYN-DOC-000070,2022-03-15,,ACTIVE,REGISTERED_CHARGE,Preliminary notification under RFCTLARR Act 2013 Section 11.
SYN-INT-000071,SYN-PARCEL-000071,MORTGAGE_SIMPLE,SYN-DOC-000071,2023-03-15,2026-03-15,DISCHARGED,REGISTERED_CHARGE,Synthetic mortgage simple recorded under TPA Sec 58/100 or Easements Act.
SYN-INT-000072,SYN-PARCEL-000072,MORTGAGE_EQUITABLE,SYN-DOC-000072,2018-03-15,,UNCERTAIN,REGISTERED_CHARGE,Synthetic mortgage equitable recorded under TPA Sec 58/100 or Easements Act.
SYN-INT-000073,SYN-PARCEL-000073,EASEMENT_RIGHT_OF_WAY,SYN-DOC-000073,2019-03-15,,ACTIVE,REGISTERED_CHARGE,Synthetic easement right of way recorded under TPA Sec 58/100 or Easements Act.
SYN-INT-000074,SYN-PARCEL-000074,STATUTORY_CHARGE,SYN-DOC-000074,2020-03-15,,ACTIVE,REGISTERED_CHARGE,Synthetic statutory charge recorded under TPA Sec 58/100 or Easements Act.
SYN-INT-000075,SYN-PARCEL-000075,ACQUISITION_NOTICE,SYN-DOC-000075,2021-03-15,2024-03-15,DISCHARGED,REGISTERED_CHARGE,Preliminary notification under RFCTLARR Act 2013 Section 11.
SYN-INT-000076,SYN-PARCEL-000076,MORTGAGE_SIMPLE,SYN-DOC-000076,2022-03-15,,UNCERTAIN,REGISTERED_CHARGE,Synthetic mortgage simple recorded under TPA Sec 58/100 or Easements Act.
SYN-INT-000077,SYN-PARCEL-000077,MORTGAGE_EQUITABLE,SYN-DOC-000077,2023-03-15,,ACTIVE,REGISTERED_CHARGE,Synthetic mortgage equitable recorded under TPA Sec 58/100 or Easements Act.
SYN-INT-000078,SYN-PARCEL-000078,EASEMENT_RIGHT_OF_WAY,SYN-DOC-000078,2018-03-15,,ACTIVE,REGISTERED_CHARGE,Synthetic easement right of way recorded under TPA Sec 58/100 or Easements Act.
SYN-INT-000079,SYN-PARCEL-000079,STATUTORY_CHARGE,SYN-DOC-000079,2019-03-15,2022-03-15,DISCHARGED,REGISTERED_CHARGE,Synthetic statutory charge recorded under TPA Sec 58/100 or Easements Act.
SYN-INT-000080,SYN-PARCEL-000080,ACQUISITION_NOTICE,SYN-DOC-000080,2020-03-15,,UNCERTAIN,REGISTERED_CHARGE,Preliminary notification under RFCTLARR Act 2013 Section 11.
SYN-INT-000081,SYN-PARCEL-000081,MORTGAGE_SIMPLE,SYN-DOC-000081,2021-03-15,,ACTIVE,REGISTERED_CHARGE,Synthetic mortgage simple recorded under TPA Sec 58/100 or Easements Act.
SYN-INT-000082,SYN-PARCEL-000082,MORTGAGE_EQUITABLE,SYN-DOC-000082,2022-03-15,,ACTIVE,REGISTERED_CHARGE,Synthetic mortgage equitable recorded under TPA Sec 58/100 or Easements Act.
SYN-INT-000083,SYN-PARCEL-000083,EASEMENT_RIGHT_OF_WAY,SYN-DOC-000083,2023-03-15,2026-03-15,DISCHARGED,REGISTERED_CHARGE,Synthetic easement right of way recorded under TPA Sec 58/100 or Easements Act.
SYN-INT-000084,SYN-PARCEL-000084,STATUTORY_CHARGE,SYN-DOC-000084,2018-03-15,,UNCERTAIN,REGISTERED_CHARGE,Synthetic statutory charge recorded under TPA Sec 58/100 or Easements Act.
SYN-INT-000085,SYN-PARCEL-000085,ACQUISITION_NOTICE,SYN-DOC-000085,2019-03-15,,ACTIVE,REGISTERED_CHARGE,Preliminary notification under RFCTLARR Act 2013 Section 11.
SYN-INT-000086,SYN-PARCEL-000086,MORTGAGE_SIMPLE,SYN-DOC-000086,2020-03-15,,ACTIVE,REGISTERED_CHARGE,Synthetic mortgage simple recorded under TPA Sec 58/100 or Easements Act.
SYN-INT-000087,SYN-PARCEL-000087,MORTGAGE_EQUITABLE,SYN-DOC-000087,2021-03-15,2024-03-15,DISCHARGED,REGISTERED_CHARGE,Synthetic mortgage equitable recorded under TPA Sec 58/100 or Easements Act.
SYN-INT-000088,SYN-PARCEL-000088,EASEMENT_RIGHT_OF_WAY,SYN-DOC-000088,2022-03-15,,UNCERTAIN,REGISTERED_CHARGE,Synthetic easement right of way recorded under TPA Sec 58/100 or Easements Act.
SYN-INT-000089,SYN-PARCEL-000089,STATUTORY_CHARGE,SYN-DOC-000089,2023-03-15,,ACTIVE,REGISTERED_CHARGE,Synthetic statutory charge recorded under TPA Sec 58/100 or Easements Act.
SYN-INT-000090,SYN-PARCEL-000090,ACQUISITION_NOTICE,SYN-DOC-000090,2018-03-15,,ACTIVE,REGISTERED_CHARGE,Preliminary notification under RFCTLARR Act 2013 Section 11.
SYN-INT-000091,SYN-PARCEL-000091,MORTGAGE_SIMPLE,SYN-DOC-000091,2019-03-15,2022-03-15,DISCHARGED,REGISTERED_CHARGE,Synthetic mortgage simple recorded under TPA Sec 58/100 or Easements Act.
SYN-INT-000092,SYN-PARCEL-000092,MORTGAGE_EQUITABLE,SYN-DOC-000092,2020-03-15,,UNCERTAIN,REGISTERED_CHARGE,Synthetic mortgage equitable recorded under TPA Sec 58/100 or Easements Act.
SYN-INT-000093,SYN-PARCEL-000093,EASEMENT_RIGHT_OF_WAY,SYN-DOC-000093,2021-03-15,,ACTIVE,REGISTERED_CHARGE,Synthetic easement right of way recorded under TPA Sec 58/100 or Easements Act.
SYN-INT-000094,SYN-PARCEL-000094,STATUTORY_CHARGE,SYN-DOC-000094,2022-03-15,,ACTIVE,REGISTERED_CHARGE,Synthetic statutory charge recorded under TPA Sec 58/100 or Easements Act.
SYN-INT-000095,SYN-PARCEL-000095,ACQUISITION_NOTICE,SYN-DOC-000095,2023-03-15,2026-03-15,DISCHARGED,REGISTERED_CHARGE,Preliminary notification under RFCTLARR Act 2013 Section 11.
SYN-INT-000096,SYN-PARCEL-000096,MORTGAGE_SIMPLE,SYN-DOC-000096,2018-03-15,,UNCERTAIN,REGISTERED_CHARGE,Synthetic mortgage simple recorded under TPA Sec 58/100 or Easements Act.
SYN-INT-000097,SYN-PARCEL-000097,MORTGAGE_EQUITABLE,SYN-DOC-000097,2019-03-15,,ACTIVE,REGISTERED_CHARGE,Synthetic mortgage equitable recorded under TPA Sec 58/100 or Easements Act.
SYN-INT-000098,SYN-PARCEL-000098,EASEMENT_RIGHT_OF_WAY,SYN-DOC-000098,2020-03-15,,ACTIVE,REGISTERED_CHARGE,Synthetic easement right of way recorded under TPA Sec 58/100 or Easements Act.
SYN-INT-000099,SYN-PARCEL-000099,STATUTORY_CHARGE,SYN-DOC-000099,2021-03-15,2024-03-15,DISCHARGED,REGISTERED_CHARGE,Synthetic statutory charge recorded under TPA Sec 58/100 or Easements Act.
SYN-INT-000100,SYN-PARCEL-000100,ACQUISITION_NOTICE,SYN-DOC-000100,2022-03-15,,UNCERTAIN,REGISTERED_CHARGE,Preliminary notification under RFCTLARR Act 2013 Section 11.
SYN-INT-000101,SYN-PARCEL-000101,MORTGAGE_SIMPLE,SYN-DOC-000101,2023-03-15,,ACTIVE,REGISTERED_CHARGE,Synthetic mortgage simple recorded under TPA Sec 58/100 or Easements Act.
SYN-INT-000102,SYN-PARCEL-000102,MORTGAGE_EQUITABLE,SYN-DOC-000102,2018-03-15,,ACTIVE,REGISTERED_CHARGE,Synthetic mortgage equitable recorded under TPA Sec 58/100 or Easements Act.
SYN-INT-000103,SYN-PARCEL-000103,EASEMENT_RIGHT_OF_WAY,SYN-DOC-000103,2019-03-15,2022-03-15,DISCHARGED,REGISTERED_CHARGE,Synthetic easement right of way recorded under TPA Sec 58/100 or Easements Act.
SYN-INT-000104,SYN-PARCEL-000104,STATUTORY_CHARGE,SYN-DOC-000104,2020-03-15,,UNCERTAIN,REGISTERED_CHARGE,Synthetic statutory charge recorded under TPA Sec 58/100 or Easements Act.
SYN-INT-000105,SYN-PARCEL-000105,ACQUISITION_NOTICE,SYN-DOC-000105,2021-03-15,,ACTIVE,REGISTERED_CHARGE,Preliminary notification under RFCTLARR Act 2013 Section 11.
SYN-INT-000106,SYN-PARCEL-000106,MORTGAGE_SIMPLE,SYN-DOC-000106,2022-03-15,,ACTIVE,REGISTERED_CHARGE,Synthetic mortgage simple recorded under TPA Sec 58/100 or Easements Act.
SYN-INT-000107,SYN-PARCEL-000107,MORTGAGE_EQUITABLE,SYN-DOC-000107,2023-03-15,2026-03-15,DISCHARGED,REGISTERED_CHARGE,Synthetic mortgage equitable recorded under TPA Sec 58/100 or Easements Act.
SYN-INT-000108,SYN-PARCEL-000108,EASEMENT_RIGHT_OF_WAY,SYN-DOC-000108,2018-03-15,,UNCERTAIN,REGISTERED_CHARGE,Synthetic easement right of way recorded under TPA Sec 58/100 or Easements Act.
SYN-INT-000109,SYN-PARCEL-000109,STATUTORY_CHARGE,SYN-DOC-000109,2019-03-15,,ACTIVE,REGISTERED_CHARGE,Synthetic statutory charge recorded under TPA Sec 58/100 or Easements Act.
SYN-INT-000110,SYN-PARCEL-000110,ACQUISITION_NOTICE,SYN-DOC-000110,2020-03-15,,ACTIVE,REGISTERED_CHARGE,Preliminary notification under RFCTLARR Act 2013 Section 11.
SYN-INT-000111,SYN-PARCEL-000111,MORTGAGE_SIMPLE,SYN-DOC-000111,2021-03-15,2024-03-15,DISCHARGED,REGISTERED_CHARGE,Synthetic mortgage simple recorded under TPA Sec 58/100 or Easements Act.
SYN-INT-000112,SYN-PARCEL-000112,MORTGAGE_EQUITABLE,SYN-DOC-000112,2022-03-15,,UNCERTAIN,REGISTERED_CHARGE,Synthetic mortgage equitable recorded under TPA Sec 58/100 or Easements Act.
SYN-INT-000113,SYN-PARCEL-000113,EASEMENT_RIGHT_OF_WAY,SYN-DOC-000113,2023-03-15,,ACTIVE,REGISTERED_CHARGE,Synthetic easement right of way recorded under TPA Sec 58/100 or Easements Act.
SYN-INT-000114,SYN-PARCEL-000114,STATUTORY_CHARGE,SYN-DOC-000114,2018-03-15,,ACTIVE,REGISTERED_CHARGE,Synthetic statutory charge recorded under TPA Sec 58/100 or Easements Act.
SYN-INT-000115,SYN-PARCEL-000115,ACQUISITION_NOTICE,SYN-DOC-000115,2019-03-15,2022-03-15,DISCHARGED,REGISTERED_CHARGE,Preliminary notification under RFCTLARR Act 2013 Section 11.
SYN-INT-000116,SYN-PARCEL-000116,MORTGAGE_SIMPLE,SYN-DOC-000116,2020-03-15,,UNCERTAIN,REGISTERED_CHARGE,Synthetic mortgage simple recorded under TPA Sec 58/100 or Easements Act.
SYN-INT-000117,SYN-PARCEL-000117,MORTGAGE_EQUITABLE,SYN-DOC-000117,2021-03-15,,ACTIVE,REGISTERED_CHARGE,Synthetic mortgage equitable recorded under TPA Sec 58/100 or Easements Act.
SYN-INT-000118,SYN-PARCEL-000118,EASEMENT_RIGHT_OF_WAY,SYN-DOC-000118,2022-03-15,,ACTIVE,REGISTERED_CHARGE,Synthetic easement right of way recorded under TPA Sec 58/100 or Easements Act.
SYN-INT-000119,SYN-PARCEL-000119,STATUTORY_CHARGE,SYN-DOC-000119,2023-03-15,2026-03-15,DISCHARGED,REGISTERED_CHARGE,Synthetic statutory charge recorded under TPA Sec 58/100 or Easements Act.
SYN-INT-000120,SYN-PARCEL-000120,ACQUISITION_NOTICE,SYN-DOC-000120,2018-03-15,,UNCERTAIN,REGISTERED_CHARGE,Preliminary notification under RFCTLARR Act 2013 Section 11.
SYN-INT-000121,SYN-PARCEL-000121,MORTGAGE_SIMPLE,SYN-DOC-000121,2019-03-15,,ACTIVE,REGISTERED_CHARGE,Synthetic mortgage simple recorded under TPA Sec 58/100 or Easements Act.
SYN-INT-000122,SYN-PARCEL-000122,MORTGAGE_EQUITABLE,SYN-DOC-000122,2020-03-15,,ACTIVE,REGISTERED_CHARGE,Synthetic mortgage equitable recorded under TPA Sec 58/100 or Easements Act.
SYN-INT-000123,SYN-PARCEL-000123,EASEMENT_RIGHT_OF_WAY,SYN-DOC-000123,2021-03-15,2024-03-15,DISCHARGED,REGISTERED_CHARGE,Synthetic easement right of way recorded under TPA Sec 58/100 or Easements Act.
SYN-INT-000124,SYN-PARCEL-000124,STATUTORY_CHARGE,SYN-DOC-000124,2022-03-15,,UNCERTAIN,REGISTERED_CHARGE,Synthetic statutory charge recorded under TPA Sec 58/100 or Easements Act.
SYN-INT-000125,SYN-PARCEL-000125,ACQUISITION_NOTICE,SYN-DOC-000125,2023-03-15,,ACTIVE,REGISTERED_CHARGE,Preliminary notification under RFCTLARR Act 2013 Section 11.
SYN-INT-000126,SYN-PARCEL-000126,MORTGAGE_SIMPLE,SYN-DOC-000126,2018-03-15,,ACTIVE,REGISTERED_CHARGE,Synthetic mortgage simple recorded under TPA Sec 58/100 or Easements Act.
SYN-INT-000127,SYN-PARCEL-000127,MORTGAGE_EQUITABLE,SYN-DOC-000127,2019-03-15,2022-03-15,DISCHARGED,REGISTERED_CHARGE,Synthetic mortgage equitable recorded under TPA Sec 58/100 or Easements Act.
SYN-INT-000128,SYN-PARCEL-000128,EASEMENT_RIGHT_OF_WAY,SYN-DOC-000128,2020-03-15,,UNCERTAIN,REGISTERED_CHARGE,Synthetic easement right of way recorded under TPA Sec 58/100 or Easements Act.
SYN-INT-000129,SYN-PARCEL-000129,STATUTORY_CHARGE,SYN-DOC-000129,2021-03-15,,ACTIVE,REGISTERED_CHARGE,Synthetic statutory charge recorded under TPA Sec 58/100 or Easements Act.
SYN-INT-000130,SYN-PARCEL-000130,ACQUISITION_NOTICE,SYN-DOC-000130,2022-03-15,,ACTIVE,REGISTERED_CHARGE,Preliminary notification under RFCTLARR Act 2013 Section 11.
SYN-INT-000131,SYN-PARCEL-000131,MORTGAGE_SIMPLE,SYN-DOC-000131,2023-03-15,2026-03-15,DISCHARGED,REGISTERED_CHARGE,Synthetic mortgage simple recorded under TPA Sec 58/100 or Easements Act.
SYN-INT-000132,SYN-PARCEL-000132,MORTGAGE_EQUITABLE,SYN-DOC-000132,2018-03-15,,UNCERTAIN,REGISTERED_CHARGE,Synthetic mortgage equitable recorded under TPA Sec 58/100 or Easements Act.
SYN-INT-000133,SYN-PARCEL-000133,EASEMENT_RIGHT_OF_WAY,SYN-DOC-000133,2019-03-15,,ACTIVE,REGISTERED_CHARGE,Synthetic easement right of way recorded under TPA Sec 58/100 or Easements Act.
SYN-INT-000134,SYN-PARCEL-000134,STATUTORY_CHARGE,SYN-DOC-000134,2020-03-15,,ACTIVE,REGISTERED_CHARGE,Synthetic statutory charge recorded under TPA Sec 58/100 or Easements Act.
SYN-INT-000135,SYN-PARCEL-000135,ACQUISITION_NOTICE,SYN-DOC-000135,2021-03-15,2024-03-15,DISCHARGED,REGISTERED_CHARGE,Preliminary notification under RFCTLARR Act 2013 Section 11.
SYN-INT-000136,SYN-PARCEL-000136,MORTGAGE_SIMPLE,SYN-DOC-000136,2022-03-15,,UNCERTAIN,REGISTERED_CHARGE,Synthetic mortgage simple recorded under TPA Sec 58/100 or Easements Act.
SYN-INT-000137,SYN-PARCEL-000137,MORTGAGE_EQUITABLE,SYN-DOC-000137,2023-03-15,,ACTIVE,REGISTERED_CHARGE,Synthetic mortgage equitable recorded under TPA Sec 58/100 or Easements Act.
SYN-INT-000138,SYN-PARCEL-000138,EASEMENT_RIGHT_OF_WAY,SYN-DOC-000138,2018-03-15,,ACTIVE,REGISTERED_CHARGE,Synthetic easement right of way recorded under TPA Sec 58/100 or Easements Act.
SYN-INT-000139,SYN-PARCEL-000139,STATUTORY_CHARGE,SYN-DOC-000139,2019-03-15,2022-03-15,DISCHARGED,REGISTERED_CHARGE,Synthetic statutory charge recorded under TPA Sec 58/100 or Easements Act.
SYN-INT-000140,SYN-PARCEL-000140,ACQUISITION_NOTICE,SYN-DOC-000140,2020-03-15,,UNCERTAIN,REGISTERED_CHARGE,Preliminary notification under RFCTLARR Act 2013 Section 11.
SYN-INT-000141,SYN-PARCEL-000141,MORTGAGE_SIMPLE,SYN-DOC-000141,2021-03-15,,ACTIVE,REGISTERED_CHARGE,Synthetic mortgage simple recorded under TPA Sec 58/100 or Easements Act.
SYN-INT-000142,SYN-PARCEL-000142,MORTGAGE_EQUITABLE,SYN-DOC-000142,2022-03-15,,ACTIVE,REGISTERED_CHARGE,Synthetic mortgage equitable recorded under TPA Sec 58/100 or Easements Act.
SYN-INT-000143,SYN-PARCEL-000143,EASEMENT_RIGHT_OF_WAY,SYN-DOC-000143,2023-03-15,2026-03-15,DISCHARGED,REGISTERED_CHARGE,Synthetic easement right of way recorded under TPA Sec 58/100 or Easements Act.
SYN-INT-000144,SYN-PARCEL-000144,STATUTORY_CHARGE,SYN-DOC-000144,2018-03-15,,UNCERTAIN,REGISTERED_CHARGE,Synthetic statutory charge recorded under TPA Sec 58/100 or Easements Act.
SYN-INT-000145,SYN-PARCEL-000145,ACQUISITION_NOTICE,SYN-DOC-000145,2019-03-15,,ACTIVE,REGISTERED_CHARGE,Preliminary notification under RFCTLARR Act 2013 Section 11.
SYN-INT-000146,SYN-PARCEL-000146,MORTGAGE_SIMPLE,SYN-DOC-000146,2020-03-15,,ACTIVE,REGISTERED_CHARGE,Synthetic mortgage simple recorded under TPA Sec 58/100 or Easements Act.
SYN-INT-000147,SYN-PARCEL-000147,MORTGAGE_EQUITABLE,SYN-DOC-000147,2021-03-15,2024-03-15,DISCHARGED,REGISTERED_CHARGE,Synthetic mortgage equitable recorded under TPA Sec 58/100 or Easements Act.
SYN-INT-000148,SYN-PARCEL-000148,EASEMENT_RIGHT_OF_WAY,SYN-DOC-000148,2022-03-15,,UNCERTAIN,REGISTERED_CHARGE,Synthetic easement right of way recorded under TPA Sec 58/100 or Easements Act.
SYN-INT-000149,SYN-PARCEL-000149,STATUTORY_CHARGE,SYN-DOC-000149,2023-03-15,,ACTIVE,REGISTERED_CHARGE,Synthetic statutory charge recorded under TPA Sec 58/100 or Easements Act.
SYN-INT-000150,SYN-PARCEL-000150,ACQUISITION_NOTICE,SYN-DOC-000150,2018-03-15,,ACTIVE,REGISTERED_CHARGE,Preliminary notification under RFCTLARR Act 2013 Section 11.
SYN-INT-000151,SYN-PARCEL-000151,MORTGAGE_SIMPLE,SYN-DOC-000151,2019-03-15,2022-03-15,DISCHARGED,REGISTERED_CHARGE,Synthetic mortgage simple recorded under TPA Sec 58/100 or Easements Act.
SYN-INT-000152,SYN-PARCEL-000152,MORTGAGE_EQUITABLE,SYN-DOC-000152,2020-03-15,,UNCERTAIN,REGISTERED_CHARGE,Synthetic mortgage equitable recorded under TPA Sec 58/100 or Easements Act.
SYN-INT-000153,SYN-PARCEL-000153,EASEMENT_RIGHT_OF_WAY,SYN-DOC-000153,2021-03-15,,ACTIVE,REGISTERED_CHARGE,Synthetic easement right of way recorded under TPA Sec 58/100 or Easements Act.
SYN-INT-000154,SYN-PARCEL-000154,STATUTORY_CHARGE,SYN-DOC-000154,2022-03-15,,ACTIVE,REGISTERED_CHARGE,Synthetic statutory charge recorded under TPA Sec 58/100 or Easements Act.
SYN-INT-000155,SYN-PARCEL-000155,ACQUISITION_NOTICE,SYN-DOC-000155,2023-03-15,2026-03-15,DISCHARGED,REGISTERED_CHARGE,Preliminary notification under RFCTLARR Act 2013 Section 11.
SYN-INT-000156,SYN-PARCEL-000156,MORTGAGE_SIMPLE,SYN-DOC-000156,2018-03-15,,UNCERTAIN,REGISTERED_CHARGE,Synthetic mortgage simple recorded under TPA Sec 58/100 or Easements Act.
SYN-INT-000157,SYN-PARCEL-000157,MORTGAGE_EQUITABLE,SYN-DOC-000157,2019-03-15,,ACTIVE,REGISTERED_CHARGE,Synthetic mortgage equitable recorded under TPA Sec 58/100 or Easements Act.
SYN-INT-000158,SYN-PARCEL-000158,EASEMENT_RIGHT_OF_WAY,SYN-DOC-000158,2020-03-15,,ACTIVE,REGISTERED_CHARGE,Synthetic easement right of way recorded under TPA Sec 58/100 or Easements Act.
SYN-INT-000159,SYN-PARCEL-000159,STATUTORY_CHARGE,SYN-DOC-000159,2021-03-15,2024-03-15,DISCHARGED,REGISTERED_CHARGE,Synthetic statutory charge recorded under TPA Sec 58/100 or Easements Act.
SYN-INT-000160,SYN-PARCEL-000160,ACQUISITION_NOTICE,SYN-DOC-000160,2022-03-15,,UNCERTAIN,REGISTERED_CHARGE,Preliminary notification under RFCTLARR Act 2013 Section 11.
SYN-INT-000161,SYN-PARCEL-000161,MORTGAGE_SIMPLE,SYN-DOC-000161,2023-03-15,,ACTIVE,REGISTERED_CHARGE,Synthetic mortgage simple recorded under TPA Sec 58/100 or Easements Act.
SYN-INT-000162,SYN-PARCEL-000162,MORTGAGE_EQUITABLE,SYN-DOC-000162,2018-03-15,,ACTIVE,REGISTERED_CHARGE,Synthetic mortgage equitable recorded under TPA Sec 58/100 or Easements Act.
SYN-INT-000163,SYN-PARCEL-000163,EASEMENT_RIGHT_OF_WAY,SYN-DOC-000163,2019-03-15,2022-03-15,DISCHARGED,REGISTERED_CHARGE,Synthetic easement right of way recorded under TPA Sec 58/100 or Easements Act.
SYN-INT-000164,SYN-PARCEL-000164,STATUTORY_CHARGE,SYN-DOC-000164,2020-03-15,,UNCERTAIN,REGISTERED_CHARGE,Synthetic statutory charge recorded under TPA Sec 58/100 or Easements Act.
SYN-INT-000165,SYN-PARCEL-000165,ACQUISITION_NOTICE,SYN-DOC-000165,2021-03-15,,ACTIVE,REGISTERED_CHARGE,Preliminary notification under RFCTLARR Act 2013 Section 11.
SYN-INT-000166,SYN-PARCEL-000166,MORTGAGE_SIMPLE,SYN-DOC-000166,2022-03-15,,ACTIVE,REGISTERED_CHARGE,Synthetic mortgage simple recorded under TPA Sec 58/100 or Easements Act.
SYN-INT-000167,SYN-PARCEL-000167,MORTGAGE_EQUITABLE,SYN-DOC-000167,2023-03-15,2026-03-15,DISCHARGED,REGISTERED_CHARGE,Synthetic mortgage equitable recorded under TPA Sec 58/100 or Easements Act.
SYN-INT-000168,SYN-PARCEL-000168,EASEMENT_RIGHT_OF_WAY,SYN-DOC-000168,2018-03-15,,UNCERTAIN,REGISTERED_CHARGE,Synthetic easement right of way recorded under TPA Sec 58/100 or Easements Act.
SYN-INT-000169,SYN-PARCEL-000169,STATUTORY_CHARGE,SYN-DOC-000169,2019-03-15,,ACTIVE,REGISTERED_CHARGE,Synthetic statutory charge recorded under TPA Sec 58/100 or Easements Act.
SYN-INT-000170,SYN-PARCEL-000170,ACQUISITION_NOTICE,SYN-DOC-000170,2020-03-15,,ACTIVE,REGISTERED_CHARGE,Preliminary notification under RFCTLARR Act 2013 Section 11.
SYN-INT-000171,SYN-PARCEL-000171,MORTGAGE_SIMPLE,SYN-DOC-000171,2021-03-15,2024-03-15,DISCHARGED,REGISTERED_CHARGE,Synthetic mortgage simple recorded under TPA Sec 58/100 or Easements Act.
SYN-INT-000172,SYN-PARCEL-000172,MORTGAGE_EQUITABLE,SYN-DOC-000172,2022-03-15,,UNCERTAIN,REGISTERED_CHARGE,Synthetic mortgage equitable recorded under TPA Sec 58/100 or Easements Act.
SYN-INT-000173,SYN-PARCEL-000173,EASEMENT_RIGHT_OF_WAY,SYN-DOC-000173,2023-03-15,,ACTIVE,REGISTERED_CHARGE,Synthetic easement right of way recorded under TPA Sec 58/100 or Easements Act.
SYN-INT-000174,SYN-PARCEL-000174,STATUTORY_CHARGE,SYN-DOC-000174,2018-03-15,,ACTIVE,REGISTERED_CHARGE,Synthetic statutory charge recorded under TPA Sec 58/100 or Easements Act.
SYN-INT-000175,SYN-PARCEL-000175,ACQUISITION_NOTICE,SYN-DOC-000175,2019-03-15,2022-03-15,DISCHARGED,REGISTERED_CHARGE,Preliminary notification under RFCTLARR Act 2013 Section 11.
SYN-INT-000176,SYN-PARCEL-000176,MORTGAGE_SIMPLE,SYN-DOC-000176,2020-03-15,,UNCERTAIN,REGISTERED_CHARGE,Synthetic mortgage simple recorded under TPA Sec 58/100 or Easements Act.
SYN-INT-000177,SYN-PARCEL-000177,MORTGAGE_EQUITABLE,SYN-DOC-000177,2021-03-15,,ACTIVE,REGISTERED_CHARGE,Synthetic mortgage equitable recorded under TPA Sec 58/100 or Easements Act.
SYN-INT-000178,SYN-PARCEL-000178,EASEMENT_RIGHT_OF_WAY,SYN-DOC-000178,2022-03-15,,ACTIVE,REGISTERED_CHARGE,Synthetic easement right of way recorded under TPA Sec 58/100 or Easements Act.
SYN-INT-000179,SYN-PARCEL-000179,STATUTORY_CHARGE,SYN-DOC-000179,2023-03-15,2026-03-15,DISCHARGED,REGISTERED_CHARGE,Synthetic statutory charge recorded under TPA Sec 58/100 or Easements Act.
SYN-INT-000180,SYN-PARCEL-000180,ACQUISITION_NOTICE,SYN-DOC-000180,2018-03-15,,UNCERTAIN,REGISTERED_CHARGE,Preliminary notification under RFCTLARR Act 2013 Section 11.
SYN-INT-000181,SYN-PARCEL-000181,MORTGAGE_SIMPLE,SYN-DOC-000181,2019-03-15,,ACTIVE,REGISTERED_CHARGE,Synthetic mortgage simple recorded under TPA Sec 58/100 or Easements Act.
SYN-INT-000182,SYN-PARCEL-000182,MORTGAGE_EQUITABLE,SYN-DOC-000182,2020-03-15,,ACTIVE,REGISTERED_CHARGE,Synthetic mortgage equitable recorded under TPA Sec 58/100 or Easements Act.
SYN-INT-000183,SYN-PARCEL-000183,EASEMENT_RIGHT_OF_WAY,SYN-DOC-000183,2021-03-15,2024-03-15,DISCHARGED,REGISTERED_CHARGE,Synthetic easement right of way recorded under TPA Sec 58/100 or Easements Act.
SYN-INT-000184,SYN-PARCEL-000184,STATUTORY_CHARGE,SYN-DOC-000184,2022-03-15,,UNCERTAIN,REGISTERED_CHARGE,Synthetic statutory charge recorded under TPA Sec 58/100 or Easements Act.
SYN-INT-000185,SYN-PARCEL-000185,ACQUISITION_NOTICE,SYN-DOC-000185,2023-03-15,,ACTIVE,REGISTERED_CHARGE,Preliminary notification under RFCTLARR Act 2013 Section 11.
SYN-INT-000186,SYN-PARCEL-000186,MORTGAGE_SIMPLE,SYN-DOC-000186,2018-03-15,,ACTIVE,REGISTERED_CHARGE,Synthetic mortgage simple recorded under TPA Sec 58/100 or Easements Act.
SYN-INT-000187,SYN-PARCEL-000187,MORTGAGE_EQUITABLE,SYN-DOC-000187,2019-03-15,2022-03-15,DISCHARGED,REGISTERED_CHARGE,Synthetic mortgage equitable recorded under TPA Sec 58/100 or Easements Act.
SYN-INT-000188,SYN-PARCEL-000188,EASEMENT_RIGHT_OF_WAY,SYN-DOC-000188,2020-03-15,,UNCERTAIN,REGISTERED_CHARGE,Synthetic easement right of way recorded under TPA Sec 58/100 or Easements Act.
SYN-INT-000189,SYN-PARCEL-000189,STATUTORY_CHARGE,SYN-DOC-000189,2021-03-15,,ACTIVE,REGISTERED_CHARGE,Synthetic statutory charge recorded under TPA Sec 58/100 or Easements Act.
SYN-INT-000190,SYN-PARCEL-000190,ACQUISITION_NOTICE,SYN-DOC-000190,2022-03-15,,ACTIVE,REGISTERED_CHARGE,Preliminary notification under RFCTLARR Act 2013 Section 11.
SYN-INT-000191,SYN-PARCEL-000191,MORTGAGE_SIMPLE,SYN-DOC-000191,2023-03-15,2026-03-15,DISCHARGED,REGISTERED_CHARGE,Synthetic mortgage simple recorded under TPA Sec 58/100 or Easements Act.
SYN-INT-000192,SYN-PARCEL-000192,MORTGAGE_EQUITABLE,SYN-DOC-000192,2018-03-15,,UNCERTAIN,REGISTERED_CHARGE,Synthetic mortgage equitable recorded under TPA Sec 58/100 or Easements Act.
SYN-INT-000193,SYN-PARCEL-000193,EASEMENT_RIGHT_OF_WAY,SYN-DOC-000193,2019-03-15,,ACTIVE,REGISTERED_CHARGE,Synthetic easement right of way recorded under TPA Sec 58/100 or Easements Act.
SYN-INT-000194,SYN-PARCEL-000194,STATUTORY_CHARGE,SYN-DOC-000194,2020-03-15,,ACTIVE,REGISTERED_CHARGE,Synthetic statutory charge recorded under TPA Sec 58/100 or Easements Act.
SYN-INT-000195,SYN-PARCEL-000195,ACQUISITION_NOTICE,SYN-DOC-000195,2021-03-15,2024-03-15,DISCHARGED,REGISTERED_CHARGE,Preliminary notification under RFCTLARR Act 2013 Section 11.
SYN-INT-000196,SYN-PARCEL-000196,MORTGAGE_SIMPLE,SYN-DOC-000196,2022-03-15,,UNCERTAIN,REGISTERED_CHARGE,Synthetic mortgage simple recorded under TPA Sec 58/100 or Easements Act.
SYN-INT-000197,SYN-PARCEL-000197,MORTGAGE_EQUITABLE,SYN-DOC-000197,2023-03-15,,ACTIVE,REGISTERED_CHARGE,Synthetic mortgage equitable recorded under TPA Sec 58/100 or Easements Act.
SYN-INT-000198,SYN-PARCEL-000198,EASEMENT_RIGHT_OF_WAY,SYN-DOC-000198,2018-03-15,,ACTIVE,REGISTERED_CHARGE,Synthetic easement right of way recorded under TPA Sec 58/100 or Easements Act.
SYN-INT-000199,SYN-PARCEL-000199,STATUTORY_CHARGE,SYN-DOC-000199,2019-03-15,2022-03-15,DISCHARGED,REGISTERED_CHARGE,Synthetic statutory charge recorded under TPA Sec 58/100 or Easements Act.
SYN-INT-000200,SYN-PARCEL-000200,ACQUISITION_NOTICE,SYN-DOC-000200,2020-03-15,,UNCERTAIN,REGISTERED_CHARGE,Preliminary notification under RFCTLARR Act 2013 Section 11.
SYN-INT-000201,SYN-PARCEL-000201,MORTGAGE_SIMPLE,SYN-DOC-000201,2021-03-15,,ACTIVE,REGISTERED_CHARGE,Synthetic mortgage simple recorded under TPA Sec 58/100 or Easements Act.
SYN-INT-000202,SYN-PARCEL-000202,MORTGAGE_EQUITABLE,SYN-DOC-000202,2022-03-15,,ACTIVE,REGISTERED_CHARGE,Synthetic mortgage equitable recorded under TPA Sec 58/100 or Easements Act.
SYN-INT-000203,SYN-PARCEL-000203,EASEMENT_RIGHT_OF_WAY,SYN-DOC-000203,2023-03-15,2026-03-15,DISCHARGED,REGISTERED_CHARGE,Synthetic easement right of way recorded under TPA Sec 58/100 or Easements Act.
SYN-INT-000204,SYN-PARCEL-000204,STATUTORY_CHARGE,SYN-DOC-000204,2018-03-15,,UNCERTAIN,REGISTERED_CHARGE,Synthetic statutory charge recorded under TPA Sec 58/100 or Easements Act.
SYN-INT-000205,SYN-PARCEL-000205,ACQUISITION_NOTICE,SYN-DOC-000205,2019-03-15,,ACTIVE,REGISTERED_CHARGE,Preliminary notification under RFCTLARR Act 2013 Section 11.
SYN-INT-000206,SYN-PARCEL-000206,MORTGAGE_SIMPLE,SYN-DOC-000206,2020-03-15,,ACTIVE,REGISTERED_CHARGE,Synthetic mortgage simple recorded under TPA Sec 58/100 or Easements Act.
SYN-INT-000207,SYN-PARCEL-000207,MORTGAGE_EQUITABLE,SYN-DOC-000207,2021-03-15,2024-03-15,DISCHARGED,REGISTERED_CHARGE,Synthetic mortgage equitable recorded under TPA Sec 58/100 or Easements Act.
SYN-INT-000208,SYN-PARCEL-000208,EASEMENT_RIGHT_OF_WAY,SYN-DOC-000208,2022-03-15,,UNCERTAIN,REGISTERED_CHARGE,Synthetic easement right of way recorded under TPA Sec 58/100 or Easements Act.
SYN-INT-000209,SYN-PARCEL-000209,STATUTORY_CHARGE,SYN-DOC-000209,2023-03-15,,ACTIVE,REGISTERED_CHARGE,Synthetic statutory charge recorded under TPA Sec 58/100 or Easements Act.
SYN-INT-000210,SYN-PARCEL-000210,ACQUISITION_NOTICE,SYN-DOC-000210,2018-03-15,,ACTIVE,REGISTERED_CHARGE,Preliminary notification under RFCTLARR Act 2013 Section 11.
SYN-INT-000211,SYN-PARCEL-000211,MORTGAGE_SIMPLE,SYN-DOC-000211,2019-03-15,2022-03-15,DISCHARGED,REGISTERED_CHARGE,Synthetic mortgage simple recorded under TPA Sec 58/100 or Easements Act.
SYN-INT-000212,SYN-PARCEL-000212,MORTGAGE_EQUITABLE,SYN-DOC-000212,2020-03-15,,UNCERTAIN,REGISTERED_CHARGE,Synthetic mortgage equitable recorded under TPA Sec 58/100 or Easements Act.
SYN-INT-000213,SYN-PARCEL-000213,EASEMENT_RIGHT_OF_WAY,SYN-DOC-000213,2021-03-15,,ACTIVE,REGISTERED_CHARGE,Synthetic easement right of way recorded under TPA Sec 58/100 or Easements Act.
SYN-INT-000214,SYN-PARCEL-000214,STATUTORY_CHARGE,SYN-DOC-000214,2022-03-15,,ACTIVE,REGISTERED_CHARGE,Synthetic statutory charge recorded under TPA Sec 58/100 or Easements Act.
SYN-INT-000215,SYN-PARCEL-000215,ACQUISITION_NOTICE,SYN-DOC-000215,2023-03-15,2026-03-15,DISCHARGED,REGISTERED_CHARGE,Preliminary notification under RFCTLARR Act 2013 Section 11.
SYN-INT-000216,SYN-PARCEL-000216,MORTGAGE_SIMPLE,SYN-DOC-000216,2018-03-15,,UNCERTAIN,REGISTERED_CHARGE,Synthetic mortgage simple recorded under TPA Sec 58/100 or Easements Act.
SYN-INT-000217,SYN-PARCEL-000217,MORTGAGE_EQUITABLE,SYN-DOC-000217,2019-03-15,,ACTIVE,REGISTERED_CHARGE,Synthetic mortgage equitable recorded under TPA Sec 58/100 or Easements Act.
SYN-INT-000218,SYN-PARCEL-000218,EASEMENT_RIGHT_OF_WAY,SYN-DOC-000218,2020-03-15,,ACTIVE,REGISTERED_CHARGE,Synthetic easement right of way recorded under TPA Sec 58/100 or Easements Act.
SYN-INT-000219,SYN-PARCEL-000219,STATUTORY_CHARGE,SYN-DOC-000219,2021-03-15,2024-03-15,DISCHARGED,REGISTERED_CHARGE,Synthetic statutory charge recorded under TPA Sec 58/100 or Easements Act.
SYN-INT-000220,SYN-PARCEL-000220,ACQUISITION_NOTICE,SYN-DOC-000220,2022-03-15,,UNCERTAIN,REGISTERED_CHARGE,Preliminary notification under RFCTLARR Act 2013 Section 11.
SYN-INT-000221,SYN-PARCEL-000221,MORTGAGE_SIMPLE,SYN-DOC-000221,2023-03-15,,ACTIVE,REGISTERED_CHARGE,Synthetic mortgage simple recorded under TPA Sec 58/100 or Easements Act.
SYN-INT-000222,SYN-PARCEL-000222,MORTGAGE_EQUITABLE,SYN-DOC-000222,2018-03-15,,ACTIVE,REGISTERED_CHARGE,Synthetic mortgage equitable recorded under TPA Sec 58/100 or Easements Act.
SYN-INT-000223,SYN-PARCEL-000223,EASEMENT_RIGHT_OF_WAY,SYN-DOC-000223,2019-03-15,2022-03-15,DISCHARGED,REGISTERED_CHARGE,Synthetic easement right of way recorded under TPA Sec 58/100 or Easements Act.
SYN-INT-000224,SYN-PARCEL-000224,STATUTORY_CHARGE,SYN-DOC-000224,2020-03-15,,UNCERTAIN,REGISTERED_CHARGE,Synthetic statutory charge recorded under TPA Sec 58/100 or Easements Act.
SYN-INT-000225,SYN-PARCEL-000225,ACQUISITION_NOTICE,SYN-DOC-000225,2021-03-15,,ACTIVE,REGISTERED_CHARGE,Preliminary notification under RFCTLARR Act 2013 Section 11.
SYN-INT-000226,SYN-PARCEL-000226,MORTGAGE_SIMPLE,SYN-DOC-000226,2022-03-15,,ACTIVE,REGISTERED_CHARGE,Synthetic mortgage simple recorded under TPA Sec 58/100 or Easements Act.
SYN-INT-000227,SYN-PARCEL-000227,MORTGAGE_EQUITABLE,SYN-DOC-000227,2023-03-15,2026-03-15,DISCHARGED,REGISTERED_CHARGE,Synthetic mortgage equitable recorded under TPA Sec 58/100 or Easements Act.
SYN-INT-000228,SYN-PARCEL-000228,EASEMENT_RIGHT_OF_WAY,SYN-DOC-000228,2018-03-15,,UNCERTAIN,REGISTERED_CHARGE,Synthetic easement right of way recorded under TPA Sec 58/100 or Easements Act.
SYN-INT-000229,SYN-PARCEL-000229,STATUTORY_CHARGE,SYN-DOC-000229,2019-03-15,,ACTIVE,REGISTERED_CHARGE,Synthetic statutory charge recorded under TPA Sec 58/100 or Easements Act.
SYN-INT-000230,SYN-PARCEL-000230,ACQUISITION_NOTICE,SYN-DOC-000230,2020-03-15,,ACTIVE,REGISTERED_CHARGE,Preliminary notification under RFCTLARR Act 2013 Section 11.
SYN-INT-000231,SYN-PARCEL-000231,MORTGAGE_SIMPLE,SYN-DOC-000231,2021-03-15,2024-03-15,DISCHARGED,REGISTERED_CHARGE,Synthetic mortgage simple recorded under TPA Sec 58/100 or Easements Act.
SYN-INT-000232,SYN-PARCEL-000232,MORTGAGE_EQUITABLE,SYN-DOC-000232,2022-03-15,,UNCERTAIN,REGISTERED_CHARGE,Synthetic mortgage equitable recorded under TPA Sec 58/100 or Easements Act.
SYN-INT-000233,SYN-PARCEL-000233,EASEMENT_RIGHT_OF_WAY,SYN-DOC-000233,2023-03-15,,ACTIVE,REGISTERED_CHARGE,Synthetic easement right of way recorded under TPA Sec 58/100 or Easements Act.
SYN-INT-000234,SYN-PARCEL-000234,STATUTORY_CHARGE,SYN-DOC-000234,2018-03-15,,ACTIVE,REGISTERED_CHARGE,Synthetic statutory charge recorded under TPA Sec 58/100 or Easements Act.
SYN-INT-000235,SYN-PARCEL-000235,ACQUISITION_NOTICE,SYN-DOC-000235,2019-03-15,2022-03-15,DISCHARGED,REGISTERED_CHARGE,Preliminary notification under RFCTLARR Act 2013 Section 11.
SYN-INT-000236,SYN-PARCEL-000236,MORTGAGE_SIMPLE,SYN-DOC-000236,2020-03-15,,UNCERTAIN,REGISTERED_CHARGE,Synthetic mortgage simple recorded under TPA Sec 58/100 or Easements Act.
SYN-INT-000237,SYN-PARCEL-000237,MORTGAGE_EQUITABLE,SYN-DOC-000237,2021-03-15,,ACTIVE,REGISTERED_CHARGE,Synthetic mortgage equitable recorded under TPA Sec 58/100 or Easements Act.
SYN-INT-000238,SYN-PARCEL-000238,EASEMENT_RIGHT_OF_WAY,SYN-DOC-000238,2022-03-15,,ACTIVE,REGISTERED_CHARGE,Synthetic easement right of way recorded under TPA Sec 58/100 or Easements Act.
SYN-INT-000239,SYN-PARCEL-000239,STATUTORY_CHARGE,SYN-DOC-000239,2023-03-15,2026-03-15,DISCHARGED,REGISTERED_CHARGE,Synthetic statutory charge recorded under TPA Sec 58/100 or Easements Act.
SYN-INT-000240,SYN-PARCEL-000240,ACQUISITION_NOTICE,SYN-DOC-000240,2018-03-15,,UNCERTAIN,REGISTERED_CHARGE,Preliminary notification under RFCTLARR Act 2013 Section 11.
SYN-INT-000241,SYN-PARCEL-000241,MORTGAGE_SIMPLE,SYN-DOC-000241,2019-03-15,,ACTIVE,REGISTERED_CHARGE,Synthetic mortgage simple recorded under TPA Sec 58/100 or Easements Act.
SYN-INT-000242,SYN-PARCEL-000242,MORTGAGE_EQUITABLE,SYN-DOC-000242,2020-03-15,,ACTIVE,REGISTERED_CHARGE,Synthetic mortgage equitable recorded under TPA Sec 58/100 or Easements Act.
SYN-INT-000243,SYN-PARCEL-000243,EASEMENT_RIGHT_OF_WAY,SYN-DOC-000243,2021-03-15,2024-03-15,DISCHARGED,REGISTERED_CHARGE,Synthetic easement right of way recorded under TPA Sec 58/100 or Easements Act.
SYN-INT-000244,SYN-PARCEL-000244,STATUTORY_CHARGE,SYN-DOC-000244,2022-03-15,,UNCERTAIN,REGISTERED_CHARGE,Synthetic statutory charge recorded under TPA Sec 58/100 or Easements Act.
SYN-INT-000245,SYN-PARCEL-000245,ACQUISITION_NOTICE,SYN-DOC-000245,2023-03-15,,ACTIVE,REGISTERED_CHARGE,Preliminary notification under RFCTLARR Act 2013 Section 11.
SYN-INT-000246,SYN-PARCEL-000246,MORTGAGE_SIMPLE,SYN-DOC-000246,2018-03-15,,ACTIVE,REGISTERED_CHARGE,Synthetic mortgage simple recorded under TPA Sec 58/100 or Easements Act.
SYN-INT-000247,SYN-PARCEL-000247,MORTGAGE_EQUITABLE,SYN-DOC-000247,2019-03-15,2022-03-15,DISCHARGED,REGISTERED_CHARGE,Synthetic mortgage equitable recorded under TPA Sec 58/100 or Easements Act.
SYN-INT-000248,SYN-PARCEL-000248,EASEMENT_RIGHT_OF_WAY,SYN-DOC-000248,2020-03-15,,UNCERTAIN,REGISTERED_CHARGE,Synthetic easement right of way recorded under TPA Sec 58/100 or Easements Act.
SYN-INT-000249,SYN-PARCEL-000249,STATUTORY_CHARGE,SYN-DOC-000249,2021-03-15,,ACTIVE,REGISTERED_CHARGE,Synthetic statutory charge recorded under TPA Sec 58/100 or Easements Act.
SYN-INT-000250,SYN-PARCEL-000250,ACQUISITION_NOTICE,SYN-DOC-000250,2022-03-15,,ACTIVE,REGISTERED_CHARGE,Preliminary notification under RFCTLARR Act 2013 Section 11.
SYN-INT-000251,SYN-PARCEL-000251,MORTGAGE_SIMPLE,SYN-DOC-000251,2023-03-15,2026-03-15,DISCHARGED,REGISTERED_CHARGE,Synthetic mortgage simple recorded under TPA Sec 58/100 or Easements Act.
SYN-INT-000252,SYN-PARCEL-000252,MORTGAGE_EQUITABLE,SYN-DOC-000252,2018-03-15,,UNCERTAIN,REGISTERED_CHARGE,Synthetic mortgage equitable recorded under TPA Sec 58/100 or Easements Act.
SYN-INT-000253,SYN-PARCEL-000253,EASEMENT_RIGHT_OF_WAY,SYN-DOC-000253,2019-03-15,,ACTIVE,REGISTERED_CHARGE,Synthetic easement right of way recorded under TPA Sec 58/100 or Easements Act.
SYN-INT-000254,SYN-PARCEL-000254,STATUTORY_CHARGE,SYN-DOC-000254,2020-03-15,,ACTIVE,REGISTERED_CHARGE,Synthetic statutory charge recorded under TPA Sec 58/100 or Easements Act.
SYN-INT-000255,SYN-PARCEL-000255,ACQUISITION_NOTICE,SYN-DOC-000255,2021-03-15,2024-03-15,DISCHARGED,REGISTERED_CHARGE,Preliminary notification under RFCTLARR Act 2013 Section 11.
SYN-INT-000256,SYN-PARCEL-000256,MORTGAGE_SIMPLE,SYN-DOC-000256,2022-03-15,,UNCERTAIN,REGISTERED_CHARGE,Synthetic mortgage simple recorded under TPA Sec 58/100 or Easements Act.
SYN-INT-000257,SYN-PARCEL-000257,MORTGAGE_EQUITABLE,SYN-DOC-000257,2023-03-15,,ACTIVE,REGISTERED_CHARGE,Synthetic mortgage equitable recorded under TPA Sec 58/100 or Easements Act.
SYN-INT-000258,SYN-PARCEL-000258,EASEMENT_RIGHT_OF_WAY,SYN-DOC-000258,2018-03-15,,ACTIVE,REGISTERED_CHARGE,Synthetic easement right of way recorded under TPA Sec 58/100 or Easements Act.
SYN-INT-000259,SYN-PARCEL-000259,STATUTORY_CHARGE,SYN-DOC-000259,2019-03-15,2022-03-15,DISCHARGED,REGISTERED_CHARGE,Synthetic statutory charge recorded under TPA Sec 58/100 or Easements Act.
SYN-INT-000260,SYN-PARCEL-000260,ACQUISITION_NOTICE,SYN-DOC-000260,2020-03-15,,UNCERTAIN,REGISTERED_CHARGE,Preliminary notification under RFCTLARR Act 2013 Section 11.
SYN-INT-000261,SYN-PARCEL-000261,MORTGAGE_SIMPLE,SYN-DOC-000261,2021-03-15,,ACTIVE,REGISTERED_CHARGE,Synthetic mortgage simple recorded under TPA Sec 58/100 or Easements Act.
SYN-INT-000262,SYN-PARCEL-000262,MORTGAGE_EQUITABLE,SYN-DOC-000262,2022-03-15,,ACTIVE,REGISTERED_CHARGE,Synthetic mortgage equitable recorded under TPA Sec 58/100 or Easements Act.
SYN-INT-000263,SYN-PARCEL-000263,EASEMENT_RIGHT_OF_WAY,SYN-DOC-000263,2023-03-15,2026-03-15,DISCHARGED,REGISTERED_CHARGE,Synthetic easement right of way recorded under TPA Sec 58/100 or Easements Act.
SYN-INT-000264,SYN-PARCEL-000264,STATUTORY_CHARGE,SYN-DOC-000264,2018-03-15,,UNCERTAIN,REGISTERED_CHARGE,Synthetic statutory charge recorded under TPA Sec 58/100 or Easements Act.
SYN-INT-000265,SYN-PARCEL-000265,ACQUISITION_NOTICE,SYN-DOC-000265,2019-03-15,,ACTIVE,REGISTERED_CHARGE,Preliminary notification under RFCTLARR Act 2013 Section 11.
SYN-INT-000266,SYN-PARCEL-000266,MORTGAGE_SIMPLE,SYN-DOC-000266,2020-03-15,,ACTIVE,REGISTERED_CHARGE,Synthetic mortgage simple recorded under TPA Sec 58/100 or Easements Act.
SYN-INT-000267,SYN-PARCEL-000267,MORTGAGE_EQUITABLE,SYN-DOC-000267,2021-03-15,2024-03-15,DISCHARGED,REGISTERED_CHARGE,Synthetic mortgage equitable recorded under TPA Sec 58/100 or Easements Act.
SYN-INT-000268,SYN-PARCEL-000268,EASEMENT_RIGHT_OF_WAY,SYN-DOC-000268,2022-03-15,,UNCERTAIN,REGISTERED_CHARGE,Synthetic easement right of way recorded under TPA Sec 58/100 or Easements Act.
SYN-INT-000269,SYN-PARCEL-000269,STATUTORY_CHARGE,SYN-DOC-000269,2023-03-15,,ACTIVE,REGISTERED_CHARGE,Synthetic statutory charge recorded under TPA Sec 58/100 or Easements Act.
SYN-INT-000270,SYN-PARCEL-000270,ACQUISITION_NOTICE,SYN-DOC-000270,2018-03-15,,ACTIVE,REGISTERED_CHARGE,Preliminary notification under RFCTLARR Act 2013 Section 11.
SYN-INT-000271,SYN-PARCEL-000271,MORTGAGE_SIMPLE,SYN-DOC-000271,2019-03-15,2022-03-15,DISCHARGED,REGISTERED_CHARGE,Synthetic mortgage simple recorded under TPA Sec 58/100 or Easements Act.
SYN-INT-000272,SYN-PARCEL-000272,MORTGAGE_EQUITABLE,SYN-DOC-000272,2020-03-15,,UNCERTAIN,REGISTERED_CHARGE,Synthetic mortgage equitable recorded under TPA Sec 58/100 or Easements Act.
SYN-INT-000273,SYN-PARCEL-000273,EASEMENT_RIGHT_OF_WAY,SYN-DOC-000273,2021-03-15,,ACTIVE,REGISTERED_CHARGE,Synthetic easement right of way recorded under TPA Sec 58/100 or Easements Act.
SYN-INT-000274,SYN-PARCEL-000274,STATUTORY_CHARGE,SYN-DOC-000274,2022-03-15,,ACTIVE,REGISTERED_CHARGE,Synthetic statutory charge recorded under TPA Sec 58/100 or Easements Act.
SYN-INT-000275,SYN-PARCEL-000275,ACQUISITION_NOTICE,SYN-DOC-000275,2023-03-15,2026-03-15,DISCHARGED,REGISTERED_CHARGE,Preliminary notification under RFCTLARR Act 2013 Section 11.
SYN-INT-000276,SYN-PARCEL-000276,MORTGAGE_SIMPLE,SYN-DOC-000276,2018-03-15,,UNCERTAIN,REGISTERED_CHARGE,Synthetic mortgage simple recorded under TPA Sec 58/100 or Easements Act.
SYN-INT-000277,SYN-PARCEL-000277,MORTGAGE_EQUITABLE,SYN-DOC-000277,2019-03-15,,ACTIVE,REGISTERED_CHARGE,Synthetic mortgage equitable recorded under TPA Sec 58/100 or Easements Act.
SYN-INT-000278,SYN-PARCEL-000278,EASEMENT_RIGHT_OF_WAY,SYN-DOC-000278,2020-03-15,,ACTIVE,REGISTERED_CHARGE,Synthetic easement right of way recorded under TPA Sec 58/100 or Easements Act.
SYN-INT-000279,SYN-PARCEL-000279,STATUTORY_CHARGE,SYN-DOC-000279,2021-03-15,2024-03-15,DISCHARGED,REGISTERED_CHARGE,Synthetic statutory charge recorded under TPA Sec 58/100 or Easements Act.
SYN-INT-000280,SYN-PARCEL-000280,ACQUISITION_NOTICE,SYN-DOC-000280,2022-03-15,,UNCERTAIN,REGISTERED_CHARGE,Preliminary notification under RFCTLARR Act 2013 Section 11.
SYN-INT-000281,SYN-PARCEL-000281,MORTGAGE_SIMPLE,SYN-DOC-000281,2023-03-15,,ACTIVE,REGISTERED_CHARGE,Synthetic mortgage simple recorded under TPA Sec 58/100 or Easements Act.
SYN-INT-000282,SYN-PARCEL-000282,MORTGAGE_EQUITABLE,SYN-DOC-000282,2018-03-15,,ACTIVE,REGISTERED_CHARGE,Synthetic mortgage equitable recorded under TPA Sec 58/100 or Easements Act.
SYN-INT-000283,SYN-PARCEL-000283,EASEMENT_RIGHT_OF_WAY,SYN-DOC-000283,2019-03-15,2022-03-15,DISCHARGED,REGISTERED_CHARGE,Synthetic easement right of way recorded under TPA Sec 58/100 or Easements Act.
SYN-INT-000284,SYN-PARCEL-000284,STATUTORY_CHARGE,SYN-DOC-000284,2020-03-15,,UNCERTAIN,REGISTERED_CHARGE,Synthetic statutory charge recorded under TPA Sec 58/100 or Easements Act.
SYN-INT-000285,SYN-PARCEL-000285,ACQUISITION_NOTICE,SYN-DOC-000285,2021-03-15,,ACTIVE,REGISTERED_CHARGE,Preliminary notification under RFCTLARR Act 2013 Section 11.
SYN-INT-000286,SYN-PARCEL-000286,MORTGAGE_SIMPLE,SYN-DOC-000286,2022-03-15,,ACTIVE,REGISTERED_CHARGE,Synthetic mortgage simple recorded under TPA Sec 58/100 or Easements Act.
SYN-INT-000287,SYN-PARCEL-000287,MORTGAGE_EQUITABLE,SYN-DOC-000287,2023-03-15,2026-03-15,DISCHARGED,REGISTERED_CHARGE,Synthetic mortgage equitable recorded under TPA Sec 58/100 or Easements Act.
SYN-INT-000288,SYN-PARCEL-000288,EASEMENT_RIGHT_OF_WAY,SYN-DOC-000288,2018-03-15,,UNCERTAIN,REGISTERED_CHARGE,Synthetic easement right of way recorded under TPA Sec 58/100 or Easements Act.
SYN-INT-000289,SYN-PARCEL-000289,STATUTORY_CHARGE,SYN-DOC-000289,2019-03-15,,ACTIVE,REGISTERED_CHARGE,Synthetic statutory charge recorded under TPA Sec 58/100 or Easements Act.
SYN-INT-000290,SYN-PARCEL-000290,ACQUISITION_NOTICE,SYN-DOC-000290,2020-03-15,,ACTIVE,REGISTERED_CHARGE,Preliminary notification under RFCTLARR Act 2013 Section 11.
SYN-INT-000291,SYN-PARCEL-000291,MORTGAGE_SIMPLE,SYN-DOC-000291,2021-03-15,2024-03-15,DISCHARGED,REGISTERED_CHARGE,Synthetic mortgage simple recorded under TPA Sec 58/100 or Easements Act.
SYN-INT-000292,SYN-PARCEL-000292,MORTGAGE_EQUITABLE,SYN-DOC-000292,2022-03-15,,UNCERTAIN,REGISTERED_CHARGE,Synthetic mortgage equitable recorded under TPA Sec 58/100 or Easements Act.
SYN-INT-000293,SYN-PARCEL-000293,EASEMENT_RIGHT_OF_WAY,SYN-DOC-000293,2023-03-15,,ACTIVE,REGISTERED_CHARGE,Synthetic easement right of way recorded under TPA Sec 58/100 or Easements Act.
SYN-INT-000294,SYN-PARCEL-000294,STATUTORY_CHARGE,SYN-DOC-000294,2018-03-15,,ACTIVE,REGISTERED_CHARGE,Synthetic statutory charge recorded under TPA Sec 58/100 or Easements Act.
SYN-INT-000295,SYN-PARCEL-000295,ACQUISITION_NOTICE,SYN-DOC-000295,2019-03-15,2022-03-15,DISCHARGED,REGISTERED_CHARGE,Preliminary notification under RFCTLARR Act 2013 Section 11.
SYN-INT-000296,SYN-PARCEL-000296,MORTGAGE_SIMPLE,SYN-DOC-000296,2020-03-15,,UNCERTAIN,REGISTERED_CHARGE,Synthetic mortgage simple recorded under TPA Sec 58/100 or Easements Act.
SYN-INT-000297,SYN-PARCEL-000297,MORTGAGE_EQUITABLE,SYN-DOC-000297,2021-03-15,,ACTIVE,REGISTERED_CHARGE,Synthetic mortgage equitable recorded under TPA Sec 58/100 or Easements Act.
SYN-INT-000298,SYN-PARCEL-000298,EASEMENT_RIGHT_OF_WAY,SYN-DOC-000298,2022-03-15,,ACTIVE,REGISTERED_CHARGE,Synthetic easement right of way recorded under TPA Sec 58/100 or Easements Act.
SYN-INT-000299,SYN-PARCEL-000299,STATUTORY_CHARGE,SYN-DOC-000299,2023-03-15,2026-03-15,DISCHARGED,REGISTERED_CHARGE,Synthetic statutory charge recorded under TPA Sec 58/100 or Easements Act.
SYN-INT-000300,SYN-PARCEL-000300,ACQUISITION_NOTICE,SYN-DOC-000300,2018-03-15,,UNCERTAIN,REGISTERED_CHARGE,Preliminary notification under RFCTLARR Act 2013 Section 11.
SYN-INT-000301,SYN-PARCEL-000301,MORTGAGE_SIMPLE,SYN-DOC-000301,2019-03-15,,ACTIVE,REGISTERED_CHARGE,Synthetic mortgage simple recorded under TPA Sec 58/100 or Easements Act.
SYN-INT-000302,SYN-PARCEL-000302,MORTGAGE_EQUITABLE,SYN-DOC-000302,2020-03-15,,ACTIVE,REGISTERED_CHARGE,Synthetic mortgage equitable recorded under TPA Sec 58/100 or Easements Act.
SYN-INT-000303,SYN-PARCEL-000303,EASEMENT_RIGHT_OF_WAY,SYN-DOC-000303,2021-03-15,2024-03-15,DISCHARGED,REGISTERED_CHARGE,Synthetic easement right of way recorded under TPA Sec 58/100 or Easements Act.
SYN-INT-000304,SYN-PARCEL-000304,STATUTORY_CHARGE,SYN-DOC-000304,2022-03-15,,UNCERTAIN,REGISTERED_CHARGE,Synthetic statutory charge recorded under TPA Sec 58/100 or Easements Act.
SYN-INT-000305,SYN-PARCEL-000305,ACQUISITION_NOTICE,SYN-DOC-000305,2023-03-15,,ACTIVE,REGISTERED_CHARGE,Preliminary notification under RFCTLARR Act 2013 Section 11.
SYN-INT-000306,SYN-PARCEL-000306,MORTGAGE_SIMPLE,SYN-DOC-000306,2018-03-15,,ACTIVE,REGISTERED_CHARGE,Synthetic mortgage simple recorded under TPA Sec 58/100 or Easements Act.
SYN-INT-000307,SYN-PARCEL-000307,MORTGAGE_EQUITABLE,SYN-DOC-000307,2019-03-15,2022-03-15,DISCHARGED,REGISTERED_CHARGE,Synthetic mortgage equitable recorded under TPA Sec 58/100 or Easements Act.
SYN-INT-000308,SYN-PARCEL-000308,EASEMENT_RIGHT_OF_WAY,SYN-DOC-000308,2020-03-15,,UNCERTAIN,REGISTERED_CHARGE,Synthetic easement right of way recorded under TPA Sec 58/100 or Easements Act.
SYN-INT-000309,SYN-PARCEL-000309,STATUTORY_CHARGE,SYN-DOC-000309,2021-03-15,,ACTIVE,REGISTERED_CHARGE,Synthetic statutory charge recorded under TPA Sec 58/100 or Easements Act.
SYN-INT-000310,SYN-PARCEL-000310,ACQUISITION_NOTICE,SYN-DOC-000310,2022-03-15,,ACTIVE,REGISTERED_CHARGE,Preliminary notification under RFCTLARR Act 2013 Section 11.
SYN-INT-000311,SYN-PARCEL-000311,MORTGAGE_SIMPLE,SYN-DOC-000311,2023-03-15,2026-03-15,DISCHARGED,REGISTERED_CHARGE,Synthetic mortgage simple recorded under TPA Sec 58/100 or Easements Act.
SYN-INT-000312,SYN-PARCEL-000312,MORTGAGE_EQUITABLE,SYN-DOC-000312,2018-03-15,,UNCERTAIN,REGISTERED_CHARGE,Synthetic mortgage equitable recorded under TPA Sec 58/100 or Easements Act.
SYN-INT-000313,SYN-PARCEL-000313,EASEMENT_RIGHT_OF_WAY,SYN-DOC-000313,2019-03-15,,ACTIVE,REGISTERED_CHARGE,Synthetic easement right of way recorded under TPA Sec 58/100 or Easements Act.
SYN-INT-000314,SYN-PARCEL-000314,STATUTORY_CHARGE,SYN-DOC-000314,2020-03-15,,ACTIVE,REGISTERED_CHARGE,Synthetic statutory charge recorded under TPA Sec 58/100 or Easements Act.
SYN-INT-000315,SYN-PARCEL-000315,ACQUISITION_NOTICE,SYN-DOC-000315,2021-03-15,2024-03-15,DISCHARGED,REGISTERED_CHARGE,Preliminary notification under RFCTLARR Act 2013 Section 11.
SYN-INT-000316,SYN-PARCEL-000316,MORTGAGE_SIMPLE,SYN-DOC-000316,2022-03-15,,UNCERTAIN,REGISTERED_CHARGE,Synthetic mortgage simple recorded under TPA Sec 58/100 or Easements Act.
SYN-INT-000317,SYN-PARCEL-000317,MORTGAGE_EQUITABLE,SYN-DOC-000317,2023-03-15,,ACTIVE,REGISTERED_CHARGE,Synthetic mortgage equitable recorded under TPA Sec 58/100 or Easements Act.
SYN-INT-000318,SYN-PARCEL-000318,EASEMENT_RIGHT_OF_WAY,SYN-DOC-000318,2018-03-15,,ACTIVE,REGISTERED_CHARGE,Synthetic easement right of way recorded under TPA Sec 58/100 or Easements Act.
SYN-INT-000319,SYN-PARCEL-000319,STATUTORY_CHARGE,SYN-DOC-000319,2019-03-15,2022-03-15,DISCHARGED,REGISTERED_CHARGE,Synthetic statutory charge recorded under TPA Sec 58/100 or Easements Act.
SYN-INT-000320,SYN-PARCEL-000320,ACQUISITION_NOTICE,SYN-DOC-000320,2020-03-15,,UNCERTAIN,REGISTERED_CHARGE,Preliminary notification under RFCTLARR Act 2013 Section 11.
SYN-INT-000321,SYN-PARCEL-000321,MORTGAGE_SIMPLE,SYN-DOC-000321,2021-03-15,,ACTIVE,REGISTERED_CHARGE,Synthetic mortgage simple recorded under TPA Sec 58/100 or Easements Act.
SYN-INT-000322,SYN-PARCEL-000322,MORTGAGE_EQUITABLE,SYN-DOC-000322,2022-03-15,,ACTIVE,REGISTERED_CHARGE,Synthetic mortgage equitable recorded under TPA Sec 58/100 or Easements Act.
SYN-INT-000323,SYN-PARCEL-000323,EASEMENT_RIGHT_OF_WAY,SYN-DOC-000323,2023-03-15,2026-03-15,DISCHARGED,REGISTERED_CHARGE,Synthetic easement right of way recorded under TPA Sec 58/100 or Easements Act.
SYN-INT-000324,SYN-PARCEL-000324,STATUTORY_CHARGE,SYN-DOC-000324,2018-03-15,,UNCERTAIN,REGISTERED_CHARGE,Synthetic statutory charge recorded under TPA Sec 58/100 or Easements Act.
SYN-INT-000325,SYN-PARCEL-000325,ACQUISITION_NOTICE,SYN-DOC-000325,2019-03-15,,ACTIVE,REGISTERED_CHARGE,Preliminary notification under RFCTLARR Act 2013 Section 11.
SYN-INT-000326,SYN-PARCEL-000326,MORTGAGE_SIMPLE,SYN-DOC-000326,2020-03-15,,ACTIVE,REGISTERED_CHARGE,Synthetic mortgage simple recorded under TPA Sec 58/100 or Easements Act.
SYN-INT-000327,SYN-PARCEL-000327,MORTGAGE_EQUITABLE,SYN-DOC-000327,2021-03-15,2024-03-15,DISCHARGED,REGISTERED_CHARGE,Synthetic mortgage equitable recorded under TPA Sec 58/100 or Easements Act.
SYN-INT-000328,SYN-PARCEL-000328,EASEMENT_RIGHT_OF_WAY,SYN-DOC-000328,2022-03-15,,UNCERTAIN,REGISTERED_CHARGE,Synthetic easement right of way recorded under TPA Sec 58/100 or Easements Act.
SYN-INT-000329,SYN-PARCEL-000329,STATUTORY_CHARGE,SYN-DOC-000329,2023-03-15,,ACTIVE,REGISTERED_CHARGE,Synthetic statutory charge recorded under TPA Sec 58/100 or Easements Act.
SYN-INT-000330,SYN-PARCEL-000330,ACQUISITION_NOTICE,SYN-DOC-000330,2018-03-15,,ACTIVE,REGISTERED_CHARGE,Preliminary notification under RFCTLARR Act 2013 Section 11.
SYN-INT-000331,SYN-PARCEL-000331,MORTGAGE_SIMPLE,SYN-DOC-000331,2019-03-15,2022-03-15,DISCHARGED,REGISTERED_CHARGE,Synthetic mortgage simple recorded under TPA Sec 58/100 or Easements Act.
SYN-INT-000332,SYN-PARCEL-000332,MORTGAGE_EQUITABLE,SYN-DOC-000332,2020-03-15,,UNCERTAIN,REGISTERED_CHARGE,Synthetic mortgage equitable recorded under TPA Sec 58/100 or Easements Act.
SYN-INT-000333,SYN-PARCEL-000333,EASEMENT_RIGHT_OF_WAY,SYN-DOC-000333,2021-03-15,,ACTIVE,REGISTERED_CHARGE,Synthetic easement right of way recorded under TPA Sec 58/100 or Easements Act.
SYN-INT-000334,SYN-PARCEL-000334,STATUTORY_CHARGE,SYN-DOC-000334,2022-03-15,,ACTIVE,REGISTERED_CHARGE,Synthetic statutory charge recorded under TPA Sec 58/100 or Easements Act.
SYN-INT-000335,SYN-PARCEL-000335,ACQUISITION_NOTICE,SYN-DOC-000335,2023-03-15,2026-03-15,DISCHARGED,REGISTERED_CHARGE,Preliminary notification under RFCTLARR Act 2013 Section 11.
SYN-INT-000336,SYN-PARCEL-000336,MORTGAGE_SIMPLE,SYN-DOC-000336,2018-03-15,,UNCERTAIN,REGISTERED_CHARGE,Synthetic mortgage simple recorded under TPA Sec 58/100 or Easements Act.
SYN-INT-000337,SYN-PARCEL-000337,MORTGAGE_EQUITABLE,SYN-DOC-000337,2019-03-15,,ACTIVE,REGISTERED_CHARGE,Synthetic mortgage equitable recorded under TPA Sec 58/100 or Easements Act.
SYN-INT-000338,SYN-PARCEL-000338,EASEMENT_RIGHT_OF_WAY,SYN-DOC-000338,2020-03-15,,ACTIVE,REGISTERED_CHARGE,Synthetic easement right of way recorded under TPA Sec 58/100 or Easements Act.
SYN-INT-000339,SYN-PARCEL-000339,STATUTORY_CHARGE,SYN-DOC-000339,2021-03-15,2024-03-15,DISCHARGED,REGISTERED_CHARGE,Synthetic statutory charge recorded under TPA Sec 58/100 or Easements Act.
SYN-INT-000340,SYN-PARCEL-000340,ACQUISITION_NOTICE,SYN-DOC-000340,2022-03-15,,UNCERTAIN,REGISTERED_CHARGE,Preliminary notification under RFCTLARR Act 2013 Section 11.
SYN-INT-000341,SYN-PARCEL-000341,MORTGAGE_SIMPLE,SYN-DOC-000341,2023-03-15,,ACTIVE,REGISTERED_CHARGE,Synthetic mortgage simple recorded under TPA Sec 58/100 or Easements Act.
SYN-INT-000342,SYN-PARCEL-000342,MORTGAGE_EQUITABLE,SYN-DOC-000342,2018-03-15,,ACTIVE,REGISTERED_CHARGE,Synthetic mortgage equitable recorded under TPA Sec 58/100 or Easements Act.
SYN-INT-000343,SYN-PARCEL-000343,EASEMENT_RIGHT_OF_WAY,SYN-DOC-000343,2019-03-15,2022-03-15,DISCHARGED,REGISTERED_CHARGE,Synthetic easement right of way recorded under TPA Sec 58/100 or Easements Act.
SYN-INT-000344,SYN-PARCEL-000344,STATUTORY_CHARGE,SYN-DOC-000344,2020-03-15,,UNCERTAIN,REGISTERED_CHARGE,Synthetic statutory charge recorded under TPA Sec 58/100 or Easements Act.
SYN-INT-000345,SYN-PARCEL-000345,ACQUISITION_NOTICE,SYN-DOC-000345,2021-03-15,,ACTIVE,REGISTERED_CHARGE,Preliminary notification under RFCTLARR Act 2013 Section 11.
SYN-INT-000346,SYN-PARCEL-000346,MORTGAGE_SIMPLE,SYN-DOC-000346,2022-03-15,,ACTIVE,REGISTERED_CHARGE,Synthetic mortgage simple recorded under TPA Sec 58/100 or Easements Act.
SYN-INT-000347,SYN-PARCEL-000347,MORTGAGE_EQUITABLE,SYN-DOC-000347,2023-03-15,2026-03-15,DISCHARGED,REGISTERED_CHARGE,Synthetic mortgage equitable recorded under TPA Sec 58/100 or Easements Act.
SYN-INT-000348,SYN-PARCEL-000348,EASEMENT_RIGHT_OF_WAY,SYN-DOC-000348,2018-03-15,,UNCERTAIN,REGISTERED_CHARGE,Synthetic easement right of way recorded under TPA Sec 58/100 or Easements Act.
SYN-INT-000349,SYN-PARCEL-000349,STATUTORY_CHARGE,SYN-DOC-000349,2019-03-15,,ACTIVE,REGISTERED_CHARGE,Synthetic statutory charge recorded under TPA Sec 58/100 or Easements Act.
SYN-INT-000350,SYN-PARCEL-000350,ACQUISITION_NOTICE,SYN-DOC-000350,2020-03-15,,ACTIVE,REGISTERED_CHARGE,Preliminary notification under RFCTLARR Act 2013 Section 11.
SYN-INT-000351,SYN-PARCEL-000351,MORTGAGE_SIMPLE,SYN-DOC-000351,2021-03-15,2024-03-15,DISCHARGED,REGISTERED_CHARGE,Synthetic mortgage simple recorded under TPA Sec 58/100 or Easements Act.
SYN-INT-000352,SYN-PARCEL-000352,MORTGAGE_EQUITABLE,SYN-DOC-000352,2022-03-15,,UNCERTAIN,REGISTERED_CHARGE,Synthetic mortgage equitable recorded under TPA Sec 58/100 or Easements Act.
SYN-INT-000353,SYN-PARCEL-000353,EASEMENT_RIGHT_OF_WAY,SYN-DOC-000353,2023-03-15,,ACTIVE,REGISTERED_CHARGE,Synthetic easement right of way recorded under TPA Sec 58/100 or Easements Act.
SYN-INT-000354,SYN-PARCEL-000354,STATUTORY_CHARGE,SYN-DOC-000354,2018-03-15,,ACTIVE,REGISTERED_CHARGE,Synthetic statutory charge recorded under TPA Sec 58/100 or Easements Act.
SYN-INT-000355,SYN-PARCEL-000355,ACQUISITION_NOTICE,SYN-DOC-000355,2019-03-15,2022-03-15,DISCHARGED,REGISTERED_CHARGE,Preliminary notification under RFCTLARR Act 2013 Section 11.
SYN-INT-000356,SYN-PARCEL-000356,MORTGAGE_SIMPLE,SYN-DOC-000356,2020-03-15,,UNCERTAIN,REGISTERED_CHARGE,Synthetic mortgage simple recorded under TPA Sec 58/100 or Easements Act.
SYN-INT-000357,SYN-PARCEL-000357,MORTGAGE_EQUITABLE,SYN-DOC-000357,2021-03-15,,ACTIVE,REGISTERED_CHARGE,Synthetic mortgage equitable recorded under TPA Sec 58/100 or Easements Act.
SYN-INT-000358,SYN-PARCEL-000358,EASEMENT_RIGHT_OF_WAY,SYN-DOC-000358,2022-03-15,,ACTIVE,REGISTERED_CHARGE,Synthetic easement right of way recorded under TPA Sec 58/100 or Easements Act.
SYN-INT-000359,SYN-PARCEL-000359,STATUTORY_CHARGE,SYN-DOC-000359,2023-03-15,2026-03-15,DISCHARGED,REGISTERED_CHARGE,Synthetic statutory charge recorded under TPA Sec 58/100 or Easements Act.
SYN-INT-000360,SYN-PARCEL-000360,ACQUISITION_NOTICE,SYN-DOC-000360,2018-03-15,,UNCERTAIN,REGISTERED_CHARGE,Preliminary notification under RFCTLARR Act 2013 Section 11.
SYN-INT-000361,SYN-PARCEL-000361,MORTGAGE_SIMPLE,SYN-DOC-000361,2019-03-15,,ACTIVE,REGISTERED_CHARGE,Synthetic mortgage simple recorded under TPA Sec 58/100 or Easements Act.
SYN-INT-000362,SYN-PARCEL-000362,MORTGAGE_EQUITABLE,SYN-DOC-000362,2020-03-15,,ACTIVE,REGISTERED_CHARGE,Synthetic mortgage equitable recorded under TPA Sec 58/100 or Easements Act.
SYN-INT-000363,SYN-PARCEL-000363,EASEMENT_RIGHT_OF_WAY,SYN-DOC-000363,2021-03-15,2024-03-15,DISCHARGED,REGISTERED_CHARGE,Synthetic easement right of way recorded under TPA Sec 58/100 or Easements Act.
SYN-INT-000364,SYN-PARCEL-000364,STATUTORY_CHARGE,SYN-DOC-000364,2022-03-15,,UNCERTAIN,REGISTERED_CHARGE,Synthetic statutory charge recorded under TPA Sec 58/100 or Easements Act.
SYN-INT-000365,SYN-PARCEL-000365,ACQUISITION_NOTICE,SYN-DOC-000365,2023-03-15,,ACTIVE,REGISTERED_CHARGE,Preliminary notification under RFCTLARR Act 2013 Section 11.
SYN-INT-000366,SYN-PARCEL-000366,MORTGAGE_SIMPLE,SYN-DOC-000366,2018-03-15,,ACTIVE,REGISTERED_CHARGE,Synthetic mortgage simple recorded under TPA Sec 58/100 or Easements Act.
SYN-INT-000367,SYN-PARCEL-000367,MORTGAGE_EQUITABLE,SYN-DOC-000367,2019-03-15,2022-03-15,DISCHARGED,REGISTERED_CHARGE,Synthetic mortgage equitable recorded under TPA Sec 58/100 or Easements Act.
SYN-INT-000368,SYN-PARCEL-000368,EASEMENT_RIGHT_OF_WAY,SYN-DOC-000368,2020-03-15,,UNCERTAIN,REGISTERED_CHARGE,Synthetic easement right of way recorded under TPA Sec 58/100 or Easements Act.
SYN-INT-000369,SYN-PARCEL-000369,STATUTORY_CHARGE,SYN-DOC-000369,2021-03-15,,ACTIVE,REGISTERED_CHARGE,Synthetic statutory charge recorded under TPA Sec 58/100 or Easements Act.
SYN-INT-000370,SYN-PARCEL-000370,ACQUISITION_NOTICE,SYN-DOC-000370,2022-03-15,,ACTIVE,REGISTERED_CHARGE,Preliminary notification under RFCTLARR Act 2013 Section 11.
SYN-INT-000371,SYN-PARCEL-000371,MORTGAGE_SIMPLE,SYN-DOC-000371,2023-03-15,2026-03-15,DISCHARGED,REGISTERED_CHARGE,Synthetic mortgage simple recorded under TPA Sec 58/100 or Easements Act.
SYN-INT-000372,SYN-PARCEL-000372,MORTGAGE_EQUITABLE,SYN-DOC-000372,2018-03-15,,UNCERTAIN,REGISTERED_CHARGE,Synthetic mortgage equitable recorded under TPA Sec 58/100 or Easements Act.
SYN-INT-000373,SYN-PARCEL-000373,EASEMENT_RIGHT_OF_WAY,SYN-DOC-000373,2019-03-15,,ACTIVE,REGISTERED_CHARGE,Synthetic easement right of way recorded under TPA Sec 58/100 or Easements Act.
SYN-INT-000374,SYN-PARCEL-000374,STATUTORY_CHARGE,SYN-DOC-000374,2020-03-15,,ACTIVE,REGISTERED_CHARGE,Synthetic statutory charge recorded under TPA Sec 58/100 or Easements Act.
SYN-INT-000375,SYN-PARCEL-000375,ACQUISITION_NOTICE,SYN-DOC-000375,2021-03-15,2024-03-15,DISCHARGED,REGISTERED_CHARGE,Preliminary notification under RFCTLARR Act 2013 Section 11.
SYN-INT-000376,SYN-PARCEL-000376,MORTGAGE_SIMPLE,SYN-DOC-000376,2022-03-15,,UNCERTAIN,REGISTERED_CHARGE,Synthetic mortgage simple recorded under TPA Sec 58/100 or Easements Act.
SYN-INT-000377,SYN-PARCEL-000377,MORTGAGE_EQUITABLE,SYN-DOC-000377,2023-03-15,,ACTIVE,REGISTERED_CHARGE,Synthetic mortgage equitable recorded under TPA Sec 58/100 or Easements Act.
SYN-INT-000378,SYN-PARCEL-000378,EASEMENT_RIGHT_OF_WAY,SYN-DOC-000378,2018-03-15,,ACTIVE,REGISTERED_CHARGE,Synthetic easement right of way recorded under TPA Sec 58/100 or Easements Act.
SYN-INT-000379,SYN-PARCEL-000379,STATUTORY_CHARGE,SYN-DOC-000379,2019-03-15,2022-03-15,DISCHARGED,REGISTERED_CHARGE,Synthetic statutory charge recorded under TPA Sec 58/100 or Easements Act.
SYN-INT-000380,SYN-PARCEL-000380,ACQUISITION_NOTICE,SYN-DOC-000380,2020-03-15,,UNCERTAIN,REGISTERED_CHARGE,Preliminary notification under RFCTLARR Act 2013 Section 11.
SYN-INT-000381,SYN-PARCEL-000381,MORTGAGE_SIMPLE,SYN-DOC-000381,2021-03-15,,ACTIVE,REGISTERED_CHARGE,Synthetic mortgage simple recorded under TPA Sec 58/100 or Easements Act.
SYN-INT-000382,SYN-PARCEL-000382,MORTGAGE_EQUITABLE,SYN-DOC-000382,2022-03-15,,ACTIVE,REGISTERED_CHARGE,Synthetic mortgage equitable recorded under TPA Sec 58/100 or Easements Act.
SYN-INT-000383,SYN-PARCEL-000383,EASEMENT_RIGHT_OF_WAY,SYN-DOC-000383,2023-03-15,2026-03-15,DISCHARGED,REGISTERED_CHARGE,Synthetic easement right of way recorded under TPA Sec 58/100 or Easements Act.
SYN-INT-000384,SYN-PARCEL-000384,STATUTORY_CHARGE,SYN-DOC-000384,2018-03-15,,UNCERTAIN,REGISTERED_CHARGE,Synthetic statutory charge recorded under TPA Sec 58/100 or Easements Act.
SYN-INT-000385,SYN-PARCEL-000385,ACQUISITION_NOTICE,SYN-DOC-000385,2019-03-15,,ACTIVE,REGISTERED_CHARGE,Preliminary notification under RFCTLARR Act 2013 Section 11.
SYN-INT-000386,SYN-PARCEL-000386,MORTGAGE_SIMPLE,SYN-DOC-000386,2020-03-15,,ACTIVE,REGISTERED_CHARGE,Synthetic mortgage simple recorded under TPA Sec 58/100 or Easements Act.
SYN-INT-000387,SYN-PARCEL-000387,MORTGAGE_EQUITABLE,SYN-DOC-000387,2021-03-15,2024-03-15,DISCHARGED,REGISTERED_CHARGE,Synthetic mortgage equitable recorded under TPA Sec 58/100 or Easements Act.
SYN-INT-000388,SYN-PARCEL-000388,EASEMENT_RIGHT_OF_WAY,SYN-DOC-000388,2022-03-15,,UNCERTAIN,REGISTERED_CHARGE,Synthetic easement right of way recorded under TPA Sec 58/100 or Easements Act.
SYN-INT-000389,SYN-PARCEL-000389,STATUTORY_CHARGE,SYN-DOC-000389,2023-03-15,,ACTIVE,REGISTERED_CHARGE,Synthetic statutory charge recorded under TPA Sec 58/100 or Easements Act.
SYN-INT-000390,SYN-PARCEL-000390,ACQUISITION_NOTICE,SYN-DOC-000390,2018-03-15,,ACTIVE,REGISTERED_CHARGE,Preliminary notification under RFCTLARR Act 2013 Section 11.
SYN-INT-000391,SYN-PARCEL-000391,MORTGAGE_SIMPLE,SYN-DOC-000391,2019-03-15,2022-03-15,DISCHARGED,REGISTERED_CHARGE,Synthetic mortgage simple recorded under TPA Sec 58/100 or Easements Act.
SYN-INT-000392,SYN-PARCEL-000392,MORTGAGE_EQUITABLE,SYN-DOC-000392,2020-03-15,,UNCERTAIN,REGISTERED_CHARGE,Synthetic mortgage equitable recorded under TPA Sec 58/100 or Easements Act.
SYN-INT-000393,SYN-PARCEL-000393,EASEMENT_RIGHT_OF_WAY,SYN-DOC-000393,2021-03-15,,ACTIVE,REGISTERED_CHARGE,Synthetic easement right of way recorded under TPA Sec 58/100 or Easements Act.
SYN-INT-000394,SYN-PARCEL-000394,STATUTORY_CHARGE,SYN-DOC-000394,2022-03-15,,ACTIVE,REGISTERED_CHARGE,Synthetic statutory charge recorded under TPA Sec 58/100 or Easements Act.
SYN-INT-000395,SYN-PARCEL-000395,ACQUISITION_NOTICE,SYN-DOC-000395,2023-03-15,2026-03-15,DISCHARGED,REGISTERED_CHARGE,Preliminary notification under RFCTLARR Act 2013 Section 11.
SYN-INT-000396,SYN-PARCEL-000396,MORTGAGE_SIMPLE,SYN-DOC-000396,2018-03-15,,UNCERTAIN,REGISTERED_CHARGE,Synthetic mortgage simple recorded under TPA Sec 58/100 or Easements Act.
SYN-INT-000397,SYN-PARCEL-000397,MORTGAGE_EQUITABLE,SYN-DOC-000397,2019-03-15,,ACTIVE,REGISTERED_CHARGE,Synthetic mortgage equitable recorded under TPA Sec 58/100 or Easements Act.
SYN-INT-000398,SYN-PARCEL-000398,EASEMENT_RIGHT_OF_WAY,SYN-DOC-000398,2020-03-15,,ACTIVE,REGISTERED_CHARGE,Synthetic easement right of way recorded under TPA Sec 58/100 or Easements Act.
SYN-INT-000399,SYN-PARCEL-000399,STATUTORY_CHARGE,SYN-DOC-000399,2021-03-15,2024-03-15,DISCHARGED,REGISTERED_CHARGE,Synthetic statutory charge recorded under TPA Sec 58/100 or Easements Act.
SYN-INT-000400,SYN-PARCEL-000400,ACQUISITION_NOTICE,SYN-DOC-000400,2022-03-15,,UNCERTAIN,REGISTERED_CHARGE,Preliminary notification under RFCTLARR Act 2013 Section 11.
SYN-INT-000401,SYN-PARCEL-000401,MORTGAGE_SIMPLE,SYN-DOC-000401,2023-03-15,,ACTIVE,REGISTERED_CHARGE,Synthetic mortgage simple recorded under TPA Sec 58/100 or Easements Act.
SYN-INT-000402,SYN-PARCEL-000402,MORTGAGE_EQUITABLE,SYN-DOC-000402,2018-03-15,,ACTIVE,REGISTERED_CHARGE,Synthetic mortgage equitable recorded under TPA Sec 58/100 or Easements Act.
SYN-INT-000403,SYN-PARCEL-000403,EASEMENT_RIGHT_OF_WAY,SYN-DOC-000403,2019-03-15,2022-03-15,DISCHARGED,REGISTERED_CHARGE,Synthetic easement right of way recorded under TPA Sec 58/100 or Easements Act.
SYN-INT-000404,SYN-PARCEL-000404,STATUTORY_CHARGE,SYN-DOC-000404,2020-03-15,,UNCERTAIN,REGISTERED_CHARGE,Synthetic statutory charge recorded under TPA Sec 58/100 or Easements Act.
SYN-INT-000405,SYN-PARCEL-000405,ACQUISITION_NOTICE,SYN-DOC-000405,2021-03-15,,ACTIVE,REGISTERED_CHARGE,Preliminary notification under RFCTLARR Act 2013 Section 11.
SYN-INT-000406,SYN-PARCEL-000406,MORTGAGE_SIMPLE,SYN-DOC-000406,2022-03-15,,ACTIVE,REGISTERED_CHARGE,Synthetic mortgage simple recorded under TPA Sec 58/100 or Easements Act.
SYN-INT-000407,SYN-PARCEL-000407,MORTGAGE_EQUITABLE,SYN-DOC-000407,2023-03-15,2026-03-15,DISCHARGED,REGISTERED_CHARGE,Synthetic mortgage equitable recorded under TPA Sec 58/100 or Easements Act.
SYN-INT-000408,SYN-PARCEL-000408,EASEMENT_RIGHT_OF_WAY,SYN-DOC-000408,2018-03-15,,UNCERTAIN,REGISTERED_CHARGE,Synthetic easement right of way recorded under TPA Sec 58/100 or Easements Act.
SYN-INT-000409,SYN-PARCEL-000409,STATUTORY_CHARGE,SYN-DOC-000409,2019-03-15,,ACTIVE,REGISTERED_CHARGE,Synthetic statutory charge recorded under TPA Sec 58/100 or Easements Act.
SYN-INT-000410,SYN-PARCEL-000410,ACQUISITION_NOTICE,SYN-DOC-000410,2020-03-15,,ACTIVE,REGISTERED_CHARGE,Preliminary notification under RFCTLARR Act 2013 Section 11.
SYN-INT-000411,SYN-PARCEL-000411,MORTGAGE_SIMPLE,SYN-DOC-000411,2021-03-15,2024-03-15,DISCHARGED,REGISTERED_CHARGE,Synthetic mortgage simple recorded under TPA Sec 58/100 or Easements Act.
SYN-INT-000412,SYN-PARCEL-000412,MORTGAGE_EQUITABLE,SYN-DOC-000412,2022-03-15,,UNCERTAIN,REGISTERED_CHARGE,Synthetic mortgage equitable recorded under TPA Sec 58/100 or Easements Act.
SYN-INT-000413,SYN-PARCEL-000413,EASEMENT_RIGHT_OF_WAY,SYN-DOC-000413,2023-03-15,,ACTIVE,REGISTERED_CHARGE,Synthetic easement right of way recorded under TPA Sec 58/100 or Easements Act.
SYN-INT-000414,SYN-PARCEL-000414,STATUTORY_CHARGE,SYN-DOC-000414,2018-03-15,,ACTIVE,REGISTERED_CHARGE,Synthetic statutory charge recorded under TPA Sec 58/100 or Easements Act.
SYN-INT-000415,SYN-PARCEL-000415,ACQUISITION_NOTICE,SYN-DOC-000415,2019-03-15,2022-03-15,DISCHARGED,REGISTERED_CHARGE,Preliminary notification under RFCTLARR Act 2013 Section 11.
SYN-INT-000416,SYN-PARCEL-000416,MORTGAGE_SIMPLE,SYN-DOC-000416,2020-03-15,,UNCERTAIN,REGISTERED_CHARGE,Synthetic mortgage simple recorded under TPA Sec 58/100 or Easements Act.
SYN-INT-000417,SYN-PARCEL-000417,MORTGAGE_EQUITABLE,SYN-DOC-000417,2021-03-15,,ACTIVE,REGISTERED_CHARGE,Synthetic mortgage equitable recorded under TPA Sec 58/100 or Easements Act.
SYN-INT-000418,SYN-PARCEL-000418,EASEMENT_RIGHT_OF_WAY,SYN-DOC-000418,2022-03-15,,ACTIVE,REGISTERED_CHARGE,Synthetic easement right of way recorded under TPA Sec 58/100 or Easements Act.
SYN-INT-000419,SYN-PARCEL-000419,STATUTORY_CHARGE,SYN-DOC-000419,2023-03-15,2026-03-15,DISCHARGED,REGISTERED_CHARGE,Synthetic statutory charge recorded under TPA Sec 58/100 or Easements Act.
SYN-INT-000420,SYN-PARCEL-000420,ACQUISITION_NOTICE,SYN-DOC-000420,2018-03-15,,UNCERTAIN,REGISTERED_CHARGE,Preliminary notification under RFCTLARR Act 2013 Section 11.
SYN-INT-000421,SYN-PARCEL-000421,MORTGAGE_SIMPLE,SYN-DOC-000421,2019-03-15,,ACTIVE,REGISTERED_CHARGE,Synthetic mortgage simple recorded under TPA Sec 58/100 or Easements Act.
SYN-INT-000422,SYN-PARCEL-000422,MORTGAGE_EQUITABLE,SYN-DOC-000422,2020-03-15,,ACTIVE,REGISTERED_CHARGE,Synthetic mortgage equitable recorded under TPA Sec 58/100 or Easements Act.
SYN-INT-000423,SYN-PARCEL-000423,EASEMENT_RIGHT_OF_WAY,SYN-DOC-000423,2021-03-15,2024-03-15,DISCHARGED,REGISTERED_CHARGE,Synthetic easement right of way recorded under TPA Sec 58/100 or Easements Act.
SYN-INT-000424,SYN-PARCEL-000424,STATUTORY_CHARGE,SYN-DOC-000424,2022-03-15,,UNCERTAIN,REGISTERED_CHARGE,Synthetic statutory charge recorded under TPA Sec 58/100 or Easements Act.
SYN-INT-000425,SYN-PARCEL-000425,ACQUISITION_NOTICE,SYN-DOC-000425,2023-03-15,,ACTIVE,REGISTERED_CHARGE,Preliminary notification under RFCTLARR Act 2013 Section 11.
SYN-INT-000426,SYN-PARCEL-000426,MORTGAGE_SIMPLE,SYN-DOC-000426,2018-03-15,,ACTIVE,REGISTERED_CHARGE,Synthetic mortgage simple recorded under TPA Sec 58/100 or Easements Act.
SYN-INT-000427,SYN-PARCEL-000427,MORTGAGE_EQUITABLE,SYN-DOC-000427,2019-03-15,2022-03-15,DISCHARGED,REGISTERED_CHARGE,Synthetic mortgage equitable recorded under TPA Sec 58/100 or Easements Act.
SYN-INT-000428,SYN-PARCEL-000428,EASEMENT_RIGHT_OF_WAY,SYN-DOC-000428,2020-03-15,,UNCERTAIN,REGISTERED_CHARGE,Synthetic easement right of way recorded under TPA Sec 58/100 or Easements Act.
SYN-INT-000429,SYN-PARCEL-000429,STATUTORY_CHARGE,SYN-DOC-000429,2021-03-15,,ACTIVE,REGISTERED_CHARGE,Synthetic statutory charge recorded under TPA Sec 58/100 or Easements Act.
SYN-INT-000430,SYN-PARCEL-000430,ACQUISITION_NOTICE,SYN-DOC-000430,2022-03-15,,ACTIVE,REGISTERED_CHARGE,Preliminary notification under RFCTLARR Act 2013 Section 11.
SYN-INT-000431,SYN-PARCEL-000431,MORTGAGE_SIMPLE,SYN-DOC-000431,2023-03-15,2026-03-15,DISCHARGED,REGISTERED_CHARGE,Synthetic mortgage simple recorded under TPA Sec 58/100 or Easements Act.
SYN-INT-000432,SYN-PARCEL-000432,MORTGAGE_EQUITABLE,SYN-DOC-000432,2018-03-15,,UNCERTAIN,REGISTERED_CHARGE,Synthetic mortgage equitable recorded under TPA Sec 58/100 or Easements Act.
SYN-INT-000433,SYN-PARCEL-000433,EASEMENT_RIGHT_OF_WAY,SYN-DOC-000433,2019-03-15,,ACTIVE,REGISTERED_CHARGE,Synthetic easement right of way recorded under TPA Sec 58/100 or Easements Act.
SYN-INT-000434,SYN-PARCEL-000434,STATUTORY_CHARGE,SYN-DOC-000434,2020-03-15,,ACTIVE,REGISTERED_CHARGE,Synthetic statutory charge recorded under TPA Sec 58/100 or Easements Act.
SYN-INT-000435,SYN-PARCEL-000435,ACQUISITION_NOTICE,SYN-DOC-000435,2021-03-15,2024-03-15,DISCHARGED,REGISTERED_CHARGE,Preliminary notification under RFCTLARR Act 2013 Section 11.
SYN-INT-000436,SYN-PARCEL-000436,MORTGAGE_SIMPLE,SYN-DOC-000436,2022-03-15,,UNCERTAIN,REGISTERED_CHARGE,Synthetic mortgage simple recorded under TPA Sec 58/100 or Easements Act.
SYN-INT-000437,SYN-PARCEL-000437,MORTGAGE_EQUITABLE,SYN-DOC-000437,2023-03-15,,ACTIVE,REGISTERED_CHARGE,Synthetic mortgage equitable recorded under TPA Sec 58/100 or Easements Act.
SYN-INT-000438,SYN-PARCEL-000438,EASEMENT_RIGHT_OF_WAY,SYN-DOC-000438,2018-03-15,,ACTIVE,REGISTERED_CHARGE,Synthetic easement right of way recorded under TPA Sec 58/100 or Easements Act.
SYN-INT-000439,SYN-PARCEL-000439,STATUTORY_CHARGE,SYN-DOC-000439,2019-03-15,2022-03-15,DISCHARGED,REGISTERED_CHARGE,Synthetic statutory charge recorded under TPA Sec 58/100 or Easements Act.
SYN-INT-000440,SYN-PARCEL-000440,ACQUISITION_NOTICE,SYN-DOC-000440,2020-03-15,,UNCERTAIN,REGISTERED_CHARGE,Preliminary notification under RFCTLARR Act 2013 Section 11.
SYN-INT-000441,SYN-PARCEL-000441,MORTGAGE_SIMPLE,SYN-DOC-000441,2021-03-15,,ACTIVE,REGISTERED_CHARGE,Synthetic mortgage simple recorded under TPA Sec 58/100 or Easements Act.
SYN-INT-000442,SYN-PARCEL-000442,MORTGAGE_EQUITABLE,SYN-DOC-000442,2022-03-15,,ACTIVE,REGISTERED_CHARGE,Synthetic mortgage equitable recorded under TPA Sec 58/100 or Easements Act.
SYN-INT-000443,SYN-PARCEL-000443,EASEMENT_RIGHT_OF_WAY,SYN-DOC-000443,2023-03-15,2026-03-15,DISCHARGED,REGISTERED_CHARGE,Synthetic easement right of way recorded under TPA Sec 58/100 or Easements Act.
SYN-INT-000444,SYN-PARCEL-000444,STATUTORY_CHARGE,SYN-DOC-000444,2018-03-15,,UNCERTAIN,REGISTERED_CHARGE,Synthetic statutory charge recorded under TPA Sec 58/100 or Easements Act.
SYN-INT-000445,SYN-PARCEL-000445,ACQUISITION_NOTICE,SYN-DOC-000445,2019-03-15,,ACTIVE,REGISTERED_CHARGE,Preliminary notification under RFCTLARR Act 2013 Section 11.
SYN-INT-000446,SYN-PARCEL-000446,MORTGAGE_SIMPLE,SYN-DOC-000446,2020-03-15,,ACTIVE,REGISTERED_CHARGE,Synthetic mortgage simple recorded under TPA Sec 58/100 or Easements Act.
SYN-INT-000447,SYN-PARCEL-000447,MORTGAGE_EQUITABLE,SYN-DOC-000447,2021-03-15,2024-03-15,DISCHARGED,REGISTERED_CHARGE,Synthetic mortgage equitable recorded under TPA Sec 58/100 or Easements Act.
SYN-INT-000448,SYN-PARCEL-000448,EASEMENT_RIGHT_OF_WAY,SYN-DOC-000448,2022-03-15,,UNCERTAIN,REGISTERED_CHARGE,Synthetic easement right of way recorded under TPA Sec 58/100 or Easements Act.
SYN-INT-000449,SYN-PARCEL-000449,STATUTORY_CHARGE,SYN-DOC-000449,2023-03-15,,ACTIVE,REGISTERED_CHARGE,Synthetic statutory charge recorded under TPA Sec 58/100 or Easements Act.
SYN-INT-000450,SYN-PARCEL-000450,ACQUISITION_NOTICE,SYN-DOC-000450,2018-03-15,,ACTIVE,REGISTERED_CHARGE,Preliminary notification under RFCTLARR Act 2013 Section 11.
SYN-INT-000451,SYN-PARCEL-000451,MORTGAGE_SIMPLE,SYN-DOC-000451,2019-03-15,2022-03-15,DISCHARGED,REGISTERED_CHARGE,Synthetic mortgage simple recorded under TPA Sec 58/100 or Easements Act.
SYN-INT-000452,SYN-PARCEL-000452,MORTGAGE_EQUITABLE,SYN-DOC-000452,2020-03-15,,UNCERTAIN,REGISTERED_CHARGE,Synthetic mortgage equitable recorded under TPA Sec 58/100 or Easements Act.
SYN-INT-000453,SYN-PARCEL-000453,EASEMENT_RIGHT_OF_WAY,SYN-DOC-000453,2021-03-15,,ACTIVE,REGISTERED_CHARGE,Synthetic easement right of way recorded under TPA Sec 58/100 or Easements Act.
SYN-INT-000454,SYN-PARCEL-000454,STATUTORY_CHARGE,SYN-DOC-000454,2022-03-15,,ACTIVE,REGISTERED_CHARGE,Synthetic statutory charge recorded under TPA Sec 58/100 or Easements Act.
SYN-INT-000455,SYN-PARCEL-000455,ACQUISITION_NOTICE,SYN-DOC-000455,2023-03-15,2026-03-15,DISCHARGED,REGISTERED_CHARGE,Preliminary notification under RFCTLARR Act 2013 Section 11.
SYN-INT-000456,SYN-PARCEL-000456,MORTGAGE_SIMPLE,SYN-DOC-000456,2018-03-15,,UNCERTAIN,REGISTERED_CHARGE,Synthetic mortgage simple recorded under TPA Sec 58/100 or Easements Act.
SYN-INT-000457,SYN-PARCEL-000457,MORTGAGE_EQUITABLE,SYN-DOC-000457,2019-03-15,,ACTIVE,REGISTERED_CHARGE,Synthetic mortgage equitable recorded under TPA Sec 58/100 or Easements Act.
SYN-INT-000458,SYN-PARCEL-000458,EASEMENT_RIGHT_OF_WAY,SYN-DOC-000458,2020-03-15,,ACTIVE,REGISTERED_CHARGE,Synthetic easement right of way recorded under TPA Sec 58/100 or Easements Act.
SYN-INT-000459,SYN-PARCEL-000459,STATUTORY_CHARGE,SYN-DOC-000459,2021-03-15,2024-03-15,DISCHARGED,REGISTERED_CHARGE,Synthetic statutory charge recorded under TPA Sec 58/100 or Easements Act.
SYN-INT-000460,SYN-PARCEL-000460,ACQUISITION_NOTICE,SYN-DOC-000460,2022-03-15,,UNCERTAIN,REGISTERED_CHARGE,Preliminary notification under RFCTLARR Act 2013 Section 11.
SYN-INT-000461,SYN-PARCEL-000461,MORTGAGE_SIMPLE,SYN-DOC-000461,2023-03-15,,ACTIVE,REGISTERED_CHARGE,Synthetic mortgage simple recorded under TPA Sec 58/100 or Easements Act.
SYN-INT-000462,SYN-PARCEL-000462,MORTGAGE_EQUITABLE,SYN-DOC-000462,2018-03-15,,ACTIVE,REGISTERED_CHARGE,Synthetic mortgage equitable recorded under TPA Sec 58/100 or Easements Act.
SYN-INT-000463,SYN-PARCEL-000463,EASEMENT_RIGHT_OF_WAY,SYN-DOC-000463,2019-03-15,2022-03-15,DISCHARGED,REGISTERED_CHARGE,Synthetic easement right of way recorded under TPA Sec 58/100 or Easements Act.
SYN-INT-000464,SYN-PARCEL-000464,STATUTORY_CHARGE,SYN-DOC-000464,2020-03-15,,UNCERTAIN,REGISTERED_CHARGE,Synthetic statutory charge recorded under TPA Sec 58/100 or Easements Act.
SYN-INT-000465,SYN-PARCEL-000465,ACQUISITION_NOTICE,SYN-DOC-000465,2021-03-15,,ACTIVE,REGISTERED_CHARGE,Preliminary notification under RFCTLARR Act 2013 Section 11.
SYN-INT-000466,SYN-PARCEL-000466,MORTGAGE_SIMPLE,SYN-DOC-000466,2022-03-15,,ACTIVE,REGISTERED_CHARGE,Synthetic mortgage simple recorded under TPA Sec 58/100 or Easements Act.
SYN-INT-000467,SYN-PARCEL-000467,MORTGAGE_EQUITABLE,SYN-DOC-000467,2023-03-15,2026-03-15,DISCHARGED,REGISTERED_CHARGE,Synthetic mortgage equitable recorded under TPA Sec 58/100 or Easements Act.
SYN-INT-000468,SYN-PARCEL-000468,EASEMENT_RIGHT_OF_WAY,SYN-DOC-000468,2018-03-15,,UNCERTAIN,REGISTERED_CHARGE,Synthetic easement right of way recorded under TPA Sec 58/100 or Easements Act.
SYN-INT-000469,SYN-PARCEL-000469,STATUTORY_CHARGE,SYN-DOC-000469,2019-03-15,,ACTIVE,REGISTERED_CHARGE,Synthetic statutory charge recorded under TPA Sec 58/100 or Easements Act.
SYN-INT-000470,SYN-PARCEL-000470,ACQUISITION_NOTICE,SYN-DOC-000470,2020-03-15,,ACTIVE,REGISTERED_CHARGE,Preliminary notification under RFCTLARR Act 2013 Section 11.
SYN-INT-000471,SYN-PARCEL-000471,MORTGAGE_SIMPLE,SYN-DOC-000471,2021-03-15,2024-03-15,DISCHARGED,REGISTERED_CHARGE,Synthetic mortgage simple recorded under TPA Sec 58/100 or Easements Act.
SYN-INT-000472,SYN-PARCEL-000472,MORTGAGE_EQUITABLE,SYN-DOC-000472,2022-03-15,,UNCERTAIN,REGISTERED_CHARGE,Synthetic mortgage equitable recorded under TPA Sec 58/100 or Easements Act.
SYN-INT-000473,SYN-PARCEL-000473,EASEMENT_RIGHT_OF_WAY,SYN-DOC-000473,2023-03-15,,ACTIVE,REGISTERED_CHARGE,Synthetic easement right of way recorded under TPA Sec 58/100 or Easements Act.
SYN-INT-000474,SYN-PARCEL-000474,STATUTORY_CHARGE,SYN-DOC-000474,2018-03-15,,ACTIVE,REGISTERED_CHARGE,Synthetic statutory charge recorded under TPA Sec 58/100 or Easements Act.
SYN-INT-000475,SYN-PARCEL-000475,ACQUISITION_NOTICE,SYN-DOC-000475,2019-03-15,2022-03-15,DISCHARGED,REGISTERED_CHARGE,Preliminary notification under RFCTLARR Act 2013 Section 11.
SYN-INT-000476,SYN-PARCEL-000476,MORTGAGE_SIMPLE,SYN-DOC-000476,2020-03-15,,UNCERTAIN,REGISTERED_CHARGE,Synthetic mortgage simple recorded under TPA Sec 58/100 or Easements Act.
SYN-INT-000477,SYN-PARCEL-000477,MORTGAGE_EQUITABLE,SYN-DOC-000477,2021-03-15,,ACTIVE,REGISTERED_CHARGE,Synthetic mortgage equitable recorded under TPA Sec 58/100 or Easements Act.
SYN-INT-000478,SYN-PARCEL-000478,EASEMENT_RIGHT_OF_WAY,SYN-DOC-000478,2022-03-15,,ACTIVE,REGISTERED_CHARGE,Synthetic easement right of way recorded under TPA Sec 58/100 or Easements Act.
SYN-INT-000479,SYN-PARCEL-000479,STATUTORY_CHARGE,SYN-DOC-000479,2023-03-15,2026-03-15,DISCHARGED,REGISTERED_CHARGE,Synthetic statutory charge recorded under TPA Sec 58/100 or Easements Act.
SYN-INT-000480,SYN-PARCEL-000480,ACQUISITION_NOTICE,SYN-DOC-000480,2018-03-15,,UNCERTAIN,REGISTERED_CHARGE,Preliminary notification under RFCTLARR Act 2013 Section 11.
SYN-INT-000481,SYN-PARCEL-000481,MORTGAGE_SIMPLE,SYN-DOC-000481,2019-03-15,,ACTIVE,REGISTERED_CHARGE,Synthetic mortgage simple recorded under TPA Sec 58/100 or Easements Act.
SYN-INT-000482,SYN-PARCEL-000482,MORTGAGE_EQUITABLE,SYN-DOC-000482,2020-03-15,,ACTIVE,REGISTERED_CHARGE,Synthetic mortgage equitable recorded under TPA Sec 58/100 or Easements Act.
SYN-INT-000483,SYN-PARCEL-000483,EASEMENT_RIGHT_OF_WAY,SYN-DOC-000483,2021-03-15,2024-03-15,DISCHARGED,REGISTERED_CHARGE,Synthetic easement right of way recorded under TPA Sec 58/100 or Easements Act.
SYN-INT-000484,SYN-PARCEL-000484,STATUTORY_CHARGE,SYN-DOC-000484,2022-03-15,,UNCERTAIN,REGISTERED_CHARGE,Synthetic statutory charge recorded under TPA Sec 58/100 or Easements Act.
SYN-INT-000485,SYN-PARCEL-000485,ACQUISITION_NOTICE,SYN-DOC-000485,2023-03-15,,ACTIVE,REGISTERED_CHARGE,Preliminary notification under RFCTLARR Act 2013 Section 11.
SYN-INT-000486,SYN-PARCEL-000486,MORTGAGE_SIMPLE,SYN-DOC-000486,2018-03-15,,ACTIVE,REGISTERED_CHARGE,Synthetic mortgage simple recorded under TPA Sec 58/100 or Easements Act.
SYN-INT-000487,SYN-PARCEL-000487,MORTGAGE_EQUITABLE,SYN-DOC-000487,2019-03-15,2022-03-15,DISCHARGED,REGISTERED_CHARGE,Synthetic mortgage equitable recorded under TPA Sec 58/100 or Easements Act.
SYN-INT-000488,SYN-PARCEL-000488,EASEMENT_RIGHT_OF_WAY,SYN-DOC-000488,2020-03-15,,UNCERTAIN,REGISTERED_CHARGE,Synthetic easement right of way recorded under TPA Sec 58/100 or Easements Act.
SYN-INT-000489,SYN-PARCEL-000489,STATUTORY_CHARGE,SYN-DOC-000489,2021-03-15,,ACTIVE,REGISTERED_CHARGE,Synthetic statutory charge recorded under TPA Sec 58/100 or Easements Act.
SYN-INT-000490,SYN-PARCEL-000490,ACQUISITION_NOTICE,SYN-DOC-000490,2022-03-15,,ACTIVE,REGISTERED_CHARGE,Preliminary notification under RFCTLARR Act 2013 Section 11.
SYN-INT-000491,SYN-PARCEL-000491,MORTGAGE_SIMPLE,SYN-DOC-000491,2023-03-15,2026-03-15,DISCHARGED,REGISTERED_CHARGE,Synthetic mortgage simple recorded under TPA Sec 58/100 or Easements Act.
SYN-INT-000492,SYN-PARCEL-000492,MORTGAGE_EQUITABLE,SYN-DOC-000492,2018-03-15,,UNCERTAIN,REGISTERED_CHARGE,Synthetic mortgage equitable recorded under TPA Sec 58/100 or Easements Act.
SYN-INT-000493,SYN-PARCEL-000493,EASEMENT_RIGHT_OF_WAY,SYN-DOC-000493,2019-03-15,,ACTIVE,REGISTERED_CHARGE,Synthetic easement right of way recorded under TPA Sec 58/100 or Easements Act.
SYN-INT-000494,SYN-PARCEL-000494,STATUTORY_CHARGE,SYN-DOC-000494,2020-03-15,,ACTIVE,REGISTERED_CHARGE,Synthetic statutory charge recorded under TPA Sec 58/100 or Easements Act.
SYN-INT-000495,SYN-PARCEL-000495,ACQUISITION_NOTICE,SYN-DOC-000495,2021-03-15,2024-03-15,DISCHARGED,REGISTERED_CHARGE,Preliminary notification under RFCTLARR Act 2013 Section 11.
SYN-INT-000496,SYN-PARCEL-000496,MORTGAGE_SIMPLE,SYN-DOC-000496,2022-03-15,,UNCERTAIN,REGISTERED_CHARGE,Synthetic mortgage simple recorded under TPA Sec 58/100 or Easements Act.
SYN-INT-000497,SYN-PARCEL-000497,MORTGAGE_EQUITABLE,SYN-DOC-000497,2023-03-15,,ACTIVE,REGISTERED_CHARGE,Synthetic mortgage equitable recorded under TPA Sec 58/100 or Easements Act.
SYN-INT-000498,SYN-PARCEL-000498,EASEMENT_RIGHT_OF_WAY,SYN-DOC-000498,2018-03-15,,ACTIVE,REGISTERED_CHARGE,Synthetic easement right of way recorded under TPA Sec 58/100 or Easements Act.
SYN-INT-000499,SYN-PARCEL-000499,STATUTORY_CHARGE,SYN-DOC-000499,2019-03-15,2022-03-15,DISCHARGED,REGISTERED_CHARGE,Synthetic statutory charge recorded under TPA Sec 58/100 or Easements Act.
SYN-INT-000500,SYN-PARCEL-000500,ACQUISITION_NOTICE,SYN-DOC-000500,2020-03-15,,UNCERTAIN,REGISTERED_CHARGE,Preliminary notification under RFCTLARR Act 2013 Section 11.
SYN-INT-000501,SYN-PARCEL-000501,MORTGAGE_SIMPLE,SYN-DOC-000501,2021-03-15,,ACTIVE,REGISTERED_CHARGE,Synthetic mortgage simple recorded under TPA Sec 58/100 or Easements Act.
SYN-INT-000502,SYN-PARCEL-000502,MORTGAGE_EQUITABLE,SYN-DOC-000502,2022-03-15,,ACTIVE,REGISTERED_CHARGE,Synthetic mortgage equitable recorded under TPA Sec 58/100 or Easements Act.
SYN-INT-000503,SYN-PARCEL-000503,EASEMENT_RIGHT_OF_WAY,SYN-DOC-000503,2023-03-15,2026-03-15,DISCHARGED,REGISTERED_CHARGE,Synthetic easement right of way recorded under TPA Sec 58/100 or Easements Act.
SYN-INT-000504,SYN-PARCEL-000504,STATUTORY_CHARGE,SYN-DOC-000504,2018-03-15,,UNCERTAIN,REGISTERED_CHARGE,Synthetic statutory charge recorded under TPA Sec 58/100 or Easements Act.
SYN-INT-000505,SYN-PARCEL-000505,ACQUISITION_NOTICE,SYN-DOC-000505,2019-03-15,,ACTIVE,REGISTERED_CHARGE,Preliminary notification under RFCTLARR Act 2013 Section 11.
SYN-INT-000506,SYN-PARCEL-000506,MORTGAGE_SIMPLE,SYN-DOC-000506,2020-03-15,,ACTIVE,REGISTERED_CHARGE,Synthetic mortgage simple recorded under TPA Sec 58/100 or Easements Act.
SYN-INT-000507,SYN-PARCEL-000507,MORTGAGE_EQUITABLE,SYN-DOC-000507,2021-03-15,2024-03-15,DISCHARGED,REGISTERED_CHARGE,Synthetic mortgage equitable recorded under TPA Sec 58/100 or Easements Act.
SYN-INT-000508,SYN-PARCEL-000508,EASEMENT_RIGHT_OF_WAY,SYN-DOC-000508,2022-03-15,,UNCERTAIN,REGISTERED_CHARGE,Synthetic easement right of way recorded under TPA Sec 58/100 or Easements Act.
SYN-INT-000509,SYN-PARCEL-000509,STATUTORY_CHARGE,SYN-DOC-000509,2023-03-15,,ACTIVE,REGISTERED_CHARGE,Synthetic statutory charge recorded under TPA Sec 58/100 or Easements Act.
SYN-INT-000510,SYN-PARCEL-000510,ACQUISITION_NOTICE,SYN-DOC-000510,2018-03-15,,ACTIVE,REGISTERED_CHARGE,Preliminary notification under RFCTLARR Act 2013 Section 11.
SYN-INT-000511,SYN-PARCEL-000511,MORTGAGE_SIMPLE,SYN-DOC-000511,2019-03-15,2022-03-15,DISCHARGED,REGISTERED_CHARGE,Synthetic mortgage simple recorded under TPA Sec 58/100 or Easements Act.
SYN-INT-000512,SYN-PARCEL-000512,MORTGAGE_EQUITABLE,SYN-DOC-000512,2020-03-15,,UNCERTAIN,REGISTERED_CHARGE,Synthetic mortgage equitable recorded under TPA Sec 58/100 or Easements Act.
SYN-INT-000513,SYN-PARCEL-000513,EASEMENT_RIGHT_OF_WAY,SYN-DOC-000513,2021-03-15,,ACTIVE,REGISTERED_CHARGE,Synthetic easement right of way recorded under TPA Sec 58/100 or Easements Act.
SYN-INT-000514,SYN-PARCEL-000514,STATUTORY_CHARGE,SYN-DOC-000514,2022-03-15,,ACTIVE,REGISTERED_CHARGE,Synthetic statutory charge recorded under TPA Sec 58/100 or Easements Act.
SYN-INT-000515,SYN-PARCEL-000515,ACQUISITION_NOTICE,SYN-DOC-000515,2023-03-15,2026-03-15,DISCHARGED,REGISTERED_CHARGE,Preliminary notification under RFCTLARR Act 2013 Section 11.
SYN-INT-000516,SYN-PARCEL-000516,MORTGAGE_SIMPLE,SYN-DOC-000516,2018-03-15,,UNCERTAIN,REGISTERED_CHARGE,Synthetic mortgage simple recorded under TPA Sec 58/100 or Easements Act.
SYN-INT-000517,SYN-PARCEL-000517,MORTGAGE_EQUITABLE,SYN-DOC-000517,2019-03-15,,ACTIVE,REGISTERED_CHARGE,Synthetic mortgage equitable recorded under TPA Sec 58/100 or Easements Act.
SYN-INT-000518,SYN-PARCEL-000518,EASEMENT_RIGHT_OF_WAY,SYN-DOC-000518,2020-03-15,,ACTIVE,REGISTERED_CHARGE,Synthetic easement right of way recorded under TPA Sec 58/100 or Easements Act.
SYN-INT-000519,SYN-PARCEL-000519,STATUTORY_CHARGE,SYN-DOC-000519,2021-03-15,2024-03-15,DISCHARGED,REGISTERED_CHARGE,Synthetic statutory charge recorded under TPA Sec 58/100 or Easements Act.
SYN-INT-000520,SYN-PARCEL-000520,ACQUISITION_NOTICE,SYN-DOC-000520,2022-03-15,,UNCERTAIN,REGISTERED_CHARGE,Preliminary notification under RFCTLARR Act 2013 Section 11.
SYN-INT-000521,SYN-PARCEL-000521,MORTGAGE_SIMPLE,SYN-DOC-000521,2023-03-15,,ACTIVE,REGISTERED_CHARGE,Synthetic mortgage simple recorded under TPA Sec 58/100 or Easements Act.
SYN-INT-000522,SYN-PARCEL-000522,MORTGAGE_EQUITABLE,SYN-DOC-000522,2018-03-15,,ACTIVE,REGISTERED_CHARGE,Synthetic mortgage equitable recorded under TPA Sec 58/100 or Easements Act.
SYN-INT-000523,SYN-PARCEL-000523,EASEMENT_RIGHT_OF_WAY,SYN-DOC-000523,2019-03-15,2022-03-15,DISCHARGED,REGISTERED_CHARGE,Synthetic easement right of way recorded under TPA Sec 58/100 or Easements Act.
SYN-INT-000524,SYN-PARCEL-000524,STATUTORY_CHARGE,SYN-DOC-000524,2020-03-15,,UNCERTAIN,REGISTERED_CHARGE,Synthetic statutory charge recorded under TPA Sec 58/100 or Easements Act.
SYN-INT-000525,SYN-PARCEL-000525,ACQUISITION_NOTICE,SYN-DOC-000525,2021-03-15,,ACTIVE,REGISTERED_CHARGE,Preliminary notification under RFCTLARR Act 2013 Section 11.
SYN-INT-000526,SYN-PARCEL-000526,MORTGAGE_SIMPLE,SYN-DOC-000526,2022-03-15,,ACTIVE,REGISTERED_CHARGE,Synthetic mortgage simple recorded under TPA Sec 58/100 or Easements Act.
SYN-INT-000527,SYN-PARCEL-000527,MORTGAGE_EQUITABLE,SYN-DOC-000527,2023-03-15,2026-03-15,DISCHARGED,REGISTERED_CHARGE,Synthetic mortgage equitable recorded under TPA Sec 58/100 or Easements Act.
SYN-INT-000528,SYN-PARCEL-000528,EASEMENT_RIGHT_OF_WAY,SYN-DOC-000528,2018-03-15,,UNCERTAIN,REGISTERED_CHARGE,Synthetic easement right of way recorded under TPA Sec 58/100 or Easements Act.
SYN-INT-000529,SYN-PARCEL-000529,STATUTORY_CHARGE,SYN-DOC-000529,2019-03-15,,ACTIVE,REGISTERED_CHARGE,Synthetic statutory charge recorded under TPA Sec 58/100 or Easements Act.
SYN-INT-000530,SYN-PARCEL-000530,ACQUISITION_NOTICE,SYN-DOC-000530,2020-03-15,,ACTIVE,REGISTERED_CHARGE,Preliminary notification under RFCTLARR Act 2013 Section 11.
SYN-INT-000531,SYN-PARCEL-000531,MORTGAGE_SIMPLE,SYN-DOC-000531,2021-03-15,2024-03-15,DISCHARGED,REGISTERED_CHARGE,Synthetic mortgage simple recorded under TPA Sec 58/100 or Easements Act.
SYN-INT-000532,SYN-PARCEL-000532,MORTGAGE_EQUITABLE,SYN-DOC-000532,2022-03-15,,UNCERTAIN,REGISTERED_CHARGE,Synthetic mortgage equitable recorded under TPA Sec 58/100 or Easements Act.
SYN-INT-000533,SYN-PARCEL-000533,EASEMENT_RIGHT_OF_WAY,SYN-DOC-000533,2023-03-15,,ACTIVE,REGISTERED_CHARGE,Synthetic easement right of way recorded under TPA Sec 58/100 or Easements Act.
SYN-INT-000534,SYN-PARCEL-000534,STATUTORY_CHARGE,SYN-DOC-000534,2018-03-15,,ACTIVE,REGISTERED_CHARGE,Synthetic statutory charge recorded under TPA Sec 58/100 or Easements Act.
SYN-INT-000535,SYN-PARCEL-000535,ACQUISITION_NOTICE,SYN-DOC-000535,2019-03-15,2022-03-15,DISCHARGED,REGISTERED_CHARGE,Preliminary notification under RFCTLARR Act 2013 Section 11.
SYN-INT-000536,SYN-PARCEL-000536,MORTGAGE_SIMPLE,SYN-DOC-000536,2020-03-15,,UNCERTAIN,REGISTERED_CHARGE,Synthetic mortgage simple recorded under TPA Sec 58/100 or Easements Act.
SYN-INT-000537,SYN-PARCEL-000537,MORTGAGE_EQUITABLE,SYN-DOC-000537,2021-03-15,,ACTIVE,REGISTERED_CHARGE,Synthetic mortgage equitable recorded under TPA Sec 58/100 or Easements Act.
SYN-INT-000538,SYN-PARCEL-000538,EASEMENT_RIGHT_OF_WAY,SYN-DOC-000538,2022-03-15,,ACTIVE,REGISTERED_CHARGE,Synthetic easement right of way recorded under TPA Sec 58/100 or Easements Act.
SYN-INT-000539,SYN-PARCEL-000539,STATUTORY_CHARGE,SYN-DOC-000539,2023-03-15,2026-03-15,DISCHARGED,REGISTERED_CHARGE,Synthetic statutory charge recorded under TPA Sec 58/100 or Easements Act.
SYN-INT-000540,SYN-PARCEL-000540,ACQUISITION_NOTICE,SYN-DOC-000540,2018-03-15,,UNCERTAIN,REGISTERED_CHARGE,Preliminary notification under RFCTLARR Act 2013 Section 11.
SYN-INT-000541,SYN-PARCEL-000541,MORTGAGE_SIMPLE,SYN-DOC-000541,2019-03-15,,ACTIVE,REGISTERED_CHARGE,Synthetic mortgage simple recorded under TPA Sec 58/100 or Easements Act.
SYN-INT-000542,SYN-PARCEL-000542,MORTGAGE_EQUITABLE,SYN-DOC-000542,2020-03-15,,ACTIVE,REGISTERED_CHARGE,Synthetic mortgage equitable recorded under TPA Sec 58/100 or Easements Act.
SYN-INT-000543,SYN-PARCEL-000543,EASEMENT_RIGHT_OF_WAY,SYN-DOC-000543,2021-03-15,2024-03-15,DISCHARGED,REGISTERED_CHARGE,Synthetic easement right of way recorded under TPA Sec 58/100 or Easements Act.
SYN-INT-000544,SYN-PARCEL-000544,STATUTORY_CHARGE,SYN-DOC-000544,2022-03-15,,UNCERTAIN,REGISTERED_CHARGE,Synthetic statutory charge recorded under TPA Sec 58/100 or Easements Act.
SYN-INT-000545,SYN-PARCEL-000545,ACQUISITION_NOTICE,SYN-DOC-000545,2023-03-15,,ACTIVE,REGISTERED_CHARGE,Preliminary notification under RFCTLARR Act 2013 Section 11.
SYN-INT-000546,SYN-PARCEL-000546,MORTGAGE_SIMPLE,SYN-DOC-000546,2018-03-15,,ACTIVE,REGISTERED_CHARGE,Synthetic mortgage simple recorded under TPA Sec 58/100 or Easements Act.
SYN-INT-000547,SYN-PARCEL-000547,MORTGAGE_EQUITABLE,SYN-DOC-000547,2019-03-15,2022-03-15,DISCHARGED,REGISTERED_CHARGE,Synthetic mortgage equitable recorded under TPA Sec 58/100 or Easements Act.
SYN-INT-000548,SYN-PARCEL-000548,EASEMENT_RIGHT_OF_WAY,SYN-DOC-000548,2020-03-15,,UNCERTAIN,REGISTERED_CHARGE,Synthetic easement right of way recorded under TPA Sec 58/100 or Easements Act.
SYN-INT-000549,SYN-PARCEL-000549,STATUTORY_CHARGE,SYN-DOC-000549,2021-03-15,,ACTIVE,REGISTERED_CHARGE,Synthetic statutory charge recorded under TPA Sec 58/100 or Easements Act.
SYN-INT-000550,SYN-PARCEL-000550,ACQUISITION_NOTICE,SYN-DOC-000550,2022-03-15,,ACTIVE,REGISTERED_CHARGE,Preliminary notification under RFCTLARR Act 2013 Section 11.
SYN-INT-000551,SYN-PARCEL-000551,MORTGAGE_SIMPLE,SYN-DOC-000551,2023-03-15,2026-03-15,DISCHARGED,REGISTERED_CHARGE,Synthetic mortgage simple recorded under TPA Sec 58/100 or Easements Act.
SYN-INT-000552,SYN-PARCEL-000552,MORTGAGE_EQUITABLE,SYN-DOC-000552,2018-03-15,,UNCERTAIN,REGISTERED_CHARGE,Synthetic mortgage equitable recorded under TPA Sec 58/100 or Easements Act.
SYN-INT-000553,SYN-PARCEL-000553,EASEMENT_RIGHT_OF_WAY,SYN-DOC-000553,2019-03-15,,ACTIVE,REGISTERED_CHARGE,Synthetic easement right of way recorded under TPA Sec 58/100 or Easements Act.
SYN-INT-000554,SYN-PARCEL-000554,STATUTORY_CHARGE,SYN-DOC-000554,2020-03-15,,ACTIVE,REGISTERED_CHARGE,Synthetic statutory charge recorded under TPA Sec 58/100 or Easements Act.
SYN-INT-000555,SYN-PARCEL-000555,ACQUISITION_NOTICE,SYN-DOC-000555,2021-03-15,2024-03-15,DISCHARGED,REGISTERED_CHARGE,Preliminary notification under RFCTLARR Act 2013 Section 11.
SYN-INT-000556,SYN-PARCEL-000556,MORTGAGE_SIMPLE,SYN-DOC-000556,2022-03-15,,UNCERTAIN,REGISTERED_CHARGE,Synthetic mortgage simple recorded under TPA Sec 58/100 or Easements Act.
SYN-INT-000557,SYN-PARCEL-000557,MORTGAGE_EQUITABLE,SYN-DOC-000557,2023-03-15,,ACTIVE,REGISTERED_CHARGE,Synthetic mortgage equitable recorded under TPA Sec 58/100 or Easements Act.
SYN-INT-000558,SYN-PARCEL-000558,EASEMENT_RIGHT_OF_WAY,SYN-DOC-000558,2018-03-15,,ACTIVE,REGISTERED_CHARGE,Synthetic easement right of way recorded under TPA Sec 58/100 or Easements Act.
SYN-INT-000559,SYN-PARCEL-000559,STATUTORY_CHARGE,SYN-DOC-000559,2019-03-15,2022-03-15,DISCHARGED,REGISTERED_CHARGE,Synthetic statutory charge recorded under TPA Sec 58/100 or Easements Act.
SYN-INT-000560,SYN-PARCEL-000560,ACQUISITION_NOTICE,SYN-DOC-000560,2020-03-15,,UNCERTAIN,REGISTERED_CHARGE,Preliminary notification under RFCTLARR Act 2013 Section 11.
SYN-INT-000561,SYN-PARCEL-000561,MORTGAGE_SIMPLE,SYN-DOC-000561,2021-03-15,,ACTIVE,REGISTERED_CHARGE,Synthetic mortgage simple recorded under TPA Sec 58/100 or Easements Act.
SYN-INT-000562,SYN-PARCEL-000562,MORTGAGE_EQUITABLE,SYN-DOC-000562,2022-03-15,,ACTIVE,REGISTERED_CHARGE,Synthetic mortgage equitable recorded under TPA Sec 58/100 or Easements Act.
SYN-INT-000563,SYN-PARCEL-000563,EASEMENT_RIGHT_OF_WAY,SYN-DOC-000563,2023-03-15,2026-03-15,DISCHARGED,REGISTERED_CHARGE,Synthetic easement right of way recorded under TPA Sec 58/100 or Easements Act.
SYN-INT-000564,SYN-PARCEL-000564,STATUTORY_CHARGE,SYN-DOC-000564,2018-03-15,,UNCERTAIN,REGISTERED_CHARGE,Synthetic statutory charge recorded under TPA Sec 58/100 or Easements Act.
SYN-INT-000565,SYN-PARCEL-000565,ACQUISITION_NOTICE,SYN-DOC-000565,2019-03-15,,ACTIVE,REGISTERED_CHARGE,Preliminary notification under RFCTLARR Act 2013 Section 11.
SYN-INT-000566,SYN-PARCEL-000566,MORTGAGE_SIMPLE,SYN-DOC-000566,2020-03-15,,ACTIVE,REGISTERED_CHARGE,Synthetic mortgage simple recorded under TPA Sec 58/100 or Easements Act.
SYN-INT-000567,SYN-PARCEL-000567,MORTGAGE_EQUITABLE,SYN-DOC-000567,2021-03-15,2024-03-15,DISCHARGED,REGISTERED_CHARGE,Synthetic mortgage equitable recorded under TPA Sec 58/100 or Easements Act.
SYN-INT-000568,SYN-PARCEL-000568,EASEMENT_RIGHT_OF_WAY,SYN-DOC-000568,2022-03-15,,UNCERTAIN,REGISTERED_CHARGE,Synthetic easement right of way recorded under TPA Sec 58/100 or Easements Act.
SYN-INT-000569,SYN-PARCEL-000569,STATUTORY_CHARGE,SYN-DOC-000569,2023-03-15,,ACTIVE,REGISTERED_CHARGE,Synthetic statutory charge recorded under TPA Sec 58/100 or Easements Act.
SYN-INT-000570,SYN-PARCEL-000570,ACQUISITION_NOTICE,SYN-DOC-000570,2018-03-15,,ACTIVE,REGISTERED_CHARGE,Preliminary notification under RFCTLARR Act 2013 Section 11.
SYN-INT-000571,SYN-PARCEL-000571,MORTGAGE_SIMPLE,SYN-DOC-000571,2019-03-15,2022-03-15,DISCHARGED,REGISTERED_CHARGE,Synthetic mortgage simple recorded under TPA Sec 58/100 or Easements Act.
SYN-INT-000572,SYN-PARCEL-000572,MORTGAGE_EQUITABLE,SYN-DOC-000572,2020-03-15,,UNCERTAIN,REGISTERED_CHARGE,Synthetic mortgage equitable recorded under TPA Sec 58/100 or Easements Act.
SYN-INT-000573,SYN-PARCEL-000573,EASEMENT_RIGHT_OF_WAY,SYN-DOC-000573,2021-03-15,,ACTIVE,REGISTERED_CHARGE,Synthetic easement right of way recorded under TPA Sec 58/100 or Easements Act.
SYN-INT-000574,SYN-PARCEL-000574,STATUTORY_CHARGE,SYN-DOC-000574,2022-03-15,,ACTIVE,REGISTERED_CHARGE,Synthetic statutory charge recorded under TPA Sec 58/100 or Easements Act.
SYN-INT-000575,SYN-PARCEL-000575,ACQUISITION_NOTICE,SYN-DOC-000575,2023-03-15,2026-03-15,DISCHARGED,REGISTERED_CHARGE,Preliminary notification under RFCTLARR Act 2013 Section 11.
SYN-INT-000576,SYN-PARCEL-000576,MORTGAGE_SIMPLE,SYN-DOC-000576,2018-03-15,,UNCERTAIN,REGISTERED_CHARGE,Synthetic mortgage simple recorded under TPA Sec 58/100 or Easements Act.
SYN-INT-000577,SYN-PARCEL-000577,MORTGAGE_EQUITABLE,SYN-DOC-000577,2019-03-15,,ACTIVE,REGISTERED_CHARGE,Synthetic mortgage equitable recorded under TPA Sec 58/100 or Easements Act.
SYN-INT-000578,SYN-PARCEL-000578,EASEMENT_RIGHT_OF_WAY,SYN-DOC-000578,2020-03-15,,ACTIVE,REGISTERED_CHARGE,Synthetic easement right of way recorded under TPA Sec 58/100 or Easements Act.
SYN-INT-000579,SYN-PARCEL-000579,STATUTORY_CHARGE,SYN-DOC-000579,2021-03-15,2024-03-15,DISCHARGED,REGISTERED_CHARGE,Synthetic statutory charge recorded under TPA Sec 58/100 or Easements Act.
SYN-INT-000580,SYN-PARCEL-000580,ACQUISITION_NOTICE,SYN-DOC-000580,2022-03-15,,UNCERTAIN,REGISTERED_CHARGE,Preliminary notification under RFCTLARR Act 2013 Section 11.
SYN-INT-000581,SYN-PARCEL-000581,MORTGAGE_SIMPLE,SYN-DOC-000581,2023-03-15,,ACTIVE,REGISTERED_CHARGE,Synthetic mortgage simple recorded under TPA Sec 58/100 or Easements Act.
SYN-INT-000582,SYN-PARCEL-000582,MORTGAGE_EQUITABLE,SYN-DOC-000582,2018-03-15,,ACTIVE,REGISTERED_CHARGE,Synthetic mortgage equitable recorded under TPA Sec 58/100 or Easements Act.
SYN-INT-000583,SYN-PARCEL-000583,EASEMENT_RIGHT_OF_WAY,SYN-DOC-000583,2019-03-15,2022-03-15,DISCHARGED,REGISTERED_CHARGE,Synthetic easement right of way recorded under TPA Sec 58/100 or Easements Act.
SYN-INT-000584,SYN-PARCEL-000584,STATUTORY_CHARGE,SYN-DOC-000584,2020-03-15,,UNCERTAIN,REGISTERED_CHARGE,Synthetic statutory charge recorded under TPA Sec 58/100 or Easements Act.
SYN-INT-000585,SYN-PARCEL-000585,ACQUISITION_NOTICE,SYN-DOC-000585,2021-03-15,,ACTIVE,REGISTERED_CHARGE,Preliminary notification under RFCTLARR Act 2013 Section 11.
SYN-INT-000586,SYN-PARCEL-000586,MORTGAGE_SIMPLE,SYN-DOC-000586,2022-03-15,,ACTIVE,REGISTERED_CHARGE,Synthetic mortgage simple recorded under TPA Sec 58/100 or Easements Act.
SYN-INT-000587,SYN-PARCEL-000587,MORTGAGE_EQUITABLE,SYN-DOC-000587,2023-03-15,2026-03-15,DISCHARGED,REGISTERED_CHARGE,Synthetic mortgage equitable recorded under TPA Sec 58/100 or Easements Act.
SYN-INT-000588,SYN-PARCEL-000588,EASEMENT_RIGHT_OF_WAY,SYN-DOC-000588,2018-03-15,,UNCERTAIN,REGISTERED_CHARGE,Synthetic easement right of way recorded under TPA Sec 58/100 or Easements Act.
SYN-INT-000589,SYN-PARCEL-000589,STATUTORY_CHARGE,SYN-DOC-000589,2019-03-15,,ACTIVE,REGISTERED_CHARGE,Synthetic statutory charge recorded under TPA Sec 58/100 or Easements Act.
SYN-INT-000590,SYN-PARCEL-000590,ACQUISITION_NOTICE,SYN-DOC-000590,2020-03-15,,ACTIVE,REGISTERED_CHARGE,Preliminary notification under RFCTLARR Act 2013 Section 11.
SYN-INT-000591,SYN-PARCEL-000591,MORTGAGE_SIMPLE,SYN-DOC-000591,2021-03-15,2024-03-15,DISCHARGED,REGISTERED_CHARGE,Synthetic mortgage simple recorded under TPA Sec 58/100 or Easements Act.
SYN-INT-000592,SYN-PARCEL-000592,MORTGAGE_EQUITABLE,SYN-DOC-000592,2022-03-15,,UNCERTAIN,REGISTERED_CHARGE,Synthetic mortgage equitable recorded under TPA Sec 58/100 or Easements Act.
SYN-INT-000593,SYN-PARCEL-000593,EASEMENT_RIGHT_OF_WAY,SYN-DOC-000593,2023-03-15,,ACTIVE,REGISTERED_CHARGE,Synthetic easement right of way recorded under TPA Sec 58/100 or Easements Act.
SYN-INT-000594,SYN-PARCEL-000594,STATUTORY_CHARGE,SYN-DOC-000594,2018-03-15,,ACTIVE,REGISTERED_CHARGE,Synthetic statutory charge recorded under TPA Sec 58/100 or Easements Act.
SYN-INT-000595,SYN-PARCEL-000595,ACQUISITION_NOTICE,SYN-DOC-000595,2019-03-15,2022-03-15,DISCHARGED,REGISTERED_CHARGE,Preliminary notification under RFCTLARR Act 2013 Section 11.
SYN-INT-000596,SYN-PARCEL-000596,MORTGAGE_SIMPLE,SYN-DOC-000596,2020-03-15,,UNCERTAIN,REGISTERED_CHARGE,Synthetic mortgage simple recorded under TPA Sec 58/100 or Easements Act.
SYN-INT-000597,SYN-PARCEL-000597,MORTGAGE_EQUITABLE,SYN-DOC-000597,2021-03-15,,ACTIVE,REGISTERED_CHARGE,Synthetic mortgage equitable recorded under TPA Sec 58/100 or Easements Act.
SYN-INT-000598,SYN-PARCEL-000598,EASEMENT_RIGHT_OF_WAY,SYN-DOC-000598,2022-03-15,,ACTIVE,REGISTERED_CHARGE,Synthetic easement right of way recorded under TPA Sec 58/100 or Easements Act.
SYN-INT-000599,SYN-PARCEL-000599,STATUTORY_CHARGE,SYN-DOC-000599,2023-03-15,2026-03-15,DISCHARGED,REGISTERED_CHARGE,Synthetic statutory charge recorded under TPA Sec 58/100 or Easements Act.
SYN-INT-000600,SYN-PARCEL-000600,ACQUISITION_NOTICE,SYN-DOC-000600,2018-03-15,,UNCERTAIN,REGISTERED_CHARGE,Preliminary notification under RFCTLARR Act 2013 Section 11.
SYN-INT-000601,SYN-PARCEL-000601,MORTGAGE_SIMPLE,SYN-DOC-000601,2019-03-15,,ACTIVE,REGISTERED_CHARGE,Synthetic mortgage simple recorded under TPA Sec 58/100 or Easements Act.
SYN-INT-000602,SYN-PARCEL-000602,MORTGAGE_EQUITABLE,SYN-DOC-000602,2020-03-15,,ACTIVE,REGISTERED_CHARGE,Synthetic mortgage equitable recorded under TPA Sec 58/100 or Easements Act.
SYN-INT-000603,SYN-PARCEL-000603,EASEMENT_RIGHT_OF_WAY,SYN-DOC-000603,2021-03-15,2024-03-15,DISCHARGED,REGISTERED_CHARGE,Synthetic easement right of way recorded under TPA Sec 58/100 or Easements Act.
SYN-INT-000604,SYN-PARCEL-000604,STATUTORY_CHARGE,SYN-DOC-000604,2022-03-15,,UNCERTAIN,REGISTERED_CHARGE,Synthetic statutory charge recorded under TPA Sec 58/100 or Easements Act.
SYN-INT-000605,SYN-PARCEL-000605,ACQUISITION_NOTICE,SYN-DOC-000605,2023-03-15,,ACTIVE,REGISTERED_CHARGE,Preliminary notification under RFCTLARR Act 2013 Section 11.
SYN-INT-000606,SYN-PARCEL-000606,MORTGAGE_SIMPLE,SYN-DOC-000606,2018-03-15,,ACTIVE,REGISTERED_CHARGE,Synthetic mortgage simple recorded under TPA Sec 58/100 or Easements Act.
SYN-INT-000607,SYN-PARCEL-000607,MORTGAGE_EQUITABLE,SYN-DOC-000607,2019-03-15,2022-03-15,DISCHARGED,REGISTERED_CHARGE,Synthetic mortgage equitable recorded under TPA Sec 58/100 or Easements Act.
SYN-INT-000608,SYN-PARCEL-000608,EASEMENT_RIGHT_OF_WAY,SYN-DOC-000608,2020-03-15,,UNCERTAIN,REGISTERED_CHARGE,Synthetic easement right of way recorded under TPA Sec 58/100 or Easements Act.
SYN-INT-000609,SYN-PARCEL-000609,STATUTORY_CHARGE,SYN-DOC-000609,2021-03-15,,ACTIVE,REGISTERED_CHARGE,Synthetic statutory charge recorded under TPA Sec 58/100 or Easements Act.
SYN-INT-000610,SYN-PARCEL-000610,ACQUISITION_NOTICE,SYN-DOC-000610,2022-03-15,,ACTIVE,REGISTERED_CHARGE,Preliminary notification under RFCTLARR Act 2013 Section 11.
SYN-INT-000611,SYN-PARCEL-000611,MORTGAGE_SIMPLE,SYN-DOC-000611,2023-03-15,2026-03-15,DISCHARGED,REGISTERED_CHARGE,Synthetic mortgage simple recorded under TPA Sec 58/100 or Easements Act.
SYN-INT-000612,SYN-PARCEL-000612,MORTGAGE_EQUITABLE,SYN-DOC-000612,2018-03-15,,UNCERTAIN,REGISTERED_CHARGE,Synthetic mortgage equitable recorded under TPA Sec 58/100 or Easements Act.
SYN-INT-000613,SYN-PARCEL-000613,EASEMENT_RIGHT_OF_WAY,SYN-DOC-000613,2019-03-15,,ACTIVE,REGISTERED_CHARGE,Synthetic easement right of way recorded under TPA Sec 58/100 or Easements Act.
SYN-INT-000614,SYN-PARCEL-000614,STATUTORY_CHARGE,SYN-DOC-000614,2020-03-15,,ACTIVE,REGISTERED_CHARGE,Synthetic statutory charge recorded under TPA Sec 58/100 or Easements Act.
SYN-INT-000615,SYN-PARCEL-000615,ACQUISITION_NOTICE,SYN-DOC-000615,2021-03-15,2024-03-15,DISCHARGED,REGISTERED_CHARGE,Preliminary notification under RFCTLARR Act 2013 Section 11.
SYN-INT-000616,SYN-PARCEL-000616,MORTGAGE_SIMPLE,SYN-DOC-000616,2022-03-15,,UNCERTAIN,REGISTERED_CHARGE,Synthetic mortgage simple recorded under TPA Sec 58/100 or Easements Act.
SYN-INT-000617,SYN-PARCEL-000617,MORTGAGE_EQUITABLE,SYN-DOC-000617,2023-03-15,,ACTIVE,REGISTERED_CHARGE,Synthetic mortgage equitable recorded under TPA Sec 58/100 or Easements Act.
SYN-INT-000618,SYN-PARCEL-000618,EASEMENT_RIGHT_OF_WAY,SYN-DOC-000618,2018-03-15,,ACTIVE,REGISTERED_CHARGE,Synthetic easement right of way recorded under TPA Sec 58/100 or Easements Act.
SYN-INT-000619,SYN-PARCEL-000619,STATUTORY_CHARGE,SYN-DOC-000619,2019-03-15,2022-03-15,DISCHARGED,REGISTERED_CHARGE,Synthetic statutory charge recorded under TPA Sec 58/100 or Easements Act.
SYN-INT-000620,SYN-PARCEL-000620,ACQUISITION_NOTICE,SYN-DOC-000620,2020-03-15,,UNCERTAIN,REGISTERED_CHARGE,Preliminary notification under RFCTLARR Act 2013 Section 11.
SYN-INT-000621,SYN-PARCEL-000621,MORTGAGE_SIMPLE,SYN-DOC-000621,2021-03-15,,ACTIVE,REGISTERED_CHARGE,Synthetic mortgage simple recorded under TPA Sec 58/100 or Easements Act.
SYN-INT-000622,SYN-PARCEL-000622,MORTGAGE_EQUITABLE,SYN-DOC-000622,2022-03-15,,ACTIVE,REGISTERED_CHARGE,Synthetic mortgage equitable recorded under TPA Sec 58/100 or Easements Act.
SYN-INT-000623,SYN-PARCEL-000623,EASEMENT_RIGHT_OF_WAY,SYN-DOC-000623,2023-03-15,2026-03-15,DISCHARGED,REGISTERED_CHARGE,Synthetic easement right of way recorded under TPA Sec 58/100 or Easements Act.
SYN-INT-000624,SYN-PARCEL-000624,STATUTORY_CHARGE,SYN-DOC-000624,2018-03-15,,UNCERTAIN,REGISTERED_CHARGE,Synthetic statutory charge recorded under TPA Sec 58/100 or Easements Act.
SYN-INT-000625,SYN-PARCEL-000625,ACQUISITION_NOTICE,SYN-DOC-000625,2019-03-15,,ACTIVE,REGISTERED_CHARGE,Preliminary notification under RFCTLARR Act 2013 Section 11.
SYN-INT-000626,SYN-PARCEL-000626,MORTGAGE_SIMPLE,SYN-DOC-000626,2020-03-15,,ACTIVE,REGISTERED_CHARGE,Synthetic mortgage simple recorded under TPA Sec 58/100 or Easements Act.
SYN-INT-000627,SYN-PARCEL-000627,MORTGAGE_EQUITABLE,SYN-DOC-000627,2021-03-15,2024-03-15,DISCHARGED,REGISTERED_CHARGE,Synthetic mortgage equitable recorded under TPA Sec 58/100 or Easements Act.
SYN-INT-000628,SYN-PARCEL-000628,EASEMENT_RIGHT_OF_WAY,SYN-DOC-000628,2022-03-15,,UNCERTAIN,REGISTERED_CHARGE,Synthetic easement right of way recorded under TPA Sec 58/100 or Easements Act.
SYN-INT-000629,SYN-PARCEL-000629,STATUTORY_CHARGE,SYN-DOC-000629,2023-03-15,,ACTIVE,REGISTERED_CHARGE,Synthetic statutory charge recorded under TPA Sec 58/100 or Easements Act.
SYN-INT-000630,SYN-PARCEL-000630,ACQUISITION_NOTICE,SYN-DOC-000630,2018-03-15,,ACTIVE,REGISTERED_CHARGE,Preliminary notification under RFCTLARR Act 2013 Section 11.
SYN-INT-000631,SYN-PARCEL-000631,MORTGAGE_SIMPLE,SYN-DOC-000631,2019-03-15,2022-03-15,DISCHARGED,REGISTERED_CHARGE,Synthetic mortgage simple recorded under TPA Sec 58/100 or Easements Act.
SYN-INT-000632,SYN-PARCEL-000632,MORTGAGE_EQUITABLE,SYN-DOC-000632,2020-03-15,,UNCERTAIN,REGISTERED_CHARGE,Synthetic mortgage equitable recorded under TPA Sec 58/100 or Easements Act.
SYN-INT-000633,SYN-PARCEL-000633,EASEMENT_RIGHT_OF_WAY,SYN-DOC-000633,2021-03-15,,ACTIVE,REGISTERED_CHARGE,Synthetic easement right of way recorded under TPA Sec 58/100 or Easements Act.
SYN-INT-000634,SYN-PARCEL-000634,STATUTORY_CHARGE,SYN-DOC-000634,2022-03-15,,ACTIVE,REGISTERED_CHARGE,Synthetic statutory charge recorded under TPA Sec 58/100 or Easements Act.
SYN-INT-000635,SYN-PARCEL-000635,ACQUISITION_NOTICE,SYN-DOC-000635,2023-03-15,2026-03-15,DISCHARGED,REGISTERED_CHARGE,Preliminary notification under RFCTLARR Act 2013 Section 11.
SYN-INT-000636,SYN-PARCEL-000636,MORTGAGE_SIMPLE,SYN-DOC-000636,2018-03-15,,UNCERTAIN,REGISTERED_CHARGE,Synthetic mortgage simple recorded under TPA Sec 58/100 or Easements Act.
SYN-INT-000637,SYN-PARCEL-000637,MORTGAGE_EQUITABLE,SYN-DOC-000637,2019-03-15,,ACTIVE,REGISTERED_CHARGE,Synthetic mortgage equitable recorded under TPA Sec 58/100 or Easements Act.
SYN-INT-000638,SYN-PARCEL-000638,EASEMENT_RIGHT_OF_WAY,SYN-DOC-000638,2020-03-15,,ACTIVE,REGISTERED_CHARGE,Synthetic easement right of way recorded under TPA Sec 58/100 or Easements Act.
SYN-INT-000639,SYN-PARCEL-000639,STATUTORY_CHARGE,SYN-DOC-000639,2021-03-15,2024-03-15,DISCHARGED,REGISTERED_CHARGE,Synthetic statutory charge recorded under TPA Sec 58/100 or Easements Act.
SYN-INT-000640,SYN-PARCEL-000640,ACQUISITION_NOTICE,SYN-DOC-000640,2022-03-15,,UNCERTAIN,REGISTERED_CHARGE,Preliminary notification under RFCTLARR Act 2013 Section 11.
SYN-INT-000641,SYN-PARCEL-000641,MORTGAGE_SIMPLE,SYN-DOC-000641,2023-03-15,,ACTIVE,REGISTERED_CHARGE,Synthetic mortgage simple recorded under TPA Sec 58/100 or Easements Act.
SYN-INT-000642,SYN-PARCEL-000642,MORTGAGE_EQUITABLE,SYN-DOC-000642,2018-03-15,,ACTIVE,REGISTERED_CHARGE,Synthetic mortgage equitable recorded under TPA Sec 58/100 or Easements Act.
SYN-INT-000643,SYN-PARCEL-000643,EASEMENT_RIGHT_OF_WAY,SYN-DOC-000643,2019-03-15,2022-03-15,DISCHARGED,REGISTERED_CHARGE,Synthetic easement right of way recorded under TPA Sec 58/100 or Easements Act.
SYN-INT-000644,SYN-PARCEL-000644,STATUTORY_CHARGE,SYN-DOC-000644,2020-03-15,,UNCERTAIN,REGISTERED_CHARGE,Synthetic statutory charge recorded under TPA Sec 58/100 or Easements Act.
SYN-INT-000645,SYN-PARCEL-000645,ACQUISITION_NOTICE,SYN-DOC-000645,2021-03-15,,ACTIVE,REGISTERED_CHARGE,Preliminary notification under RFCTLARR Act 2013 Section 11.
SYN-INT-000646,SYN-PARCEL-000646,MORTGAGE_SIMPLE,SYN-DOC-000646,2022-03-15,,ACTIVE,REGISTERED_CHARGE,Synthetic mortgage simple recorded under TPA Sec 58/100 or Easements Act.
SYN-INT-000647,SYN-PARCEL-000647,MORTGAGE_EQUITABLE,SYN-DOC-000647,2023-03-15,2026-03-15,DISCHARGED,REGISTERED_CHARGE,Synthetic mortgage equitable recorded under TPA Sec 58/100 or Easements Act.
SYN-INT-000648,SYN-PARCEL-000648,EASEMENT_RIGHT_OF_WAY,SYN-DOC-000648,2018-03-15,,UNCERTAIN,REGISTERED_CHARGE,Synthetic easement right of way recorded under TPA Sec 58/100 or Easements Act.
SYN-INT-000649,SYN-PARCEL-000649,STATUTORY_CHARGE,SYN-DOC-000649,2019-03-15,,ACTIVE,REGISTERED_CHARGE,Synthetic statutory charge recorded under TPA Sec 58/100 or Easements Act.
SYN-INT-000650,SYN-PARCEL-000650,ACQUISITION_NOTICE,SYN-DOC-000650,2020-03-15,,ACTIVE,REGISTERED_CHARGE,Preliminary notification under RFCTLARR Act 2013 Section 11.
SYN-INT-000651,SYN-PARCEL-000651,MORTGAGE_SIMPLE,SYN-DOC-000651,2021-03-15,2024-03-15,DISCHARGED,REGISTERED_CHARGE,Synthetic mortgage simple recorded under TPA Sec 58/100 or Easements Act.
SYN-INT-000652,SYN-PARCEL-000652,MORTGAGE_EQUITABLE,SYN-DOC-000652,2022-03-15,,UNCERTAIN,REGISTERED_CHARGE,Synthetic mortgage equitable recorded under TPA Sec 58/100 or Easements Act.
SYN-INT-000653,SYN-PARCEL-000653,EASEMENT_RIGHT_OF_WAY,SYN-DOC-000653,2023-03-15,,ACTIVE,REGISTERED_CHARGE,Synthetic easement right of way recorded under TPA Sec 58/100 or Easements Act.
SYN-INT-000654,SYN-PARCEL-000654,STATUTORY_CHARGE,SYN-DOC-000654,2018-03-15,,ACTIVE,REGISTERED_CHARGE,Synthetic statutory charge recorded under TPA Sec 58/100 or Easements Act.
SYN-INT-000655,SYN-PARCEL-000655,ACQUISITION_NOTICE,SYN-DOC-000655,2019-03-15,2022-03-15,DISCHARGED,REGISTERED_CHARGE,Preliminary notification under RFCTLARR Act 2013 Section 11.
SYN-INT-000656,SYN-PARCEL-000656,MORTGAGE_SIMPLE,SYN-DOC-000656,2020-03-15,,UNCERTAIN,REGISTERED_CHARGE,Synthetic mortgage simple recorded under TPA Sec 58/100 or Easements Act.
SYN-INT-000657,SYN-PARCEL-000657,MORTGAGE_EQUITABLE,SYN-DOC-000657,2021-03-15,,ACTIVE,REGISTERED_CHARGE,Synthetic mortgage equitable recorded under TPA Sec 58/100 or Easements Act.
SYN-INT-000658,SYN-PARCEL-000658,EASEMENT_RIGHT_OF_WAY,SYN-DOC-000658,2022-03-15,,ACTIVE,REGISTERED_CHARGE,Synthetic easement right of way recorded under TPA Sec 58/100 or Easements Act.
SYN-INT-000659,SYN-PARCEL-000659,STATUTORY_CHARGE,SYN-DOC-000659,2023-03-15,2026-03-15,DISCHARGED,REGISTERED_CHARGE,Synthetic statutory charge recorded under TPA Sec 58/100 or Easements Act.
SYN-INT-000660,SYN-PARCEL-000660,ACQUISITION_NOTICE,SYN-DOC-000660,2018-03-15,,UNCERTAIN,REGISTERED_CHARGE,Preliminary notification under RFCTLARR Act 2013 Section 11.
SYN-INT-000661,SYN-PARCEL-000661,MORTGAGE_SIMPLE,SYN-DOC-000661,2019-03-15,,ACTIVE,REGISTERED_CHARGE,Synthetic mortgage simple recorded under TPA Sec 58/100 or Easements Act.
SYN-INT-000662,SYN-PARCEL-000662,MORTGAGE_EQUITABLE,SYN-DOC-000662,2020-03-15,,ACTIVE,REGISTERED_CHARGE,Synthetic mortgage equitable recorded under TPA Sec 58/100 or Easements Act.
SYN-INT-000663,SYN-PARCEL-000663,EASEMENT_RIGHT_OF_WAY,SYN-DOC-000663,2021-03-15,2024-03-15,DISCHARGED,REGISTERED_CHARGE,Synthetic easement right of way recorded under TPA Sec 58/100 or Easements Act.
SYN-INT-000664,SYN-PARCEL-000664,STATUTORY_CHARGE,SYN-DOC-000664,2022-03-15,,UNCERTAIN,REGISTERED_CHARGE,Synthetic statutory charge recorded under TPA Sec 58/100 or Easements Act.
SYN-INT-000665,SYN-PARCEL-000665,ACQUISITION_NOTICE,SYN-DOC-000665,2023-03-15,,ACTIVE,REGISTERED_CHARGE,Preliminary notification under RFCTLARR Act 2013 Section 11.
SYN-INT-000666,SYN-PARCEL-000666,MORTGAGE_SIMPLE,SYN-DOC-000666,2018-03-15,,ACTIVE,REGISTERED_CHARGE,Synthetic mortgage simple recorded under TPA Sec 58/100 or Easements Act.
SYN-INT-000667,SYN-PARCEL-000667,MORTGAGE_EQUITABLE,SYN-DOC-000667,2019-03-15,2022-03-15,DISCHARGED,REGISTERED_CHARGE,Synthetic mortgage equitable recorded under TPA Sec 58/100 or Easements Act.
SYN-INT-000668,SYN-PARCEL-000668,EASEMENT_RIGHT_OF_WAY,SYN-DOC-000668,2020-03-15,,UNCERTAIN,REGISTERED_CHARGE,Synthetic easement right of way recorded under TPA Sec 58/100 or Easements Act.
SYN-INT-000669,SYN-PARCEL-000669,STATUTORY_CHARGE,SYN-DOC-000669,2021-03-15,,ACTIVE,REGISTERED_CHARGE,Synthetic statutory charge recorded under TPA Sec 58/100 or Easements Act.
SYN-INT-000670,SYN-PARCEL-000670,ACQUISITION_NOTICE,SYN-DOC-000670,2022-03-15,,ACTIVE,REGISTERED_CHARGE,Preliminary notification under RFCTLARR Act 2013 Section 11.
SYN-INT-000671,SYN-PARCEL-000671,MORTGAGE_SIMPLE,SYN-DOC-000671,2023-03-15,2026-03-15,DISCHARGED,REGISTERED_CHARGE,Synthetic mortgage simple recorded under TPA Sec 58/100 or Easements Act.
SYN-INT-000672,SYN-PARCEL-000672,MORTGAGE_EQUITABLE,SYN-DOC-000672,2018-03-15,,UNCERTAIN,REGISTERED_CHARGE,Synthetic mortgage equitable recorded under TPA Sec 58/100 or Easements Act.
SYN-INT-000673,SYN-PARCEL-000673,EASEMENT_RIGHT_OF_WAY,SYN-DOC-000673,2019-03-15,,ACTIVE,REGISTERED_CHARGE,Synthetic easement right of way recorded under TPA Sec 58/100 or Easements Act.
SYN-INT-000674,SYN-PARCEL-000674,STATUTORY_CHARGE,SYN-DOC-000674,2020-03-15,,ACTIVE,REGISTERED_CHARGE,Synthetic statutory charge recorded under TPA Sec 58/100 or Easements Act.
SYN-INT-000675,SYN-PARCEL-000675,ACQUISITION_NOTICE,SYN-DOC-000675,2021-03-15,2024-03-15,DISCHARGED,REGISTERED_CHARGE,Preliminary notification under RFCTLARR Act 2013 Section 11.
SYN-INT-000676,SYN-PARCEL-000676,MORTGAGE_SIMPLE,SYN-DOC-000676,2022-03-15,,UNCERTAIN,REGISTERED_CHARGE,Synthetic mortgage simple recorded under TPA Sec 58/100 or Easements Act.
SYN-INT-000677,SYN-PARCEL-000677,MORTGAGE_EQUITABLE,SYN-DOC-000677,2023-03-15,,ACTIVE,REGISTERED_CHARGE,Synthetic mortgage equitable recorded under TPA Sec 58/100 or Easements Act.
SYN-INT-000678,SYN-PARCEL-000678,EASEMENT_RIGHT_OF_WAY,SYN-DOC-000678,2018-03-15,,ACTIVE,REGISTERED_CHARGE,Synthetic easement right of way recorded under TPA Sec 58/100 or Easements Act.
SYN-INT-000679,SYN-PARCEL-000679,STATUTORY_CHARGE,SYN-DOC-000679,2019-03-15,2022-03-15,DISCHARGED,REGISTERED_CHARGE,Synthetic statutory charge recorded under TPA Sec 58/100 or Easements Act.
SYN-INT-000680,SYN-PARCEL-000680,ACQUISITION_NOTICE,SYN-DOC-000680,2020-03-15,,UNCERTAIN,REGISTERED_CHARGE,Preliminary notification under RFCTLARR Act 2013 Section 11.
SYN-INT-000681,SYN-PARCEL-000681,MORTGAGE_SIMPLE,SYN-DOC-000681,2021-03-15,,ACTIVE,REGISTERED_CHARGE,Synthetic mortgage simple recorded under TPA Sec 58/100 or Easements Act.
SYN-INT-000682,SYN-PARCEL-000682,MORTGAGE_EQUITABLE,SYN-DOC-000682,2022-03-15,,ACTIVE,REGISTERED_CHARGE,Synthetic mortgage equitable recorded under TPA Sec 58/100 or Easements Act.
SYN-INT-000683,SYN-PARCEL-000683,EASEMENT_RIGHT_OF_WAY,SYN-DOC-000683,2023-03-15,2026-03-15,DISCHARGED,REGISTERED_CHARGE,Synthetic easement right of way recorded under TPA Sec 58/100 or Easements Act.
SYN-INT-000684,SYN-PARCEL-000684,STATUTORY_CHARGE,SYN-DOC-000684,2018-03-15,,UNCERTAIN,REGISTERED_CHARGE,Synthetic statutory charge recorded under TPA Sec 58/100 or Easements Act.
SYN-INT-000685,SYN-PARCEL-000685,ACQUISITION_NOTICE,SYN-DOC-000685,2019-03-15,,ACTIVE,REGISTERED_CHARGE,Preliminary notification under RFCTLARR Act 2013 Section 11.
SYN-INT-000686,SYN-PARCEL-000686,MORTGAGE_SIMPLE,SYN-DOC-000686,2020-03-15,,ACTIVE,REGISTERED_CHARGE,Synthetic mortgage simple recorded under TPA Sec 58/100 or Easements Act.
SYN-INT-000687,SYN-PARCEL-000687,MORTGAGE_EQUITABLE,SYN-DOC-000687,2021-03-15,2024-03-15,DISCHARGED,REGISTERED_CHARGE,Synthetic mortgage equitable recorded under TPA Sec 58/100 or Easements Act.
SYN-INT-000688,SYN-PARCEL-000688,EASEMENT_RIGHT_OF_WAY,SYN-DOC-000688,2022-03-15,,UNCERTAIN,REGISTERED_CHARGE,Synthetic easement right of way recorded under TPA Sec 58/100 or Easements Act.
SYN-INT-000689,SYN-PARCEL-000689,STATUTORY_CHARGE,SYN-DOC-000689,2023-03-15,,ACTIVE,REGISTERED_CHARGE,Synthetic statutory charge recorded under TPA Sec 58/100 or Easements Act.
SYN-INT-000690,SYN-PARCEL-000690,ACQUISITION_NOTICE,SYN-DOC-000690,2018-03-15,,ACTIVE,REGISTERED_CHARGE,Preliminary notification under RFCTLARR Act 2013 Section 11.
SYN-INT-000691,SYN-PARCEL-000691,MORTGAGE_SIMPLE,SYN-DOC-000691,2019-03-15,2022-03-15,DISCHARGED,REGISTERED_CHARGE,Synthetic mortgage simple recorded under TPA Sec 58/100 or Easements Act.
SYN-INT-000692,SYN-PARCEL-000692,MORTGAGE_EQUITABLE,SYN-DOC-000692,2020-03-15,,UNCERTAIN,REGISTERED_CHARGE,Synthetic mortgage equitable recorded under TPA Sec 58/100 or Easements Act.
SYN-INT-000693,SYN-PARCEL-000693,EASEMENT_RIGHT_OF_WAY,SYN-DOC-000693,2021-03-15,,ACTIVE,REGISTERED_CHARGE,Synthetic easement right of way recorded under TPA Sec 58/100 or Easements Act.
SYN-INT-000694,SYN-PARCEL-000694,STATUTORY_CHARGE,SYN-DOC-000694,2022-03-15,,ACTIVE,REGISTERED_CHARGE,Synthetic statutory charge recorded under TPA Sec 58/100 or Easements Act.
SYN-INT-000695,SYN-PARCEL-000695,ACQUISITION_NOTICE,SYN-DOC-000695,2023-03-15,2026-03-15,DISCHARGED,REGISTERED_CHARGE,Preliminary notification under RFCTLARR Act 2013 Section 11.
SYN-INT-000696,SYN-PARCEL-000696,MORTGAGE_SIMPLE,SYN-DOC-000696,2018-03-15,,UNCERTAIN,REGISTERED_CHARGE,Synthetic mortgage simple recorded under TPA Sec 58/100 or Easements Act.
SYN-INT-000697,SYN-PARCEL-000697,MORTGAGE_EQUITABLE,SYN-DOC-000697,2019-03-15,,ACTIVE,REGISTERED_CHARGE,Synthetic mortgage equitable recorded under TPA Sec 58/100 or Easements Act.
SYN-INT-000698,SYN-PARCEL-000698,EASEMENT_RIGHT_OF_WAY,SYN-DOC-000698,2020-03-15,,ACTIVE,REGISTERED_CHARGE,Synthetic easement right of way recorded under TPA Sec 58/100 or Easements Act.
SYN-INT-000699,SYN-PARCEL-000699,STATUTORY_CHARGE,SYN-DOC-000699,2021-03-15,2024-03-15,DISCHARGED,REGISTERED_CHARGE,Synthetic statutory charge recorded under TPA Sec 58/100 or Easements Act.
SYN-INT-000700,SYN-PARCEL-000700,ACQUISITION_NOTICE,SYN-DOC-000700,2022-03-15,,UNCERTAIN,REGISTERED_CHARGE,Preliminary notification under RFCTLARR Act 2013 Section 11.
SYN-INT-000701,SYN-PARCEL-000701,MORTGAGE_SIMPLE,SYN-DOC-000701,2023-03-15,,ACTIVE,REGISTERED_CHARGE,Synthetic mortgage simple recorded under TPA Sec 58/100 or Easements Act.
SYN-INT-000702,SYN-PARCEL-000702,MORTGAGE_EQUITABLE,SYN-DOC-000702,2018-03-15,,ACTIVE,REGISTERED_CHARGE,Synthetic mortgage equitable recorded under TPA Sec 58/100 or Easements Act.
SYN-INT-000703,SYN-PARCEL-000703,EASEMENT_RIGHT_OF_WAY,SYN-DOC-000703,2019-03-15,2022-03-15,DISCHARGED,REGISTERED_CHARGE,Synthetic easement right of way recorded under TPA Sec 58/100 or Easements Act.
SYN-INT-000704,SYN-PARCEL-000704,STATUTORY_CHARGE,SYN-DOC-000704,2020-03-15,,UNCERTAIN,REGISTERED_CHARGE,Synthetic statutory charge recorded under TPA Sec 58/100 or Easements Act.
SYN-INT-000705,SYN-PARCEL-000705,ACQUISITION_NOTICE,SYN-DOC-000705,2021-03-15,,ACTIVE,REGISTERED_CHARGE,Preliminary notification under RFCTLARR Act 2013 Section 11.
SYN-INT-000706,SYN-PARCEL-000706,MORTGAGE_SIMPLE,SYN-DOC-000706,2022-03-15,,ACTIVE,REGISTERED_CHARGE,Synthetic mortgage simple recorded under TPA Sec 58/100 or Easements Act.
SYN-INT-000707,SYN-PARCEL-000707,MORTGAGE_EQUITABLE,SYN-DOC-000707,2023-03-15,2026-03-15,DISCHARGED,REGISTERED_CHARGE,Synthetic mortgage equitable recorded under TPA Sec 58/100 or Easements Act.
SYN-INT-000708,SYN-PARCEL-000708,EASEMENT_RIGHT_OF_WAY,SYN-DOC-000708,2018-03-15,,UNCERTAIN,REGISTERED_CHARGE,Synthetic easement right of way recorded under TPA Sec 58/100 or Easements Act.
SYN-INT-000709,SYN-PARCEL-000709,STATUTORY_CHARGE,SYN-DOC-000709,2019-03-15,,ACTIVE,REGISTERED_CHARGE,Synthetic statutory charge recorded under TPA Sec 58/100 or Easements Act.
SYN-INT-000710,SYN-PARCEL-000710,ACQUISITION_NOTICE,SYN-DOC-000710,2020-03-15,,ACTIVE,REGISTERED_CHARGE,Preliminary notification under RFCTLARR Act 2013 Section 11.
SYN-INT-000711,SYN-PARCEL-000711,MORTGAGE_SIMPLE,SYN-DOC-000711,2021-03-15,2024-03-15,DISCHARGED,REGISTERED_CHARGE,Synthetic mortgage simple recorded under TPA Sec 58/100 or Easements Act.
SYN-INT-000712,SYN-PARCEL-000712,MORTGAGE_EQUITABLE,SYN-DOC-000712,2022-03-15,,UNCERTAIN,REGISTERED_CHARGE,Synthetic mortgage equitable recorded under TPA Sec 58/100 or Easements Act.
SYN-INT-000713,SYN-PARCEL-000713,EASEMENT_RIGHT_OF_WAY,SYN-DOC-000713,2023-03-15,,ACTIVE,REGISTERED_CHARGE,Synthetic easement right of way recorded under TPA Sec 58/100 or Easements Act.
SYN-INT-000714,SYN-PARCEL-000714,STATUTORY_CHARGE,SYN-DOC-000714,2018-03-15,,ACTIVE,REGISTERED_CHARGE,Synthetic statutory charge recorded under TPA Sec 58/100 or Easements Act.
SYN-INT-000715,SYN-PARCEL-000715,ACQUISITION_NOTICE,SYN-DOC-000715,2019-03-15,2022-03-15,DISCHARGED,REGISTERED_CHARGE,Preliminary notification under RFCTLARR Act 2013 Section 11.
SYN-INT-000716,SYN-PARCEL-000716,MORTGAGE_SIMPLE,SYN-DOC-000716,2020-03-15,,UNCERTAIN,REGISTERED_CHARGE,Synthetic mortgage simple recorded under TPA Sec 58/100 or Easements Act.
SYN-INT-000717,SYN-PARCEL-000717,MORTGAGE_EQUITABLE,SYN-DOC-000717,2021-03-15,,ACTIVE,REGISTERED_CHARGE,Synthetic mortgage equitable recorded under TPA Sec 58/100 or Easements Act.
SYN-INT-000718,SYN-PARCEL-000718,EASEMENT_RIGHT_OF_WAY,SYN-DOC-000718,2022-03-15,,ACTIVE,REGISTERED_CHARGE,Synthetic easement right of way recorded under TPA Sec 58/100 or Easements Act.
SYN-INT-000719,SYN-PARCEL-000719,STATUTORY_CHARGE,SYN-DOC-000719,2023-03-15,2026-03-15,DISCHARGED,REGISTERED_CHARGE,Synthetic statutory charge recorded under TPA Sec 58/100 or Easements Act.
SYN-INT-000720,SYN-PARCEL-000720,ACQUISITION_NOTICE,SYN-DOC-000720,2018-03-15,,UNCERTAIN,REGISTERED_CHARGE,Preliminary notification under RFCTLARR Act 2013 Section 11.
SYN-INT-000721,SYN-PARCEL-000721,MORTGAGE_SIMPLE,SYN-DOC-000721,2019-03-15,,ACTIVE,REGISTERED_CHARGE,Synthetic mortgage simple recorded under TPA Sec 58/100 or Easements Act.
SYN-INT-000722,SYN-PARCEL-000722,MORTGAGE_EQUITABLE,SYN-DOC-000722,2020-03-15,,ACTIVE,REGISTERED_CHARGE,Synthetic mortgage equitable recorded under TPA Sec 58/100 or Easements Act.
SYN-INT-000723,SYN-PARCEL-000723,EASEMENT_RIGHT_OF_WAY,SYN-DOC-000723,2021-03-15,2024-03-15,DISCHARGED,REGISTERED_CHARGE,Synthetic easement right of way recorded under TPA Sec 58/100 or Easements Act.
SYN-INT-000724,SYN-PARCEL-000724,STATUTORY_CHARGE,SYN-DOC-000724,2022-03-15,,UNCERTAIN,REGISTERED_CHARGE,Synthetic statutory charge recorded under TPA Sec 58/100 or Easements Act.
SYN-INT-000725,SYN-PARCEL-000725,ACQUISITION_NOTICE,SYN-DOC-000725,2023-03-15,,ACTIVE,REGISTERED_CHARGE,Preliminary notification under RFCTLARR Act 2013 Section 11.
SYN-INT-000726,SYN-PARCEL-000726,MORTGAGE_SIMPLE,SYN-DOC-000726,2018-03-15,,ACTIVE,REGISTERED_CHARGE,Synthetic mortgage simple recorded under TPA Sec 58/100 or Easements Act.
SYN-INT-000727,SYN-PARCEL-000727,MORTGAGE_EQUITABLE,SYN-DOC-000727,2019-03-15,2022-03-15,DISCHARGED,REGISTERED_CHARGE,Synthetic mortgage equitable recorded under TPA Sec 58/100 or Easements Act.
SYN-INT-000728,SYN-PARCEL-000728,EASEMENT_RIGHT_OF_WAY,SYN-DOC-000728,2020-03-15,,UNCERTAIN,REGISTERED_CHARGE,Synthetic easement right of way recorded under TPA Sec 58/100 or Easements Act.
SYN-INT-000729,SYN-PARCEL-000729,STATUTORY_CHARGE,SYN-DOC-000729,2021-03-15,,ACTIVE,REGISTERED_CHARGE,Synthetic statutory charge recorded under TPA Sec 58/100 or Easements Act.
SYN-INT-000730,SYN-PARCEL-000730,ACQUISITION_NOTICE,SYN-DOC-000730,2022-03-15,,ACTIVE,REGISTERED_CHARGE,Preliminary notification under RFCTLARR Act 2013 Section 11.
SYN-INT-000731,SYN-PARCEL-000731,MORTGAGE_SIMPLE,SYN-DOC-000731,2023-03-15,2026-03-15,DISCHARGED,REGISTERED_CHARGE,Synthetic mortgage simple recorded under TPA Sec 58/100 or Easements Act.
SYN-INT-000732,SYN-PARCEL-000732,MORTGAGE_EQUITABLE,SYN-DOC-000732,2018-03-15,,UNCERTAIN,REGISTERED_CHARGE,Synthetic mortgage equitable recorded under TPA Sec 58/100 or Easements Act.
SYN-INT-000733,SYN-PARCEL-000733,EASEMENT_RIGHT_OF_WAY,SYN-DOC-000733,2019-03-15,,ACTIVE,REGISTERED_CHARGE,Synthetic easement right of way recorded under TPA Sec 58/100 or Easements Act.
SYN-INT-000734,SYN-PARCEL-000734,STATUTORY_CHARGE,SYN-DOC-000734,2020-03-15,,ACTIVE,REGISTERED_CHARGE,Synthetic statutory charge recorded under TPA Sec 58/100 or Easements Act.
SYN-INT-000735,SYN-PARCEL-000735,ACQUISITION_NOTICE,SYN-DOC-000735,2021-03-15,2024-03-15,DISCHARGED,REGISTERED_CHARGE,Preliminary notification under RFCTLARR Act 2013 Section 11.
SYN-INT-000736,SYN-PARCEL-000736,MORTGAGE_SIMPLE,SYN-DOC-000736,2022-03-15,,UNCERTAIN,REGISTERED_CHARGE,Synthetic mortgage simple recorded under TPA Sec 58/100 or Easements Act.
SYN-INT-000737,SYN-PARCEL-000737,MORTGAGE_EQUITABLE,SYN-DOC-000737,2023-03-15,,ACTIVE,REGISTERED_CHARGE,Synthetic mortgage equitable recorded under TPA Sec 58/100 or Easements Act.
SYN-INT-000738,SYN-PARCEL-000738,EASEMENT_RIGHT_OF_WAY,SYN-DOC-000738,2018-03-15,,ACTIVE,REGISTERED_CHARGE,Synthetic easement right of way recorded under TPA Sec 58/100 or Easements Act.
SYN-INT-000739,SYN-PARCEL-000739,STATUTORY_CHARGE,SYN-DOC-000739,2019-03-15,2022-03-15,DISCHARGED,REGISTERED_CHARGE,Synthetic statutory charge recorded under TPA Sec 58/100 or Easements Act.
SYN-INT-000740,SYN-PARCEL-000740,ACQUISITION_NOTICE,SYN-DOC-000740,2020-03-15,,UNCERTAIN,REGISTERED_CHARGE,Preliminary notification under RFCTLARR Act 2013 Section 11.
SYN-INT-000741,SYN-PARCEL-000741,MORTGAGE_SIMPLE,SYN-DOC-000741,2021-03-15,,ACTIVE,REGISTERED_CHARGE,Synthetic mortgage simple recorded under TPA Sec 58/100 or Easements Act.
SYN-INT-000742,SYN-PARCEL-000742,MORTGAGE_EQUITABLE,SYN-DOC-000742,2022-03-15,,ACTIVE,REGISTERED_CHARGE,Synthetic mortgage equitable recorded under TPA Sec 58/100 or Easements Act.
SYN-INT-000743,SYN-PARCEL-000743,EASEMENT_RIGHT_OF_WAY,SYN-DOC-000743,2023-03-15,2026-03-15,DISCHARGED,REGISTERED_CHARGE,Synthetic easement right of way recorded under TPA Sec 58/100 or Easements Act.
SYN-INT-000744,SYN-PARCEL-000744,STATUTORY_CHARGE,SYN-DOC-000744,2018-03-15,,UNCERTAIN,REGISTERED_CHARGE,Synthetic statutory charge recorded under TPA Sec 58/100 or Easements Act.
SYN-INT-000745,SYN-PARCEL-000745,ACQUISITION_NOTICE,SYN-DOC-000745,2019-03-15,,ACTIVE,REGISTERED_CHARGE,Preliminary notification under RFCTLARR Act 2013 Section 11.
SYN-INT-000746,SYN-PARCEL-000746,MORTGAGE_SIMPLE,SYN-DOC-000746,2020-03-15,,ACTIVE,REGISTERED_CHARGE,Synthetic mortgage simple recorded under TPA Sec 58/100 or Easements Act.
SYN-INT-000747,SYN-PARCEL-000747,MORTGAGE_EQUITABLE,SYN-DOC-000747,2021-03-15,2024-03-15,DISCHARGED,REGISTERED_CHARGE,Synthetic mortgage equitable recorded under TPA Sec 58/100 or Easements Act.
SYN-INT-000748,SYN-PARCEL-000748,EASEMENT_RIGHT_OF_WAY,SYN-DOC-000748,2022-03-15,,UNCERTAIN,REGISTERED_CHARGE,Synthetic easement right of way recorded under TPA Sec 58/100 or Easements Act.
SYN-INT-000749,SYN-PARCEL-000749,STATUTORY_CHARGE,SYN-DOC-000749,2023-03-15,,ACTIVE,REGISTERED_CHARGE,Synthetic statutory charge recorded under TPA Sec 58/100 or Easements Act.
SYN-INT-000750,SYN-PARCEL-000750,ACQUISITION_NOTICE,SYN-DOC-000750,2018-03-15,,ACTIVE,REGISTERED_CHARGE,Preliminary notification under RFCTLARR Act 2013 Section 11.
SYN-INT-000751,SYN-PARCEL-000751,MORTGAGE_SIMPLE,SYN-DOC-000751,2019-03-15,2022-03-15,DISCHARGED,REGISTERED_CHARGE,Synthetic mortgage simple recorded under TPA Sec 58/100 or Easements Act.
SYN-INT-000752,SYN-PARCEL-000752,MORTGAGE_EQUITABLE,SYN-DOC-000752,2020-03-15,,UNCERTAIN,REGISTERED_CHARGE,Synthetic mortgage equitable recorded under TPA Sec 58/100 or Easements Act.
SYN-INT-000753,SYN-PARCEL-000753,EASEMENT_RIGHT_OF_WAY,SYN-DOC-000753,2021-03-15,,ACTIVE,REGISTERED_CHARGE,Synthetic easement right of way recorded under TPA Sec 58/100 or Easements Act.
SYN-INT-000754,SYN-PARCEL-000754,STATUTORY_CHARGE,SYN-DOC-000754,2022-03-15,,ACTIVE,REGISTERED_CHARGE,Synthetic statutory charge recorded under TPA Sec 58/100 or Easements Act.
SYN-INT-000755,SYN-PARCEL-000755,ACQUISITION_NOTICE,SYN-DOC-000755,2023-03-15,2026-03-15,DISCHARGED,REGISTERED_CHARGE,Preliminary notification under RFCTLARR Act 2013 Section 11.
SYN-INT-000756,SYN-PARCEL-000756,MORTGAGE_SIMPLE,SYN-DOC-000756,2018-03-15,,UNCERTAIN,REGISTERED_CHARGE,Synthetic mortgage simple recorded under TPA Sec 58/100 or Easements Act.
SYN-INT-000757,SYN-PARCEL-000757,MORTGAGE_EQUITABLE,SYN-DOC-000757,2019-03-15,,ACTIVE,REGISTERED_CHARGE,Synthetic mortgage equitable recorded under TPA Sec 58/100 or Easements Act.
SYN-INT-000758,SYN-PARCEL-000758,EASEMENT_RIGHT_OF_WAY,SYN-DOC-000758,2020-03-15,,ACTIVE,REGISTERED_CHARGE,Synthetic easement right of way recorded under TPA Sec 58/100 or Easements Act.
SYN-INT-000759,SYN-PARCEL-000759,STATUTORY_CHARGE,SYN-DOC-000759,2021-03-15,2024-03-15,DISCHARGED,REGISTERED_CHARGE,Synthetic statutory charge recorded under TPA Sec 58/100 or Easements Act.
SYN-INT-000760,SYN-PARCEL-000760,ACQUISITION_NOTICE,SYN-DOC-000760,2022-03-15,,UNCERTAIN,REGISTERED_CHARGE,Preliminary notification under RFCTLARR Act 2013 Section 11.
SYN-INT-000761,SYN-PARCEL-000761,MORTGAGE_SIMPLE,SYN-DOC-000761,2023-03-15,,ACTIVE,REGISTERED_CHARGE,Synthetic mortgage simple recorded under TPA Sec 58/100 or Easements Act.
SYN-INT-000762,SYN-PARCEL-000762,MORTGAGE_EQUITABLE,SYN-DOC-000762,2018-03-15,,ACTIVE,REGISTERED_CHARGE,Synthetic mortgage equitable recorded under TPA Sec 58/100 or Easements Act.
SYN-INT-000763,SYN-PARCEL-000763,EASEMENT_RIGHT_OF_WAY,SYN-DOC-000763,2019-03-15,2022-03-15,DISCHARGED,REGISTERED_CHARGE,Synthetic easement right of way recorded under TPA Sec 58/100 or Easements Act.
SYN-INT-000764,SYN-PARCEL-000764,STATUTORY_CHARGE,SYN-DOC-000764,2020-03-15,,UNCERTAIN,REGISTERED_CHARGE,Synthetic statutory charge recorded under TPA Sec 58/100 or Easements Act.
SYN-INT-000765,SYN-PARCEL-000765,ACQUISITION_NOTICE,SYN-DOC-000765,2021-03-15,,ACTIVE,REGISTERED_CHARGE,Preliminary notification under RFCTLARR Act 2013 Section 11.
SYN-INT-000766,SYN-PARCEL-000766,MORTGAGE_SIMPLE,SYN-DOC-000766,2022-03-15,,ACTIVE,REGISTERED_CHARGE,Synthetic mortgage simple recorded under TPA Sec 58/100 or Easements Act.
SYN-INT-000767,SYN-PARCEL-000767,MORTGAGE_EQUITABLE,SYN-DOC-000767,2023-03-15,2026-03-15,DISCHARGED,REGISTERED_CHARGE,Synthetic mortgage equitable recorded under TPA Sec 58/100 or Easements Act.
SYN-INT-000768,SYN-PARCEL-000768,EASEMENT_RIGHT_OF_WAY,SYN-DOC-000768,2018-03-15,,UNCERTAIN,REGISTERED_CHARGE,Synthetic easement right of way recorded under TPA Sec 58/100 or Easements Act.
SYN-INT-000769,SYN-PARCEL-000769,STATUTORY_CHARGE,SYN-DOC-000769,2019-03-15,,ACTIVE,REGISTERED_CHARGE,Synthetic statutory charge recorded under TPA Sec 58/100 or Easements Act.
SYN-INT-000770,SYN-PARCEL-000770,ACQUISITION_NOTICE,SYN-DOC-000770,2020-03-15,,ACTIVE,REGISTERED_CHARGE,Preliminary notification under RFCTLARR Act 2013 Section 11.
SYN-INT-000771,SYN-PARCEL-000771,MORTGAGE_SIMPLE,SYN-DOC-000771,2021-03-15,2024-03-15,DISCHARGED,REGISTERED_CHARGE,Synthetic mortgage simple recorded under TPA Sec 58/100 or Easements Act.
SYN-INT-000772,SYN-PARCEL-000772,MORTGAGE_EQUITABLE,SYN-DOC-000772,2022-03-15,,UNCERTAIN,REGISTERED_CHARGE,Synthetic mortgage equitable recorded under TPA Sec 58/100 or Easements Act.
SYN-INT-000773,SYN-PARCEL-000773,EASEMENT_RIGHT_OF_WAY,SYN-DOC-000773,2023-03-15,,ACTIVE,REGISTERED_CHARGE,Synthetic easement right of way recorded under TPA Sec 58/100 or Easements Act.
SYN-INT-000774,SYN-PARCEL-000774,STATUTORY_CHARGE,SYN-DOC-000774,2018-03-15,,ACTIVE,REGISTERED_CHARGE,Synthetic statutory charge recorded under TPA Sec 58/100 or Easements Act.
SYN-INT-000775,SYN-PARCEL-000775,ACQUISITION_NOTICE,SYN-DOC-000775,2019-03-15,2022-03-15,DISCHARGED,REGISTERED_CHARGE,Preliminary notification under RFCTLARR Act 2013 Section 11.
SYN-INT-000776,SYN-PARCEL-000776,MORTGAGE_SIMPLE,SYN-DOC-000776,2020-03-15,,UNCERTAIN,REGISTERED_CHARGE,Synthetic mortgage simple recorded under TPA Sec 58/100 or Easements Act.
SYN-INT-000777,SYN-PARCEL-000777,MORTGAGE_EQUITABLE,SYN-DOC-000777,2021-03-15,,ACTIVE,REGISTERED_CHARGE,Synthetic mortgage equitable recorded under TPA Sec 58/100 or Easements Act.
SYN-INT-000778,SYN-PARCEL-000778,EASEMENT_RIGHT_OF_WAY,SYN-DOC-000778,2022-03-15,,ACTIVE,REGISTERED_CHARGE,Synthetic easement right of way recorded under TPA Sec 58/100 or Easements Act.
SYN-INT-000779,SYN-PARCEL-000779,STATUTORY_CHARGE,SYN-DOC-000779,2023-03-15,2026-03-15,DISCHARGED,REGISTERED_CHARGE,Synthetic statutory charge recorded under TPA Sec 58/100 or Easements Act.
SYN-INT-000780,SYN-PARCEL-000780,ACQUISITION_NOTICE,SYN-DOC-000780,2018-03-15,,UNCERTAIN,REGISTERED_CHARGE,Preliminary notification under RFCTLARR Act 2013 Section 11.
SYN-INT-000781,SYN-PARCEL-000781,MORTGAGE_SIMPLE,SYN-DOC-000781,2019-03-15,,ACTIVE,REGISTERED_CHARGE,Synthetic mortgage simple recorded under TPA Sec 58/100 or Easements Act.
SYN-INT-000782,SYN-PARCEL-000782,MORTGAGE_EQUITABLE,SYN-DOC-000782,2020-03-15,,ACTIVE,REGISTERED_CHARGE,Synthetic mortgage equitable recorded under TPA Sec 58/100 or Easements Act.
SYN-INT-000783,SYN-PARCEL-000783,EASEMENT_RIGHT_OF_WAY,SYN-DOC-000783,2021-03-15,2024-03-15,DISCHARGED,REGISTERED_CHARGE,Synthetic easement right of way recorded under TPA Sec 58/100 or Easements Act.
SYN-INT-000784,SYN-PARCEL-000784,STATUTORY_CHARGE,SYN-DOC-000784,2022-03-15,,UNCERTAIN,REGISTERED_CHARGE,Synthetic statutory charge recorded under TPA Sec 58/100 or Easements Act.
SYN-INT-000785,SYN-PARCEL-000785,ACQUISITION_NOTICE,SYN-DOC-000785,2023-03-15,,ACTIVE,REGISTERED_CHARGE,Preliminary notification under RFCTLARR Act 2013 Section 11.
SYN-INT-000786,SYN-PARCEL-000786,MORTGAGE_SIMPLE,SYN-DOC-000786,2018-03-15,,ACTIVE,REGISTERED_CHARGE,Synthetic mortgage simple recorded under TPA Sec 58/100 or Easements Act.
SYN-INT-000787,SYN-PARCEL-000787,MORTGAGE_EQUITABLE,SYN-DOC-000787,2019-03-15,2022-03-15,DISCHARGED,REGISTERED_CHARGE,Synthetic mortgage equitable recorded under TPA Sec 58/100 or Easements Act.
SYN-INT-000788,SYN-PARCEL-000788,EASEMENT_RIGHT_OF_WAY,SYN-DOC-000788,2020-03-15,,UNCERTAIN,REGISTERED_CHARGE,Synthetic easement right of way recorded under TPA Sec 58/100 or Easements Act.
SYN-INT-000789,SYN-PARCEL-000789,STATUTORY_CHARGE,SYN-DOC-000789,2021-03-15,,ACTIVE,REGISTERED_CHARGE,Synthetic statutory charge recorded under TPA Sec 58/100 or Easements Act.
SYN-INT-000790,SYN-PARCEL-000790,ACQUISITION_NOTICE,SYN-DOC-000790,2022-03-15,,ACTIVE,REGISTERED_CHARGE,Preliminary notification under RFCTLARR Act 2013 Section 11.
SYN-INT-000791,SYN-PARCEL-000791,MORTGAGE_SIMPLE,SYN-DOC-000791,2023-03-15,2026-03-15,DISCHARGED,REGISTERED_CHARGE,Synthetic mortgage simple recorded under TPA Sec 58/100 or Easements Act.
SYN-INT-000792,SYN-PARCEL-000792,MORTGAGE_EQUITABLE,SYN-DOC-000792,2018-03-15,,UNCERTAIN,REGISTERED_CHARGE,Synthetic mortgage equitable recorded under TPA Sec 58/100 or Easements Act.
SYN-INT-000793,SYN-PARCEL-000793,EASEMENT_RIGHT_OF_WAY,SYN-DOC-000793,2019-03-15,,ACTIVE,REGISTERED_CHARGE,Synthetic easement right of way recorded under TPA Sec 58/100 or Easements Act.
SYN-INT-000794,SYN-PARCEL-000794,STATUTORY_CHARGE,SYN-DOC-000794,2020-03-15,,ACTIVE,REGISTERED_CHARGE,Synthetic statutory charge recorded under TPA Sec 58/100 or Easements Act.
SYN-INT-000795,SYN-PARCEL-000795,ACQUISITION_NOTICE,SYN-DOC-000795,2021-03-15,2024-03-15,DISCHARGED,REGISTERED_CHARGE,Preliminary notification under RFCTLARR Act 2013 Section 11.
SYN-INT-000796,SYN-PARCEL-000796,MORTGAGE_SIMPLE,SYN-DOC-000796,2022-03-15,,UNCERTAIN,REGISTERED_CHARGE,Synthetic mortgage simple recorded under TPA Sec 58/100 or Easements Act.
SYN-INT-000797,SYN-PARCEL-000797,MORTGAGE_EQUITABLE,SYN-DOC-000797,2023-03-15,,ACTIVE,REGISTERED_CHARGE,Synthetic mortgage equitable recorded under TPA Sec 58/100 or Easements Act.
SYN-INT-000798,SYN-PARCEL-000798,EASEMENT_RIGHT_OF_WAY,SYN-DOC-000798,2018-03-15,,ACTIVE,REGISTERED_CHARGE,Synthetic easement right of way recorded under TPA Sec 58/100 or Easements Act.
SYN-INT-000799,SYN-PARCEL-000799,STATUTORY_CHARGE,SYN-DOC-000799,2019-03-15,2022-03-15,DISCHARGED,REGISTERED_CHARGE,Synthetic statutory charge recorded under TPA Sec 58/100 or Easements Act.
SYN-INT-000800,SYN-PARCEL-000800,ACQUISITION_NOTICE,SYN-DOC-000800,2020-03-15,,UNCERTAIN,REGISTERED_CHARGE,Preliminary notification under RFCTLARR Act 2013 Section 11.
SYN-INT-000801,SYN-PARCEL-000801,MORTGAGE_SIMPLE,SYN-DOC-000801,2021-03-15,,ACTIVE,REGISTERED_CHARGE,Synthetic mortgage simple recorded under TPA Sec 58/100 or Easements Act.
SYN-INT-000802,SYN-PARCEL-000802,MORTGAGE_EQUITABLE,SYN-DOC-000802,2022-03-15,,ACTIVE,REGISTERED_CHARGE,Synthetic mortgage equitable recorded under TPA Sec 58/100 or Easements Act.
SYN-INT-000803,SYN-PARCEL-000803,EASEMENT_RIGHT_OF_WAY,SYN-DOC-000803,2023-03-15,2026-03-15,DISCHARGED,REGISTERED_CHARGE,Synthetic easement right of way recorded under TPA Sec 58/100 or Easements Act.
SYN-INT-000804,SYN-PARCEL-000804,STATUTORY_CHARGE,SYN-DOC-000804,2018-03-15,,UNCERTAIN,REGISTERED_CHARGE,Synthetic statutory charge recorded under TPA Sec 58/100 or Easements Act.
SYN-INT-000805,SYN-PARCEL-000805,ACQUISITION_NOTICE,SYN-DOC-000805,2019-03-15,,ACTIVE,REGISTERED_CHARGE,Preliminary notification under RFCTLARR Act 2013 Section 11.
SYN-INT-000806,SYN-PARCEL-000806,MORTGAGE_SIMPLE,SYN-DOC-000806,2020-03-15,,ACTIVE,REGISTERED_CHARGE,Synthetic mortgage simple recorded under TPA Sec 58/100 or Easements Act.
SYN-INT-000807,SYN-PARCEL-000807,MORTGAGE_EQUITABLE,SYN-DOC-000807,2021-03-15,2024-03-15,DISCHARGED,REGISTERED_CHARGE,Synthetic mortgage equitable recorded under TPA Sec 58/100 or Easements Act.
SYN-INT-000808,SYN-PARCEL-000808,EASEMENT_RIGHT_OF_WAY,SYN-DOC-000808,2022-03-15,,UNCERTAIN,REGISTERED_CHARGE,Synthetic easement right of way recorded under TPA Sec 58/100 or Easements Act.
SYN-INT-000809,SYN-PARCEL-000809,STATUTORY_CHARGE,SYN-DOC-000809,2023-03-15,,ACTIVE,REGISTERED_CHARGE,Synthetic statutory charge recorded under TPA Sec 58/100 or Easements Act.
SYN-INT-000810,SYN-PARCEL-000810,ACQUISITION_NOTICE,SYN-DOC-000810,2018-03-15,,ACTIVE,REGISTERED_CHARGE,Preliminary notification under RFCTLARR Act 2013 Section 11.
SYN-INT-000811,SYN-PARCEL-000811,MORTGAGE_SIMPLE,SYN-DOC-000811,2019-03-15,2022-03-15,DISCHARGED,REGISTERED_CHARGE,Synthetic mortgage simple recorded under TPA Sec 58/100 or Easements Act.
SYN-INT-000812,SYN-PARCEL-000812,MORTGAGE_EQUITABLE,SYN-DOC-000812,2020-03-15,,UNCERTAIN,REGISTERED_CHARGE,Synthetic mortgage equitable recorded under TPA Sec 58/100 or Easements Act.
SYN-INT-000813,SYN-PARCEL-000813,EASEMENT_RIGHT_OF_WAY,SYN-DOC-000813,2021-03-15,,ACTIVE,REGISTERED_CHARGE,Synthetic easement right of way recorded under TPA Sec 58/100 or Easements Act.
SYN-INT-000814,SYN-PARCEL-000814,STATUTORY_CHARGE,SYN-DOC-000814,2022-03-15,,ACTIVE,REGISTERED_CHARGE,Synthetic statutory charge recorded under TPA Sec 58/100 or Easements Act.
SYN-INT-000815,SYN-PARCEL-000815,ACQUISITION_NOTICE,SYN-DOC-000815,2023-03-15,2026-03-15,DISCHARGED,REGISTERED_CHARGE,Preliminary notification under RFCTLARR Act 2013 Section 11.
SYN-INT-000816,SYN-PARCEL-000816,MORTGAGE_SIMPLE,SYN-DOC-000816,2018-03-15,,UNCERTAIN,REGISTERED_CHARGE,Synthetic mortgage simple recorded under TPA Sec 58/100 or Easements Act.
SYN-INT-000817,SYN-PARCEL-000817,MORTGAGE_EQUITABLE,SYN-DOC-000817,2019-03-15,,ACTIVE,REGISTERED_CHARGE,Synthetic mortgage equitable recorded under TPA Sec 58/100 or Easements Act.
SYN-INT-000818,SYN-PARCEL-000818,EASEMENT_RIGHT_OF_WAY,SYN-DOC-000818,2020-03-15,,ACTIVE,REGISTERED_CHARGE,Synthetic easement right of way recorded under TPA Sec 58/100 or Easements Act.
SYN-INT-000819,SYN-PARCEL-000819,STATUTORY_CHARGE,SYN-DOC-000819,2021-03-15,2024-03-15,DISCHARGED,REGISTERED_CHARGE,Synthetic statutory charge recorded under TPA Sec 58/100 or Easements Act.
SYN-INT-000820,SYN-PARCEL-000820,ACQUISITION_NOTICE,SYN-DOC-000820,2022-03-15,,UNCERTAIN,REGISTERED_CHARGE,Preliminary notification under RFCTLARR Act 2013 Section 11.
SYN-INT-000821,SYN-PARCEL-000821,MORTGAGE_SIMPLE,SYN-DOC-000821,2023-03-15,,ACTIVE,REGISTERED_CHARGE,Synthetic mortgage simple recorded under TPA Sec 58/100 or Easements Act.
SYN-INT-000822,SYN-PARCEL-000822,MORTGAGE_EQUITABLE,SYN-DOC-000822,2018-03-15,,ACTIVE,REGISTERED_CHARGE,Synthetic mortgage equitable recorded under TPA Sec 58/100 or Easements Act.
SYN-INT-000823,SYN-PARCEL-000823,EASEMENT_RIGHT_OF_WAY,SYN-DOC-000823,2019-03-15,2022-03-15,DISCHARGED,REGISTERED_CHARGE,Synthetic easement right of way recorded under TPA Sec 58/100 or Easements Act.
SYN-INT-000824,SYN-PARCEL-000824,STATUTORY_CHARGE,SYN-DOC-000824,2020-03-15,,UNCERTAIN,REGISTERED_CHARGE,Synthetic statutory charge recorded under TPA Sec 58/100 or Easements Act.
SYN-INT-000825,SYN-PARCEL-000825,ACQUISITION_NOTICE,SYN-DOC-000825,2021-03-15,,ACTIVE,REGISTERED_CHARGE,Preliminary notification under RFCTLARR Act 2013 Section 11.
SYN-INT-000826,SYN-PARCEL-000826,MORTGAGE_SIMPLE,SYN-DOC-000826,2022-03-15,,ACTIVE,REGISTERED_CHARGE,Synthetic mortgage simple recorded under TPA Sec 58/100 or Easements Act.
SYN-INT-000827,SYN-PARCEL-000827,MORTGAGE_EQUITABLE,SYN-DOC-000827,2023-03-15,2026-03-15,DISCHARGED,REGISTERED_CHARGE,Synthetic mortgage equitable recorded under TPA Sec 58/100 or Easements Act.
SYN-INT-000828,SYN-PARCEL-000828,EASEMENT_RIGHT_OF_WAY,SYN-DOC-000828,2018-03-15,,UNCERTAIN,REGISTERED_CHARGE,Synthetic easement right of way recorded under TPA Sec 58/100 or Easements Act.
SYN-INT-000829,SYN-PARCEL-000829,STATUTORY_CHARGE,SYN-DOC-000829,2019-03-15,,ACTIVE,REGISTERED_CHARGE,Synthetic statutory charge recorded under TPA Sec 58/100 or Easements Act.
SYN-INT-000830,SYN-PARCEL-000830,ACQUISITION_NOTICE,SYN-DOC-000830,2020-03-15,,ACTIVE,REGISTERED_CHARGE,Preliminary notification under RFCTLARR Act 2013 Section 11.
SYN-INT-000831,SYN-PARCEL-000831,MORTGAGE_SIMPLE,SYN-DOC-000831,2021-03-15,2024-03-15,DISCHARGED,REGISTERED_CHARGE,Synthetic mortgage simple recorded under TPA Sec 58/100 or Easements Act.
SYN-INT-000832,SYN-PARCEL-000832,MORTGAGE_EQUITABLE,SYN-DOC-000832,2022-03-15,,UNCERTAIN,REGISTERED_CHARGE,Synthetic mortgage equitable recorded under TPA Sec 58/100 or Easements Act.
SYN-INT-000833,SYN-PARCEL-000833,EASEMENT_RIGHT_OF_WAY,SYN-DOC-000833,2023-03-15,,ACTIVE,REGISTERED_CHARGE,Synthetic easement right of way recorded under TPA Sec 58/100 or Easements Act.
SYN-INT-000834,SYN-PARCEL-000834,STATUTORY_CHARGE,SYN-DOC-000834,2018-03-15,,ACTIVE,REGISTERED_CHARGE,Synthetic statutory charge recorded under TPA Sec 58/100 or Easements Act.
SYN-INT-000835,SYN-PARCEL-000835,ACQUISITION_NOTICE,SYN-DOC-000835,2019-03-15,2022-03-15,DISCHARGED,REGISTERED_CHARGE,Preliminary notification under RFCTLARR Act 2013 Section 11.
SYN-INT-000836,SYN-PARCEL-000836,MORTGAGE_SIMPLE,SYN-DOC-000836,2020-03-15,,UNCERTAIN,REGISTERED_CHARGE,Synthetic mortgage simple recorded under TPA Sec 58/100 or Easements Act.
SYN-INT-000837,SYN-PARCEL-000837,MORTGAGE_EQUITABLE,SYN-DOC-000837,2021-03-15,,ACTIVE,REGISTERED_CHARGE,Synthetic mortgage equitable recorded under TPA Sec 58/100 or Easements Act.
SYN-INT-000838,SYN-PARCEL-000838,EASEMENT_RIGHT_OF_WAY,SYN-DOC-000838,2022-03-15,,ACTIVE,REGISTERED_CHARGE,Synthetic easement right of way recorded under TPA Sec 58/100 or Easements Act.
SYN-INT-000839,SYN-PARCEL-000839,STATUTORY_CHARGE,SYN-DOC-000839,2023-03-15,2026-03-15,DISCHARGED,REGISTERED_CHARGE,Synthetic statutory charge recorded under TPA Sec 58/100 or Easements Act.
SYN-INT-000840,SYN-PARCEL-000840,ACQUISITION_NOTICE,SYN-DOC-000840,2018-03-15,,UNCERTAIN,REGISTERED_CHARGE,Preliminary notification under RFCTLARR Act 2013 Section 11.
SYN-INT-000841,SYN-PARCEL-000841,MORTGAGE_SIMPLE,SYN-DOC-000841,2019-03-15,,ACTIVE,REGISTERED_CHARGE,Synthetic mortgage simple recorded under TPA Sec 58/100 or Easements Act.
SYN-INT-000842,SYN-PARCEL-000842,MORTGAGE_EQUITABLE,SYN-DOC-000842,2020-03-15,,ACTIVE,REGISTERED_CHARGE,Synthetic mortgage equitable recorded under TPA Sec 58/100 or Easements Act.
SYN-INT-000843,SYN-PARCEL-000843,EASEMENT_RIGHT_OF_WAY,SYN-DOC-000843,2021-03-15,2024-03-15,DISCHARGED,REGISTERED_CHARGE,Synthetic easement right of way recorded under TPA Sec 58/100 or Easements Act.
SYN-INT-000844,SYN-PARCEL-000844,STATUTORY_CHARGE,SYN-DOC-000844,2022-03-15,,UNCERTAIN,REGISTERED_CHARGE,Synthetic statutory charge recorded under TPA Sec 58/100 or Easements Act.
SYN-INT-000845,SYN-PARCEL-000845,ACQUISITION_NOTICE,SYN-DOC-000845,2023-03-15,,ACTIVE,REGISTERED_CHARGE,Preliminary notification under RFCTLARR Act 2013 Section 11.
SYN-INT-000846,SYN-PARCEL-000846,MORTGAGE_SIMPLE,SYN-DOC-000846,2018-03-15,,ACTIVE,REGISTERED_CHARGE,Synthetic mortgage simple recorded under TPA Sec 58/100 or Easements Act.
SYN-INT-000847,SYN-PARCEL-000847,MORTGAGE_EQUITABLE,SYN-DOC-000847,2019-03-15,2022-03-15,DISCHARGED,REGISTERED_CHARGE,Synthetic mortgage equitable recorded under TPA Sec 58/100 or Easements Act.
SYN-INT-000848,SYN-PARCEL-000848,EASEMENT_RIGHT_OF_WAY,SYN-DOC-000848,2020-03-15,,UNCERTAIN,REGISTERED_CHARGE,Synthetic easement right of way recorded under TPA Sec 58/100 or Easements Act.
SYN-INT-000849,SYN-PARCEL-000849,STATUTORY_CHARGE,SYN-DOC-000849,2021-03-15,,ACTIVE,REGISTERED_CHARGE,Synthetic statutory charge recorded under TPA Sec 58/100 or Easements Act.
SYN-INT-000850,SYN-PARCEL-000850,ACQUISITION_NOTICE,SYN-DOC-000850,2022-03-15,,ACTIVE,REGISTERED_CHARGE,Preliminary notification under RFCTLARR Act 2013 Section 11.
SYN-INT-000851,SYN-PARCEL-000851,MORTGAGE_SIMPLE,SYN-DOC-000851,2023-03-15,2026-03-15,DISCHARGED,REGISTERED_CHARGE,Synthetic mortgage simple recorded under TPA Sec 58/100 or Easements Act.
SYN-INT-000852,SYN-PARCEL-000852,MORTGAGE_EQUITABLE,SYN-DOC-000852,2018-03-15,,UNCERTAIN,REGISTERED_CHARGE,Synthetic mortgage equitable recorded under TPA Sec 58/100 or Easements Act.
SYN-INT-000853,SYN-PARCEL-000853,EASEMENT_RIGHT_OF_WAY,SYN-DOC-000853,2019-03-15,,ACTIVE,REGISTERED_CHARGE,Synthetic easement right of way recorded under TPA Sec 58/100 or Easements Act.
SYN-INT-000854,SYN-PARCEL-000854,STATUTORY_CHARGE,SYN-DOC-000854,2020-03-15,,ACTIVE,REGISTERED_CHARGE,Synthetic statutory charge recorded under TPA Sec 58/100 or Easements Act.
SYN-INT-000855,SYN-PARCEL-000855,ACQUISITION_NOTICE,SYN-DOC-000855,2021-03-15,2024-03-15,DISCHARGED,REGISTERED_CHARGE,Preliminary notification under RFCTLARR Act 2013 Section 11.
SYN-INT-000856,SYN-PARCEL-000856,MORTGAGE_SIMPLE,SYN-DOC-000856,2022-03-15,,UNCERTAIN,REGISTERED_CHARGE,Synthetic mortgage simple recorded under TPA Sec 58/100 or Easements Act.
SYN-INT-000857,SYN-PARCEL-000857,MORTGAGE_EQUITABLE,SYN-DOC-000857,2023-03-15,,ACTIVE,REGISTERED_CHARGE,Synthetic mortgage equitable recorded under TPA Sec 58/100 or Easements Act.
SYN-INT-000858,SYN-PARCEL-000858,EASEMENT_RIGHT_OF_WAY,SYN-DOC-000858,2018-03-15,,ACTIVE,REGISTERED_CHARGE,Synthetic easement right of way recorded under TPA Sec 58/100 or Easements Act.
SYN-INT-000859,SYN-PARCEL-000859,STATUTORY_CHARGE,SYN-DOC-000859,2019-03-15,2022-03-15,DISCHARGED,REGISTERED_CHARGE,Synthetic statutory charge recorded under TPA Sec 58/100 or Easements Act.
SYN-INT-000860,SYN-PARCEL-000860,ACQUISITION_NOTICE,SYN-DOC-000860,2020-03-15,,UNCERTAIN,REGISTERED_CHARGE,Preliminary notification under RFCTLARR Act 2013 Section 11.
SYN-INT-000861,SYN-PARCEL-000861,MORTGAGE_SIMPLE,SYN-DOC-000861,2021-03-15,,ACTIVE,REGISTERED_CHARGE,Synthetic mortgage simple recorded under TPA Sec 58/100 or Easements Act.
SYN-INT-000862,SYN-PARCEL-000862,MORTGAGE_EQUITABLE,SYN-DOC-000862,2022-03-15,,ACTIVE,REGISTERED_CHARGE,Synthetic mortgage equitable recorded under TPA Sec 58/100 or Easements Act.
SYN-INT-000863,SYN-PARCEL-000863,EASEMENT_RIGHT_OF_WAY,SYN-DOC-000863,2023-03-15,2026-03-15,DISCHARGED,REGISTERED_CHARGE,Synthetic easement right of way recorded under TPA Sec 58/100 or Easements Act.
SYN-INT-000864,SYN-PARCEL-000864,STATUTORY_CHARGE,SYN-DOC-000864,2018-03-15,,UNCERTAIN,REGISTERED_CHARGE,Synthetic statutory charge recorded under TPA Sec 58/100 or Easements Act.
SYN-INT-000865,SYN-PARCEL-000865,ACQUISITION_NOTICE,SYN-DOC-000865,2019-03-15,,ACTIVE,REGISTERED_CHARGE,Preliminary notification under RFCTLARR Act 2013 Section 11.
SYN-INT-000866,SYN-PARCEL-000866,MORTGAGE_SIMPLE,SYN-DOC-000866,2020-03-15,,ACTIVE,REGISTERED_CHARGE,Synthetic mortgage simple recorded under TPA Sec 58/100 or Easements Act.
SYN-INT-000867,SYN-PARCEL-000867,MORTGAGE_EQUITABLE,SYN-DOC-000867,2021-03-15,2024-03-15,DISCHARGED,REGISTERED_CHARGE,Synthetic mortgage equitable recorded under TPA Sec 58/100 or Easements Act.
SYN-INT-000868,SYN-PARCEL-000868,EASEMENT_RIGHT_OF_WAY,SYN-DOC-000868,2022-03-15,,UNCERTAIN,REGISTERED_CHARGE,Synthetic easement right of way recorded under TPA Sec 58/100 or Easements Act.
SYN-INT-000869,SYN-PARCEL-000869,STATUTORY_CHARGE,SYN-DOC-000869,2023-03-15,,ACTIVE,REGISTERED_CHARGE,Synthetic statutory charge recorded under TPA Sec 58/100 or Easements Act.
SYN-INT-000870,SYN-PARCEL-000870,ACQUISITION_NOTICE,SYN-DOC-000870,2018-03-15,,ACTIVE,REGISTERED_CHARGE,Preliminary notification under RFCTLARR Act 2013 Section 11.
SYN-INT-000871,SYN-PARCEL-000871,MORTGAGE_SIMPLE,SYN-DOC-000871,2019-03-15,2022-03-15,DISCHARGED,REGISTERED_CHARGE,Synthetic mortgage simple recorded under TPA Sec 58/100 or Easements Act.
SYN-INT-000872,SYN-PARCEL-000872,MORTGAGE_EQUITABLE,SYN-DOC-000872,2020-03-15,,UNCERTAIN,REGISTERED_CHARGE,Synthetic mortgage equitable recorded under TPA Sec 58/100 or Easements Act.
SYN-INT-000873,SYN-PARCEL-000873,EASEMENT_RIGHT_OF_WAY,SYN-DOC-000873,2021-03-15,,ACTIVE,REGISTERED_CHARGE,Synthetic easement right of way recorded under TPA Sec 58/100 or Easements Act.
SYN-INT-000874,SYN-PARCEL-000874,STATUTORY_CHARGE,SYN-DOC-000874,2022-03-15,,ACTIVE,REGISTERED_CHARGE,Synthetic statutory charge recorded under TPA Sec 58/100 or Easements Act.
SYN-INT-000875,SYN-PARCEL-000875,ACQUISITION_NOTICE,SYN-DOC-000875,2023-03-15,2026-03-15,DISCHARGED,REGISTERED_CHARGE,Preliminary notification under RFCTLARR Act 2013 Section 11.
SYN-INT-000876,SYN-PARCEL-000876,MORTGAGE_SIMPLE,SYN-DOC-000876,2018-03-15,,UNCERTAIN,REGISTERED_CHARGE,Synthetic mortgage simple recorded under TPA Sec 58/100 or Easements Act.
SYN-INT-000877,SYN-PARCEL-000877,MORTGAGE_EQUITABLE,SYN-DOC-000877,2019-03-15,,ACTIVE,REGISTERED_CHARGE,Synthetic mortgage equitable recorded under TPA Sec 58/100 or Easements Act.
SYN-INT-000878,SYN-PARCEL-000878,EASEMENT_RIGHT_OF_WAY,SYN-DOC-000878,2020-03-15,,ACTIVE,REGISTERED_CHARGE,Synthetic easement right of way recorded under TPA Sec 58/100 or Easements Act.
SYN-INT-000879,SYN-PARCEL-000879,STATUTORY_CHARGE,SYN-DOC-000879,2021-03-15,2024-03-15,DISCHARGED,REGISTERED_CHARGE,Synthetic statutory charge recorded under TPA Sec 58/100 or Easements Act.
SYN-INT-000880,SYN-PARCEL-000880,ACQUISITION_NOTICE,SYN-DOC-000880,2022-03-15,,UNCERTAIN,REGISTERED_CHARGE,Preliminary notification under RFCTLARR Act 2013 Section 11.
SYN-INT-000881,SYN-PARCEL-000881,MORTGAGE_SIMPLE,SYN-DOC-000881,2023-03-15,,ACTIVE,REGISTERED_CHARGE,Synthetic mortgage simple recorded under TPA Sec 58/100 or Easements Act.
SYN-INT-000882,SYN-PARCEL-000882,MORTGAGE_EQUITABLE,SYN-DOC-000882,2018-03-15,,ACTIVE,REGISTERED_CHARGE,Synthetic mortgage equitable recorded under TPA Sec 58/100 or Easements Act.
SYN-INT-000883,SYN-PARCEL-000883,EASEMENT_RIGHT_OF_WAY,SYN-DOC-000883,2019-03-15,2022-03-15,DISCHARGED,REGISTERED_CHARGE,Synthetic easement right of way recorded under TPA Sec 58/100 or Easements Act.
SYN-INT-000884,SYN-PARCEL-000884,STATUTORY_CHARGE,SYN-DOC-000884,2020-03-15,,UNCERTAIN,REGISTERED_CHARGE,Synthetic statutory charge recorded under TPA Sec 58/100 or Easements Act.
SYN-INT-000885,SYN-PARCEL-000885,ACQUISITION_NOTICE,SYN-DOC-000885,2021-03-15,,ACTIVE,REGISTERED_CHARGE,Preliminary notification under RFCTLARR Act 2013 Section 11.
SYN-INT-000886,SYN-PARCEL-000886,MORTGAGE_SIMPLE,SYN-DOC-000886,2022-03-15,,ACTIVE,REGISTERED_CHARGE,Synthetic mortgage simple recorded under TPA Sec 58/100 or Easements Act.
SYN-INT-000887,SYN-PARCEL-000887,MORTGAGE_EQUITABLE,SYN-DOC-000887,2023-03-15,2026-03-15,DISCHARGED,REGISTERED_CHARGE,Synthetic mortgage equitable recorded under TPA Sec 58/100 or Easements Act.
SYN-INT-000888,SYN-PARCEL-000888,EASEMENT_RIGHT_OF_WAY,SYN-DOC-000888,2018-03-15,,UNCERTAIN,REGISTERED_CHARGE,Synthetic easement right of way recorded under TPA Sec 58/100 or Easements Act.
SYN-INT-000889,SYN-PARCEL-000889,STATUTORY_CHARGE,SYN-DOC-000889,2019-03-15,,ACTIVE,REGISTERED_CHARGE,Synthetic statutory charge recorded under TPA Sec 58/100 or Easements Act.
SYN-INT-000890,SYN-PARCEL-000890,ACQUISITION_NOTICE,SYN-DOC-000890,2020-03-15,,ACTIVE,REGISTERED_CHARGE,Preliminary notification under RFCTLARR Act 2013 Section 11.
SYN-INT-000891,SYN-PARCEL-000891,MORTGAGE_SIMPLE,SYN-DOC-000891,2021-03-15,2024-03-15,DISCHARGED,REGISTERED_CHARGE,Synthetic mortgage simple recorded under TPA Sec 58/100 or Easements Act.
SYN-INT-000892,SYN-PARCEL-000892,MORTGAGE_EQUITABLE,SYN-DOC-000892,2022-03-15,,UNCERTAIN,REGISTERED_CHARGE,Synthetic mortgage equitable recorded under TPA Sec 58/100 or Easements Act.
SYN-INT-000893,SYN-PARCEL-000893,EASEMENT_RIGHT_OF_WAY,SYN-DOC-000893,2023-03-15,,ACTIVE,REGISTERED_CHARGE,Synthetic easement right of way recorded under TPA Sec 58/100 or Easements Act.
SYN-INT-000894,SYN-PARCEL-000894,STATUTORY_CHARGE,SYN-DOC-000894,2018-03-15,,ACTIVE,REGISTERED_CHARGE,Synthetic statutory charge recorded under TPA Sec 58/100 or Easements Act.
SYN-INT-000895,SYN-PARCEL-000895,ACQUISITION_NOTICE,SYN-DOC-000895,2019-03-15,2022-03-15,DISCHARGED,REGISTERED_CHARGE,Preliminary notification under RFCTLARR Act 2013 Section 11.
SYN-INT-000896,SYN-PARCEL-000896,MORTGAGE_SIMPLE,SYN-DOC-000896,2020-03-15,,UNCERTAIN,REGISTERED_CHARGE,Synthetic mortgage simple recorded under TPA Sec 58/100 or Easements Act.
SYN-INT-000897,SYN-PARCEL-000897,MORTGAGE_EQUITABLE,SYN-DOC-000897,2021-03-15,,ACTIVE,REGISTERED_CHARGE,Synthetic mortgage equitable recorded under TPA Sec 58/100 or Easements Act.
SYN-INT-000898,SYN-PARCEL-000898,EASEMENT_RIGHT_OF_WAY,SYN-DOC-000898,2022-03-15,,ACTIVE,REGISTERED_CHARGE,Synthetic easement right of way recorded under TPA Sec 58/100 or Easements Act.
SYN-INT-000899,SYN-PARCEL-000899,STATUTORY_CHARGE,SYN-DOC-000899,2023-03-15,2026-03-15,DISCHARGED,REGISTERED_CHARGE,Synthetic statutory charge recorded under TPA Sec 58/100 or Easements Act.
SYN-INT-000900,SYN-PARCEL-000900,ACQUISITION_NOTICE,SYN-DOC-000900,2018-03-15,,UNCERTAIN,REGISTERED_CHARGE,Preliminary notification under RFCTLARR Act 2013 Section 11.
SYN-INT-000901,SYN-PARCEL-000901,MORTGAGE_SIMPLE,SYN-DOC-000901,2019-03-15,,ACTIVE,REGISTERED_CHARGE,Synthetic mortgage simple recorded under TPA Sec 58/100 or Easements Act.
SYN-INT-000902,SYN-PARCEL-000902,MORTGAGE_EQUITABLE,SYN-DOC-000902,2020-03-15,,ACTIVE,REGISTERED_CHARGE,Synthetic mortgage equitable recorded under TPA Sec 58/100 or Easements Act.
SYN-INT-000903,SYN-PARCEL-000903,EASEMENT_RIGHT_OF_WAY,SYN-DOC-000903,2021-03-15,2024-03-15,DISCHARGED,REGISTERED_CHARGE,Synthetic easement right of way recorded under TPA Sec 58/100 or Easements Act.
SYN-INT-000904,SYN-PARCEL-000904,STATUTORY_CHARGE,SYN-DOC-000904,2022-03-15,,UNCERTAIN,REGISTERED_CHARGE,Synthetic statutory charge recorded under TPA Sec 58/100 or Easements Act.
SYN-INT-000905,SYN-PARCEL-000905,ACQUISITION_NOTICE,SYN-DOC-000905,2023-03-15,,ACTIVE,REGISTERED_CHARGE,Preliminary notification under RFCTLARR Act 2013 Section 11.
SYN-INT-000906,SYN-PARCEL-000906,MORTGAGE_SIMPLE,SYN-DOC-000906,2018-03-15,,ACTIVE,REGISTERED_CHARGE,Synthetic mortgage simple recorded under TPA Sec 58/100 or Easements Act.
SYN-INT-000907,SYN-PARCEL-000907,MORTGAGE_EQUITABLE,SYN-DOC-000907,2019-03-15,2022-03-15,DISCHARGED,REGISTERED_CHARGE,Synthetic mortgage equitable recorded under TPA Sec 58/100 or Easements Act.
SYN-INT-000908,SYN-PARCEL-000908,EASEMENT_RIGHT_OF_WAY,SYN-DOC-000908,2020-03-15,,UNCERTAIN,REGISTERED_CHARGE,Synthetic easement right of way recorded under TPA Sec 58/100 or Easements Act.
SYN-INT-000909,SYN-PARCEL-000909,STATUTORY_CHARGE,SYN-DOC-000909,2021-03-15,,ACTIVE,REGISTERED_CHARGE,Synthetic statutory charge recorded under TPA Sec 58/100 or Easements Act.
SYN-INT-000910,SYN-PARCEL-000910,ACQUISITION_NOTICE,SYN-DOC-000910,2022-03-15,,ACTIVE,REGISTERED_CHARGE,Preliminary notification under RFCTLARR Act 2013 Section 11.
SYN-INT-000911,SYN-PARCEL-000911,MORTGAGE_SIMPLE,SYN-DOC-000911,2023-03-15,2026-03-15,DISCHARGED,REGISTERED_CHARGE,Synthetic mortgage simple recorded under TPA Sec 58/100 or Easements Act.
SYN-INT-000912,SYN-PARCEL-000912,MORTGAGE_EQUITABLE,SYN-DOC-000912,2018-03-15,,UNCERTAIN,REGISTERED_CHARGE,Synthetic mortgage equitable recorded under TPA Sec 58/100 or Easements Act.
SYN-INT-000913,SYN-PARCEL-000913,EASEMENT_RIGHT_OF_WAY,SYN-DOC-000913,2019-03-15,,ACTIVE,REGISTERED_CHARGE,Synthetic easement right of way recorded under TPA Sec 58/100 or Easements Act.
SYN-INT-000914,SYN-PARCEL-000914,STATUTORY_CHARGE,SYN-DOC-000914,2020-03-15,,ACTIVE,REGISTERED_CHARGE,Synthetic statutory charge recorded under TPA Sec 58/100 or Easements Act.
SYN-INT-000915,SYN-PARCEL-000915,ACQUISITION_NOTICE,SYN-DOC-000915,2021-03-15,2024-03-15,DISCHARGED,REGISTERED_CHARGE,Preliminary notification under RFCTLARR Act 2013 Section 11.
SYN-INT-000916,SYN-PARCEL-000916,MORTGAGE_SIMPLE,SYN-DOC-000916,2022-03-15,,UNCERTAIN,REGISTERED_CHARGE,Synthetic mortgage simple recorded under TPA Sec 58/100 or Easements Act.
SYN-INT-000917,SYN-PARCEL-000917,MORTGAGE_EQUITABLE,SYN-DOC-000917,2023-03-15,,ACTIVE,REGISTERED_CHARGE,Synthetic mortgage equitable recorded under TPA Sec 58/100 or Easements Act.
SYN-INT-000918,SYN-PARCEL-000918,EASEMENT_RIGHT_OF_WAY,SYN-DOC-000918,2018-03-15,,ACTIVE,REGISTERED_CHARGE,Synthetic easement right of way recorded under TPA Sec 58/100 or Easements Act.
SYN-INT-000919,SYN-PARCEL-000919,STATUTORY_CHARGE,SYN-DOC-000919,2019-03-15,2022-03-15,DISCHARGED,REGISTERED_CHARGE,Synthetic statutory charge recorded under TPA Sec 58/100 or Easements Act.
SYN-INT-000920,SYN-PARCEL-000920,ACQUISITION_NOTICE,SYN-DOC-000920,2020-03-15,,UNCERTAIN,REGISTERED_CHARGE,Preliminary notification under RFCTLARR Act 2013 Section 11.
SYN-INT-000921,SYN-PARCEL-000921,MORTGAGE_SIMPLE,SYN-DOC-000921,2021-03-15,,ACTIVE,REGISTERED_CHARGE,Synthetic mortgage simple recorded under TPA Sec 58/100 or Easements Act.
SYN-INT-000922,SYN-PARCEL-000922,MORTGAGE_EQUITABLE,SYN-DOC-000922,2022-03-15,,ACTIVE,REGISTERED_CHARGE,Synthetic mortgage equitable recorded under TPA Sec 58/100 or Easements Act.
SYN-INT-000923,SYN-PARCEL-000923,EASEMENT_RIGHT_OF_WAY,SYN-DOC-000923,2023-03-15,2026-03-15,DISCHARGED,REGISTERED_CHARGE,Synthetic easement right of way recorded under TPA Sec 58/100 or Easements Act.
SYN-INT-000924,SYN-PARCEL-000924,STATUTORY_CHARGE,SYN-DOC-000924,2018-03-15,,UNCERTAIN,REGISTERED_CHARGE,Synthetic statutory charge recorded under TPA Sec 58/100 or Easements Act.
SYN-INT-000925,SYN-PARCEL-000925,ACQUISITION_NOTICE,SYN-DOC-000925,2019-03-15,,ACTIVE,REGISTERED_CHARGE,Preliminary notification under RFCTLARR Act 2013 Section 11.
SYN-INT-000926,SYN-PARCEL-000926,MORTGAGE_SIMPLE,SYN-DOC-000926,2020-03-15,,ACTIVE,REGISTERED_CHARGE,Synthetic mortgage simple recorded under TPA Sec 58/100 or Easements Act.
SYN-INT-000927,SYN-PARCEL-000927,MORTGAGE_EQUITABLE,SYN-DOC-000927,2021-03-15,2024-03-15,DISCHARGED,REGISTERED_CHARGE,Synthetic mortgage equitable recorded under TPA Sec 58/100 or Easements Act.
SYN-INT-000928,SYN-PARCEL-000928,EASEMENT_RIGHT_OF_WAY,SYN-DOC-000928,2022-03-15,,UNCERTAIN,REGISTERED_CHARGE,Synthetic easement right of way recorded under TPA Sec 58/100 or Easements Act.
SYN-INT-000929,SYN-PARCEL-000929,STATUTORY_CHARGE,SYN-DOC-000929,2023-03-15,,ACTIVE,REGISTERED_CHARGE,Synthetic statutory charge recorded under TPA Sec 58/100 or Easements Act.
SYN-INT-000930,SYN-PARCEL-000930,ACQUISITION_NOTICE,SYN-DOC-000930,2018-03-15,,ACTIVE,REGISTERED_CHARGE,Preliminary notification under RFCTLARR Act 2013 Section 11.
SYN-INT-000931,SYN-PARCEL-000931,MORTGAGE_SIMPLE,SYN-DOC-000931,2019-03-15,2022-03-15,DISCHARGED,REGISTERED_CHARGE,Synthetic mortgage simple recorded under TPA Sec 58/100 or Easements Act.
SYN-INT-000932,SYN-PARCEL-000932,MORTGAGE_EQUITABLE,SYN-DOC-000932,2020-03-15,,UNCERTAIN,REGISTERED_CHARGE,Synthetic mortgage equitable recorded under TPA Sec 58/100 or Easements Act.
SYN-INT-000933,SYN-PARCEL-000933,EASEMENT_RIGHT_OF_WAY,SYN-DOC-000933,2021-03-15,,ACTIVE,REGISTERED_CHARGE,Synthetic easement right of way recorded under TPA Sec 58/100 or Easements Act.
SYN-INT-000934,SYN-PARCEL-000934,STATUTORY_CHARGE,SYN-DOC-000934,2022-03-15,,ACTIVE,REGISTERED_CHARGE,Synthetic statutory charge recorded under TPA Sec 58/100 or Easements Act.
SYN-INT-000935,SYN-PARCEL-000935,ACQUISITION_NOTICE,SYN-DOC-000935,2023-03-15,2026-03-15,DISCHARGED,REGISTERED_CHARGE,Preliminary notification under RFCTLARR Act 2013 Section 11.
SYN-INT-000936,SYN-PARCEL-000936,MORTGAGE_SIMPLE,SYN-DOC-000936,2018-03-15,,UNCERTAIN,REGISTERED_CHARGE,Synthetic mortgage simple recorded under TPA Sec 58/100 or Easements Act.
SYN-INT-000937,SYN-PARCEL-000937,MORTGAGE_EQUITABLE,SYN-DOC-000937,2019-03-15,,ACTIVE,REGISTERED_CHARGE,Synthetic mortgage equitable recorded under TPA Sec 58/100 or Easements Act.
SYN-INT-000938,SYN-PARCEL-000938,EASEMENT_RIGHT_OF_WAY,SYN-DOC-000938,2020-03-15,,ACTIVE,REGISTERED_CHARGE,Synthetic easement right of way recorded under TPA Sec 58/100 or Easements Act.
SYN-INT-000939,SYN-PARCEL-000939,STATUTORY_CHARGE,SYN-DOC-000939,2021-03-15,2024-03-15,DISCHARGED,REGISTERED_CHARGE,Synthetic statutory charge recorded under TPA Sec 58/100 or Easements Act.
SYN-INT-000940,SYN-PARCEL-000940,ACQUISITION_NOTICE,SYN-DOC-000940,2022-03-15,,UNCERTAIN,REGISTERED_CHARGE,Preliminary notification under RFCTLARR Act 2013 Section 11.
SYN-INT-000941,SYN-PARCEL-000941,MORTGAGE_SIMPLE,SYN-DOC-000941,2023-03-15,,ACTIVE,REGISTERED_CHARGE,Synthetic mortgage simple recorded under TPA Sec 58/100 or Easements Act.
SYN-INT-000942,SYN-PARCEL-000942,MORTGAGE_EQUITABLE,SYN-DOC-000942,2018-03-15,,ACTIVE,REGISTERED_CHARGE,Synthetic mortgage equitable recorded under TPA Sec 58/100 or Easements Act.
SYN-INT-000943,SYN-PARCEL-000943,EASEMENT_RIGHT_OF_WAY,SYN-DOC-000943,2019-03-15,2022-03-15,DISCHARGED,REGISTERED_CHARGE,Synthetic easement right of way recorded under TPA Sec 58/100 or Easements Act.
SYN-INT-000944,SYN-PARCEL-000944,STATUTORY_CHARGE,SYN-DOC-000944,2020-03-15,,UNCERTAIN,REGISTERED_CHARGE,Synthetic statutory charge recorded under TPA Sec 58/100 or Easements Act.
SYN-INT-000945,SYN-PARCEL-000945,ACQUISITION_NOTICE,SYN-DOC-000945,2021-03-15,,ACTIVE,REGISTERED_CHARGE,Preliminary notification under RFCTLARR Act 2013 Section 11.
SYN-INT-000946,SYN-PARCEL-000946,MORTGAGE_SIMPLE,SYN-DOC-000946,2022-03-15,,ACTIVE,REGISTERED_CHARGE,Synthetic mortgage simple recorded under TPA Sec 58/100 or Easements Act.
SYN-INT-000947,SYN-PARCEL-000947,MORTGAGE_EQUITABLE,SYN-DOC-000947,2023-03-15,2026-03-15,DISCHARGED,REGISTERED_CHARGE,Synthetic mortgage equitable recorded under TPA Sec 58/100 or Easements Act.
SYN-INT-000948,SYN-PARCEL-000948,EASEMENT_RIGHT_OF_WAY,SYN-DOC-000948,2018-03-15,,UNCERTAIN,REGISTERED_CHARGE,Synthetic easement right of way recorded under TPA Sec 58/100 or Easements Act.
SYN-INT-000949,SYN-PARCEL-000949,STATUTORY_CHARGE,SYN-DOC-000949,2019-03-15,,ACTIVE,REGISTERED_CHARGE,Synthetic statutory charge recorded under TPA Sec 58/100 or Easements Act.
SYN-INT-000950,SYN-PARCEL-000950,ACQUISITION_NOTICE,SYN-DOC-000950,2020-03-15,,ACTIVE,REGISTERED_CHARGE,Preliminary notification under RFCTLARR Act 2013 Section 11.
SYN-INT-000951,SYN-PARCEL-000951,MORTGAGE_SIMPLE,SYN-DOC-000951,2021-03-15,2024-03-15,DISCHARGED,REGISTERED_CHARGE,Synthetic mortgage simple recorded under TPA Sec 58/100 or Easements Act.
SYN-INT-000952,SYN-PARCEL-000952,MORTGAGE_EQUITABLE,SYN-DOC-000952,2022-03-15,,UNCERTAIN,REGISTERED_CHARGE,Synthetic mortgage equitable recorded under TPA Sec 58/100 or Easements Act.
SYN-INT-000953,SYN-PARCEL-000953,EASEMENT_RIGHT_OF_WAY,SYN-DOC-000953,2023-03-15,,ACTIVE,REGISTERED_CHARGE,Synthetic easement right of way recorded under TPA Sec 58/100 or Easements Act.
SYN-INT-000954,SYN-PARCEL-000954,STATUTORY_CHARGE,SYN-DOC-000954,2018-03-15,,ACTIVE,REGISTERED_CHARGE,Synthetic statutory charge recorded under TPA Sec 58/100 or Easements Act.
SYN-INT-000955,SYN-PARCEL-000955,ACQUISITION_NOTICE,SYN-DOC-000955,2019-03-15,2022-03-15,DISCHARGED,REGISTERED_CHARGE,Preliminary notification under RFCTLARR Act 2013 Section 11.
SYN-INT-000956,SYN-PARCEL-000956,MORTGAGE_SIMPLE,SYN-DOC-000956,2020-03-15,,UNCERTAIN,REGISTERED_CHARGE,Synthetic mortgage simple recorded under TPA Sec 58/100 or Easements Act.
SYN-INT-000957,SYN-PARCEL-000957,MORTGAGE_EQUITABLE,SYN-DOC-000957,2021-03-15,,ACTIVE,REGISTERED_CHARGE,Synthetic mortgage equitable recorded under TPA Sec 58/100 or Easements Act.
SYN-INT-000958,SYN-PARCEL-000958,EASEMENT_RIGHT_OF_WAY,SYN-DOC-000958,2022-03-15,,ACTIVE,REGISTERED_CHARGE,Synthetic easement right of way recorded under TPA Sec 58/100 or Easements Act.
SYN-INT-000959,SYN-PARCEL-000959,STATUTORY_CHARGE,SYN-DOC-000959,2023-03-15,2026-03-15,DISCHARGED,REGISTERED_CHARGE,Synthetic statutory charge recorded under TPA Sec 58/100 or Easements Act.
SYN-INT-000960,SYN-PARCEL-000960,ACQUISITION_NOTICE,SYN-DOC-000960,2018-03-15,,UNCERTAIN,REGISTERED_CHARGE,Preliminary notification under RFCTLARR Act 2013 Section 11.
SYN-INT-000961,SYN-PARCEL-000961,MORTGAGE_SIMPLE,SYN-DOC-000961,2019-03-15,,ACTIVE,REGISTERED_CHARGE,Synthetic mortgage simple recorded under TPA Sec 58/100 or Easements Act.
SYN-INT-000962,SYN-PARCEL-000962,MORTGAGE_EQUITABLE,SYN-DOC-000962,2020-03-15,,ACTIVE,REGISTERED_CHARGE,Synthetic mortgage equitable recorded under TPA Sec 58/100 or Easements Act.
SYN-INT-000963,SYN-PARCEL-000963,EASEMENT_RIGHT_OF_WAY,SYN-DOC-000963,2021-03-15,2024-03-15,DISCHARGED,REGISTERED_CHARGE,Synthetic easement right of way recorded under TPA Sec 58/100 or Easements Act.
SYN-INT-000964,SYN-PARCEL-000964,STATUTORY_CHARGE,SYN-DOC-000964,2022-03-15,,UNCERTAIN,REGISTERED_CHARGE,Synthetic statutory charge recorded under TPA Sec 58/100 or Easements Act.
SYN-INT-000965,SYN-PARCEL-000965,ACQUISITION_NOTICE,SYN-DOC-000965,2023-03-15,,ACTIVE,REGISTERED_CHARGE,Preliminary notification under RFCTLARR Act 2013 Section 11.
SYN-INT-000966,SYN-PARCEL-000966,MORTGAGE_SIMPLE,SYN-DOC-000966,2018-03-15,,ACTIVE,REGISTERED_CHARGE,Synthetic mortgage simple recorded under TPA Sec 58/100 or Easements Act.
SYN-INT-000967,SYN-PARCEL-000967,MORTGAGE_EQUITABLE,SYN-DOC-000967,2019-03-15,2022-03-15,DISCHARGED,REGISTERED_CHARGE,Synthetic mortgage equitable recorded under TPA Sec 58/100 or Easements Act.
SYN-INT-000968,SYN-PARCEL-000968,EASEMENT_RIGHT_OF_WAY,SYN-DOC-000968,2020-03-15,,UNCERTAIN,REGISTERED_CHARGE,Synthetic easement right of way recorded under TPA Sec 58/100 or Easements Act.
SYN-INT-000969,SYN-PARCEL-000969,STATUTORY_CHARGE,SYN-DOC-000969,2021-03-15,,ACTIVE,REGISTERED_CHARGE,Synthetic statutory charge recorded under TPA Sec 58/100 or Easements Act.
SYN-INT-000970,SYN-PARCEL-000970,ACQUISITION_NOTICE,SYN-DOC-000970,2022-03-15,,ACTIVE,REGISTERED_CHARGE,Preliminary notification under RFCTLARR Act 2013 Section 11.
SYN-INT-000971,SYN-PARCEL-000971,MORTGAGE_SIMPLE,SYN-DOC-000971,2023-03-15,2026-03-15,DISCHARGED,REGISTERED_CHARGE,Synthetic mortgage simple recorded under TPA Sec 58/100 or Easements Act.
SYN-INT-000972,SYN-PARCEL-000972,MORTGAGE_EQUITABLE,SYN-DOC-000972,2018-03-15,,UNCERTAIN,REGISTERED_CHARGE,Synthetic mortgage equitable recorded under TPA Sec 58/100 or Easements Act.
SYN-INT-000973,SYN-PARCEL-000973,EASEMENT_RIGHT_OF_WAY,SYN-DOC-000973,2019-03-15,,ACTIVE,REGISTERED_CHARGE,Synthetic easement right of way recorded under TPA Sec 58/100 or Easements Act.
SYN-INT-000974,SYN-PARCEL-000974,STATUTORY_CHARGE,SYN-DOC-000974,2020-03-15,,ACTIVE,REGISTERED_CHARGE,Synthetic statutory charge recorded under TPA Sec 58/100 or Easements Act.
SYN-INT-000975,SYN-PARCEL-000975,ACQUISITION_NOTICE,SYN-DOC-000975,2021-03-15,2024-03-15,DISCHARGED,REGISTERED_CHARGE,Preliminary notification under RFCTLARR Act 2013 Section 11.
SYN-INT-000976,SYN-PARCEL-000976,MORTGAGE_SIMPLE,SYN-DOC-000976,2022-03-15,,UNCERTAIN,REGISTERED_CHARGE,Synthetic mortgage simple recorded under TPA Sec 58/100 or Easements Act.
SYN-INT-000977,SYN-PARCEL-000977,MORTGAGE_EQUITABLE,SYN-DOC-000977,2023-03-15,,ACTIVE,REGISTERED_CHARGE,Synthetic mortgage equitable recorded under TPA Sec 58/100 or Easements Act.
SYN-INT-000978,SYN-PARCEL-000978,EASEMENT_RIGHT_OF_WAY,SYN-DOC-000978,2018-03-15,,ACTIVE,REGISTERED_CHARGE,Synthetic easement right of way recorded under TPA Sec 58/100 or Easements Act.
SYN-INT-000979,SYN-PARCEL-000979,STATUTORY_CHARGE,SYN-DOC-000979,2019-03-15,2022-03-15,DISCHARGED,REGISTERED_CHARGE,Synthetic statutory charge recorded under TPA Sec 58/100 or Easements Act.
SYN-INT-000980,SYN-PARCEL-000980,ACQUISITION_NOTICE,SYN-DOC-000980,2020-03-15,,UNCERTAIN,REGISTERED_CHARGE,Preliminary notification under RFCTLARR Act 2013 Section 11.
SYN-INT-000981,SYN-PARCEL-000981,MORTGAGE_SIMPLE,SYN-DOC-000981,2021-03-15,,ACTIVE,REGISTERED_CHARGE,Synthetic mortgage simple recorded under TPA Sec 58/100 or Easements Act.
SYN-INT-000982,SYN-PARCEL-000982,MORTGAGE_EQUITABLE,SYN-DOC-000982,2022-03-15,,ACTIVE,REGISTERED_CHARGE,Synthetic mortgage equitable recorded under TPA Sec 58/100 or Easements Act.
SYN-INT-000983,SYN-PARCEL-000983,EASEMENT_RIGHT_OF_WAY,SYN-DOC-000983,2023-03-15,2026-03-15,DISCHARGED,REGISTERED_CHARGE,Synthetic easement right of way recorded under TPA Sec 58/100 or Easements Act.
SYN-INT-000984,SYN-PARCEL-000984,STATUTORY_CHARGE,SYN-DOC-000984,2018-03-15,,UNCERTAIN,REGISTERED_CHARGE,Synthetic statutory charge recorded under TPA Sec 58/100 or Easements Act.
SYN-INT-000985,SYN-PARCEL-000985,ACQUISITION_NOTICE,SYN-DOC-000985,2019-03-15,,ACTIVE,REGISTERED_CHARGE,Preliminary notification under RFCTLARR Act 2013 Section 11.
SYN-INT-000986,SYN-PARCEL-000986,MORTGAGE_SIMPLE,SYN-DOC-000986,2020-03-15,,ACTIVE,REGISTERED_CHARGE,Synthetic mortgage simple recorded under TPA Sec 58/100 or Easements Act.
SYN-INT-000987,SYN-PARCEL-000987,MORTGAGE_EQUITABLE,SYN-DOC-000987,2021-03-15,2024-03-15,DISCHARGED,REGISTERED_CHARGE,Synthetic mortgage equitable recorded under TPA Sec 58/100 or Easements Act.
SYN-INT-000988,SYN-PARCEL-000988,EASEMENT_RIGHT_OF_WAY,SYN-DOC-000988,2022-03-15,,UNCERTAIN,REGISTERED_CHARGE,Synthetic easement right of way recorded under TPA Sec 58/100 or Easements Act.
SYN-INT-000989,SYN-PARCEL-000989,STATUTORY_CHARGE,SYN-DOC-000989,2023-03-15,,ACTIVE,REGISTERED_CHARGE,Synthetic statutory charge recorded under TPA Sec 58/100 or Easements Act.
SYN-INT-000990,SYN-PARCEL-000990,ACQUISITION_NOTICE,SYN-DOC-000990,2018-03-15,,ACTIVE,REGISTERED_CHARGE,Preliminary notification under RFCTLARR Act 2013 Section 11.
SYN-INT-000991,SYN-PARCEL-000991,MORTGAGE_SIMPLE,SYN-DOC-000991,2019-03-15,2022-03-15,DISCHARGED,REGISTERED_CHARGE,Synthetic mortgage simple recorded under TPA Sec 58/100 or Easements Act.
SYN-INT-000992,SYN-PARCEL-000992,MORTGAGE_EQUITABLE,SYN-DOC-000992,2020-03-15,,UNCERTAIN,REGISTERED_CHARGE,Synthetic mortgage equitable recorded under TPA Sec 58/100 or Easements Act.
SYN-INT-000993,SYN-PARCEL-000993,EASEMENT_RIGHT_OF_WAY,SYN-DOC-000993,2021-03-15,,ACTIVE,REGISTERED_CHARGE,Synthetic easement right of way recorded under TPA Sec 58/100 or Easements Act.
SYN-INT-000994,SYN-PARCEL-000994,STATUTORY_CHARGE,SYN-DOC-000994,2022-03-15,,ACTIVE,REGISTERED_CHARGE,Synthetic statutory charge recorded under TPA Sec 58/100 or Easements Act.
SYN-INT-000995,SYN-PARCEL-000995,ACQUISITION_NOTICE,SYN-DOC-000995,2023-03-15,2026-03-15,DISCHARGED,REGISTERED_CHARGE,Preliminary notification under RFCTLARR Act 2013 Section 11.
SYN-INT-000996,SYN-PARCEL-000996,MORTGAGE_SIMPLE,SYN-DOC-000996,2018-03-15,,UNCERTAIN,REGISTERED_CHARGE,Synthetic mortgage simple recorded under TPA Sec 58/100 or Easements Act.
SYN-INT-000997,SYN-PARCEL-000997,MORTGAGE_EQUITABLE,SYN-DOC-000997,2019-03-15,,ACTIVE,REGISTERED_CHARGE,Synthetic mortgage equitable recorded under TPA Sec 58/100 or Easements Act.
SYN-INT-000998,SYN-PARCEL-000998,EASEMENT_RIGHT_OF_WAY,SYN-DOC-000998,2020-03-15,,ACTIVE,REGISTERED_CHARGE,Synthetic easement right of way recorded under TPA Sec 58/100 or Easements Act.
SYN-INT-000999,SYN-PARCEL-000999,STATUTORY_CHARGE,SYN-DOC-000999,2021-03-15,2024-03-15,DISCHARGED,REGISTERED_CHARGE,Synthetic statutory charge recorded under TPA Sec 58/100 or Easements Act.
SYN-INT-001000,SYN-PARCEL-001000,ACQUISITION_NOTICE,SYN-DOC-001000,2022-03-15,,UNCERTAIN,REGISTERED_CHARGE,Preliminary notification under RFCTLARR Act 2013 Section 11.
SYN-INT-001001,SYN-PARCEL-001001,MORTGAGE_SIMPLE,SYN-DOC-001001,2023-03-15,,ACTIVE,REGISTERED_CHARGE,Synthetic mortgage simple recorded under TPA Sec 58/100 or Easements Act.
SYN-INT-001002,SYN-PARCEL-001002,MORTGAGE_EQUITABLE,SYN-DOC-001002,2018-03-15,,ACTIVE,REGISTERED_CHARGE,Synthetic mortgage equitable recorded under TPA Sec 58/100 or Easements Act.
SYN-INT-001003,SYN-PARCEL-001003,EASEMENT_RIGHT_OF_WAY,SYN-DOC-001003,2019-03-15,2022-03-15,DISCHARGED,REGISTERED_CHARGE,Synthetic easement right of way recorded under TPA Sec 58/100 or Easements Act.
SYN-INT-001004,SYN-PARCEL-001004,STATUTORY_CHARGE,SYN-DOC-001004,2020-03-15,,UNCERTAIN,REGISTERED_CHARGE,Synthetic statutory charge recorded under TPA Sec 58/100 or Easements Act.
SYN-INT-001005,SYN-PARCEL-001005,ACQUISITION_NOTICE,SYN-DOC-001005,2021-03-15,,ACTIVE,REGISTERED_CHARGE,Preliminary notification under RFCTLARR Act 2013 Section 11.
SYN-INT-001006,SYN-PARCEL-001006,MORTGAGE_SIMPLE,SYN-DOC-001006,2022-03-15,,ACTIVE,REGISTERED_CHARGE,Synthetic mortgage simple recorded under TPA Sec 58/100 or Easements Act.
SYN-INT-001007,SYN-PARCEL-001007,MORTGAGE_EQUITABLE,SYN-DOC-001007,2023-03-15,2026-03-15,DISCHARGED,REGISTERED_CHARGE,Synthetic mortgage equitable recorded under TPA Sec 58/100 or Easements Act.
SYN-INT-001008,SYN-PARCEL-001008,EASEMENT_RIGHT_OF_WAY,SYN-DOC-001008,2018-03-15,,UNCERTAIN,REGISTERED_CHARGE,Synthetic easement right of way recorded under TPA Sec 58/100 or Easements Act.
SYN-INT-001009,SYN-PARCEL-001009,STATUTORY_CHARGE,SYN-DOC-001009,2019-03-15,,ACTIVE,REGISTERED_CHARGE,Synthetic statutory charge recorded under TPA Sec 58/100 or Easements Act.
SYN-INT-001010,SYN-PARCEL-001010,ACQUISITION_NOTICE,SYN-DOC-001010,2020-03-15,,ACTIVE,REGISTERED_CHARGE,Preliminary notification under RFCTLARR Act 2013 Section 11.
SYN-INT-001011,SYN-PARCEL-001011,MORTGAGE_SIMPLE,SYN-DOC-001011,2021-03-15,2024-03-15,DISCHARGED,REGISTERED_CHARGE,Synthetic mortgage simple recorded under TPA Sec 58/100 or Easements Act.
SYN-INT-001012,SYN-PARCEL-001012,MORTGAGE_EQUITABLE,SYN-DOC-001012,2022-03-15,,UNCERTAIN,REGISTERED_CHARGE,Synthetic mortgage equitable recorded under TPA Sec 58/100 or Easements Act.
SYN-INT-001013,SYN-PARCEL-001013,EASEMENT_RIGHT_OF_WAY,SYN-DOC-001013,2023-03-15,,ACTIVE,REGISTERED_CHARGE,Synthetic easement right of way recorded under TPA Sec 58/100 or Easements Act.
SYN-INT-001014,SYN-PARCEL-001014,STATUTORY_CHARGE,SYN-DOC-001014,2018-03-15,,ACTIVE,REGISTERED_CHARGE,Synthetic statutory charge recorded under TPA Sec 58/100 or Easements Act.
SYN-INT-001015,SYN-PARCEL-001015,ACQUISITION_NOTICE,SYN-DOC-001015,2019-03-15,2022-03-15,DISCHARGED,REGISTERED_CHARGE,Preliminary notification under RFCTLARR Act 2013 Section 11.
SYN-INT-001016,SYN-PARCEL-001016,MORTGAGE_SIMPLE,SYN-DOC-001016,2020-03-15,,UNCERTAIN,REGISTERED_CHARGE,Synthetic mortgage simple recorded under TPA Sec 58/100 or Easements Act.
SYN-INT-001017,SYN-PARCEL-001017,MORTGAGE_EQUITABLE,SYN-DOC-001017,2021-03-15,,ACTIVE,REGISTERED_CHARGE,Synthetic mortgage equitable recorded under TPA Sec 58/100 or Easements Act.
SYN-INT-001018,SYN-PARCEL-001018,EASEMENT_RIGHT_OF_WAY,SYN-DOC-001018,2022-03-15,,ACTIVE,REGISTERED_CHARGE,Synthetic easement right of way recorded under TPA Sec 58/100 or Easements Act.
SYN-INT-001019,SYN-PARCEL-001019,STATUTORY_CHARGE,SYN-DOC-001019,2023-03-15,2026-03-15,DISCHARGED,REGISTERED_CHARGE,Synthetic statutory charge recorded under TPA Sec 58/100 or Easements Act.
SYN-INT-001020,SYN-PARCEL-001020,ACQUISITION_NOTICE,SYN-DOC-001020,2018-03-15,,UNCERTAIN,REGISTERED_CHARGE,Preliminary notification under RFCTLARR Act 2013 Section 11.
SYN-INT-001021,SYN-PARCEL-001021,MORTGAGE_SIMPLE,SYN-DOC-001021,2019-03-15,,ACTIVE,REGISTERED_CHARGE,Synthetic mortgage simple recorded under TPA Sec 58/100 or Easements Act.
SYN-INT-001022,SYN-PARCEL-001022,MORTGAGE_EQUITABLE,SYN-DOC-001022,2020-03-15,,ACTIVE,REGISTERED_CHARGE,Synthetic mortgage equitable recorded under TPA Sec 58/100 or Easements Act.
SYN-INT-001023,SYN-PARCEL-001023,EASEMENT_RIGHT_OF_WAY,SYN-DOC-001023,2021-03-15,2024-03-15,DISCHARGED,REGISTERED_CHARGE,Synthetic easement right of way recorded under TPA Sec 58/100 or Easements Act.
SYN-INT-001024,SYN-PARCEL-001024,STATUTORY_CHARGE,SYN-DOC-001024,2022-03-15,,UNCERTAIN,REGISTERED_CHARGE,Synthetic statutory charge recorded under TPA Sec 58/100 or Easements Act.
SYN-INT-001025,SYN-PARCEL-001025,ACQUISITION_NOTICE,SYN-DOC-001025,2023-03-15,,ACTIVE,REGISTERED_CHARGE,Preliminary notification under RFCTLARR Act 2013 Section 11.
SYN-INT-001026,SYN-PARCEL-001026,MORTGAGE_SIMPLE,SYN-DOC-001026,2018-03-15,,ACTIVE,REGISTERED_CHARGE,Synthetic mortgage simple recorded under TPA Sec 58/100 or Easements Act.
SYN-INT-001027,SYN-PARCEL-001027,MORTGAGE_EQUITABLE,SYN-DOC-001027,2019-03-15,2022-03-15,DISCHARGED,REGISTERED_CHARGE,Synthetic mortgage equitable recorded under TPA Sec 58/100 or Easements Act.
SYN-INT-001028,SYN-PARCEL-001028,EASEMENT_RIGHT_OF_WAY,SYN-DOC-001028,2020-03-15,,UNCERTAIN,REGISTERED_CHARGE,Synthetic easement right of way recorded under TPA Sec 58/100 or Easements Act.
SYN-INT-001029,SYN-PARCEL-001029,STATUTORY_CHARGE,SYN-DOC-001029,2021-03-15,,ACTIVE,REGISTERED_CHARGE,Synthetic statutory charge recorded under TPA Sec 58/100 or Easements Act.
SYN-INT-001030,SYN-PARCEL-001030,ACQUISITION_NOTICE,SYN-DOC-001030,2022-03-15,,ACTIVE,REGISTERED_CHARGE,Preliminary notification under RFCTLARR Act 2013 Section 11.
SYN-INT-001031,SYN-PARCEL-001031,MORTGAGE_SIMPLE,SYN-DOC-001031,2023-03-15,2026-03-15,DISCHARGED,REGISTERED_CHARGE,Synthetic mortgage simple recorded under TPA Sec 58/100 or Easements Act.
SYN-INT-001032,SYN-PARCEL-001032,MORTGAGE_EQUITABLE,SYN-DOC-001032,2018-03-15,,UNCERTAIN,REGISTERED_CHARGE,Synthetic mortgage equitable recorded under TPA Sec 58/100 or Easements Act.
SYN-INT-001033,SYN-PARCEL-001033,EASEMENT_RIGHT_OF_WAY,SYN-DOC-001033,2019-03-15,,ACTIVE,REGISTERED_CHARGE,Synthetic easement right of way recorded under TPA Sec 58/100 or Easements Act.
SYN-INT-001034,SYN-PARCEL-001034,STATUTORY_CHARGE,SYN-DOC-001034,2020-03-15,,ACTIVE,REGISTERED_CHARGE,Synthetic statutory charge recorded under TPA Sec 58/100 or Easements Act.
SYN-INT-001035,SYN-PARCEL-001035,ACQUISITION_NOTICE,SYN-DOC-001035,2021-03-15,2024-03-15,DISCHARGED,REGISTERED_CHARGE,Preliminary notification under RFCTLARR Act 2013 Section 11.
SYN-INT-001036,SYN-PARCEL-001036,MORTGAGE_SIMPLE,SYN-DOC-001036,2022-03-15,,UNCERTAIN,REGISTERED_CHARGE,Synthetic mortgage simple recorded under TPA Sec 58/100 or Easements Act.
SYN-INT-001037,SYN-PARCEL-001037,MORTGAGE_EQUITABLE,SYN-DOC-001037,2023-03-15,,ACTIVE,REGISTERED_CHARGE,Synthetic mortgage equitable recorded under TPA Sec 58/100 or Easements Act.
SYN-INT-001038,SYN-PARCEL-001038,EASEMENT_RIGHT_OF_WAY,SYN-DOC-001038,2018-03-15,,ACTIVE,REGISTERED_CHARGE,Synthetic easement right of way recorded under TPA Sec 58/100 or Easements Act.
SYN-INT-001039,SYN-PARCEL-001039,STATUTORY_CHARGE,SYN-DOC-001039,2019-03-15,2022-03-15,DISCHARGED,REGISTERED_CHARGE,Synthetic statutory charge recorded under TPA Sec 58/100 or Easements Act.
SYN-INT-001040,SYN-PARCEL-001040,ACQUISITION_NOTICE,SYN-DOC-001040,2020-03-15,,UNCERTAIN,REGISTERED_CHARGE,Preliminary notification under RFCTLARR Act 2013 Section 11.
SYN-INT-001041,SYN-PARCEL-001041,MORTGAGE_SIMPLE,SYN-DOC-001041,2021-03-15,,ACTIVE,REGISTERED_CHARGE,Synthetic mortgage simple recorded under TPA Sec 58/100 or Easements Act.
SYN-INT-001042,SYN-PARCEL-001042,MORTGAGE_EQUITABLE,SYN-DOC-001042,2022-03-15,,ACTIVE,REGISTERED_CHARGE,Synthetic mortgage equitable recorded under TPA Sec 58/100 or Easements Act.
SYN-INT-001043,SYN-PARCEL-001043,EASEMENT_RIGHT_OF_WAY,SYN-DOC-001043,2023-03-15,2026-03-15,DISCHARGED,REGISTERED_CHARGE,Synthetic easement right of way recorded under TPA Sec 58/100 or Easements Act.
SYN-INT-001044,SYN-PARCEL-001044,STATUTORY_CHARGE,SYN-DOC-001044,2018-03-15,,UNCERTAIN,REGISTERED_CHARGE,Synthetic statutory charge recorded under TPA Sec 58/100 or Easements Act.
SYN-INT-001045,SYN-PARCEL-001045,ACQUISITION_NOTICE,SYN-DOC-001045,2019-03-15,,ACTIVE,REGISTERED_CHARGE,Preliminary notification under RFCTLARR Act 2013 Section 11.
SYN-INT-001046,SYN-PARCEL-001046,MORTGAGE_SIMPLE,SYN-DOC-001046,2020-03-15,,ACTIVE,REGISTERED_CHARGE,Synthetic mortgage simple recorded under TPA Sec 58/100 or Easements Act.
SYN-INT-001047,SYN-PARCEL-001047,MORTGAGE_EQUITABLE,SYN-DOC-001047,2021-03-15,2024-03-15,DISCHARGED,REGISTERED_CHARGE,Synthetic mortgage equitable recorded under TPA Sec 58/100 or Easements Act.
SYN-INT-001048,SYN-PARCEL-001048,EASEMENT_RIGHT_OF_WAY,SYN-DOC-001048,2022-03-15,,UNCERTAIN,REGISTERED_CHARGE,Synthetic easement right of way recorded under TPA Sec 58/100 or Easements Act.
SYN-INT-001049,SYN-PARCEL-001049,STATUTORY_CHARGE,SYN-DOC-001049,2023-03-15,,ACTIVE,REGISTERED_CHARGE,Synthetic statutory charge recorded under TPA Sec 58/100 or Easements Act.
SYN-INT-001050,SYN-PARCEL-001050,ACQUISITION_NOTICE,SYN-DOC-001050,2018-03-15,,ACTIVE,REGISTERED_CHARGE,Preliminary notification under RFCTLARR Act 2013 Section 11.
SYN-INT-001051,SYN-PARCEL-001051,MORTGAGE_SIMPLE,SYN-DOC-001051,2019-03-15,2022-03-15,DISCHARGED,REGISTERED_CHARGE,Synthetic mortgage simple recorded under TPA Sec 58/100 or Easements Act.
SYN-INT-001052,SYN-PARCEL-001052,MORTGAGE_EQUITABLE,SYN-DOC-001052,2020-03-15,,UNCERTAIN,REGISTERED_CHARGE,Synthetic mortgage equitable recorded under TPA Sec 58/100 or Easements Act.
SYN-INT-001053,SYN-PARCEL-001053,EASEMENT_RIGHT_OF_WAY,SYN-DOC-001053,2021-03-15,,ACTIVE,REGISTERED_CHARGE,Synthetic easement right of way recorded under TPA Sec 58/100 or Easements Act.
SYN-INT-001054,SYN-PARCEL-001054,STATUTORY_CHARGE,SYN-DOC-001054,2022-03-15,,ACTIVE,REGISTERED_CHARGE,Synthetic statutory charge recorded under TPA Sec 58/100 or Easements Act.
SYN-INT-001055,SYN-PARCEL-001055,ACQUISITION_NOTICE,SYN-DOC-001055,2023-03-15,2026-03-15,DISCHARGED,REGISTERED_CHARGE,Preliminary notification under RFCTLARR Act 2013 Section 11.
SYN-INT-001056,SYN-PARCEL-001056,MORTGAGE_SIMPLE,SYN-DOC-001056,2018-03-15,,UNCERTAIN,REGISTERED_CHARGE,Synthetic mortgage simple recorded under TPA Sec 58/100 or Easements Act.
SYN-INT-001057,SYN-PARCEL-001057,MORTGAGE_EQUITABLE,SYN-DOC-001057,2019-03-15,,ACTIVE,REGISTERED_CHARGE,Synthetic mortgage equitable recorded under TPA Sec 58/100 or Easements Act.
SYN-INT-001058,SYN-PARCEL-001058,EASEMENT_RIGHT_OF_WAY,SYN-DOC-001058,2020-03-15,,ACTIVE,REGISTERED_CHARGE,Synthetic easement right of way recorded under TPA Sec 58/100 or Easements Act.
SYN-INT-001059,SYN-PARCEL-001059,STATUTORY_CHARGE,SYN-DOC-001059,2021-03-15,2024-03-15,DISCHARGED,REGISTERED_CHARGE,Synthetic statutory charge recorded under TPA Sec 58/100 or Easements Act.
SYN-INT-001060,SYN-PARCEL-001060,ACQUISITION_NOTICE,SYN-DOC-001060,2022-03-15,,UNCERTAIN,REGISTERED_CHARGE,Preliminary notification under RFCTLARR Act 2013 Section 11.
SYN-INT-001061,SYN-PARCEL-001061,MORTGAGE_SIMPLE,SYN-DOC-001061,2023-03-15,,ACTIVE,REGISTERED_CHARGE,Synthetic mortgage simple recorded under TPA Sec 58/100 or Easements Act.
SYN-INT-001062,SYN-PARCEL-001062,MORTGAGE_EQUITABLE,SYN-DOC-001062,2018-03-15,,ACTIVE,REGISTERED_CHARGE,Synthetic mortgage equitable recorded under TPA Sec 58/100 or Easements Act.
SYN-INT-001063,SYN-PARCEL-001063,EASEMENT_RIGHT_OF_WAY,SYN-DOC-001063,2019-03-15,2022-03-15,DISCHARGED,REGISTERED_CHARGE,Synthetic easement right of way recorded under TPA Sec 58/100 or Easements Act.
SYN-INT-001064,SYN-PARCEL-001064,STATUTORY_CHARGE,SYN-DOC-001064,2020-03-15,,UNCERTAIN,REGISTERED_CHARGE,Synthetic statutory charge recorded under TPA Sec 58/100 or Easements Act.
SYN-INT-001065,SYN-PARCEL-001065,ACQUISITION_NOTICE,SYN-DOC-001065,2021-03-15,,ACTIVE,REGISTERED_CHARGE,Preliminary notification under RFCTLARR Act 2013 Section 11.
SYN-INT-001066,SYN-PARCEL-001066,MORTGAGE_SIMPLE,SYN-DOC-001066,2022-03-15,,ACTIVE,REGISTERED_CHARGE,Synthetic mortgage simple recorded under TPA Sec 58/100 or Easements Act.
SYN-INT-001067,SYN-PARCEL-001067,MORTGAGE_EQUITABLE,SYN-DOC-001067,2023-03-15,2026-03-15,DISCHARGED,REGISTERED_CHARGE,Synthetic mortgage equitable recorded under TPA Sec 58/100 or Easements Act.
SYN-INT-001068,SYN-PARCEL-001068,EASEMENT_RIGHT_OF_WAY,SYN-DOC-001068,2018-03-15,,UNCERTAIN,REGISTERED_CHARGE,Synthetic easement right of way recorded under TPA Sec 58/100 or Easements Act.
SYN-INT-001069,SYN-PARCEL-001069,STATUTORY_CHARGE,SYN-DOC-001069,2019-03-15,,ACTIVE,REGISTERED_CHARGE,Synthetic statutory charge recorded under TPA Sec 58/100 or Easements Act.
SYN-INT-001070,SYN-PARCEL-001070,ACQUISITION_NOTICE,SYN-DOC-001070,2020-03-15,,ACTIVE,REGISTERED_CHARGE,Preliminary notification under RFCTLARR Act 2013 Section 11.
SYN-INT-001071,SYN-PARCEL-001071,MORTGAGE_SIMPLE,SYN-DOC-001071,2021-03-15,2024-03-15,DISCHARGED,REGISTERED_CHARGE,Synthetic mortgage simple recorded under TPA Sec 58/100 or Easements Act.
SYN-INT-001072,SYN-PARCEL-001072,MORTGAGE_EQUITABLE,SYN-DOC-001072,2022-03-15,,UNCERTAIN,REGISTERED_CHARGE,Synthetic mortgage equitable recorded under TPA Sec 58/100 or Easements Act.
SYN-INT-001073,SYN-PARCEL-001073,EASEMENT_RIGHT_OF_WAY,SYN-DOC-001073,2023-03-15,,ACTIVE,REGISTERED_CHARGE,Synthetic easement right of way recorded under TPA Sec 58/100 or Easements Act.
SYN-INT-001074,SYN-PARCEL-001074,STATUTORY_CHARGE,SYN-DOC-001074,2018-03-15,,ACTIVE,REGISTERED_CHARGE,Synthetic statutory charge recorded under TPA Sec 58/100 or Easements Act.
SYN-INT-001075,SYN-PARCEL-001075,ACQUISITION_NOTICE,SYN-DOC-001075,2019-03-15,2022-03-15,DISCHARGED,REGISTERED_CHARGE,Preliminary notification under RFCTLARR Act 2013 Section 11.
SYN-INT-001076,SYN-PARCEL-001076,MORTGAGE_SIMPLE,SYN-DOC-001076,2020-03-15,,UNCERTAIN,REGISTERED_CHARGE,Synthetic mortgage simple recorded under TPA Sec 58/100 or Easements Act.
SYN-INT-001077,SYN-PARCEL-001077,MORTGAGE_EQUITABLE,SYN-DOC-001077,2021-03-15,,ACTIVE,REGISTERED_CHARGE,Synthetic mortgage equitable recorded under TPA Sec 58/100 or Easements Act.
SYN-INT-001078,SYN-PARCEL-001078,EASEMENT_RIGHT_OF_WAY,SYN-DOC-001078,2022-03-15,,ACTIVE,REGISTERED_CHARGE,Synthetic easement right of way recorded under TPA Sec 58/100 or Easements Act.
SYN-INT-001079,SYN-PARCEL-001079,STATUTORY_CHARGE,SYN-DOC-001079,2023-03-15,2026-03-15,DISCHARGED,REGISTERED_CHARGE,Synthetic statutory charge recorded under TPA Sec 58/100 or Easements Act.
SYN-INT-001080,SYN-PARCEL-001080,ACQUISITION_NOTICE,SYN-DOC-001080,2018-03-15,,UNCERTAIN,REGISTERED_CHARGE,Preliminary notification under RFCTLARR Act 2013 Section 11.
SYN-INT-001081,SYN-PARCEL-001081,MORTGAGE_SIMPLE,SYN-DOC-001081,2019-03-15,,ACTIVE,REGISTERED_CHARGE,Synthetic mortgage simple recorded under TPA Sec 58/100 or Easements Act.
SYN-INT-001082,SYN-PARCEL-001082,MORTGAGE_EQUITABLE,SYN-DOC-001082,2020-03-15,,ACTIVE,REGISTERED_CHARGE,Synthetic mortgage equitable recorded under TPA Sec 58/100 or Easements Act.
SYN-INT-001083,SYN-PARCEL-001083,EASEMENT_RIGHT_OF_WAY,SYN-DOC-001083,2021-03-15,2024-03-15,DISCHARGED,REGISTERED_CHARGE,Synthetic easement right of way recorded under TPA Sec 58/100 or Easements Act.
SYN-INT-001084,SYN-PARCEL-001084,STATUTORY_CHARGE,SYN-DOC-001084,2022-03-15,,UNCERTAIN,REGISTERED_CHARGE,Synthetic statutory charge recorded under TPA Sec 58/100 or Easements Act.
SYN-INT-001085,SYN-PARCEL-001085,ACQUISITION_NOTICE,SYN-DOC-001085,2023-03-15,,ACTIVE,REGISTERED_CHARGE,Preliminary notification under RFCTLARR Act 2013 Section 11.
SYN-INT-001086,SYN-PARCEL-001086,MORTGAGE_SIMPLE,SYN-DOC-001086,2018-03-15,,ACTIVE,REGISTERED_CHARGE,Synthetic mortgage simple recorded under TPA Sec 58/100 or Easements Act.
SYN-INT-001087,SYN-PARCEL-001087,MORTGAGE_EQUITABLE,SYN-DOC-001087,2019-03-15,2022-03-15,DISCHARGED,REGISTERED_CHARGE,Synthetic mortgage equitable recorded under TPA Sec 58/100 or Easements Act.
SYN-INT-001088,SYN-PARCEL-001088,EASEMENT_RIGHT_OF_WAY,SYN-DOC-001088,2020-03-15,,UNCERTAIN,REGISTERED_CHARGE,Synthetic easement right of way recorded under TPA Sec 58/100 or Easements Act.
SYN-INT-001089,SYN-PARCEL-001089,STATUTORY_CHARGE,SYN-DOC-001089,2021-03-15,,ACTIVE,REGISTERED_CHARGE,Synthetic statutory charge recorded under TPA Sec 58/100 or Easements Act.
SYN-INT-001090,SYN-PARCEL-001090,ACQUISITION_NOTICE,SYN-DOC-001090,2022-03-15,,ACTIVE,REGISTERED_CHARGE,Preliminary notification under RFCTLARR Act 2013 Section 11.
SYN-INT-001091,SYN-PARCEL-001091,MORTGAGE_SIMPLE,SYN-DOC-001091,2023-03-15,2026-03-15,DISCHARGED,REGISTERED_CHARGE,Synthetic mortgage simple recorded under TPA Sec 58/100 or Easements Act.
SYN-INT-001092,SYN-PARCEL-001092,MORTGAGE_EQUITABLE,SYN-DOC-001092,2018-03-15,,UNCERTAIN,REGISTERED_CHARGE,Synthetic mortgage equitable recorded under TPA Sec 58/100 or Easements Act.
SYN-INT-001093,SYN-PARCEL-001093,EASEMENT_RIGHT_OF_WAY,SYN-DOC-001093,2019-03-15,,ACTIVE,REGISTERED_CHARGE,Synthetic easement right of way recorded under TPA Sec 58/100 or Easements Act.
SYN-INT-001094,SYN-PARCEL-001094,STATUTORY_CHARGE,SYN-DOC-001094,2020-03-15,,ACTIVE,REGISTERED_CHARGE,Synthetic statutory charge recorded under TPA Sec 58/100 or Easements Act.
SYN-INT-001095,SYN-PARCEL-001095,ACQUISITION_NOTICE,SYN-DOC-001095,2021-03-15,2024-03-15,DISCHARGED,REGISTERED_CHARGE,Preliminary notification under RFCTLARR Act 2013 Section 11.
SYN-INT-001096,SYN-PARCEL-001096,MORTGAGE_SIMPLE,SYN-DOC-001096,2022-03-15,,UNCERTAIN,REGISTERED_CHARGE,Synthetic mortgage simple recorded under TPA Sec 58/100 or Easements Act.
SYN-INT-001097,SYN-PARCEL-001097,MORTGAGE_EQUITABLE,SYN-DOC-001097,2023-03-15,,ACTIVE,REGISTERED_CHARGE,Synthetic mortgage equitable recorded under TPA Sec 58/100 or Easements Act.
SYN-INT-001098,SYN-PARCEL-001098,EASEMENT_RIGHT_OF_WAY,SYN-DOC-001098,2018-03-15,,ACTIVE,REGISTERED_CHARGE,Synthetic easement right of way recorded under TPA Sec 58/100 or Easements Act.
SYN-INT-001099,SYN-PARCEL-001099,STATUTORY_CHARGE,SYN-DOC-001099,2019-03-15,2022-03-15,DISCHARGED,REGISTERED_CHARGE,Synthetic statutory charge recorded under TPA Sec 58/100 or Easements Act.
SYN-INT-001100,SYN-PARCEL-001100,ACQUISITION_NOTICE,SYN-DOC-001100,2020-03-15,,UNCERTAIN,REGISTERED_CHARGE,Preliminary notification under RFCTLARR Act 2013 Section 11.
SYN-INT-001101,SYN-PARCEL-001101,MORTGAGE_SIMPLE,SYN-DOC-001101,2021-03-15,,ACTIVE,REGISTERED_CHARGE,Synthetic mortgage simple recorded under TPA Sec 58/100 or Easements Act.
SYN-INT-001102,SYN-PARCEL-001102,MORTGAGE_EQUITABLE,SYN-DOC-001102,2022-03-15,,ACTIVE,REGISTERED_CHARGE,Synthetic mortgage equitable recorded under TPA Sec 58/100 or Easements Act.
SYN-INT-001103,SYN-PARCEL-001103,EASEMENT_RIGHT_OF_WAY,SYN-DOC-001103,2023-03-15,2026-03-15,DISCHARGED,REGISTERED_CHARGE,Synthetic easement right of way recorded under TPA Sec 58/100 or Easements Act.
SYN-INT-001104,SYN-PARCEL-001104,STATUTORY_CHARGE,SYN-DOC-001104,2018-03-15,,UNCERTAIN,REGISTERED_CHARGE,Synthetic statutory charge recorded under TPA Sec 58/100 or Easements Act.
SYN-INT-001105,SYN-PARCEL-001105,ACQUISITION_NOTICE,SYN-DOC-001105,2019-03-15,,ACTIVE,REGISTERED_CHARGE,Preliminary notification under RFCTLARR Act 2013 Section 11.
SYN-INT-001106,SYN-PARCEL-001106,MORTGAGE_SIMPLE,SYN-DOC-001106,2020-03-15,,ACTIVE,REGISTERED_CHARGE,Synthetic mortgage simple recorded under TPA Sec 58/100 or Easements Act.
SYN-INT-001107,SYN-PARCEL-001107,MORTGAGE_EQUITABLE,SYN-DOC-001107,2021-03-15,2024-03-15,DISCHARGED,REGISTERED_CHARGE,Synthetic mortgage equitable recorded under TPA Sec 58/100 or Easements Act.
SYN-INT-001108,SYN-PARCEL-001108,EASEMENT_RIGHT_OF_WAY,SYN-DOC-001108,2022-03-15,,UNCERTAIN,REGISTERED_CHARGE,Synthetic easement right of way recorded under TPA Sec 58/100 or Easements Act.
SYN-INT-001109,SYN-PARCEL-001109,STATUTORY_CHARGE,SYN-DOC-001109,2023-03-15,,ACTIVE,REGISTERED_CHARGE,Synthetic statutory charge recorded under TPA Sec 58/100 or Easements Act.
SYN-INT-001110,SYN-PARCEL-001110,ACQUISITION_NOTICE,SYN-DOC-001110,2018-03-15,,ACTIVE,REGISTERED_CHARGE,Preliminary notification under RFCTLARR Act 2013 Section 11.
SYN-INT-001111,SYN-PARCEL-001111,MORTGAGE_SIMPLE,SYN-DOC-001111,2019-03-15,2022-03-15,DISCHARGED,REGISTERED_CHARGE,Synthetic mortgage simple recorded under TPA Sec 58/100 or Easements Act.
SYN-INT-001112,SYN-PARCEL-001112,MORTGAGE_EQUITABLE,SYN-DOC-001112,2020-03-15,,UNCERTAIN,REGISTERED_CHARGE,Synthetic mortgage equitable recorded under TPA Sec 58/100 or Easements Act.
SYN-INT-001113,SYN-PARCEL-001113,EASEMENT_RIGHT_OF_WAY,SYN-DOC-001113,2021-03-15,,ACTIVE,REGISTERED_CHARGE,Synthetic easement right of way recorded under TPA Sec 58/100 or Easements Act.
SYN-INT-001114,SYN-PARCEL-001114,STATUTORY_CHARGE,SYN-DOC-001114,2022-03-15,,ACTIVE,REGISTERED_CHARGE,Synthetic statutory charge recorded under TPA Sec 58/100 or Easements Act.
SYN-INT-001115,SYN-PARCEL-001115,ACQUISITION_NOTICE,SYN-DOC-001115,2023-03-15,2026-03-15,DISCHARGED,REGISTERED_CHARGE,Preliminary notification under RFCTLARR Act 2013 Section 11.
SYN-INT-001116,SYN-PARCEL-001116,MORTGAGE_SIMPLE,SYN-DOC-001116,2018-03-15,,UNCERTAIN,REGISTERED_CHARGE,Synthetic mortgage simple recorded under TPA Sec 58/100 or Easements Act.
SYN-INT-001117,SYN-PARCEL-001117,MORTGAGE_EQUITABLE,SYN-DOC-001117,2019-03-15,,ACTIVE,REGISTERED_CHARGE,Synthetic mortgage equitable recorded under TPA Sec 58/100 or Easements Act.
SYN-INT-001118,SYN-PARCEL-001118,EASEMENT_RIGHT_OF_WAY,SYN-DOC-001118,2020-03-15,,ACTIVE,REGISTERED_CHARGE,Synthetic easement right of way recorded under TPA Sec 58/100 or Easements Act.
SYN-INT-001119,SYN-PARCEL-001119,STATUTORY_CHARGE,SYN-DOC-001119,2021-03-15,2024-03-15,DISCHARGED,REGISTERED_CHARGE,Synthetic statutory charge recorded under TPA Sec 58/100 or Easements Act.
SYN-INT-001120,SYN-PARCEL-001120,ACQUISITION_NOTICE,SYN-DOC-001120,2022-03-15,,UNCERTAIN,REGISTERED_CHARGE,Preliminary notification under RFCTLARR Act 2013 Section 11.
SYN-INT-001121,SYN-PARCEL-001121,MORTGAGE_SIMPLE,SYN-DOC-001121,2023-03-15,,ACTIVE,REGISTERED_CHARGE,Synthetic mortgage simple recorded under TPA Sec 58/100 or Easements Act.
SYN-INT-001122,SYN-PARCEL-001122,MORTGAGE_EQUITABLE,SYN-DOC-001122,2018-03-15,,ACTIVE,REGISTERED_CHARGE,Synthetic mortgage equitable recorded under TPA Sec 58/100 or Easements Act.
SYN-INT-001123,SYN-PARCEL-001123,EASEMENT_RIGHT_OF_WAY,SYN-DOC-001123,2019-03-15,2022-03-15,DISCHARGED,REGISTERED_CHARGE,Synthetic easement right of way recorded under TPA Sec 58/100 or Easements Act.
SYN-INT-001124,SYN-PARCEL-001124,STATUTORY_CHARGE,SYN-DOC-001124,2020-03-15,,UNCERTAIN,REGISTERED_CHARGE,Synthetic statutory charge recorded under TPA Sec 58/100 or Easements Act.
SYN-INT-001125,SYN-PARCEL-001125,ACQUISITION_NOTICE,SYN-DOC-001125,2021-03-15,,ACTIVE,REGISTERED_CHARGE,Preliminary notification under RFCTLARR Act 2013 Section 11.
SYN-INT-001126,SYN-PARCEL-001126,MORTGAGE_SIMPLE,SYN-DOC-001126,2022-03-15,,ACTIVE,REGISTERED_CHARGE,Synthetic mortgage simple recorded under TPA Sec 58/100 or Easements Act.
SYN-INT-001127,SYN-PARCEL-001127,MORTGAGE_EQUITABLE,SYN-DOC-001127,2023-03-15,2026-03-15,DISCHARGED,REGISTERED_CHARGE,Synthetic mortgage equitable recorded under TPA Sec 58/100 or Easements Act.
SYN-INT-001128,SYN-PARCEL-001128,EASEMENT_RIGHT_OF_WAY,SYN-DOC-001128,2018-03-15,,UNCERTAIN,REGISTERED_CHARGE,Synthetic easement right of way recorded under TPA Sec 58/100 or Easements Act.
SYN-INT-001129,SYN-PARCEL-001129,STATUTORY_CHARGE,SYN-DOC-001129,2019-03-15,,ACTIVE,REGISTERED_CHARGE,Synthetic statutory charge recorded under TPA Sec 58/100 or Easements Act.
SYN-INT-001130,SYN-PARCEL-001130,ACQUISITION_NOTICE,SYN-DOC-001130,2020-03-15,,ACTIVE,REGISTERED_CHARGE,Preliminary notification under RFCTLARR Act 2013 Section 11.
SYN-INT-001131,SYN-PARCEL-001131,MORTGAGE_SIMPLE,SYN-DOC-001131,2021-03-15,2024-03-15,DISCHARGED,REGISTERED_CHARGE,Synthetic mortgage simple recorded under TPA Sec 58/100 or Easements Act.
SYN-INT-001132,SYN-PARCEL-001132,MORTGAGE_EQUITABLE,SYN-DOC-001132,2022-03-15,,UNCERTAIN,REGISTERED_CHARGE,Synthetic mortgage equitable recorded under TPA Sec 58/100 or Easements Act.
SYN-INT-001133,SYN-PARCEL-001133,EASEMENT_RIGHT_OF_WAY,SYN-DOC-001133,2023-03-15,,ACTIVE,REGISTERED_CHARGE,Synthetic easement right of way recorded under TPA Sec 58/100 or Easements Act.
SYN-INT-001134,SYN-PARCEL-001134,STATUTORY_CHARGE,SYN-DOC-001134,2018-03-15,,ACTIVE,REGISTERED_CHARGE,Synthetic statutory charge recorded under TPA Sec 58/100 or Easements Act.
SYN-INT-001135,SYN-PARCEL-001135,ACQUISITION_NOTICE,SYN-DOC-001135,2019-03-15,2022-03-15,DISCHARGED,REGISTERED_CHARGE,Preliminary notification under RFCTLARR Act 2013 Section 11.
SYN-INT-001136,SYN-PARCEL-001136,MORTGAGE_SIMPLE,SYN-DOC-001136,2020-03-15,,UNCERTAIN,REGISTERED_CHARGE,Synthetic mortgage simple recorded under TPA Sec 58/100 or Easements Act.
SYN-INT-001137,SYN-PARCEL-001137,MORTGAGE_EQUITABLE,SYN-DOC-001137,2021-03-15,,ACTIVE,REGISTERED_CHARGE,Synthetic mortgage equitable recorded under TPA Sec 58/100 or Easements Act.
SYN-INT-001138,SYN-PARCEL-001138,EASEMENT_RIGHT_OF_WAY,SYN-DOC-001138,2022-03-15,,ACTIVE,REGISTERED_CHARGE,Synthetic easement right of way recorded under TPA Sec 58/100 or Easements Act.
SYN-INT-001139,SYN-PARCEL-001139,STATUTORY_CHARGE,SYN-DOC-001139,2023-03-15,2026-03-15,DISCHARGED,REGISTERED_CHARGE,Synthetic statutory charge recorded under TPA Sec 58/100 or Easements Act.
SYN-INT-001140,SYN-PARCEL-001140,ACQUISITION_NOTICE,SYN-DOC-001140,2018-03-15,,UNCERTAIN,REGISTERED_CHARGE,Preliminary notification under RFCTLARR Act 2013 Section 11.
SYN-INT-001141,SYN-PARCEL-001141,MORTGAGE_SIMPLE,SYN-DOC-001141,2019-03-15,,ACTIVE,REGISTERED_CHARGE,Synthetic mortgage simple recorded under TPA Sec 58/100 or Easements Act.
SYN-INT-001142,SYN-PARCEL-001142,MORTGAGE_EQUITABLE,SYN-DOC-001142,2020-03-15,,ACTIVE,REGISTERED_CHARGE,Synthetic mortgage equitable recorded under TPA Sec 58/100 or Easements Act.
SYN-INT-001143,SYN-PARCEL-001143,EASEMENT_RIGHT_OF_WAY,SYN-DOC-001143,2021-03-15,2024-03-15,DISCHARGED,REGISTERED_CHARGE,Synthetic easement right of way recorded under TPA Sec 58/100 or Easements Act.
SYN-INT-001144,SYN-PARCEL-001144,STATUTORY_CHARGE,SYN-DOC-001144,2022-03-15,,UNCERTAIN,REGISTERED_CHARGE,Synthetic statutory charge recorded under TPA Sec 58/100 or Easements Act.
SYN-INT-001145,SYN-PARCEL-001145,ACQUISITION_NOTICE,SYN-DOC-001145,2023-03-15,,ACTIVE,REGISTERED_CHARGE,Preliminary notification under RFCTLARR Act 2013 Section 11.
SYN-INT-001146,SYN-PARCEL-001146,MORTGAGE_SIMPLE,SYN-DOC-001146,2018-03-15,,ACTIVE,REGISTERED_CHARGE,Synthetic mortgage simple recorded under TPA Sec 58/100 or Easements Act.
SYN-INT-001147,SYN-PARCEL-001147,MORTGAGE_EQUITABLE,SYN-DOC-001147,2019-03-15,2022-03-15,DISCHARGED,REGISTERED_CHARGE,Synthetic mortgage equitable recorded under TPA Sec 58/100 or Easements Act.
SYN-INT-001148,SYN-PARCEL-001148,EASEMENT_RIGHT_OF_WAY,SYN-DOC-001148,2020-03-15,,UNCERTAIN,REGISTERED_CHARGE,Synthetic easement right of way recorded under TPA Sec 58/100 or Easements Act.
SYN-INT-001149,SYN-PARCEL-001149,STATUTORY_CHARGE,SYN-DOC-001149,2021-03-15,,ACTIVE,REGISTERED_CHARGE,Synthetic statutory charge recorded under TPA Sec 58/100 or Easements Act.
SYN-INT-001150,SYN-PARCEL-001150,ACQUISITION_NOTICE,SYN-DOC-001150,2022-03-15,,ACTIVE,REGISTERED_CHARGE,Preliminary notification under RFCTLARR Act 2013 Section 11.
SYN-INT-001151,SYN-PARCEL-001151,MORTGAGE_SIMPLE,SYN-DOC-001151,2023-03-15,2026-03-15,DISCHARGED,REGISTERED_CHARGE,Synthetic mortgage simple recorded under TPA Sec 58/100 or Easements Act.
SYN-INT-001152,SYN-PARCEL-001152,MORTGAGE_EQUITABLE,SYN-DOC-001152,2018-03-15,,UNCERTAIN,REGISTERED_CHARGE,Synthetic mortgage equitable recorded under TPA Sec 58/100 or Easements Act.
SYN-INT-001153,SYN-PARCEL-001153,EASEMENT_RIGHT_OF_WAY,SYN-DOC-001153,2019-03-15,,ACTIVE,REGISTERED_CHARGE,Synthetic easement right of way recorded under TPA Sec 58/100 or Easements Act.
SYN-INT-001154,SYN-PARCEL-001154,STATUTORY_CHARGE,SYN-DOC-001154,2020-03-15,,ACTIVE,REGISTERED_CHARGE,Synthetic statutory charge recorded under TPA Sec 58/100 or Easements Act.
SYN-INT-001155,SYN-PARCEL-001155,ACQUISITION_NOTICE,SYN-DOC-001155,2021-03-15,2024-03-15,DISCHARGED,REGISTERED_CHARGE,Preliminary notification under RFCTLARR Act 2013 Section 11.
SYN-INT-001156,SYN-PARCEL-001156,MORTGAGE_SIMPLE,SYN-DOC-001156,2022-03-15,,UNCERTAIN,REGISTERED_CHARGE,Synthetic mortgage simple recorded under TPA Sec 58/100 or Easements Act.
SYN-INT-001157,SYN-PARCEL-001157,MORTGAGE_EQUITABLE,SYN-DOC-001157,2023-03-15,,ACTIVE,REGISTERED_CHARGE,Synthetic mortgage equitable recorded under TPA Sec 58/100 or Easements Act.
SYN-INT-001158,SYN-PARCEL-001158,EASEMENT_RIGHT_OF_WAY,SYN-DOC-001158,2018-03-15,,ACTIVE,REGISTERED_CHARGE,Synthetic easement right of way recorded under TPA Sec 58/100 or Easements Act.
SYN-INT-001159,SYN-PARCEL-001159,STATUTORY_CHARGE,SYN-DOC-001159,2019-03-15,2022-03-15,DISCHARGED,REGISTERED_CHARGE,Synthetic statutory charge recorded under TPA Sec 58/100 or Easements Act.
SYN-INT-001160,SYN-PARCEL-001160,ACQUISITION_NOTICE,SYN-DOC-001160,2020-03-15,,UNCERTAIN,REGISTERED_CHARGE,Preliminary notification under RFCTLARR Act 2013 Section 11.
SYN-INT-001161,SYN-PARCEL-001161,MORTGAGE_SIMPLE,SYN-DOC-001161,2021-03-15,,ACTIVE,REGISTERED_CHARGE,Synthetic mortgage simple recorded under TPA Sec 58/100 or Easements Act.
SYN-INT-001162,SYN-PARCEL-001162,MORTGAGE_EQUITABLE,SYN-DOC-001162,2022-03-15,,ACTIVE,REGISTERED_CHARGE,Synthetic mortgage equitable recorded under TPA Sec 58/100 or Easements Act.
SYN-INT-001163,SYN-PARCEL-001163,EASEMENT_RIGHT_OF_WAY,SYN-DOC-001163,2023-03-15,2026-03-15,DISCHARGED,REGISTERED_CHARGE,Synthetic easement right of way recorded under TPA Sec 58/100 or Easements Act.
SYN-INT-001164,SYN-PARCEL-001164,STATUTORY_CHARGE,SYN-DOC-001164,2018-03-15,,UNCERTAIN,REGISTERED_CHARGE,Synthetic statutory charge recorded under TPA Sec 58/100 or Easements Act.
SYN-INT-001165,SYN-PARCEL-001165,ACQUISITION_NOTICE,SYN-DOC-001165,2019-03-15,,ACTIVE,REGISTERED_CHARGE,Preliminary notification under RFCTLARR Act 2013 Section 11.
SYN-INT-001166,SYN-PARCEL-001166,MORTGAGE_SIMPLE,SYN-DOC-001166,2020-03-15,,ACTIVE,REGISTERED_CHARGE,Synthetic mortgage simple recorded under TPA Sec 58/100 or Easements Act.
SYN-INT-001167,SYN-PARCEL-001167,MORTGAGE_EQUITABLE,SYN-DOC-001167,2021-03-15,2024-03-15,DISCHARGED,REGISTERED_CHARGE,Synthetic mortgage equitable recorded under TPA Sec 58/100 or Easements Act.
SYN-INT-001168,SYN-PARCEL-001168,EASEMENT_RIGHT_OF_WAY,SYN-DOC-001168,2022-03-15,,UNCERTAIN,REGISTERED_CHARGE,Synthetic easement right of way recorded under TPA Sec 58/100 or Easements Act.
SYN-INT-001169,SYN-PARCEL-001169,STATUTORY_CHARGE,SYN-DOC-001169,2023-03-15,,ACTIVE,REGISTERED_CHARGE,Synthetic statutory charge recorded under TPA Sec 58/100 or Easements Act.
SYN-INT-001170,SYN-PARCEL-001170,ACQUISITION_NOTICE,SYN-DOC-001170,2018-03-15,,ACTIVE,REGISTERED_CHARGE,Preliminary notification under RFCTLARR Act 2013 Section 11.
SYN-INT-001171,SYN-PARCEL-001171,MORTGAGE_SIMPLE,SYN-DOC-001171,2019-03-15,2022-03-15,DISCHARGED,REGISTERED_CHARGE,Synthetic mortgage simple recorded under TPA Sec 58/100 or Easements Act.
SYN-INT-001172,SYN-PARCEL-001172,MORTGAGE_EQUITABLE,SYN-DOC-001172,2020-03-15,,UNCERTAIN,REGISTERED_CHARGE,Synthetic mortgage equitable recorded under TPA Sec 58/100 or Easements Act.
SYN-INT-001173,SYN-PARCEL-001173,EASEMENT_RIGHT_OF_WAY,SYN-DOC-001173,2021-03-15,,ACTIVE,REGISTERED_CHARGE,Synthetic easement right of way recorded under TPA Sec 58/100 or Easements Act.
SYN-INT-001174,SYN-PARCEL-001174,STATUTORY_CHARGE,SYN-DOC-001174,2022-03-15,,ACTIVE,REGISTERED_CHARGE,Synthetic statutory charge recorded under TPA Sec 58/100 or Easements Act.
SYN-INT-001175,SYN-PARCEL-001175,ACQUISITION_NOTICE,SYN-DOC-001175,2023-03-15,2026-03-15,DISCHARGED,REGISTERED_CHARGE,Preliminary notification under RFCTLARR Act 2013 Section 11.
SYN-INT-001176,SYN-PARCEL-001176,MORTGAGE_SIMPLE,SYN-DOC-001176,2018-03-15,,UNCERTAIN,REGISTERED_CHARGE,Synthetic mortgage simple recorded under TPA Sec 58/100 or Easements Act.
SYN-INT-001177,SYN-PARCEL-001177,MORTGAGE_EQUITABLE,SYN-DOC-001177,2019-03-15,,ACTIVE,REGISTERED_CHARGE,Synthetic mortgage equitable recorded under TPA Sec 58/100 or Easements Act.
SYN-INT-001178,SYN-PARCEL-001178,EASEMENT_RIGHT_OF_WAY,SYN-DOC-001178,2020-03-15,,ACTIVE,REGISTERED_CHARGE,Synthetic easement right of way recorded under TPA Sec 58/100 or Easements Act.
SYN-INT-001179,SYN-PARCEL-001179,STATUTORY_CHARGE,SYN-DOC-001179,2021-03-15,2024-03-15,DISCHARGED,REGISTERED_CHARGE,Synthetic statutory charge recorded under TPA Sec 58/100 or Easements Act.
SYN-INT-001180,SYN-PARCEL-001180,ACQUISITION_NOTICE,SYN-DOC-001180,2022-03-15,,UNCERTAIN,REGISTERED_CHARGE,Preliminary notification under RFCTLARR Act 2013 Section 11.
SYN-INT-001181,SYN-PARCEL-001181,MORTGAGE_SIMPLE,SYN-DOC-001181,2023-03-15,,ACTIVE,REGISTERED_CHARGE,Synthetic mortgage simple recorded under TPA Sec 58/100 or Easements Act.
SYN-INT-001182,SYN-PARCEL-001182,MORTGAGE_EQUITABLE,SYN-DOC-001182,2018-03-15,,ACTIVE,REGISTERED_CHARGE,Synthetic mortgage equitable recorded under TPA Sec 58/100 or Easements Act.
SYN-INT-001183,SYN-PARCEL-001183,EASEMENT_RIGHT_OF_WAY,SYN-DOC-001183,2019-03-15,2022-03-15,DISCHARGED,REGISTERED_CHARGE,Synthetic easement right of way recorded under TPA Sec 58/100 or Easements Act.
SYN-INT-001184,SYN-PARCEL-001184,STATUTORY_CHARGE,SYN-DOC-001184,2020-03-15,,UNCERTAIN,REGISTERED_CHARGE,Synthetic statutory charge recorded under TPA Sec 58/100 or Easements Act.
SYN-INT-001185,SYN-PARCEL-001185,ACQUISITION_NOTICE,SYN-DOC-001185,2021-03-15,,ACTIVE,REGISTERED_CHARGE,Preliminary notification under RFCTLARR Act 2013 Section 11.
SYN-INT-001186,SYN-PARCEL-001186,MORTGAGE_SIMPLE,SYN-DOC-001186,2022-03-15,,ACTIVE,REGISTERED_CHARGE,Synthetic mortgage simple recorded under TPA Sec 58/100 or Easements Act.
SYN-INT-001187,SYN-PARCEL-001187,MORTGAGE_EQUITABLE,SYN-DOC-001187,2023-03-15,2026-03-15,DISCHARGED,REGISTERED_CHARGE,Synthetic mortgage equitable recorded under TPA Sec 58/100 or Easements Act.
SYN-INT-001188,SYN-PARCEL-001188,EASEMENT_RIGHT_OF_WAY,SYN-DOC-001188,2018-03-15,,UNCERTAIN,REGISTERED_CHARGE,Synthetic easement right of way recorded under TPA Sec 58/100 or Easements Act.
SYN-INT-001189,SYN-PARCEL-001189,STATUTORY_CHARGE,SYN-DOC-001189,2019-03-15,,ACTIVE,REGISTERED_CHARGE,Synthetic statutory charge recorded under TPA Sec 58/100 or Easements Act.
SYN-INT-001190,SYN-PARCEL-001190,ACQUISITION_NOTICE,SYN-DOC-001190,2020-03-15,,ACTIVE,REGISTERED_CHARGE,Preliminary notification under RFCTLARR Act 2013 Section 11.
SYN-INT-001191,SYN-PARCEL-001191,MORTGAGE_SIMPLE,SYN-DOC-001191,2021-03-15,2024-03-15,DISCHARGED,REGISTERED_CHARGE,Synthetic mortgage simple recorded under TPA Sec 58/100 or Easements Act.
SYN-INT-001192,SYN-PARCEL-001192,MORTGAGE_EQUITABLE,SYN-DOC-001192,2022-03-15,,UNCERTAIN,REGISTERED_CHARGE,Synthetic mortgage equitable recorded under TPA Sec 58/100 or Easements Act.
SYN-INT-001193,SYN-PARCEL-001193,EASEMENT_RIGHT_OF_WAY,SYN-DOC-001193,2023-03-15,,ACTIVE,REGISTERED_CHARGE,Synthetic easement right of way recorded under TPA Sec 58/100 or Easements Act.
SYN-INT-001194,SYN-PARCEL-001194,STATUTORY_CHARGE,SYN-DOC-001194,2018-03-15,,ACTIVE,REGISTERED_CHARGE,Synthetic statutory charge recorded under TPA Sec 58/100 or Easements Act.
SYN-INT-001195,SYN-PARCEL-001195,ACQUISITION_NOTICE,SYN-DOC-001195,2019-03-15,2022-03-15,DISCHARGED,REGISTERED_CHARGE,Preliminary notification under RFCTLARR Act 2013 Section 11.
SYN-INT-001196,SYN-PARCEL-001196,MORTGAGE_SIMPLE,SYN-DOC-001196,2020-03-15,,UNCERTAIN,REGISTERED_CHARGE,Synthetic mortgage simple recorded under TPA Sec 58/100 or Easements Act.
SYN-INT-001197,SYN-PARCEL-001197,MORTGAGE_EQUITABLE,SYN-DOC-001197,2021-03-15,,ACTIVE,REGISTERED_CHARGE,Synthetic mortgage equitable recorded under TPA Sec 58/100 or Easements Act.
SYN-INT-001198,SYN-PARCEL-001198,EASEMENT_RIGHT_OF_WAY,SYN-DOC-001198,2022-03-15,,ACTIVE,REGISTERED_CHARGE,Synthetic easement right of way recorded under TPA Sec 58/100 or Easements Act.
SYN-INT-001199,SYN-PARCEL-001199,STATUTORY_CHARGE,SYN-DOC-001199,2023-03-15,2026-03-15,DISCHARGED,REGISTERED_CHARGE,Synthetic statutory charge recorded under TPA Sec 58/100 or Easements Act.
SYN-INT-001200,SYN-PARCEL-001200,ACQUISITION_NOTICE,SYN-DOC-001200,2018-03-15,,UNCERTAIN,REGISTERED_CHARGE,Preliminary notification under RFCTLARR Act 2013 Section 11.
SYN-INT-001201,SYN-PARCEL-001201,MORTGAGE_SIMPLE,SYN-DOC-001201,2019-03-15,,ACTIVE,REGISTERED_CHARGE,Synthetic mortgage simple recorded under TPA Sec 58/100 or Easements Act.
SYN-INT-001202,SYN-PARCEL-001202,MORTGAGE_EQUITABLE,SYN-DOC-001202,2020-03-15,,ACTIVE,REGISTERED_CHARGE,Synthetic mortgage equitable recorded under TPA Sec 58/100 or Easements Act.
SYN-INT-001203,SYN-PARCEL-001203,EASEMENT_RIGHT_OF_WAY,SYN-DOC-001203,2021-03-15,2024-03-15,DISCHARGED,REGISTERED_CHARGE,Synthetic easement right of way recorded under TPA Sec 58/100 or Easements Act.
SYN-INT-001204,SYN-PARCEL-001204,STATUTORY_CHARGE,SYN-DOC-001204,2022-03-15,,UNCERTAIN,REGISTERED_CHARGE,Synthetic statutory charge recorded under TPA Sec 58/100 or Easements Act.
SYN-INT-001205,SYN-PARCEL-001205,ACQUISITION_NOTICE,SYN-DOC-001205,2023-03-15,,ACTIVE,REGISTERED_CHARGE,Preliminary notification under RFCTLARR Act 2013 Section 11.
SYN-INT-001206,SYN-PARCEL-001206,MORTGAGE_SIMPLE,SYN-DOC-001206,2018-03-15,,ACTIVE,REGISTERED_CHARGE,Synthetic mortgage simple recorded under TPA Sec 58/100 or Easements Act.
SYN-INT-001207,SYN-PARCEL-001207,MORTGAGE_EQUITABLE,SYN-DOC-001207,2019-03-15,2022-03-15,DISCHARGED,REGISTERED_CHARGE,Synthetic mortgage equitable recorded under TPA Sec 58/100 or Easements Act.
SYN-INT-001208,SYN-PARCEL-001208,EASEMENT_RIGHT_OF_WAY,SYN-DOC-001208,2020-03-15,,UNCERTAIN,REGISTERED_CHARGE,Synthetic easement right of way recorded under TPA Sec 58/100 or Easements Act.
SYN-INT-001209,SYN-PARCEL-001209,STATUTORY_CHARGE,SYN-DOC-001209,2021-03-15,,ACTIVE,REGISTERED_CHARGE,Synthetic statutory charge recorded under TPA Sec 58/100 or Easements Act.
SYN-INT-001210,SYN-PARCEL-001210,ACQUISITION_NOTICE,SYN-DOC-001210,2022-03-15,,ACTIVE,REGISTERED_CHARGE,Preliminary notification under RFCTLARR Act 2013 Section 11.
SYN-INT-001211,SYN-PARCEL-001211,MORTGAGE_SIMPLE,SYN-DOC-001211,2023-03-15,2026-03-15,DISCHARGED,REGISTERED_CHARGE,Synthetic mortgage simple recorded under TPA Sec 58/100 or Easements Act.
SYN-INT-001212,SYN-PARCEL-001212,MORTGAGE_EQUITABLE,SYN-DOC-001212,2018-03-15,,UNCERTAIN,REGISTERED_CHARGE,Synthetic mortgage equitable recorded under TPA Sec 58/100 or Easements Act.
SYN-INT-001213,SYN-PARCEL-001213,EASEMENT_RIGHT_OF_WAY,SYN-DOC-001213,2019-03-15,,ACTIVE,REGISTERED_CHARGE,Synthetic easement right of way recorded under TPA Sec 58/100 or Easements Act.
SYN-INT-001214,SYN-PARCEL-001214,STATUTORY_CHARGE,SYN-DOC-001214,2020-03-15,,ACTIVE,REGISTERED_CHARGE,Synthetic statutory charge recorded under TPA Sec 58/100 or Easements Act.
SYN-INT-001215,SYN-PARCEL-001215,ACQUISITION_NOTICE,SYN-DOC-001215,2021-03-15,2024-03-15,DISCHARGED,REGISTERED_CHARGE,Preliminary notification under RFCTLARR Act 2013 Section 11.
SYN-INT-001216,SYN-PARCEL-001216,MORTGAGE_SIMPLE,SYN-DOC-001216,2022-03-15,,UNCERTAIN,REGISTERED_CHARGE,Synthetic mortgage simple recorded under TPA Sec 58/100 or Easements Act.
SYN-INT-001217,SYN-PARCEL-001217,MORTGAGE_EQUITABLE,SYN-DOC-001217,2023-03-15,,ACTIVE,REGISTERED_CHARGE,Synthetic mortgage equitable recorded under TPA Sec 58/100 or Easements Act.
SYN-INT-001218,SYN-PARCEL-001218,EASEMENT_RIGHT_OF_WAY,SYN-DOC-001218,2018-03-15,,ACTIVE,REGISTERED_CHARGE,Synthetic easement right of way recorded under TPA Sec 58/100 or Easements Act.
SYN-INT-001219,SYN-PARCEL-001219,STATUTORY_CHARGE,SYN-DOC-001219,2019-03-15,2022-03-15,DISCHARGED,REGISTERED_CHARGE,Synthetic statutory charge recorded under TPA Sec 58/100 or Easements Act.
SYN-INT-001220,SYN-PARCEL-001220,ACQUISITION_NOTICE,SYN-DOC-001220,2020-03-15,,UNCERTAIN,REGISTERED_CHARGE,Preliminary notification under RFCTLARR Act 2013 Section 11.
SYN-INT-001221,SYN-PARCEL-001221,MORTGAGE_SIMPLE,SYN-DOC-001221,2021-03-15,,ACTIVE,REGISTERED_CHARGE,Synthetic mortgage simple recorded under TPA Sec 58/100 or Easements Act.
SYN-INT-001222,SYN-PARCEL-001222,MORTGAGE_EQUITABLE,SYN-DOC-001222,2022-03-15,,ACTIVE,REGISTERED_CHARGE,Synthetic mortgage equitable recorded under TPA Sec 58/100 or Easements Act.
SYN-INT-001223,SYN-PARCEL-001223,EASEMENT_RIGHT_OF_WAY,SYN-DOC-001223,2023-03-15,2026-03-15,DISCHARGED,REGISTERED_CHARGE,Synthetic easement right of way recorded under TPA Sec 58/100 or Easements Act.
SYN-INT-001224,SYN-PARCEL-001224,STATUTORY_CHARGE,SYN-DOC-001224,2018-03-15,,UNCERTAIN,REGISTERED_CHARGE,Synthetic statutory charge recorded under TPA Sec 58/100 or Easements Act.
SYN-INT-001225,SYN-PARCEL-001225,ACQUISITION_NOTICE,SYN-DOC-001225,2019-03-15,,ACTIVE,REGISTERED_CHARGE,Preliminary notification under RFCTLARR Act 2013 Section 11.
SYN-INT-001226,SYN-PARCEL-001226,MORTGAGE_SIMPLE,SYN-DOC-001226,2020-03-15,,ACTIVE,REGISTERED_CHARGE,Synthetic mortgage simple recorded under TPA Sec 58/100 or Easements Act.
SYN-INT-001227,SYN-PARCEL-001227,MORTGAGE_EQUITABLE,SYN-DOC-001227,2021-03-15,2024-03-15,DISCHARGED,REGISTERED_CHARGE,Synthetic mortgage equitable recorded under TPA Sec 58/100 or Easements Act.
SYN-INT-001228,SYN-PARCEL-001228,EASEMENT_RIGHT_OF_WAY,SYN-DOC-001228,2022-03-15,,UNCERTAIN,REGISTERED_CHARGE,Synthetic easement right of way recorded under TPA Sec 58/100 or Easements Act.
SYN-INT-001229,SYN-PARCEL-001229,STATUTORY_CHARGE,SYN-DOC-001229,2023-03-15,,ACTIVE,REGISTERED_CHARGE,Synthetic statutory charge recorded under TPA Sec 58/100 or Easements Act.
SYN-INT-001230,SYN-PARCEL-001230,ACQUISITION_NOTICE,SYN-DOC-001230,2018-03-15,,ACTIVE,REGISTERED_CHARGE,Preliminary notification under RFCTLARR Act 2013 Section 11.
SYN-INT-001231,SYN-PARCEL-001231,MORTGAGE_SIMPLE,SYN-DOC-001231,2019-03-15,2022-03-15,DISCHARGED,REGISTERED_CHARGE,Synthetic mortgage simple recorded under TPA Sec 58/100 or Easements Act.
SYN-INT-001232,SYN-PARCEL-001232,MORTGAGE_EQUITABLE,SYN-DOC-001232,2020-03-15,,UNCERTAIN,REGISTERED_CHARGE,Synthetic mortgage equitable recorded under TPA Sec 58/100 or Easements Act.
SYN-INT-001233,SYN-PARCEL-001233,EASEMENT_RIGHT_OF_WAY,SYN-DOC-001233,2021-03-15,,ACTIVE,REGISTERED_CHARGE,Synthetic easement right of way recorded under TPA Sec 58/100 or Easements Act.
SYN-INT-001234,SYN-PARCEL-001234,STATUTORY_CHARGE,SYN-DOC-001234,2022-03-15,,ACTIVE,REGISTERED_CHARGE,Synthetic statutory charge recorded under TPA Sec 58/100 or Easements Act.
SYN-INT-001235,SYN-PARCEL-001235,ACQUISITION_NOTICE,SYN-DOC-001235,2023-03-15,2026-03-15,DISCHARGED,REGISTERED_CHARGE,Preliminary notification under RFCTLARR Act 2013 Section 11.
SYN-INT-001236,SYN-PARCEL-001236,MORTGAGE_SIMPLE,SYN-DOC-001236,2018-03-15,,UNCERTAIN,REGISTERED_CHARGE,Synthetic mortgage simple recorded under TPA Sec 58/100 or Easements Act.
SYN-INT-001237,SYN-PARCEL-001237,MORTGAGE_EQUITABLE,SYN-DOC-001237,2019-03-15,,ACTIVE,REGISTERED_CHARGE,Synthetic mortgage equitable recorded under TPA Sec 58/100 or Easements Act.
SYN-INT-001238,SYN-PARCEL-001238,EASEMENT_RIGHT_OF_WAY,SYN-DOC-001238,2020-03-15,,ACTIVE,REGISTERED_CHARGE,Synthetic easement right of way recorded under TPA Sec 58/100 or Easements Act.
SYN-INT-001239,SYN-PARCEL-001239,STATUTORY_CHARGE,SYN-DOC-001239,2021-03-15,2024-03-15,DISCHARGED,REGISTERED_CHARGE,Synthetic statutory charge recorded under TPA Sec 58/100 or Easements Act.
SYN-INT-001240,SYN-PARCEL-001240,ACQUISITION_NOTICE,SYN-DOC-001240,2022-03-15,,UNCERTAIN,REGISTERED_CHARGE,Preliminary notification under RFCTLARR Act 2013 Section 11.
SYN-INT-001241,SYN-PARCEL-001241,MORTGAGE_SIMPLE,SYN-DOC-001241,2023-03-15,,ACTIVE,REGISTERED_CHARGE,Synthetic mortgage simple recorded under TPA Sec 58/100 or Easements Act.
SYN-INT-001242,SYN-PARCEL-001242,MORTGAGE_EQUITABLE,SYN-DOC-001242,2018-03-15,,ACTIVE,REGISTERED_CHARGE,Synthetic mortgage equitable recorded under TPA Sec 58/100 or Easements Act.
SYN-INT-001243,SYN-PARCEL-001243,EASEMENT_RIGHT_OF_WAY,SYN-DOC-001243,2019-03-15,2022-03-15,DISCHARGED,REGISTERED_CHARGE,Synthetic easement right of way recorded under TPA Sec 58/100 or Easements Act.
SYN-INT-001244,SYN-PARCEL-001244,STATUTORY_CHARGE,SYN-DOC-001244,2020-03-15,,UNCERTAIN,REGISTERED_CHARGE,Synthetic statutory charge recorded under TPA Sec 58/100 or Easements Act.
SYN-INT-001245,SYN-PARCEL-001245,ACQUISITION_NOTICE,SYN-DOC-001245,2021-03-15,,ACTIVE,REGISTERED_CHARGE,Preliminary notification under RFCTLARR Act 2013 Section 11.
SYN-INT-001246,SYN-PARCEL-001246,MORTGAGE_SIMPLE,SYN-DOC-001246,2022-03-15,,ACTIVE,REGISTERED_CHARGE,Synthetic mortgage simple recorded under TPA Sec 58/100 or Easements Act.
SYN-INT-001247,SYN-PARCEL-001247,MORTGAGE_EQUITABLE,SYN-DOC-001247,2023-03-15,2026-03-15,DISCHARGED,REGISTERED_CHARGE,Synthetic mortgage equitable recorded under TPA Sec 58/100 or Easements Act.
SYN-INT-001248,SYN-PARCEL-001248,EASEMENT_RIGHT_OF_WAY,SYN-DOC-001248,2018-03-15,,UNCERTAIN,REGISTERED_CHARGE,Synthetic easement right of way recorded under TPA Sec 58/100 or Easements Act.
SYN-INT-001249,SYN-PARCEL-001249,STATUTORY_CHARGE,SYN-DOC-001249,2019-03-15,,ACTIVE,REGISTERED_CHARGE,Synthetic statutory charge recorded under TPA Sec 58/100 or Easements Act.
SYN-INT-001250,SYN-PARCEL-001250,ACQUISITION_NOTICE,SYN-DOC-001250,2020-03-15,,ACTIVE,REGISTERED_CHARGE,Preliminary notification under RFCTLARR Act 2013 Section 11.
SYN-INT-001251,SYN-PARCEL-001251,MORTGAGE_SIMPLE,SYN-DOC-001251,2021-03-15,2024-03-15,DISCHARGED,REGISTERED_CHARGE,Synthetic mortgage simple recorded under TPA Sec 58/100 or Easements Act.
SYN-INT-001252,SYN-PARCEL-001252,MORTGAGE_EQUITABLE,SYN-DOC-001252,2022-03-15,,UNCERTAIN,REGISTERED_CHARGE,Synthetic mortgage equitable recorded under TPA Sec 58/100 or Easements Act.
SYN-INT-001253,SYN-PARCEL-001253,EASEMENT_RIGHT_OF_WAY,SYN-DOC-001253,2023-03-15,,ACTIVE,REGISTERED_CHARGE,Synthetic easement right of way recorded under TPA Sec 58/100 or Easements Act.
SYN-INT-001254,SYN-PARCEL-001254,STATUTORY_CHARGE,SYN-DOC-001254,2018-03-15,,ACTIVE,REGISTERED_CHARGE,Synthetic statutory charge recorded under TPA Sec 58/100 or Easements Act.
SYN-INT-001255,SYN-PARCEL-001255,ACQUISITION_NOTICE,SYN-DOC-001255,2019-03-15,2022-03-15,DISCHARGED,REGISTERED_CHARGE,Preliminary notification under RFCTLARR Act 2013 Section 11.
SYN-INT-001256,SYN-PARCEL-001256,MORTGAGE_SIMPLE,SYN-DOC-001256,2020-03-15,,UNCERTAIN,REGISTERED_CHARGE,Synthetic mortgage simple recorded under TPA Sec 58/100 or Easements Act.
SYN-INT-001257,SYN-PARCEL-001257,MORTGAGE_EQUITABLE,SYN-DOC-001257,2021-03-15,,ACTIVE,REGISTERED_CHARGE,Synthetic mortgage equitable recorded under TPA Sec 58/100 or Easements Act.
SYN-INT-001258,SYN-PARCEL-001258,EASEMENT_RIGHT_OF_WAY,SYN-DOC-001258,2022-03-15,,ACTIVE,REGISTERED_CHARGE,Synthetic easement right of way recorded under TPA Sec 58/100 or Easements Act.
SYN-INT-001259,SYN-PARCEL-001259,STATUTORY_CHARGE,SYN-DOC-001259,2023-03-15,2026-03-15,DISCHARGED,REGISTERED_CHARGE,Synthetic statutory charge recorded under TPA Sec 58/100 or Easements Act.
SYN-INT-001260,SYN-PARCEL-001260,ACQUISITION_NOTICE,SYN-DOC-001260,2018-03-15,,UNCERTAIN,REGISTERED_CHARGE,Preliminary notification under RFCTLARR Act 2013 Section 11.
SYN-INT-001261,SYN-PARCEL-001261,MORTGAGE_SIMPLE,SYN-DOC-001261,2019-03-15,,ACTIVE,REGISTERED_CHARGE,Synthetic mortgage simple recorded under TPA Sec 58/100 or Easements Act.
SYN-INT-001262,SYN-PARCEL-001262,MORTGAGE_EQUITABLE,SYN-DOC-001262,2020-03-15,,ACTIVE,REGISTERED_CHARGE,Synthetic mortgage equitable recorded under TPA Sec 58/100 or Easements Act.
SYN-INT-001263,SYN-PARCEL-001263,EASEMENT_RIGHT_OF_WAY,SYN-DOC-001263,2021-03-15,2024-03-15,DISCHARGED,REGISTERED_CHARGE,Synthetic easement right of way recorded under TPA Sec 58/100 or Easements Act.
SYN-INT-001264,SYN-PARCEL-001264,STATUTORY_CHARGE,SYN-DOC-001264,2022-03-15,,UNCERTAIN,REGISTERED_CHARGE,Synthetic statutory charge recorded under TPA Sec 58/100 or Easements Act.
SYN-INT-001265,SYN-PARCEL-001265,ACQUISITION_NOTICE,SYN-DOC-001265,2023-03-15,,ACTIVE,REGISTERED_CHARGE,Preliminary notification under RFCTLARR Act 2013 Section 11.
SYN-INT-001266,SYN-PARCEL-001266,MORTGAGE_SIMPLE,SYN-DOC-001266,2018-03-15,,ACTIVE,REGISTERED_CHARGE,Synthetic mortgage simple recorded under TPA Sec 58/100 or Easements Act.
SYN-INT-001267,SYN-PARCEL-001267,MORTGAGE_EQUITABLE,SYN-DOC-001267,2019-03-15,2022-03-15,DISCHARGED,REGISTERED_CHARGE,Synthetic mortgage equitable recorded under TPA Sec 58/100 or Easements Act.
SYN-INT-001268,SYN-PARCEL-001268,EASEMENT_RIGHT_OF_WAY,SYN-DOC-001268,2020-03-15,,UNCERTAIN,REGISTERED_CHARGE,Synthetic easement right of way recorded under TPA Sec 58/100 or Easements Act.
SYN-INT-001269,SYN-PARCEL-001269,STATUTORY_CHARGE,SYN-DOC-001269,2021-03-15,,ACTIVE,REGISTERED_CHARGE,Synthetic statutory charge recorded under TPA Sec 58/100 or Easements Act.
SYN-INT-001270,SYN-PARCEL-001270,ACQUISITION_NOTICE,SYN-DOC-001270,2022-03-15,,ACTIVE,REGISTERED_CHARGE,Preliminary notification under RFCTLARR Act 2013 Section 11.
SYN-INT-001271,SYN-PARCEL-001271,MORTGAGE_SIMPLE,SYN-DOC-001271,2023-03-15,2026-03-15,DISCHARGED,REGISTERED_CHARGE,Synthetic mortgage simple recorded under TPA Sec 58/100 or Easements Act.
SYN-INT-001272,SYN-PARCEL-001272,MORTGAGE_EQUITABLE,SYN-DOC-001272,2018-03-15,,UNCERTAIN,REGISTERED_CHARGE,Synthetic mortgage equitable recorded under TPA Sec 58/100 or Easements Act.
SYN-INT-001273,SYN-PARCEL-001273,EASEMENT_RIGHT_OF_WAY,SYN-DOC-001273,2019-03-15,,ACTIVE,REGISTERED_CHARGE,Synthetic easement right of way recorded under TPA Sec 58/100 or Easements Act.
SYN-INT-001274,SYN-PARCEL-001274,STATUTORY_CHARGE,SYN-DOC-001274,2020-03-15,,ACTIVE,REGISTERED_CHARGE,Synthetic statutory charge recorded under TPA Sec 58/100 or Easements Act.
SYN-INT-001275,SYN-PARCEL-001275,ACQUISITION_NOTICE,SYN-DOC-001275,2021-03-15,2024-03-15,DISCHARGED,REGISTERED_CHARGE,Preliminary notification under RFCTLARR Act 2013 Section 11.
SYN-INT-001276,SYN-PARCEL-001276,MORTGAGE_SIMPLE,SYN-DOC-001276,2022-03-15,,UNCERTAIN,REGISTERED_CHARGE,Synthetic mortgage simple recorded under TPA Sec 58/100 or Easements Act.
SYN-INT-001277,SYN-PARCEL-001277,MORTGAGE_EQUITABLE,SYN-DOC-001277,2023-03-15,,ACTIVE,REGISTERED_CHARGE,Synthetic mortgage equitable recorded under TPA Sec 58/100 or Easements Act.
SYN-INT-001278,SYN-PARCEL-001278,EASEMENT_RIGHT_OF_WAY,SYN-DOC-001278,2018-03-15,,ACTIVE,REGISTERED_CHARGE,Synthetic easement right of way recorded under TPA Sec 58/100 or Easements Act.
SYN-INT-001279,SYN-PARCEL-001279,STATUTORY_CHARGE,SYN-DOC-001279,2019-03-15,2022-03-15,DISCHARGED,REGISTERED_CHARGE,Synthetic statutory charge recorded under TPA Sec 58/100 or Easements Act.
SYN-INT-001280,SYN-PARCEL-001280,ACQUISITION_NOTICE,SYN-DOC-001280,2020-03-15,,UNCERTAIN,REGISTERED_CHARGE,Preliminary notification under RFCTLARR Act 2013 Section 11.
SYN-INT-001281,SYN-PARCEL-001281,MORTGAGE_SIMPLE,SYN-DOC-001281,2021-03-15,,ACTIVE,REGISTERED_CHARGE,Synthetic mortgage simple recorded under TPA Sec 58/100 or Easements Act.
SYN-INT-001282,SYN-PARCEL-001282,MORTGAGE_EQUITABLE,SYN-DOC-001282,2022-03-15,,ACTIVE,REGISTERED_CHARGE,Synthetic mortgage equitable recorded under TPA Sec 58/100 or Easements Act.
SYN-INT-001283,SYN-PARCEL-001283,EASEMENT_RIGHT_OF_WAY,SYN-DOC-001283,2023-03-15,2026-03-15,DISCHARGED,REGISTERED_CHARGE,Synthetic easement right of way recorded under TPA Sec 58/100 or Easements Act.
SYN-INT-001284,SYN-PARCEL-001284,STATUTORY_CHARGE,SYN-DOC-001284,2018-03-15,,UNCERTAIN,REGISTERED_CHARGE,Synthetic statutory charge recorded under TPA Sec 58/100 or Easements Act.
SYN-INT-001285,SYN-PARCEL-001285,ACQUISITION_NOTICE,SYN-DOC-001285,2019-03-15,,ACTIVE,REGISTERED_CHARGE,Preliminary notification under RFCTLARR Act 2013 Section 11.
SYN-INT-001286,SYN-PARCEL-001286,MORTGAGE_SIMPLE,SYN-DOC-001286,2020-03-15,,ACTIVE,REGISTERED_CHARGE,Synthetic mortgage simple recorded under TPA Sec 58/100 or Easements Act.
SYN-INT-001287,SYN-PARCEL-001287,MORTGAGE_EQUITABLE,SYN-DOC-001287,2021-03-15,2024-03-15,DISCHARGED,REGISTERED_CHARGE,Synthetic mortgage equitable recorded under TPA Sec 58/100 or Easements Act.
SYN-INT-001288,SYN-PARCEL-001288,EASEMENT_RIGHT_OF_WAY,SYN-DOC-001288,2022-03-15,,UNCERTAIN,REGISTERED_CHARGE,Synthetic easement right of way recorded under TPA Sec 58/100 or Easements Act.
SYN-INT-001289,SYN-PARCEL-001289,STATUTORY_CHARGE,SYN-DOC-001289,2023-03-15,,ACTIVE,REGISTERED_CHARGE,Synthetic statutory charge recorded under TPA Sec 58/100 or Easements Act.
SYN-INT-001290,SYN-PARCEL-001290,ACQUISITION_NOTICE,SYN-DOC-001290,2018-03-15,,ACTIVE,REGISTERED_CHARGE,Preliminary notification under RFCTLARR Act 2013 Section 11.
SYN-INT-001291,SYN-PARCEL-001291,MORTGAGE_SIMPLE,SYN-DOC-001291,2019-03-15,2022-03-15,DISCHARGED,REGISTERED_CHARGE,Synthetic mortgage simple recorded under TPA Sec 58/100 or Easements Act.
SYN-INT-001292,SYN-PARCEL-001292,MORTGAGE_EQUITABLE,SYN-DOC-001292,2020-03-15,,UNCERTAIN,REGISTERED_CHARGE,Synthetic mortgage equitable recorded under TPA Sec 58/100 or Easements Act.
SYN-INT-001293,SYN-PARCEL-001293,EASEMENT_RIGHT_OF_WAY,SYN-DOC-001293,2021-03-15,,ACTIVE,REGISTERED_CHARGE,Synthetic easement right of way recorded under TPA Sec 58/100 or Easements Act.
SYN-INT-001294,SYN-PARCEL-001294,STATUTORY_CHARGE,SYN-DOC-001294,2022-03-15,,ACTIVE,REGISTERED_CHARGE,Synthetic statutory charge recorded under TPA Sec 58/100 or Easements Act.
SYN-INT-001295,SYN-PARCEL-001295,ACQUISITION_NOTICE,SYN-DOC-001295,2023-03-15,2026-03-15,DISCHARGED,REGISTERED_CHARGE,Preliminary notification under RFCTLARR Act 2013 Section 11.
SYN-INT-001296,SYN-PARCEL-001296,MORTGAGE_SIMPLE,SYN-DOC-001296,2018-03-15,,UNCERTAIN,REGISTERED_CHARGE,Synthetic mortgage simple recorded under TPA Sec 58/100 or Easements Act.
SYN-INT-001297,SYN-PARCEL-001297,MORTGAGE_EQUITABLE,SYN-DOC-001297,2019-03-15,,ACTIVE,REGISTERED_CHARGE,Synthetic mortgage equitable recorded under TPA Sec 58/100 or Easements Act.
SYN-INT-001298,SYN-PARCEL-001298,EASEMENT_RIGHT_OF_WAY,SYN-DOC-001298,2020-03-15,,ACTIVE,REGISTERED_CHARGE,Synthetic easement right of way recorded under TPA Sec 58/100 or Easements Act.
SYN-INT-001299,SYN-PARCEL-001299,STATUTORY_CHARGE,SYN-DOC-001299,2021-03-15,2024-03-15,DISCHARGED,REGISTERED_CHARGE,Synthetic statutory charge recorded under TPA Sec 58/100 or Easements Act.
SYN-INT-001300,SYN-PARCEL-001300,ACQUISITION_NOTICE,SYN-DOC-001300,2022-03-15,,UNCERTAIN,REGISTERED_CHARGE,Preliminary notification under RFCTLARR Act 2013 Section 11.
SYN-INT-001301,SYN-PARCEL-001301,MORTGAGE_SIMPLE,SYN-DOC-001301,2023-03-15,,ACTIVE,REGISTERED_CHARGE,Synthetic mortgage simple recorded under TPA Sec 58/100 or Easements Act.
SYN-INT-001302,SYN-PARCEL-001302,MORTGAGE_EQUITABLE,SYN-DOC-001302,2018-03-15,,ACTIVE,REGISTERED_CHARGE,Synthetic mortgage equitable recorded under TPA Sec 58/100 or Easements Act.
SYN-INT-001303,SYN-PARCEL-001303,EASEMENT_RIGHT_OF_WAY,SYN-DOC-001303,2019-03-15,2022-03-15,DISCHARGED,REGISTERED_CHARGE,Synthetic easement right of way recorded under TPA Sec 58/100 or Easements Act.
SYN-INT-001304,SYN-PARCEL-001304,STATUTORY_CHARGE,SYN-DOC-001304,2020-03-15,,UNCERTAIN,REGISTERED_CHARGE,Synthetic statutory charge recorded under TPA Sec 58/100 or Easements Act.
SYN-INT-001305,SYN-PARCEL-001305,ACQUISITION_NOTICE,SYN-DOC-001305,2021-03-15,,ACTIVE,REGISTERED_CHARGE,Preliminary notification under RFCTLARR Act 2013 Section 11.
SYN-INT-001306,SYN-PARCEL-001306,MORTGAGE_SIMPLE,SYN-DOC-001306,2022-03-15,,ACTIVE,REGISTERED_CHARGE,Synthetic mortgage simple recorded under TPA Sec 58/100 or Easements Act.
SYN-INT-001307,SYN-PARCEL-001307,MORTGAGE_EQUITABLE,SYN-DOC-001307,2023-03-15,2026-03-15,DISCHARGED,REGISTERED_CHARGE,Synthetic mortgage equitable recorded under TPA Sec 58/100 or Easements Act.
SYN-INT-001308,SYN-PARCEL-001308,EASEMENT_RIGHT_OF_WAY,SYN-DOC-001308,2018-03-15,,UNCERTAIN,REGISTERED_CHARGE,Synthetic easement right of way recorded under TPA Sec 58/100 or Easements Act.
SYN-INT-001309,SYN-PARCEL-001309,STATUTORY_CHARGE,SYN-DOC-001309,2019-03-15,,ACTIVE,REGISTERED_CHARGE,Synthetic statutory charge recorded under TPA Sec 58/100 or Easements Act.
SYN-INT-001310,SYN-PARCEL-001310,ACQUISITION_NOTICE,SYN-DOC-001310,2020-03-15,,ACTIVE,REGISTERED_CHARGE,Preliminary notification under RFCTLARR Act 2013 Section 11.
SYN-INT-001311,SYN-PARCEL-001311,MORTGAGE_SIMPLE,SYN-DOC-001311,2021-03-15,2024-03-15,DISCHARGED,REGISTERED_CHARGE,Synthetic mortgage simple recorded under TPA Sec 58/100 or Easements Act.
SYN-INT-001312,SYN-PARCEL-001312,MORTGAGE_EQUITABLE,SYN-DOC-001312,2022-03-15,,UNCERTAIN,REGISTERED_CHARGE,Synthetic mortgage equitable recorded under TPA Sec 58/100 or Easements Act.
SYN-INT-001313,SYN-PARCEL-001313,EASEMENT_RIGHT_OF_WAY,SYN-DOC-001313,2023-03-15,,ACTIVE,REGISTERED_CHARGE,Synthetic easement right of way recorded under TPA Sec 58/100 or Easements Act.
SYN-INT-001314,SYN-PARCEL-001314,STATUTORY_CHARGE,SYN-DOC-001314,2018-03-15,,ACTIVE,REGISTERED_CHARGE,Synthetic statutory charge recorded under TPA Sec 58/100 or Easements Act.
SYN-INT-001315,SYN-PARCEL-001315,ACQUISITION_NOTICE,SYN-DOC-001315,2019-03-15,2022-03-15,DISCHARGED,REGISTERED_CHARGE,Preliminary notification under RFCTLARR Act 2013 Section 11.
SYN-INT-001316,SYN-PARCEL-001316,MORTGAGE_SIMPLE,SYN-DOC-001316,2020-03-15,,UNCERTAIN,REGISTERED_CHARGE,Synthetic mortgage simple recorded under TPA Sec 58/100 or Easements Act.
SYN-INT-001317,SYN-PARCEL-001317,MORTGAGE_EQUITABLE,SYN-DOC-001317,2021-03-15,,ACTIVE,REGISTERED_CHARGE,Synthetic mortgage equitable recorded under TPA Sec 58/100 or Easements Act.
SYN-INT-001318,SYN-PARCEL-001318,EASEMENT_RIGHT_OF_WAY,SYN-DOC-001318,2022-03-15,,ACTIVE,REGISTERED_CHARGE,Synthetic easement right of way recorded under TPA Sec 58/100 or Easements Act.
SYN-INT-001319,SYN-PARCEL-001319,STATUTORY_CHARGE,SYN-DOC-001319,2023-03-15,2026-03-15,DISCHARGED,REGISTERED_CHARGE,Synthetic statutory charge recorded under TPA Sec 58/100 or Easements Act.
SYN-INT-001320,SYN-PARCEL-001320,ACQUISITION_NOTICE,SYN-DOC-001320,2018-03-15,,UNCERTAIN,REGISTERED_CHARGE,Preliminary notification under RFCTLARR Act 2013 Section 11.
SYN-INT-001321,SYN-PARCEL-001321,MORTGAGE_SIMPLE,SYN-DOC-001321,2019-03-15,,ACTIVE,REGISTERED_CHARGE,Synthetic mortgage simple recorded under TPA Sec 58/100 or Easements Act.
SYN-INT-001322,SYN-PARCEL-001322,MORTGAGE_EQUITABLE,SYN-DOC-001322,2020-03-15,,ACTIVE,REGISTERED_CHARGE,Synthetic mortgage equitable recorded under TPA Sec 58/100 or Easements Act.
SYN-INT-001323,SYN-PARCEL-001323,EASEMENT_RIGHT_OF_WAY,SYN-DOC-001323,2021-03-15,2024-03-15,DISCHARGED,REGISTERED_CHARGE,Synthetic easement right of way recorded under TPA Sec 58/100 or Easements Act.
SYN-INT-001324,SYN-PARCEL-001324,STATUTORY_CHARGE,SYN-DOC-001324,2022-03-15,,UNCERTAIN,REGISTERED_CHARGE,Synthetic statutory charge recorded under TPA Sec 58/100 or Easements Act.
SYN-INT-001325,SYN-PARCEL-001325,ACQUISITION_NOTICE,SYN-DOC-001325,2023-03-15,,ACTIVE,REGISTERED_CHARGE,Preliminary notification under RFCTLARR Act 2013 Section 11.
SYN-INT-001326,SYN-PARCEL-001326,MORTGAGE_SIMPLE,SYN-DOC-001326,2018-03-15,,ACTIVE,REGISTERED_CHARGE,Synthetic mortgage simple recorded under TPA Sec 58/100 or Easements Act.
SYN-INT-001327,SYN-PARCEL-001327,MORTGAGE_EQUITABLE,SYN-DOC-001327,2019-03-15,2022-03-15,DISCHARGED,REGISTERED_CHARGE,Synthetic mortgage equitable recorded under TPA Sec 58/100 or Easements Act.
SYN-INT-001328,SYN-PARCEL-001328,EASEMENT_RIGHT_OF_WAY,SYN-DOC-001328,2020-03-15,,UNCERTAIN,REGISTERED_CHARGE,Synthetic easement right of way recorded under TPA Sec 58/100 or Easements Act.
SYN-INT-001329,SYN-PARCEL-001329,STATUTORY_CHARGE,SYN-DOC-001329,2021-03-15,,ACTIVE,REGISTERED_CHARGE,Synthetic statutory charge recorded under TPA Sec 58/100 or Easements Act.
SYN-INT-001330,SYN-PARCEL-001330,ACQUISITION_NOTICE,SYN-DOC-001330,2022-03-15,,ACTIVE,REGISTERED_CHARGE,Preliminary notification under RFCTLARR Act 2013 Section 11.
SYN-INT-001331,SYN-PARCEL-001331,MORTGAGE_SIMPLE,SYN-DOC-001331,2023-03-15,2026-03-15,DISCHARGED,REGISTERED_CHARGE,Synthetic mortgage simple recorded under TPA Sec 58/100 or Easements Act.
SYN-INT-001332,SYN-PARCEL-001332,MORTGAGE_EQUITABLE,SYN-DOC-001332,2018-03-15,,UNCERTAIN,REGISTERED_CHARGE,Synthetic mortgage equitable recorded under TPA Sec 58/100 or Easements Act.
SYN-INT-001333,SYN-PARCEL-001333,EASEMENT_RIGHT_OF_WAY,SYN-DOC-001333,2019-03-15,,ACTIVE,REGISTERED_CHARGE,Synthetic easement right of way recorded under TPA Sec 58/100 or Easements Act.
SYN-INT-001334,SYN-PARCEL-001334,STATUTORY_CHARGE,SYN-DOC-001334,2020-03-15,,ACTIVE,REGISTERED_CHARGE,Synthetic statutory charge recorded under TPA Sec 58/100 or Easements Act.
SYN-INT-001335,SYN-PARCEL-001335,ACQUISITION_NOTICE,SYN-DOC-001335,2021-03-15,2024-03-15,DISCHARGED,REGISTERED_CHARGE,Preliminary notification under RFCTLARR Act 2013 Section 11.
SYN-INT-001336,SYN-PARCEL-001336,MORTGAGE_SIMPLE,SYN-DOC-001336,2022-03-15,,UNCERTAIN,REGISTERED_CHARGE,Synthetic mortgage simple recorded under TPA Sec 58/100 or Easements Act.
SYN-INT-001337,SYN-PARCEL-001337,MORTGAGE_EQUITABLE,SYN-DOC-001337,2023-03-15,,ACTIVE,REGISTERED_CHARGE,Synthetic mortgage equitable recorded under TPA Sec 58/100 or Easements Act.
SYN-INT-001338,SYN-PARCEL-001338,EASEMENT_RIGHT_OF_WAY,SYN-DOC-001338,2018-03-15,,ACTIVE,REGISTERED_CHARGE,Synthetic easement right of way recorded under TPA Sec 58/100 or Easements Act.
SYN-INT-001339,SYN-PARCEL-001339,STATUTORY_CHARGE,SYN-DOC-001339,2019-03-15,2022-03-15,DISCHARGED,REGISTERED_CHARGE,Synthetic statutory charge recorded under TPA Sec 58/100 or Easements Act.
SYN-INT-001340,SYN-PARCEL-001340,ACQUISITION_NOTICE,SYN-DOC-001340,2020-03-15,,UNCERTAIN,REGISTERED_CHARGE,Preliminary notification under RFCTLARR Act 2013 Section 11.
SYN-INT-001341,SYN-PARCEL-001341,MORTGAGE_SIMPLE,SYN-DOC-001341,2021-03-15,,ACTIVE,REGISTERED_CHARGE,Synthetic mortgage simple recorded under TPA Sec 58/100 or Easements Act.
SYN-INT-001342,SYN-PARCEL-001342,MORTGAGE_EQUITABLE,SYN-DOC-001342,2022-03-15,,ACTIVE,REGISTERED_CHARGE,Synthetic mortgage equitable recorded under TPA Sec 58/100 or Easements Act.
SYN-INT-001343,SYN-PARCEL-001343,EASEMENT_RIGHT_OF_WAY,SYN-DOC-001343,2023-03-15,2026-03-15,DISCHARGED,REGISTERED_CHARGE,Synthetic easement right of way recorded under TPA Sec 58/100 or Easements Act.
SYN-INT-001344,SYN-PARCEL-001344,STATUTORY_CHARGE,SYN-DOC-001344,2018-03-15,,UNCERTAIN,REGISTERED_CHARGE,Synthetic statutory charge recorded under TPA Sec 58/100 or Easements Act.
SYN-INT-001345,SYN-PARCEL-001345,ACQUISITION_NOTICE,SYN-DOC-001345,2019-03-15,,ACTIVE,REGISTERED_CHARGE,Preliminary notification under RFCTLARR Act 2013 Section 11.
SYN-INT-001346,SYN-PARCEL-001346,MORTGAGE_SIMPLE,SYN-DOC-001346,2020-03-15,,ACTIVE,REGISTERED_CHARGE,Synthetic mortgage simple recorded under TPA Sec 58/100 or Easements Act.
SYN-INT-001347,SYN-PARCEL-001347,MORTGAGE_EQUITABLE,SYN-DOC-001347,2021-03-15,2024-03-15,DISCHARGED,REGISTERED_CHARGE,Synthetic mortgage equitable recorded under TPA Sec 58/100 or Easements Act.
SYN-INT-001348,SYN-PARCEL-001348,EASEMENT_RIGHT_OF_WAY,SYN-DOC-001348,2022-03-15,,UNCERTAIN,REGISTERED_CHARGE,Synthetic easement right of way recorded under TPA Sec 58/100 or Easements Act.
SYN-INT-001349,SYN-PARCEL-001349,STATUTORY_CHARGE,SYN-DOC-001349,2023-03-15,,ACTIVE,REGISTERED_CHARGE,Synthetic statutory charge recorded under TPA Sec 58/100 or Easements Act.
SYN-INT-001350,SYN-PARCEL-001350,ACQUISITION_NOTICE,SYN-DOC-001350,2018-03-15,,ACTIVE,REGISTERED_CHARGE,Preliminary notification under RFCTLARR Act 2013 Section 11.
SYN-INT-001351,SYN-PARCEL-001351,MORTGAGE_SIMPLE,SYN-DOC-001351,2019-03-15,2022-03-15,DISCHARGED,REGISTERED_CHARGE,Synthetic mortgage simple recorded under TPA Sec 58/100 or Easements Act.
SYN-INT-001352,SYN-PARCEL-001352,MORTGAGE_EQUITABLE,SYN-DOC-001352,2020-03-15,,UNCERTAIN,REGISTERED_CHARGE,Synthetic mortgage equitable recorded under TPA Sec 58/100 or Easements Act.
SYN-INT-001353,SYN-PARCEL-001353,EASEMENT_RIGHT_OF_WAY,SYN-DOC-001353,2021-03-15,,ACTIVE,REGISTERED_CHARGE,Synthetic easement right of way recorded under TPA Sec 58/100 or Easements Act.
SYN-INT-001354,SYN-PARCEL-001354,STATUTORY_CHARGE,SYN-DOC-001354,2022-03-15,,ACTIVE,REGISTERED_CHARGE,Synthetic statutory charge recorded under TPA Sec 58/100 or Easements Act.
SYN-INT-001355,SYN-PARCEL-001355,ACQUISITION_NOTICE,SYN-DOC-001355,2023-03-15,2026-03-15,DISCHARGED,REGISTERED_CHARGE,Preliminary notification under RFCTLARR Act 2013 Section 11.
SYN-INT-001356,SYN-PARCEL-001356,MORTGAGE_SIMPLE,SYN-DOC-001356,2018-03-15,,UNCERTAIN,REGISTERED_CHARGE,Synthetic mortgage simple recorded under TPA Sec 58/100 or Easements Act.
SYN-INT-001357,SYN-PARCEL-001357,MORTGAGE_EQUITABLE,SYN-DOC-001357,2019-03-15,,ACTIVE,REGISTERED_CHARGE,Synthetic mortgage equitable recorded under TPA Sec 58/100 or Easements Act.
SYN-INT-001358,SYN-PARCEL-001358,EASEMENT_RIGHT_OF_WAY,SYN-DOC-001358,2020-03-15,,ACTIVE,REGISTERED_CHARGE,Synthetic easement right of way recorded under TPA Sec 58/100 or Easements Act.
SYN-INT-001359,SYN-PARCEL-001359,STATUTORY_CHARGE,SYN-DOC-001359,2021-03-15,2024-03-15,DISCHARGED,REGISTERED_CHARGE,Synthetic statutory charge recorded under TPA Sec 58/100 or Easements Act.
SYN-INT-001360,SYN-PARCEL-001360,ACQUISITION_NOTICE,SYN-DOC-001360,2022-03-15,,UNCERTAIN,REGISTERED_CHARGE,Preliminary notification under RFCTLARR Act 2013 Section 11.
SYN-INT-001361,SYN-PARCEL-001361,MORTGAGE_SIMPLE,SYN-DOC-001361,2023-03-15,,ACTIVE,REGISTERED_CHARGE,Synthetic mortgage simple recorded under TPA Sec 58/100 or Easements Act.
SYN-INT-001362,SYN-PARCEL-001362,MORTGAGE_EQUITABLE,SYN-DOC-001362,2018-03-15,,ACTIVE,REGISTERED_CHARGE,Synthetic mortgage equitable recorded under TPA Sec 58/100 or Easements Act.
SYN-INT-001363,SYN-PARCEL-001363,EASEMENT_RIGHT_OF_WAY,SYN-DOC-001363,2019-03-15,2022-03-15,DISCHARGED,REGISTERED_CHARGE,Synthetic easement right of way recorded under TPA Sec 58/100 or Easements Act.
SYN-INT-001364,SYN-PARCEL-001364,STATUTORY_CHARGE,SYN-DOC-001364,2020-03-15,,UNCERTAIN,REGISTERED_CHARGE,Synthetic statutory charge recorded under TPA Sec 58/100 or Easements Act.
SYN-INT-001365,SYN-PARCEL-001365,ACQUISITION_NOTICE,SYN-DOC-001365,2021-03-15,,ACTIVE,REGISTERED_CHARGE,Preliminary notification under RFCTLARR Act 2013 Section 11.
SYN-INT-001366,SYN-PARCEL-001366,MORTGAGE_SIMPLE,SYN-DOC-001366,2022-03-15,,ACTIVE,REGISTERED_CHARGE,Synthetic mortgage simple recorded under TPA Sec 58/100 or Easements Act.
SYN-INT-001367,SYN-PARCEL-001367,MORTGAGE_EQUITABLE,SYN-DOC-001367,2023-03-15,2026-03-15,DISCHARGED,REGISTERED_CHARGE,Synthetic mortgage equitable recorded under TPA Sec 58/100 or Easements Act.
SYN-INT-001368,SYN-PARCEL-001368,EASEMENT_RIGHT_OF_WAY,SYN-DOC-001368,2018-03-15,,UNCERTAIN,REGISTERED_CHARGE,Synthetic easement right of way recorded under TPA Sec 58/100 or Easements Act.
SYN-INT-001369,SYN-PARCEL-001369,STATUTORY_CHARGE,SYN-DOC-001369,2019-03-15,,ACTIVE,REGISTERED_CHARGE,Synthetic statutory charge recorded under TPA Sec 58/100 or Easements Act.
SYN-INT-001370,SYN-PARCEL-001370,ACQUISITION_NOTICE,SYN-DOC-001370,2020-03-15,,ACTIVE,REGISTERED_CHARGE,Preliminary notification under RFCTLARR Act 2013 Section 11.
SYN-INT-001371,SYN-PARCEL-001371,MORTGAGE_SIMPLE,SYN-DOC-001371,2021-03-15,2024-03-15,DISCHARGED,REGISTERED_CHARGE,Synthetic mortgage simple recorded under TPA Sec 58/100 or Easements Act.
SYN-INT-001372,SYN-PARCEL-001372,MORTGAGE_EQUITABLE,SYN-DOC-001372,2022-03-15,,UNCERTAIN,REGISTERED_CHARGE,Synthetic mortgage equitable recorded under TPA Sec 58/100 or Easements Act.
SYN-INT-001373,SYN-PARCEL-001373,EASEMENT_RIGHT_OF_WAY,SYN-DOC-001373,2023-03-15,,ACTIVE,REGISTERED_CHARGE,Synthetic easement right of way recorded under TPA Sec 58/100 or Easements Act.
SYN-INT-001374,SYN-PARCEL-001374,STATUTORY_CHARGE,SYN-DOC-001374,2018-03-15,,ACTIVE,REGISTERED_CHARGE,Synthetic statutory charge recorded under TPA Sec 58/100 or Easements Act.
SYN-INT-001375,SYN-PARCEL-001375,ACQUISITION_NOTICE,SYN-DOC-001375,2019-03-15,2022-03-15,DISCHARGED,REGISTERED_CHARGE,Preliminary notification under RFCTLARR Act 2013 Section 11.
SYN-INT-001376,SYN-PARCEL-001376,MORTGAGE_SIMPLE,SYN-DOC-001376,2020-03-15,,UNCERTAIN,REGISTERED_CHARGE,Synthetic mortgage simple recorded under TPA Sec 58/100 or Easements Act.
SYN-INT-001377,SYN-PARCEL-001377,MORTGAGE_EQUITABLE,SYN-DOC-001377,2021-03-15,,ACTIVE,REGISTERED_CHARGE,Synthetic mortgage equitable recorded under TPA Sec 58/100 or Easements Act.
SYN-INT-001378,SYN-PARCEL-001378,EASEMENT_RIGHT_OF_WAY,SYN-DOC-001378,2022-03-15,,ACTIVE,REGISTERED_CHARGE,Synthetic easement right of way recorded under TPA Sec 58/100 or Easements Act.
SYN-INT-001379,SYN-PARCEL-001379,STATUTORY_CHARGE,SYN-DOC-001379,2023-03-15,2026-03-15,DISCHARGED,REGISTERED_CHARGE,Synthetic statutory charge recorded under TPA Sec 58/100 or Easements Act.
SYN-INT-001380,SYN-PARCEL-001380,ACQUISITION_NOTICE,SYN-DOC-001380,2018-03-15,,UNCERTAIN,REGISTERED_CHARGE,Preliminary notification under RFCTLARR Act 2013 Section 11.
SYN-INT-001381,SYN-PARCEL-001381,MORTGAGE_SIMPLE,SYN-DOC-001381,2019-03-15,,ACTIVE,REGISTERED_CHARGE,Synthetic mortgage simple recorded under TPA Sec 58/100 or Easements Act.
SYN-INT-001382,SYN-PARCEL-001382,MORTGAGE_EQUITABLE,SYN-DOC-001382,2020-03-15,,ACTIVE,REGISTERED_CHARGE,Synthetic mortgage equitable recorded under TPA Sec 58/100 or Easements Act.
SYN-INT-001383,SYN-PARCEL-001383,EASEMENT_RIGHT_OF_WAY,SYN-DOC-001383,2021-03-15,2024-03-15,DISCHARGED,REGISTERED_CHARGE,Synthetic easement right of way recorded under TPA Sec 58/100 or Easements Act.
SYN-INT-001384,SYN-PARCEL-001384,STATUTORY_CHARGE,SYN-DOC-001384,2022-03-15,,UNCERTAIN,REGISTERED_CHARGE,Synthetic statutory charge recorded under TPA Sec 58/100 or Easements Act.
SYN-INT-001385,SYN-PARCEL-001385,ACQUISITION_NOTICE,SYN-DOC-001385,2023-03-15,,ACTIVE,REGISTERED_CHARGE,Preliminary notification under RFCTLARR Act 2013 Section 11.
SYN-INT-001386,SYN-PARCEL-001386,MORTGAGE_SIMPLE,SYN-DOC-001386,2018-03-15,,ACTIVE,REGISTERED_CHARGE,Synthetic mortgage simple recorded under TPA Sec 58/100 or Easements Act.
SYN-INT-001387,SYN-PARCEL-001387,MORTGAGE_EQUITABLE,SYN-DOC-001387,2019-03-15,2022-03-15,DISCHARGED,REGISTERED_CHARGE,Synthetic mortgage equitable recorded under TPA Sec 58/100 or Easements Act.
SYN-INT-001388,SYN-PARCEL-001388,EASEMENT_RIGHT_OF_WAY,SYN-DOC-001388,2020-03-15,,UNCERTAIN,REGISTERED_CHARGE,Synthetic easement right of way recorded under TPA Sec 58/100 or Easements Act.
SYN-INT-001389,SYN-PARCEL-001389,STATUTORY_CHARGE,SYN-DOC-001389,2021-03-15,,ACTIVE,REGISTERED_CHARGE,Synthetic statutory charge recorded under TPA Sec 58/100 or Easements Act.
SYN-INT-001390,SYN-PARCEL-001390,ACQUISITION_NOTICE,SYN-DOC-001390,2022-03-15,,ACTIVE,REGISTERED_CHARGE,Preliminary notification under RFCTLARR Act 2013 Section 11.
SYN-INT-001391,SYN-PARCEL-001391,MORTGAGE_SIMPLE,SYN-DOC-001391,2023-03-15,2026-03-15,DISCHARGED,REGISTERED_CHARGE,Synthetic mortgage simple recorded under TPA Sec 58/100 or Easements Act.
SYN-INT-001392,SYN-PARCEL-001392,MORTGAGE_EQUITABLE,SYN-DOC-001392,2018-03-15,,UNCERTAIN,REGISTERED_CHARGE,Synthetic mortgage equitable recorded under TPA Sec 58/100 or Easements Act.
SYN-INT-001393,SYN-PARCEL-001393,EASEMENT_RIGHT_OF_WAY,SYN-DOC-001393,2019-03-15,,ACTIVE,REGISTERED_CHARGE,Synthetic easement right of way recorded under TPA Sec 58/100 or Easements Act.
SYN-INT-001394,SYN-PARCEL-001394,STATUTORY_CHARGE,SYN-DOC-001394,2020-03-15,,ACTIVE,REGISTERED_CHARGE,Synthetic statutory charge recorded under TPA Sec 58/100 or Easements Act.
SYN-INT-001395,SYN-PARCEL-001395,ACQUISITION_NOTICE,SYN-DOC-001395,2021-03-15,2024-03-15,DISCHARGED,REGISTERED_CHARGE,Preliminary notification under RFCTLARR Act 2013 Section 11.
SYN-INT-001396,SYN-PARCEL-001396,MORTGAGE_SIMPLE,SYN-DOC-001396,2022-03-15,,UNCERTAIN,REGISTERED_CHARGE,Synthetic mortgage simple recorded under TPA Sec 58/100 or Easements Act.
SYN-INT-001397,SYN-PARCEL-001397,MORTGAGE_EQUITABLE,SYN-DOC-001397,2023-03-15,,ACTIVE,REGISTERED_CHARGE,Synthetic mortgage equitable recorded under TPA Sec 58/100 or Easements Act.
SYN-INT-001398,SYN-PARCEL-001398,EASEMENT_RIGHT_OF_WAY,SYN-DOC-001398,2018-03-15,,ACTIVE,REGISTERED_CHARGE,Synthetic easement right of way recorded under TPA Sec 58/100 or Easements Act.
SYN-INT-001399,SYN-PARCEL-001399,STATUTORY_CHARGE,SYN-DOC-001399,2019-03-15,2022-03-15,DISCHARGED,REGISTERED_CHARGE,Synthetic statutory charge recorded under TPA Sec 58/100 or Easements Act.
SYN-INT-001400,SYN-PARCEL-001400,ACQUISITION_NOTICE,SYN-DOC-001400,2020-03-15,,UNCERTAIN,REGISTERED_CHARGE,Preliminary notification under RFCTLARR Act 2013 Section 11.
SYN-INT-001401,SYN-PARCEL-001401,MORTGAGE_SIMPLE,SYN-DOC-001401,2021-03-15,,ACTIVE,REGISTERED_CHARGE,Synthetic mortgage simple recorded under TPA Sec 58/100 or Easements Act.
SYN-INT-001402,SYN-PARCEL-001402,MORTGAGE_EQUITABLE,SYN-DOC-001402,2022-03-15,,ACTIVE,REGISTERED_CHARGE,Synthetic mortgage equitable recorded under TPA Sec 58/100 or Easements Act.
SYN-INT-001403,SYN-PARCEL-001403,EASEMENT_RIGHT_OF_WAY,SYN-DOC-001403,2023-03-15,2026-03-15,DISCHARGED,REGISTERED_CHARGE,Synthetic easement right of way recorded under TPA Sec 58/100 or Easements Act.
SYN-INT-001404,SYN-PARCEL-001404,STATUTORY_CHARGE,SYN-DOC-001404,2018-03-15,,UNCERTAIN,REGISTERED_CHARGE,Synthetic statutory charge recorded under TPA Sec 58/100 or Easements Act.
SYN-INT-001405,SYN-PARCEL-001405,ACQUISITION_NOTICE,SYN-DOC-001405,2019-03-15,,ACTIVE,REGISTERED_CHARGE,Preliminary notification under RFCTLARR Act 2013 Section 11.
SYN-INT-001406,SYN-PARCEL-001406,MORTGAGE_SIMPLE,SYN-DOC-001406,2020-03-15,,ACTIVE,REGISTERED_CHARGE,Synthetic mortgage simple recorded under TPA Sec 58/100 or Easements Act.
SYN-INT-001407,SYN-PARCEL-001407,MORTGAGE_EQUITABLE,SYN-DOC-001407,2021-03-15,2024-03-15,DISCHARGED,REGISTERED_CHARGE,Synthetic mortgage equitable recorded under TPA Sec 58/100 or Easements Act.
SYN-INT-001408,SYN-PARCEL-001408,EASEMENT_RIGHT_OF_WAY,SYN-DOC-001408,2022-03-15,,UNCERTAIN,REGISTERED_CHARGE,Synthetic easement right of way recorded under TPA Sec 58/100 or Easements Act.
SYN-INT-001409,SYN-PARCEL-001409,STATUTORY_CHARGE,SYN-DOC-001409,2023-03-15,,ACTIVE,REGISTERED_CHARGE,Synthetic statutory charge recorded under TPA Sec 58/100 or Easements Act.
SYN-INT-001410,SYN-PARCEL-001410,ACQUISITION_NOTICE,SYN-DOC-001410,2018-03-15,,ACTIVE,REGISTERED_CHARGE,Preliminary notification under RFCTLARR Act 2013 Section 11.
SYN-INT-001411,SYN-PARCEL-001411,MORTGAGE_SIMPLE,SYN-DOC-001411,2019-03-15,2022-03-15,DISCHARGED,REGISTERED_CHARGE,Synthetic mortgage simple recorded under TPA Sec 58/100 or Easements Act.
SYN-INT-001412,SYN-PARCEL-001412,MORTGAGE_EQUITABLE,SYN-DOC-001412,2020-03-15,,UNCERTAIN,REGISTERED_CHARGE,Synthetic mortgage equitable recorded under TPA Sec 58/100 or Easements Act.
SYN-INT-001413,SYN-PARCEL-001413,EASEMENT_RIGHT_OF_WAY,SYN-DOC-001413,2021-03-15,,ACTIVE,REGISTERED_CHARGE,Synthetic easement right of way recorded under TPA Sec 58/100 or Easements Act.
SYN-INT-001414,SYN-PARCEL-001414,STATUTORY_CHARGE,SYN-DOC-001414,2022-03-15,,ACTIVE,REGISTERED_CHARGE,Synthetic statutory charge recorded under TPA Sec 58/100 or Easements Act.
SYN-INT-001415,SYN-PARCEL-001415,ACQUISITION_NOTICE,SYN-DOC-001415,2023-03-15,2026-03-15,DISCHARGED,REGISTERED_CHARGE,Preliminary notification under RFCTLARR Act 2013 Section 11.
SYN-INT-001416,SYN-PARCEL-001416,MORTGAGE_SIMPLE,SYN-DOC-001416,2018-03-15,,UNCERTAIN,REGISTERED_CHARGE,Synthetic mortgage simple recorded under TPA Sec 58/100 or Easements Act.
SYN-INT-001417,SYN-PARCEL-001417,MORTGAGE_EQUITABLE,SYN-DOC-001417,2019-03-15,,ACTIVE,REGISTERED_CHARGE,Synthetic mortgage equitable recorded under TPA Sec 58/100 or Easements Act.
SYN-INT-001418,SYN-PARCEL-001418,EASEMENT_RIGHT_OF_WAY,SYN-DOC-001418,2020-03-15,,ACTIVE,REGISTERED_CHARGE,Synthetic easement right of way recorded under TPA Sec 58/100 or Easements Act.
SYN-INT-001419,SYN-PARCEL-001419,STATUTORY_CHARGE,SYN-DOC-001419,2021-03-15,2024-03-15,DISCHARGED,REGISTERED_CHARGE,Synthetic statutory charge recorded under TPA Sec 58/100 or Easements Act.
SYN-INT-001420,SYN-PARCEL-001420,ACQUISITION_NOTICE,SYN-DOC-001420,2022-03-15,,UNCERTAIN,REGISTERED_CHARGE,Preliminary notification under RFCTLARR Act 2013 Section 11.
SYN-INT-001421,SYN-PARCEL-001421,MORTGAGE_SIMPLE,SYN-DOC-001421,2023-03-15,,ACTIVE,REGISTERED_CHARGE,Synthetic mortgage simple recorded under TPA Sec 58/100 or Easements Act.
SYN-INT-001422,SYN-PARCEL-001422,MORTGAGE_EQUITABLE,SYN-DOC-001422,2018-03-15,,ACTIVE,REGISTERED_CHARGE,Synthetic mortgage equitable recorded under TPA Sec 58/100 or Easements Act.
SYN-INT-001423,SYN-PARCEL-001423,EASEMENT_RIGHT_OF_WAY,SYN-DOC-001423,2019-03-15,2022-03-15,DISCHARGED,REGISTERED_CHARGE,Synthetic easement right of way recorded under TPA Sec 58/100 or Easements Act.
SYN-INT-001424,SYN-PARCEL-001424,STATUTORY_CHARGE,SYN-DOC-001424,2020-03-15,,UNCERTAIN,REGISTERED_CHARGE,Synthetic statutory charge recorded under TPA Sec 58/100 or Easements Act.
SYN-INT-001425,SYN-PARCEL-001425,ACQUISITION_NOTICE,SYN-DOC-001425,2021-03-15,,ACTIVE,REGISTERED_CHARGE,Preliminary notification under RFCTLARR Act 2013 Section 11.
SYN-INT-001426,SYN-PARCEL-001426,MORTGAGE_SIMPLE,SYN-DOC-001426,2022-03-15,,ACTIVE,REGISTERED_CHARGE,Synthetic mortgage simple recorded under TPA Sec 58/100 or Easements Act.
SYN-INT-001427,SYN-PARCEL-001427,MORTGAGE_EQUITABLE,SYN-DOC-001427,2023-03-15,2026-03-15,DISCHARGED,REGISTERED_CHARGE,Synthetic mortgage equitable recorded under TPA Sec 58/100 or Easements Act.
SYN-INT-001428,SYN-PARCEL-001428,EASEMENT_RIGHT_OF_WAY,SYN-DOC-001428,2018-03-15,,UNCERTAIN,REGISTERED_CHARGE,Synthetic easement right of way recorded under TPA Sec 58/100 or Easements Act.
SYN-INT-001429,SYN-PARCEL-001429,STATUTORY_CHARGE,SYN-DOC-001429,2019-03-15,,ACTIVE,REGISTERED_CHARGE,Synthetic statutory charge recorded under TPA Sec 58/100 or Easements Act.
SYN-INT-001430,SYN-PARCEL-001430,ACQUISITION_NOTICE,SYN-DOC-001430,2020-03-15,,ACTIVE,REGISTERED_CHARGE,Preliminary notification under RFCTLARR Act 2013 Section 11.
SYN-INT-001431,SYN-PARCEL-001431,MORTGAGE_SIMPLE,SYN-DOC-001431,2021-03-15,2024-03-15,DISCHARGED,REGISTERED_CHARGE,Synthetic mortgage simple recorded under TPA Sec 58/100 or Easements Act.
SYN-INT-001432,SYN-PARCEL-001432,MORTGAGE_EQUITABLE,SYN-DOC-001432,2022-03-15,,UNCERTAIN,REGISTERED_CHARGE,Synthetic mortgage equitable recorded under TPA Sec 58/100 or Easements Act.
SYN-INT-001433,SYN-PARCEL-001433,EASEMENT_RIGHT_OF_WAY,SYN-DOC-001433,2023-03-15,,ACTIVE,REGISTERED_CHARGE,Synthetic easement right of way recorded under TPA Sec 58/100 or Easements Act.
SYN-INT-001434,SYN-PARCEL-001434,STATUTORY_CHARGE,SYN-DOC-001434,2018-03-15,,ACTIVE,REGISTERED_CHARGE,Synthetic statutory charge recorded under TPA Sec 58/100 or Easements Act.
SYN-INT-001435,SYN-PARCEL-001435,ACQUISITION_NOTICE,SYN-DOC-001435,2019-03-15,2022-03-15,DISCHARGED,REGISTERED_CHARGE,Preliminary notification under RFCTLARR Act 2013 Section 11.
SYN-INT-001436,SYN-PARCEL-001436,MORTGAGE_SIMPLE,SYN-DOC-001436,2020-03-15,,UNCERTAIN,REGISTERED_CHARGE,Synthetic mortgage simple recorded under TPA Sec 58/100 or Easements Act.
SYN-INT-001437,SYN-PARCEL-001437,MORTGAGE_EQUITABLE,SYN-DOC-001437,2021-03-15,,ACTIVE,REGISTERED_CHARGE,Synthetic mortgage equitable recorded under TPA Sec 58/100 or Easements Act.
SYN-INT-001438,SYN-PARCEL-001438,EASEMENT_RIGHT_OF_WAY,SYN-DOC-001438,2022-03-15,,ACTIVE,REGISTERED_CHARGE,Synthetic easement right of way recorded under TPA Sec 58/100 or Easements Act.
SYN-INT-001439,SYN-PARCEL-001439,STATUTORY_CHARGE,SYN-DOC-001439,2023-03-15,2026-03-15,DISCHARGED,REGISTERED_CHARGE,Synthetic statutory charge recorded under TPA Sec 58/100 or Easements Act.
SYN-INT-001440,SYN-PARCEL-001440,ACQUISITION_NOTICE,SYN-DOC-001440,2018-03-15,,UNCERTAIN,REGISTERED_CHARGE,Preliminary notification under RFCTLARR Act 2013 Section 11.
SYN-INT-001441,SYN-PARCEL-001441,MORTGAGE_SIMPLE,SYN-DOC-001441,2019-03-15,,ACTIVE,REGISTERED_CHARGE,Synthetic mortgage simple recorded under TPA Sec 58/100 or Easements Act.
SYN-INT-001442,SYN-PARCEL-001442,MORTGAGE_EQUITABLE,SYN-DOC-001442,2020-03-15,,ACTIVE,REGISTERED_CHARGE,Synthetic mortgage equitable recorded under TPA Sec 58/100 or Easements Act.
SYN-INT-001443,SYN-PARCEL-001443,EASEMENT_RIGHT_OF_WAY,SYN-DOC-001443,2021-03-15,2024-03-15,DISCHARGED,REGISTERED_CHARGE,Synthetic easement right of way recorded under TPA Sec 58/100 or Easements Act.
SYN-INT-001444,SYN-PARCEL-001444,STATUTORY_CHARGE,SYN-DOC-001444,2022-03-15,,UNCERTAIN,REGISTERED_CHARGE,Synthetic statutory charge recorded under TPA Sec 58/100 or Easements Act.
SYN-INT-001445,SYN-PARCEL-001445,ACQUISITION_NOTICE,SYN-DOC-001445,2023-03-15,,ACTIVE,REGISTERED_CHARGE,Preliminary notification under RFCTLARR Act 2013 Section 11.
SYN-INT-001446,SYN-PARCEL-001446,MORTGAGE_SIMPLE,SYN-DOC-001446,2018-03-15,,ACTIVE,REGISTERED_CHARGE,Synthetic mortgage simple recorded under TPA Sec 58/100 or Easements Act.
SYN-INT-001447,SYN-PARCEL-001447,MORTGAGE_EQUITABLE,SYN-DOC-001447,2019-03-15,2022-03-15,DISCHARGED,REGISTERED_CHARGE,Synthetic mortgage equitable recorded under TPA Sec 58/100 or Easements Act.
SYN-INT-001448,SYN-PARCEL-001448,EASEMENT_RIGHT_OF_WAY,SYN-DOC-001448,2020-03-15,,UNCERTAIN,REGISTERED_CHARGE,Synthetic easement right of way recorded under TPA Sec 58/100 or Easements Act.
SYN-INT-001449,SYN-PARCEL-001449,STATUTORY_CHARGE,SYN-DOC-001449,2021-03-15,,ACTIVE,REGISTERED_CHARGE,Synthetic statutory charge recorded under TPA Sec 58/100 or Easements Act.
SYN-INT-001450,SYN-PARCEL-001450,ACQUISITION_NOTICE,SYN-DOC-001450,2022-03-15,,ACTIVE,REGISTERED_CHARGE,Preliminary notification under RFCTLARR Act 2013 Section 11.
SYN-INT-001451,SYN-PARCEL-001451,MORTGAGE_SIMPLE,SYN-DOC-001451,2023-03-15,2026-03-15,DISCHARGED,REGISTERED_CHARGE,Synthetic mortgage simple recorded under TPA Sec 58/100 or Easements Act.
SYN-INT-001452,SYN-PARCEL-001452,MORTGAGE_EQUITABLE,SYN-DOC-001452,2018-03-15,,UNCERTAIN,REGISTERED_CHARGE,Synthetic mortgage equitable recorded under TPA Sec 58/100 or Easements Act.
SYN-INT-001453,SYN-PARCEL-001453,EASEMENT_RIGHT_OF_WAY,SYN-DOC-001453,2019-03-15,,ACTIVE,REGISTERED_CHARGE,Synthetic easement right of way recorded under TPA Sec 58/100 or Easements Act.
SYN-INT-001454,SYN-PARCEL-001454,STATUTORY_CHARGE,SYN-DOC-001454,2020-03-15,,ACTIVE,REGISTERED_CHARGE,Synthetic statutory charge recorded under TPA Sec 58/100 or Easements Act.
SYN-INT-001455,SYN-PARCEL-001455,ACQUISITION_NOTICE,SYN-DOC-001455,2021-03-15,2024-03-15,DISCHARGED,REGISTERED_CHARGE,Preliminary notification under RFCTLARR Act 2013 Section 11.
SYN-INT-001456,SYN-PARCEL-001456,MORTGAGE_SIMPLE,SYN-DOC-001456,2022-03-15,,UNCERTAIN,REGISTERED_CHARGE,Synthetic mortgage simple recorded under TPA Sec 58/100 or Easements Act.
SYN-INT-001457,SYN-PARCEL-001457,MORTGAGE_EQUITABLE,SYN-DOC-001457,2023-03-15,,ACTIVE,REGISTERED_CHARGE,Synthetic mortgage equitable recorded under TPA Sec 58/100 or Easements Act.
SYN-INT-001458,SYN-PARCEL-001458,EASEMENT_RIGHT_OF_WAY,SYN-DOC-001458,2018-03-15,,ACTIVE,REGISTERED_CHARGE,Synthetic easement right of way recorded under TPA Sec 58/100 or Easements Act.
SYN-INT-001459,SYN-PARCEL-001459,STATUTORY_CHARGE,SYN-DOC-001459,2019-03-15,2022-03-15,DISCHARGED,REGISTERED_CHARGE,Synthetic statutory charge recorded under TPA Sec 58/100 or Easements Act.
SYN-INT-001460,SYN-PARCEL-001460,ACQUISITION_NOTICE,SYN-DOC-001460,2020-03-15,,UNCERTAIN,REGISTERED_CHARGE,Preliminary notification under RFCTLARR Act 2013 Section 11.
SYN-INT-001461,SYN-PARCEL-001461,MORTGAGE_SIMPLE,SYN-DOC-001461,2021-03-15,,ACTIVE,REGISTERED_CHARGE,Synthetic mortgage simple recorded under TPA Sec 58/100 or Easements Act.
SYN-INT-001462,SYN-PARCEL-001462,MORTGAGE_EQUITABLE,SYN-DOC-001462,2022-03-15,,ACTIVE,REGISTERED_CHARGE,Synthetic mortgage equitable recorded under TPA Sec 58/100 or Easements Act.
SYN-INT-001463,SYN-PARCEL-001463,EASEMENT_RIGHT_OF_WAY,SYN-DOC-001463,2023-03-15,2026-03-15,DISCHARGED,REGISTERED_CHARGE,Synthetic easement right of way recorded under TPA Sec 58/100 or Easements Act.
SYN-INT-001464,SYN-PARCEL-001464,STATUTORY_CHARGE,SYN-DOC-001464,2018-03-15,,UNCERTAIN,REGISTERED_CHARGE,Synthetic statutory charge recorded under TPA Sec 58/100 or Easements Act.
SYN-INT-001465,SYN-PARCEL-001465,ACQUISITION_NOTICE,SYN-DOC-001465,2019-03-15,,ACTIVE,REGISTERED_CHARGE,Preliminary notification under RFCTLARR Act 2013 Section 11.
SYN-INT-001466,SYN-PARCEL-001466,MORTGAGE_SIMPLE,SYN-DOC-001466,2020-03-15,,ACTIVE,REGISTERED_CHARGE,Synthetic mortgage simple recorded under TPA Sec 58/100 or Easements Act.
SYN-INT-001467,SYN-PARCEL-001467,MORTGAGE_EQUITABLE,SYN-DOC-001467,2021-03-15,2024-03-15,DISCHARGED,REGISTERED_CHARGE,Synthetic mortgage equitable recorded under TPA Sec 58/100 or Easements Act.
SYN-INT-001468,SYN-PARCEL-001468,EASEMENT_RIGHT_OF_WAY,SYN-DOC-001468,2022-03-15,,UNCERTAIN,REGISTERED_CHARGE,Synthetic easement right of way recorded under TPA Sec 58/100 or Easements Act.
SYN-INT-001469,SYN-PARCEL-001469,STATUTORY_CHARGE,SYN-DOC-001469,2023-03-15,,ACTIVE,REGISTERED_CHARGE,Synthetic statutory charge recorded under TPA Sec 58/100 or Easements Act.
SYN-INT-001470,SYN-PARCEL-001470,ACQUISITION_NOTICE,SYN-DOC-001470,2018-03-15,,ACTIVE,REGISTERED_CHARGE,Preliminary notification under RFCTLARR Act 2013 Section 11.
SYN-INT-001471,SYN-PARCEL-001471,MORTGAGE_SIMPLE,SYN-DOC-001471,2019-03-15,2022-03-15,DISCHARGED,REGISTERED_CHARGE,Synthetic mortgage simple recorded under TPA Sec 58/100 or Easements Act.
SYN-INT-001472,SYN-PARCEL-001472,MORTGAGE_EQUITABLE,SYN-DOC-001472,2020-03-15,,UNCERTAIN,REGISTERED_CHARGE,Synthetic mortgage equitable recorded under TPA Sec 58/100 or Easements Act.
SYN-INT-001473,SYN-PARCEL-001473,EASEMENT_RIGHT_OF_WAY,SYN-DOC-001473,2021-03-15,,ACTIVE,REGISTERED_CHARGE,Synthetic easement right of way recorded under TPA Sec 58/100 or Easements Act.
SYN-INT-001474,SYN-PARCEL-001474,STATUTORY_CHARGE,SYN-DOC-001474,2022-03-15,,ACTIVE,REGISTERED_CHARGE,Synthetic statutory charge recorded under TPA Sec 58/100 or Easements Act.
SYN-INT-001475,SYN-PARCEL-001475,ACQUISITION_NOTICE,SYN-DOC-001475,2023-03-15,2026-03-15,DISCHARGED,REGISTERED_CHARGE,Preliminary notification under RFCTLARR Act 2013 Section 11.
SYN-INT-001476,SYN-PARCEL-001476,MORTGAGE_SIMPLE,SYN-DOC-001476,2018-03-15,,UNCERTAIN,REGISTERED_CHARGE,Synthetic mortgage simple recorded under TPA Sec 58/100 or Easements Act.
SYN-INT-001477,SYN-PARCEL-001477,MORTGAGE_EQUITABLE,SYN-DOC-001477,2019-03-15,,ACTIVE,REGISTERED_CHARGE,Synthetic mortgage equitable recorded under TPA Sec 58/100 or Easements Act.
SYN-INT-001478,SYN-PARCEL-001478,EASEMENT_RIGHT_OF_WAY,SYN-DOC-001478,2020-03-15,,ACTIVE,REGISTERED_CHARGE,Synthetic easement right of way recorded under TPA Sec 58/100 or Easements Act.
SYN-INT-001479,SYN-PARCEL-001479,STATUTORY_CHARGE,SYN-DOC-001479,2021-03-15,2024-03-15,DISCHARGED,REGISTERED_CHARGE,Synthetic statutory charge recorded under TPA Sec 58/100 or Easements Act.
SYN-INT-001480,SYN-PARCEL-001480,ACQUISITION_NOTICE,SYN-DOC-001480,2022-03-15,,UNCERTAIN,REGISTERED_CHARGE,Preliminary notification under RFCTLARR Act 2013 Section 11.
SYN-INT-001481,SYN-PARCEL-001481,MORTGAGE_SIMPLE,SYN-DOC-001481,2023-03-15,,ACTIVE,REGISTERED_CHARGE,Synthetic mortgage simple recorded under TPA Sec 58/100 or Easements Act.
SYN-INT-001482,SYN-PARCEL-001482,MORTGAGE_EQUITABLE,SYN-DOC-001482,2018-03-15,,ACTIVE,REGISTERED_CHARGE,Synthetic mortgage equitable recorded under TPA Sec 58/100 or Easements Act.
SYN-INT-001483,SYN-PARCEL-001483,EASEMENT_RIGHT_OF_WAY,SYN-DOC-001483,2019-03-15,2022-03-15,DISCHARGED,REGISTERED_CHARGE,Synthetic easement right of way recorded under TPA Sec 58/100 or Easements Act.
SYN-INT-001484,SYN-PARCEL-001484,STATUTORY_CHARGE,SYN-DOC-001484,2020-03-15,,UNCERTAIN,REGISTERED_CHARGE,Synthetic statutory charge recorded under TPA Sec 58/100 or Easements Act.
SYN-INT-001485,SYN-PARCEL-001485,ACQUISITION_NOTICE,SYN-DOC-001485,2021-03-15,,ACTIVE,REGISTERED_CHARGE,Preliminary notification under RFCTLARR Act 2013 Section 11.
SYN-INT-001486,SYN-PARCEL-001486,MORTGAGE_SIMPLE,SYN-DOC-001486,2022-03-15,,ACTIVE,REGISTERED_CHARGE,Synthetic mortgage simple recorded under TPA Sec 58/100 or Easements Act.
SYN-INT-001487,SYN-PARCEL-001487,MORTGAGE_EQUITABLE,SYN-DOC-001487,2023-03-15,2026-03-15,DISCHARGED,REGISTERED_CHARGE,Synthetic mortgage equitable recorded under TPA Sec 58/100 or Easements Act.
SYN-INT-001488,SYN-PARCEL-001488,EASEMENT_RIGHT_OF_WAY,SYN-DOC-001488,2018-03-15,,UNCERTAIN,REGISTERED_CHARGE,Synthetic easement right of way recorded under TPA Sec 58/100 or Easements Act.
SYN-INT-001489,SYN-PARCEL-001489,STATUTORY_CHARGE,SYN-DOC-001489,2019-03-15,,ACTIVE,REGISTERED_CHARGE,Synthetic statutory charge recorded under TPA Sec 58/100 or Easements Act.
SYN-INT-001490,SYN-PARCEL-001490,ACQUISITION_NOTICE,SYN-DOC-001490,2020-03-15,,ACTIVE,REGISTERED_CHARGE,Preliminary notification under RFCTLARR Act 2013 Section 11.
SYN-INT-001491,SYN-PARCEL-001491,MORTGAGE_SIMPLE,SYN-DOC-001491,2021-03-15,2024-03-15,DISCHARGED,REGISTERED_CHARGE,Synthetic mortgage simple recorded under TPA Sec 58/100 or Easements Act.
SYN-INT-001492,SYN-PARCEL-001492,MORTGAGE_EQUITABLE,SYN-DOC-001492,2022-03-15,,UNCERTAIN,REGISTERED_CHARGE,Synthetic mortgage equitable recorded under TPA Sec 58/100 or Easements Act.
SYN-INT-001493,SYN-PARCEL-001493,EASEMENT_RIGHT_OF_WAY,SYN-DOC-001493,2023-03-15,,ACTIVE,REGISTERED_CHARGE,Synthetic easement right of way recorded under TPA Sec 58/100 or Easements Act.
SYN-INT-001494,SYN-PARCEL-001494,STATUTORY_CHARGE,SYN-DOC-001494,2018-03-15,,ACTIVE,REGISTERED_CHARGE,Synthetic statutory charge recorded under TPA Sec 58/100 or Easements Act.
SYN-INT-001495,SYN-PARCEL-001495,ACQUISITION_NOTICE,SYN-DOC-001495,2019-03-15,2022-03-15,DISCHARGED,REGISTERED_CHARGE,Preliminary notification under RFCTLARR Act 2013 Section 11.
SYN-INT-001496,SYN-PARCEL-001496,MORTGAGE_SIMPLE,SYN-DOC-001496,2020-03-15,,UNCERTAIN,REGISTERED_CHARGE,Synthetic mortgage simple recorded under TPA Sec 58/100 or Easements Act.
SYN-INT-001497,SYN-PARCEL-001497,MORTGAGE_EQUITABLE,SYN-DOC-001497,2021-03-15,,ACTIVE,REGISTERED_CHARGE,Synthetic mortgage equitable recorded under TPA Sec 58/100 or Easements Act.
SYN-INT-001498,SYN-PARCEL-001498,EASEMENT_RIGHT_OF_WAY,SYN-DOC-001498,2022-03-15,,ACTIVE,REGISTERED_CHARGE,Synthetic easement right of way recorded under TPA Sec 58/100 or Easements Act.
SYN-INT-001499,SYN-PARCEL-001499,STATUTORY_CHARGE,SYN-DOC-001499,2023-03-15,2026-03-15,DISCHARGED,REGISTERED_CHARGE,Synthetic statutory charge recorded under TPA Sec 58/100 or Easements Act.
SYN-INT-001500,SYN-PARCEL-001500,ACQUISITION_NOTICE,SYN-DOC-001500,2018-03-15,,UNCERTAIN,REGISTERED_CHARGE,Preliminary notification under RFCTLARR Act 2013 Section 11.
