mutation_event_id,parcel_id,event_type,application_date,event_date,effective_date,recorded_date,source_document_id,previous_claim_id,resulting_claim_id,event_status,event_sequence,benchmark_expected_outcome
SYN-MUT-000001,SYN-PARCEL-000001,SALE_TRANSFER,2016-02-02,2016-02-05,2016-03-02,2016-03-02,SYN-DOC-000001,SYN-CLAIM-000002,SYN-CLAIM-000003,SANCTIONED,2,MATCH
SYN-MUT-000002,SYN-PARCEL-000002,INHERITANCE_SUCCESSION,2017-03-03,2017-03-06,2017-04-03,2017-04-03,SYN-DOC-000002,SYN-CLAIM-000003,SYN-CLAIM-000004,SANCTIONED,3,MATCH
SYN-MUT-000003,SYN-PARCEL-000003,PARTITION,2018-04-04,2018-04-07,2018-05-04,2018-05-04,SYN-DOC-000003,SYN-CLAIM-000004,SYN-CLAIM-000005,SANCTIONED,1,MATCH
SYN-MUT-000004,SYN-PARCEL-000004,CONVERSION,2019-05-05,2019-05-08,2019-06-05,2019-06-05,SYN-DOC-000004,SYN-CLAIM-000005,SYN-CLAIM-000006,PENDING_OBJECTION,2,REVIEW_REQUIRED
SYN-MUT-000005,SYN-PARCEL-000005,MORTGAGE_CHARGE,2020-06-06,2020-06-09,2020-07-06,2020-07-06,SYN-DOC-000005,SYN-CLAIM-000006,SYN-CLAIM-000007,REJECTED,3,REVIEW_REQUIRED
SYN-MUT-000006,SYN-PARCEL-000006,RELEASE,2021-07-07,2021-07-10,2021-08-07,2021-08-07,SYN-DOC-000006,SYN-CLAIM-000007,SYN-CLAIM-000008,SANCTIONED,1,MATCH
SYN-MUT-000007,SYN-PARCEL-000007,SALE_TRANSFER,2022-08-08,2022-08-11,2022-09-08,2022-09-08,SYN-DOC-000007,SYN-CLAIM-000008,SYN-CLAIM-000009,SANCTIONED,2,MATCH
SYN-MUT-000008,SYN-PARCEL-000008,INHERITANCE_SUCCESSION,2023-09-09,2023-09-12,2023-10-09,2023-10-09,SYN-DOC-000008,SYN-CLAIM-000009,SYN-CLAIM-000010,SANCTIONED,3,MATCH
SYN-MUT-000009,SYN-PARCEL-000009,PARTITION,2024-10-10,2024-10-13,2024-11-10,2024-11-10,SYN-DOC-000009,SYN-CLAIM-000010,SYN-CLAIM-000011,PENDING_OBJECTION,1,REVIEW_REQUIRED
SYN-MUT-000010,SYN-PARCEL-000010,CONVERSION,2015-11-11,2015-11-14,2015-12-11,2015-12-11,SYN-DOC-000010,SYN-CLAIM-000011,SYN-CLAIM-000012,REJECTED,2,REVIEW_REQUIRED
SYN-MUT-000011,SYN-PARCEL-000011,MORTGAGE_CHARGE,2016-12-12,2016-12-15,2016-12-12,2016-12-12,SYN-DOC-000011,SYN-CLAIM-000012,SYN-CLAIM-000013,SANCTIONED,3,MATCH
SYN-MUT-000012,SYN-PARCEL-000012,RELEASE,2017-01-13,2017-01-16,2017-02-13,2017-02-13,SYN-DOC-000012,SYN-CLAIM-000013,SYN-CLAIM-000014,SANCTIONED,1,MATCH
SYN-MUT-000013,SYN-PARCEL-000013,SALE_TRANSFER,2018-02-14,2018-02-17,2018-03-14,2018-03-14,SYN-DOC-000013,SYN-CLAIM-000014,SYN-CLAIM-000015,SANCTIONED,2,MATCH
SYN-MUT-000014,SYN-PARCEL-000014,INHERITANCE_SUCCESSION,2019-03-15,2019-03-18,2019-04-15,2019-04-15,SYN-DOC-000014,SYN-CLAIM-000015,SYN-CLAIM-000016,PENDING_OBJECTION,3,REVIEW_REQUIRED
SYN-MUT-000015,SYN-PARCEL-000015,PARTITION,2020-04-16,2020-04-19,2020-05-16,2020-05-16,SYN-DOC-000015,SYN-CLAIM-000016,SYN-CLAIM-000017,REJECTED,1,REVIEW_REQUIRED
SYN-MUT-000016,SYN-PARCEL-000016,CONVERSION,2021-05-17,2021-05-20,2021-06-17,2021-06-17,SYN-DOC-000016,SYN-CLAIM-000017,SYN-CLAIM-000018,SANCTIONED,2,MATCH
SYN-MUT-000017,SYN-PARCEL-000017,MORTGAGE_CHARGE,2022-06-18,2022-06-21,2022-07-18,2022-07-18,SYN-DOC-000017,SYN-CLAIM-000018,SYN-CLAIM-000019,SANCTIONED,3,MATCH
SYN-MUT-000018,SYN-PARCEL-000018,RELEASE,2023-07-19,2023-07-22,2023-08-19,2023-08-19,SYN-DOC-000018,SYN-CLAIM-000019,SYN-CLAIM-000020,SANCTIONED,1,MATCH
SYN-MUT-000019,SYN-PARCEL-000019,SALE_TRANSFER,2024-08-20,2024-08-23,2024-09-20,2024-09-20,SYN-DOC-000019,SYN-CLAIM-000020,SYN-CLAIM-000021,PENDING_OBJECTION,2,REVIEW_REQUIRED
SYN-MUT-000020,SYN-PARCEL-000020,INHERITANCE_SUCCESSION,2015-09-01,2015-09-04,2015-10-01,2015-10-01,SYN-DOC-000020,SYN-CLAIM-000021,SYN-CLAIM-000022,REJECTED,3,REVIEW_REQUIRED
SYN-MUT-000021,SYN-PARCEL-000021,PARTITION,2016-10-02,2016-10-05,2016-11-02,2016-11-02,SYN-DOC-000021,SYN-CLAIM-000022,SYN-CLAIM-000023,SANCTIONED,1,MATCH
SYN-MUT-000022,SYN-PARCEL-000022,CONVERSION,2017-11-03,2017-11-06,2017-12-03,2017-12-03,SYN-DOC-000022,SYN-CLAIM-000023,SYN-CLAIM-000024,SANCTIONED,2,MATCH
SYN-MUT-000023,SYN-PARCEL-000023,MORTGAGE_CHARGE,2018-12-04,2018-12-07,2018-12-04,2018-12-04,SYN-DOC-000023,SYN-CLAIM-000024,SYN-CLAIM-000025,SANCTIONED,3,MATCH
SYN-MUT-000024,SYN-PARCEL-000024,RELEASE,2019-01-05,2019-01-08,2019-02-05,2019-02-05,SYN-DOC-000024,SYN-CLAIM-000025,SYN-CLAIM-000026,PENDING_OBJECTION,1,REVIEW_REQUIRED
SYN-MUT-000025,SYN-PARCEL-000025,SALE_TRANSFER,2020-02-06,2020-02-09,2020-03-06,2020-03-06,SYN-DOC-000025,SYN-CLAIM-000026,SYN-CLAIM-000027,REJECTED,2,REVIEW_REQUIRED
SYN-MUT-000026,SYN-PARCEL-000026,INHERITANCE_SUCCESSION,2021-03-07,2021-03-10,2021-04-07,2021-04-07,SYN-DOC-000026,SYN-CLAIM-000027,SYN-CLAIM-000028,SANCTIONED,3,MATCH
SYN-MUT-000027,SYN-PARCEL-000027,PARTITION,2022-04-08,2022-04-11,2022-05-08,2022-05-08,SYN-DOC-000027,SYN-CLAIM-000028,SYN-CLAIM-000029,SANCTIONED,1,MATCH
SYN-MUT-000028,SYN-PARCEL-000028,CONVERSION,2023-05-09,2023-05-12,2023-06-09,2023-06-09,SYN-DOC-000028,SYN-CLAIM-000029,SYN-CLAIM-000030,SANCTIONED,2,MATCH
SYN-MUT-000029,SYN-PARCEL-000029,MORTGAGE_CHARGE,2024-06-10,2024-06-13,2024-07-10,2024-07-10,SYN-DOC-000029,SYN-CLAIM-000030,SYN-CLAIM-000031,PENDING_OBJECTION,3,REVIEW_REQUIRED
SYN-MUT-000030,SYN-PARCEL-000030,RELEASE,2015-07-11,2015-07-14,2015-08-11,2015-08-11,SYN-DOC-000030,SYN-CLAIM-000031,SYN-CLAIM-000032,REJECTED,1,REVIEW_REQUIRED
SYN-MUT-000031,SYN-PARCEL-000031,SALE_TRANSFER,2016-08-12,2016-08-15,2016-09-12,2016-09-12,SYN-DOC-000031,SYN-CLAIM-000032,SYN-CLAIM-000033,SANCTIONED,2,MATCH
SYN-MUT-000032,SYN-PARCEL-000032,INHERITANCE_SUCCESSION,2017-09-13,2017-09-16,2017-10-13,2017-10-13,SYN-DOC-000032,SYN-CLAIM-000033,SYN-CLAIM-000034,SANCTIONED,3,MATCH
SYN-MUT-000033,SYN-PARCEL-000033,PARTITION,2018-10-14,2018-10-17,2018-11-14,2018-11-14,SYN-DOC-000033,SYN-CLAIM-000034,SYN-CLAIM-000035,SANCTIONED,1,MATCH
SYN-MUT-000034,SYN-PARCEL-000034,CONVERSION,2019-11-15,2019-11-18,2019-12-15,2019-12-15,SYN-DOC-000034,SYN-CLAIM-000035,SYN-CLAIM-000036,PENDING_OBJECTION,2,REVIEW_REQUIRED
SYN-MUT-000035,SYN-PARCEL-000035,MORTGAGE_CHARGE,2020-12-16,2020-12-19,2020-12-16,2020-12-16,SYN-DOC-000035,SYN-CLAIM-000036,SYN-CLAIM-000037,REJECTED,3,REVIEW_REQUIRED
SYN-MUT-000036,SYN-PARCEL-000036,RELEASE,2021-01-17,2021-01-20,2021-02-17,2021-02-17,SYN-DOC-000036,SYN-CLAIM-000037,SYN-CLAIM-000038,SANCTIONED,1,MATCH
SYN-MUT-000037,SYN-PARCEL-000037,SALE_TRANSFER,2022-02-18,2022-02-21,2022-03-18,2022-03-18,SYN-DOC-000037,SYN-CLAIM-000038,SYN-CLAIM-000039,SANCTIONED,2,MATCH
SYN-MUT-000038,SYN-PARCEL-000038,INHERITANCE_SUCCESSION,2023-03-19,2023-03-22,2023-04-19,2023-04-19,SYN-DOC-000038,SYN-CLAIM-000039,SYN-CLAIM-000040,SANCTIONED,3,MATCH
SYN-MUT-000039,SYN-PARCEL-000039,PARTITION,2024-04-20,2024-04-23,2024-05-20,2024-05-20,SYN-DOC-000039,SYN-CLAIM-000040,SYN-CLAIM-000041,PENDING_OBJECTION,1,REVIEW_REQUIRED
SYN-MUT-000040,SYN-PARCEL-000040,CONVERSION,2015-05-01,2015-05-04,2015-06-01,2015-06-01,SYN-DOC-000040,SYN-CLAIM-000041,SYN-CLAIM-000042,REJECTED,2,REVIEW_REQUIRED
SYN-MUT-000041,SYN-PARCEL-000041,MORTGAGE_CHARGE,2016-06-02,2016-06-05,2016-07-02,2016-07-02,SYN-DOC-000041,SYN-CLAIM-000042,SYN-CLAIM-000043,SANCTIONED,3,MATCH
SYN-MUT-000042,SYN-PARCEL-000042,RELEASE,2017-07-03,2017-07-06,2017-08-03,2017-08-03,SYN-DOC-000042,SYN-CLAIM-000043,SYN-CLAIM-000044,SANCTIONED,1,MATCH
SYN-MUT-000043,SYN-PARCEL-000043,SALE_TRANSFER,2018-08-04,2018-08-07,2018-09-04,2018-09-04,SYN-DOC-000043,SYN-CLAIM-000044,SYN-CLAIM-000045,SANCTIONED,2,MATCH
SYN-MUT-000044,SYN-PARCEL-000044,INHERITANCE_SUCCESSION,2019-09-05,2019-09-08,2019-10-05,2019-10-05,SYN-DOC-000044,SYN-CLAIM-000045,SYN-CLAIM-000046,PENDING_OBJECTION,3,REVIEW_REQUIRED
SYN-MUT-000045,SYN-PARCEL-000045,PARTITION,2020-10-06,2020-10-09,2020-11-06,2020-11-06,SYN-DOC-000045,SYN-CLAIM-000046,SYN-CLAIM-000047,REJECTED,1,REVIEW_REQUIRED
SYN-MUT-000046,SYN-PARCEL-000046,CONVERSION,2021-11-07,2021-11-10,2021-12-07,2021-12-07,SYN-DOC-000046,SYN-CLAIM-000047,SYN-CLAIM-000048,SANCTIONED,2,MATCH
SYN-MUT-000047,SYN-PARCEL-000047,MORTGAGE_CHARGE,2022-12-08,2022-12-11,2022-12-08,2022-12-08,SYN-DOC-000047,SYN-CLAIM-000048,SYN-CLAIM-000049,SANCTIONED,3,MATCH
SYN-MUT-000048,SYN-PARCEL-000048,RELEASE,2023-01-09,2023-01-12,2023-02-09,2023-02-09,SYN-DOC-000048,SYN-CLAIM-000049,SYN-CLAIM-000050,SANCTIONED,1,MATCH
SYN-MUT-000049,SYN-PARCEL-000049,SALE_TRANSFER,2024-02-10,2024-02-13,2024-03-10,2024-03-10,SYN-DOC-000049,SYN-CLAIM-000050,SYN-CLAIM-000051,PENDING_OBJECTION,2,REVIEW_REQUIRED
SYN-MUT-000050,SYN-PARCEL-000050,INHERITANCE_SUCCESSION,2015-03-11,2015-03-14,2015-04-11,2015-04-11,SYN-DOC-000050,SYN-CLAIM-000051,SYN-CLAIM-000052,REJECTED,3,REVIEW_REQUIRED
SYN-MUT-000051,SYN-PARCEL-000051,PARTITION,2016-04-12,2016-04-15,2016-05-12,2016-05-12,SYN-DOC-000051,SYN-CLAIM-000052,SYN-CLAIM-000053,SANCTIONED,1,MATCH
SYN-MUT-000052,SYN-PARCEL-000052,CONVERSION,2017-05-13,2017-05-16,2017-06-13,2017-06-13,SYN-DOC-000052,SYN-CLAIM-000053,SYN-CLAIM-000054,SANCTIONED,2,MATCH
SYN-MUT-000053,SYN-PARCEL-000053,MORTGAGE_CHARGE,2018-06-14,2018-06-17,2018-07-14,2018-07-14,SYN-DOC-000053,SYN-CLAIM-000054,SYN-CLAIM-000055,SANCTIONED,3,MATCH
SYN-MUT-000054,SYN-PARCEL-000054,RELEASE,2019-07-15,2019-07-18,2019-08-15,2019-08-15,SYN-DOC-000054,SYN-CLAIM-000055,SYN-CLAIM-000056,PENDING_OBJECTION,1,REVIEW_REQUIRED
SYN-MUT-000055,SYN-PARCEL-000055,SALE_TRANSFER,2020-08-16,2020-08-19,2020-09-16,2020-09-16,SYN-DOC-000055,SYN-CLAIM-000056,SYN-CLAIM-000057,REJECTED,2,REVIEW_REQUIRED
SYN-MUT-000056,SYN-PARCEL-000056,INHERITANCE_SUCCESSION,2021-09-17,2021-09-20,2021-10-17,2021-10-17,SYN-DOC-000056,SYN-CLAIM-000057,SYN-CLAIM-000058,SANCTIONED,3,MATCH
SYN-MUT-000057,SYN-PARCEL-000057,PARTITION,2022-10-18,2022-10-21,2022-11-18,2022-11-18,SYN-DOC-000057,SYN-CLAIM-000058,SYN-CLAIM-000059,SANCTIONED,1,MATCH
SYN-MUT-000058,SYN-PARCEL-000058,CONVERSION,2023-11-19,2023-11-22,2023-12-19,2023-12-19,SYN-DOC-000058,SYN-CLAIM-000059,SYN-CLAIM-000060,SANCTIONED,2,MATCH
SYN-MUT-000059,SYN-PARCEL-000059,MORTGAGE_CHARGE,2024-12-20,2024-12-23,2024-12-20,2024-12-20,SYN-DOC-000059,SYN-CLAIM-000060,SYN-CLAIM-000061,PENDING_OBJECTION,3,REVIEW_REQUIRED
SYN-MUT-000060,SYN-PARCEL-000060,RELEASE,2015-01-01,2015-01-04,2015-02-01,2015-02-01,SYN-DOC-000060,SYN-CLAIM-000061,SYN-CLAIM-000062,REJECTED,1,REVIEW_REQUIRED
SYN-MUT-000061,SYN-PARCEL-000061,SALE_TRANSFER,2016-02-02,2016-02-05,2016-03-02,2016-03-02,SYN-DOC-000061,SYN-CLAIM-000062,SYN-CLAIM-000063,SANCTIONED,2,MATCH
SYN-MUT-000062,SYN-PARCEL-000062,INHERITANCE_SUCCESSION,2017-03-03,2017-03-06,2017-04-03,2017-04-03,SYN-DOC-000062,SYN-CLAIM-000063,SYN-CLAIM-000064,SANCTIONED,3,MATCH
SYN-MUT-000063,SYN-PARCEL-000063,PARTITION,2018-04-04,2018-04-07,2018-05-04,2018-05-04,SYN-DOC-000063,SYN-CLAIM-000064,SYN-CLAIM-000065,SANCTIONED,1,MATCH
SYN-MUT-000064,SYN-PARCEL-000064,CONVERSION,2019-05-05,2019-05-08,2019-06-05,2019-06-05,SYN-DOC-000064,SYN-CLAIM-000065,SYN-CLAIM-000066,PENDING_OBJECTION,2,REVIEW_REQUIRED
SYN-MUT-000065,SYN-PARCEL-000065,MORTGAGE_CHARGE,2020-06-06,2020-06-09,2020-07-06,2020-07-06,SYN-DOC-000065,SYN-CLAIM-000066,SYN-CLAIM-000067,REJECTED,3,REVIEW_REQUIRED
SYN-MUT-000066,SYN-PARCEL-000066,RELEASE,2021-07-07,2021-07-10,2021-08-07,2021-08-07,SYN-DOC-000066,SYN-CLAIM-000067,SYN-CLAIM-000068,SANCTIONED,1,MATCH
SYN-MUT-000067,SYN-PARCEL-000067,SALE_TRANSFER,2022-08-08,2022-08-11,2022-09-08,2022-09-08,SYN-DOC-000067,SYN-CLAIM-000068,SYN-CLAIM-000069,SANCTIONED,2,MATCH
SYN-MUT-000068,SYN-PARCEL-000068,INHERITANCE_SUCCESSION,2023-09-09,2023-09-12,2023-10-09,2023-10-09,SYN-DOC-000068,SYN-CLAIM-000069,SYN-CLAIM-000070,SANCTIONED,3,MATCH
SYN-MUT-000069,SYN-PARCEL-000069,PARTITION,2024-10-10,2024-10-13,2024-11-10,2024-11-10,SYN-DOC-000069,SYN-CLAIM-000070,SYN-CLAIM-000071,PENDING_OBJECTION,1,REVIEW_REQUIRED
SYN-MUT-000070,SYN-PARCEL-000070,CONVERSION,2015-11-11,2015-11-14,2015-12-11,2015-12-11,SYN-DOC-000070,SYN-CLAIM-000071,SYN-CLAIM-000072,REJECTED,2,REVIEW_REQUIRED
SYN-MUT-000071,SYN-PARCEL-000071,MORTGAGE_CHARGE,2016-12-12,2016-12-15,2016-12-12,2016-12-12,SYN-DOC-000071,SYN-CLAIM-000072,SYN-CLAIM-000073,SANCTIONED,3,MATCH
SYN-MUT-000072,SYN-PARCEL-000072,RELEASE,2017-01-13,2017-01-16,2017-02-13,2017-02-13,SYN-DOC-000072,SYN-CLAIM-000073,SYN-CLAIM-000074,SANCTIONED,1,MATCH
SYN-MUT-000073,SYN-PARCEL-000073,SALE_TRANSFER,2018-02-14,2018-02-17,2018-03-14,2018-03-14,SYN-DOC-000073,SYN-CLAIM-000074,SYN-CLAIM-000075,SANCTIONED,2,MATCH
SYN-MUT-000074,SYN-PARCEL-000074,INHERITANCE_SUCCESSION,2019-03-15,2019-03-18,2019-04-15,2019-04-15,SYN-DOC-000074,SYN-CLAIM-000075,SYN-CLAIM-000076,PENDING_OBJECTION,3,REVIEW_REQUIRED
SYN-MUT-000075,SYN-PARCEL-000075,PARTITION,2020-04-16,2020-04-19,2020-05-16,2020-05-16,SYN-DOC-000075,SYN-CLAIM-000076,SYN-CLAIM-000077,REJECTED,1,REVIEW_REQUIRED
SYN-MUT-000076,SYN-PARCEL-000076,CONVERSION,2021-05-17,2021-05-20,2021-06-17,2021-06-17,SYN-DOC-000076,SYN-CLAIM-000077,SYN-CLAIM-000078,SANCTIONED,2,MATCH
SYN-MUT-000077,SYN-PARCEL-000077,MORTGAGE_CHARGE,2022-06-18,2022-06-21,2022-07-18,2022-07-18,SYN-DOC-000077,SYN-CLAIM-000078,SYN-CLAIM-000079,SANCTIONED,3,MATCH
SYN-MUT-000078,SYN-PARCEL-000078,RELEASE,2023-07-19,2023-07-22,2023-08-19,2023-08-19,SYN-DOC-000078,SYN-CLAIM-000079,SYN-CLAIM-000080,SANCTIONED,1,MATCH
SYN-MUT-000079,SYN-PARCEL-000079,SALE_TRANSFER,2024-08-20,2024-08-23,2024-09-20,2024-09-20,SYN-DOC-000079,SYN-CLAIM-000080,SYN-CLAIM-000081,PENDING_OBJECTION,2,REVIEW_REQUIRED
SYN-MUT-000080,SYN-PARCEL-000080,INHERITANCE_SUCCESSION,2015-09-01,2015-09-04,2015-10-01,2015-10-01,SYN-DOC-000080,SYN-CLAIM-000081,SYN-CLAIM-000082,REJECTED,3,REVIEW_REQUIRED
SYN-MUT-000081,SYN-PARCEL-000081,PARTITION,2016-10-02,2016-10-05,2016-11-02,2016-11-02,SYN-DOC-000081,SYN-CLAIM-000082,SYN-CLAIM-000083,SANCTIONED,1,MATCH
SYN-MUT-000082,SYN-PARCEL-000082,CONVERSION,2017-11-03,2017-11-06,2017-12-03,2017-12-03,SYN-DOC-000082,SYN-CLAIM-000083,SYN-CLAIM-000084,SANCTIONED,2,MATCH
SYN-MUT-000083,SYN-PARCEL-000083,MORTGAGE_CHARGE,2018-12-04,2018-12-07,2018-12-04,2018-12-04,SYN-DOC-000083,SYN-CLAIM-000084,SYN-CLAIM-000085,SANCTIONED,3,MATCH
SYN-MUT-000084,SYN-PARCEL-000084,RELEASE,2019-01-05,2019-01-08,2019-02-05,2019-02-05,SYN-DOC-000084,SYN-CLAIM-000085,SYN-CLAIM-000086,PENDING_OBJECTION,1,REVIEW_REQUIRED
SYN-MUT-000085,SYN-PARCEL-000085,SALE_TRANSFER,2020-02-06,2020-02-09,2020-03-06,2020-03-06,SYN-DOC-000085,SYN-CLAIM-000086,SYN-CLAIM-000087,REJECTED,2,REVIEW_REQUIRED
SYN-MUT-000086,SYN-PARCEL-000086,INHERITANCE_SUCCESSION,2021-03-07,2021-03-10,2021-04-07,2021-04-07,SYN-DOC-000086,SYN-CLAIM-000087,SYN-CLAIM-000088,SANCTIONED,3,MATCH
SYN-MUT-000087,SYN-PARCEL-000087,PARTITION,2022-04-08,2022-04-11,2022-05-08,2022-05-08,SYN-DOC-000087,SYN-CLAIM-000088,SYN-CLAIM-000089,SANCTIONED,1,MATCH
SYN-MUT-000088,SYN-PARCEL-000088,CONVERSION,2023-05-09,2023-05-12,2023-06-09,2023-06-09,SYN-DOC-000088,SYN-CLAIM-000089,SYN-CLAIM-000090,SANCTIONED,2,MATCH
SYN-MUT-000089,SYN-PARCEL-000089,MORTGAGE_CHARGE,2024-06-10,2024-06-13,2024-07-10,2024-07-10,SYN-DOC-000089,SYN-CLAIM-000090,SYN-CLAIM-000091,PENDING_OBJECTION,3,REVIEW_REQUIRED
SYN-MUT-000090,SYN-PARCEL-000090,RELEASE,2015-07-11,2015-07-14,2015-08-11,2015-08-11,SYN-DOC-000090,SYN-CLAIM-000091,SYN-CLAIM-000092,REJECTED,1,REVIEW_REQUIRED
SYN-MUT-000091,SYN-PARCEL-000091,SALE_TRANSFER,2016-08-12,2016-08-15,2016-09-12,2016-09-12,SYN-DOC-000091,SYN-CLAIM-000092,SYN-CLAIM-000093,SANCTIONED,2,MATCH
SYN-MUT-000092,SYN-PARCEL-000092,INHERITANCE_SUCCESSION,2017-09-13,2017-09-16,2017-10-13,2017-10-13,SYN-DOC-000092,SYN-CLAIM-000093,SYN-CLAIM-000094,SANCTIONED,3,MATCH
SYN-MUT-000093,SYN-PARCEL-000093,PARTITION,2018-10-14,2018-10-17,2018-11-14,2018-11-14,SYN-DOC-000093,SYN-CLAIM-000094,SYN-CLAIM-000095,SANCTIONED,1,MATCH
SYN-MUT-000094,SYN-PARCEL-000094,CONVERSION,2019-11-15,2019-11-18,2019-12-15,2019-12-15,SYN-DOC-000094,SYN-CLAIM-000095,SYN-CLAIM-000096,PENDING_OBJECTION,2,REVIEW_REQUIRED
SYN-MUT-000095,SYN-PARCEL-000095,MORTGAGE_CHARGE,2020-12-16,2020-12-19,2020-12-16,2020-12-16,SYN-DOC-000095,SYN-CLAIM-000096,SYN-CLAIM-000097,REJECTED,3,REVIEW_REQUIRED
SYN-MUT-000096,SYN-PARCEL-000096,RELEASE,2021-01-17,2021-01-20,2021-02-17,2021-02-17,SYN-DOC-000096,SYN-CLAIM-000097,SYN-CLAIM-000098,SANCTIONED,1,MATCH
SYN-MUT-000097,SYN-PARCEL-000097,SALE_TRANSFER,2022-02-18,2022-02-21,2022-03-18,2022-03-18,SYN-DOC-000097,SYN-CLAIM-000098,SYN-CLAIM-000099,SANCTIONED,2,MATCH
SYN-MUT-000098,SYN-PARCEL-000098,INHERITANCE_SUCCESSION,2023-03-19,2023-03-22,2023-04-19,2023-04-19,SYN-DOC-000098,SYN-CLAIM-000099,SYN-CLAIM-000100,SANCTIONED,3,MATCH
SYN-MUT-000099,SYN-PARCEL-000099,PARTITION,2024-04-20,2024-04-23,2024-05-20,2024-05-20,SYN-DOC-000099,SYN-CLAIM-000100,SYN-CLAIM-000101,PENDING_OBJECTION,1,REVIEW_REQUIRED
SYN-MUT-000100,SYN-PARCEL-000100,CONVERSION,2015-05-01,2015-05-04,2015-06-01,2015-06-01,SYN-DOC-000100,SYN-CLAIM-000101,SYN-CLAIM-000102,REJECTED,2,REVIEW_REQUIRED
SYN-MUT-000101,SYN-PARCEL-000101,MORTGAGE_CHARGE,2016-06-02,2016-06-05,2016-07-02,2016-07-02,SYN-DOC-000101,SYN-CLAIM-000102,SYN-CLAIM-000103,SANCTIONED,3,MATCH
SYN-MUT-000102,SYN-PARCEL-000102,RELEASE,2017-07-03,2017-07-06,2017-08-03,2017-08-03,SYN-DOC-000102,SYN-CLAIM-000103,SYN-CLAIM-000104,SANCTIONED,1,MATCH
SYN-MUT-000103,SYN-PARCEL-000103,SALE_TRANSFER,2018-08-04,2018-08-07,2018-09-04,2018-09-04,SYN-DOC-000103,SYN-CLAIM-000104,SYN-CLAIM-000105,SANCTIONED,2,MATCH
SYN-MUT-000104,SYN-PARCEL-000104,INHERITANCE_SUCCESSION,2019-09-05,2019-09-08,2019-10-05,2019-10-05,SYN-DOC-000104,SYN-CLAIM-000105,SYN-CLAIM-000106,PENDING_OBJECTION,3,REVIEW_REQUIRED
SYN-MUT-000105,SYN-PARCEL-000105,PARTITION,2020-10-06,2020-10-09,2020-11-06,2020-11-06,SYN-DOC-000105,SYN-CLAIM-000106,SYN-CLAIM-000107,REJECTED,1,REVIEW_REQUIRED
SYN-MUT-000106,SYN-PARCEL-000106,CONVERSION,2021-11-07,2021-11-10,2021-12-07,2021-12-07,SYN-DOC-000106,SYN-CLAIM-000107,SYN-CLAIM-000108,SANCTIONED,2,MATCH
SYN-MUT-000107,SYN-PARCEL-000107,MORTGAGE_CHARGE,2022-12-08,2022-12-11,2022-12-08,2022-12-08,SYN-DOC-000107,SYN-CLAIM-000108,SYN-CLAIM-000109,SANCTIONED,3,MATCH
SYN-MUT-000108,SYN-PARCEL-000108,RELEASE,2023-01-09,2023-01-12,2023-02-09,2023-02-09,SYN-DOC-000108,SYN-CLAIM-000109,SYN-CLAIM-000110,SANCTIONED,1,MATCH
SYN-MUT-000109,SYN-PARCEL-000109,SALE_TRANSFER,2024-02-10,2024-02-13,2024-03-10,2024-03-10,SYN-DOC-000109,SYN-CLAIM-000110,SYN-CLAIM-000111,PENDING_OBJECTION,2,REVIEW_REQUIRED
SYN-MUT-000110,SYN-PARCEL-000110,INHERITANCE_SUCCESSION,2015-03-11,2015-03-14,2015-04-11,2015-04-11,SYN-DOC-000110,SYN-CLAIM-000111,SYN-CLAIM-000112,REJECTED,3,REVIEW_REQUIRED
SYN-MUT-000111,SYN-PARCEL-000111,PARTITION,2016-04-12,2016-04-15,2016-05-12,2016-05-12,SYN-DOC-000111,SYN-CLAIM-000112,SYN-CLAIM-000113,SANCTIONED,1,MATCH
SYN-MUT-000112,SYN-PARCEL-000112,CONVERSION,2017-05-13,2017-05-16,2017-06-13,2017-06-13,SYN-DOC-000112,SYN-CLAIM-000113,SYN-CLAIM-000114,SANCTIONED,2,MATCH
SYN-MUT-000113,SYN-PARCEL-000113,MORTGAGE_CHARGE,2018-06-14,2018-06-17,2018-07-14,2018-07-14,SYN-DOC-000113,SYN-CLAIM-000114,SYN-CLAIM-000115,SANCTIONED,3,MATCH
SYN-MUT-000114,SYN-PARCEL-000114,RELEASE,2019-07-15,2019-07-18,2019-08-15,2019-08-15,SYN-DOC-000114,SYN-CLAIM-000115,SYN-CLAIM-000116,PENDING_OBJECTION,1,REVIEW_REQUIRED
SYN-MUT-000115,SYN-PARCEL-000115,SALE_TRANSFER,2020-08-16,2020-08-19,2020-09-16,2020-09-16,SYN-DOC-000115,SYN-CLAIM-000116,SYN-CLAIM-000117,REJECTED,2,REVIEW_REQUIRED
SYN-MUT-000116,SYN-PARCEL-000116,INHERITANCE_SUCCESSION,2021-09-17,2021-09-20,2021-10-17,2021-10-17,SYN-DOC-000116,SYN-CLAIM-000117,SYN-CLAIM-000118,SANCTIONED,3,MATCH
SYN-MUT-000117,SYN-PARCEL-000117,PARTITION,2022-10-18,2022-10-21,2022-11-18,2022-11-18,SYN-DOC-000117,SYN-CLAIM-000118,SYN-CLAIM-000119,SANCTIONED,1,MATCH
SYN-MUT-000118,SYN-PARCEL-000118,CONVERSION,2023-11-19,2023-11-22,2023-12-19,2023-12-19,SYN-DOC-000118,SYN-CLAIM-000119,SYN-CLAIM-000120,SANCTIONED,2,MATCH
SYN-MUT-000119,SYN-PARCEL-000119,MORTGAGE_CHARGE,2024-12-20,2024-12-23,2024-12-20,2024-12-20,SYN-DOC-000119,SYN-CLAIM-000120,SYN-CLAIM-000121,PENDING_OBJECTION,3,REVIEW_REQUIRED
SYN-MUT-000120,SYN-PARCEL-000120,RELEASE,2015-01-01,2015-01-04,2015-02-01,2015-02-01,SYN-DOC-000120,SYN-CLAIM-000121,SYN-CLAIM-000122,REJECTED,1,REVIEW_REQUIRED
SYN-MUT-000121,SYN-PARCEL-000121,SALE_TRANSFER,2016-02-02,2016-02-05,2016-03-02,2016-03-02,SYN-DOC-000121,SYN-CLAIM-000122,SYN-CLAIM-000123,SANCTIONED,2,MATCH
SYN-MUT-000122,SYN-PARCEL-000122,INHERITANCE_SUCCESSION,2017-03-03,2017-03-06,2017-04-03,2017-04-03,SYN-DOC-000122,SYN-CLAIM-000123,SYN-CLAIM-000124,SANCTIONED,3,MATCH
SYN-MUT-000123,SYN-PARCEL-000123,PARTITION,2018-04-04,2018-04-07,2018-05-04,2018-05-04,SYN-DOC-000123,SYN-CLAIM-000124,SYN-CLAIM-000125,SANCTIONED,1,MATCH
SYN-MUT-000124,SYN-PARCEL-000124,CONVERSION,2019-05-05,2019-05-08,2019-06-05,2019-06-05,SYN-DOC-000124,SYN-CLAIM-000125,SYN-CLAIM-000126,PENDING_OBJECTION,2,REVIEW_REQUIRED
SYN-MUT-000125,SYN-PARCEL-000125,MORTGAGE_CHARGE,2020-06-06,2020-06-09,2020-07-06,2020-07-06,SYN-DOC-000125,SYN-CLAIM-000126,SYN-CLAIM-000127,REJECTED,3,REVIEW_REQUIRED
SYN-MUT-000126,SYN-PARCEL-000126,RELEASE,2021-07-07,2021-07-10,2021-08-07,2021-08-07,SYN-DOC-000126,SYN-CLAIM-000127,SYN-CLAIM-000128,SANCTIONED,1,MATCH
SYN-MUT-000127,SYN-PARCEL-000127,SALE_TRANSFER,2022-08-08,2022-08-11,2022-09-08,2022-09-08,SYN-DOC-000127,SYN-CLAIM-000128,SYN-CLAIM-000129,SANCTIONED,2,MATCH
SYN-MUT-000128,SYN-PARCEL-000128,INHERITANCE_SUCCESSION,2023-09-09,2023-09-12,2023-10-09,2023-10-09,SYN-DOC-000128,SYN-CLAIM-000129,SYN-CLAIM-000130,SANCTIONED,3,MATCH
SYN-MUT-000129,SYN-PARCEL-000129,PARTITION,2024-10-10,2024-10-13,2024-11-10,2024-11-10,SYN-DOC-000129,SYN-CLAIM-000130,SYN-CLAIM-000131,PENDING_OBJECTION,1,REVIEW_REQUIRED
SYN-MUT-000130,SYN-PARCEL-000130,CONVERSION,2015-11-11,2015-11-14,2015-12-11,2015-12-11,SYN-DOC-000130,SYN-CLAIM-000131,SYN-CLAIM-000132,REJECTED,2,REVIEW_REQUIRED
SYN-MUT-000131,SYN-PARCEL-000131,MORTGAGE_CHARGE,2016-12-12,2016-12-15,2016-12-12,2016-12-12,SYN-DOC-000131,SYN-CLAIM-000132,SYN-CLAIM-000133,SANCTIONED,3,MATCH
SYN-MUT-000132,SYN-PARCEL-000132,RELEASE,2017-01-13,2017-01-16,2017-02-13,2017-02-13,SYN-DOC-000132,SYN-CLAIM-000133,SYN-CLAIM-000134,SANCTIONED,1,MATCH
SYN-MUT-000133,SYN-PARCEL-000133,SALE_TRANSFER,2018-02-14,2018-02-17,2018-03-14,2018-03-14,SYN-DOC-000133,SYN-CLAIM-000134,SYN-CLAIM-000135,SANCTIONED,2,MATCH
SYN-MUT-000134,SYN-PARCEL-000134,INHERITANCE_SUCCESSION,2019-03-15,2019-03-18,2019-04-15,2019-04-15,SYN-DOC-000134,SYN-CLAIM-000135,SYN-CLAIM-000136,PENDING_OBJECTION,3,REVIEW_REQUIRED
SYN-MUT-000135,SYN-PARCEL-000135,PARTITION,2020-04-16,2020-04-19,2020-05-16,2020-05-16,SYN-DOC-000135,SYN-CLAIM-000136,SYN-CLAIM-000137,REJECTED,1,REVIEW_REQUIRED
SYN-MUT-000136,SYN-PARCEL-000136,CONVERSION,2021-05-17,2021-05-20,2021-06-17,2021-06-17,SYN-DOC-000136,SYN-CLAIM-000137,SYN-CLAIM-000138,SANCTIONED,2,MATCH
SYN-MUT-000137,SYN-PARCEL-000137,MORTGAGE_CHARGE,2022-06-18,2022-06-21,2022-07-18,2022-07-18,SYN-DOC-000137,SYN-CLAIM-000138,SYN-CLAIM-000139,SANCTIONED,3,MATCH
SYN-MUT-000138,SYN-PARCEL-000138,RELEASE,2023-07-19,2023-07-22,2023-08-19,2023-08-19,SYN-DOC-000138,SYN-CLAIM-000139,SYN-CLAIM-000140,SANCTIONED,1,MATCH
SYN-MUT-000139,SYN-PARCEL-000139,SALE_TRANSFER,2024-08-20,2024-08-23,2024-09-20,2024-09-20,SYN-DOC-000139,SYN-CLAIM-000140,SYN-CLAIM-000141,PENDING_OBJECTION,2,REVIEW_REQUIRED
SYN-MUT-000140,SYN-PARCEL-000140,INHERITANCE_SUCCESSION,2015-09-01,2015-09-04,2015-10-01,2015-10-01,SYN-DOC-000140,SYN-CLAIM-000141,SYN-CLAIM-000142,REJECTED,3,REVIEW_REQUIRED
SYN-MUT-000141,SYN-PARCEL-000141,PARTITION,2016-10-02,2016-10-05,2016-11-02,2016-11-02,SYN-DOC-000141,SYN-CLAIM-000142,SYN-CLAIM-000143,SANCTIONED,1,MATCH
SYN-MUT-000142,SYN-PARCEL-000142,CONVERSION,2017-11-03,2017-11-06,2017-12-03,2017-12-03,SYN-DOC-000142,SYN-CLAIM-000143,SYN-CLAIM-000144,SANCTIONED,2,MATCH
SYN-MUT-000143,SYN-PARCEL-000143,MORTGAGE_CHARGE,2018-12-04,2018-12-07,2018-12-04,2018-12-04,SYN-DOC-000143,SYN-CLAIM-000144,SYN-CLAIM-000145,SANCTIONED,3,MATCH
SYN-MUT-000144,SYN-PARCEL-000144,RELEASE,2019-01-05,2019-01-08,2019-02-05,2019-02-05,SYN-DOC-000144,SYN-CLAIM-000145,SYN-CLAIM-000146,PENDING_OBJECTION,1,REVIEW_REQUIRED
SYN-MUT-000145,SYN-PARCEL-000145,SALE_TRANSFER,2020-02-06,2020-02-09,2020-03-06,2020-03-06,SYN-DOC-000145,SYN-CLAIM-000146,SYN-CLAIM-000147,REJECTED,2,REVIEW_REQUIRED
SYN-MUT-000146,SYN-PARCEL-000146,INHERITANCE_SUCCESSION,2021-03-07,2021-03-10,2021-04-07,2021-04-07,SYN-DOC-000146,SYN-CLAIM-000147,SYN-CLAIM-000148,SANCTIONED,3,MATCH
SYN-MUT-000147,SYN-PARCEL-000147,PARTITION,2022-04-08,2022-04-11,2022-05-08,2022-05-08,SYN-DOC-000147,SYN-CLAIM-000148,SYN-CLAIM-000149,SANCTIONED,1,MATCH
SYN-MUT-000148,SYN-PARCEL-000148,CONVERSION,2023-05-09,2023-05-12,2023-06-09,2023-06-09,SYN-DOC-000148,SYN-CLAIM-000149,SYN-CLAIM-000150,SANCTIONED,2,MATCH
SYN-MUT-000149,SYN-PARCEL-000149,MORTGAGE_CHARGE,2024-06-10,2024-06-13,2024-07-10,2024-07-10,SYN-DOC-000149,SYN-CLAIM-000150,SYN-CLAIM-000151,PENDING_OBJECTION,3,REVIEW_REQUIRED
SYN-MUT-000150,SYN-PARCEL-000150,RELEASE,2015-07-11,2015-07-14,2014-07-11,2014-07-11,SYN-DOC-000150,SYN-CLAIM-000151,SYN-CLAIM-000152,REJECTED,1,CHRONOLOGY_CONFLICT
SYN-MUT-000151,SYN-PARCEL-000151,SALE_TRANSFER,2016-08-12,2016-08-15,2016-09-12,2016-09-12,SYN-DOC-000151,SYN-CLAIM-000152,SYN-CLAIM-000153,SANCTIONED,2,MATCH
SYN-MUT-000152,SYN-PARCEL-000152,INHERITANCE_SUCCESSION,2017-09-13,2017-09-16,2017-10-13,2017-10-13,SYN-DOC-000152,SYN-CLAIM-000153,SYN-CLAIM-000154,SANCTIONED,3,MATCH
SYN-MUT-000153,SYN-PARCEL-000153,PARTITION,2018-10-14,2018-10-17,2018-11-14,2018-11-14,SYN-DOC-000153,SYN-CLAIM-000154,SYN-CLAIM-000155,SANCTIONED,1,MATCH
SYN-MUT-000154,SYN-PARCEL-000154,CONVERSION,2019-11-15,2019-11-18,2019-12-15,2019-12-15,SYN-DOC-000154,SYN-CLAIM-000155,SYN-CLAIM-000156,PENDING_OBJECTION,2,REVIEW_REQUIRED
SYN-MUT-000155,SYN-PARCEL-000155,MORTGAGE_CHARGE,2020-12-16,2020-12-19,2020-12-16,2020-12-16,SYN-DOC-000155,SYN-CLAIM-000156,SYN-CLAIM-000157,REJECTED,3,REVIEW_REQUIRED
SYN-MUT-000156,SYN-PARCEL-000156,RELEASE,2021-01-17,2021-01-20,2021-02-17,2021-02-17,SYN-DOC-000156,SYN-CLAIM-000157,SYN-CLAIM-000158,SANCTIONED,1,MATCH
SYN-MUT-000157,SYN-PARCEL-000157,SALE_TRANSFER,2022-02-18,2022-02-21,2022-03-18,2022-03-18,SYN-DOC-000157,SYN-CLAIM-000158,SYN-CLAIM-000159,SANCTIONED,2,MATCH
SYN-MUT-000158,SYN-PARCEL-000158,INHERITANCE_SUCCESSION,2023-03-19,2023-03-22,2023-04-19,2023-04-19,SYN-DOC-000158,SYN-CLAIM-000159,SYN-CLAIM-000160,SANCTIONED,3,MATCH
SYN-MUT-000159,SYN-PARCEL-000159,PARTITION,2024-04-20,2024-04-23,2024-05-20,2024-05-20,SYN-DOC-000159,SYN-CLAIM-000160,SYN-CLAIM-000161,PENDING_OBJECTION,1,REVIEW_REQUIRED
SYN-MUT-000160,SYN-PARCEL-000160,CONVERSION,2015-05-01,2015-05-04,2015-06-01,2015-06-01,SYN-DOC-000160,SYN-CLAIM-000161,SYN-CLAIM-000162,REJECTED,2,REVIEW_REQUIRED
SYN-MUT-000161,SYN-PARCEL-000161,MORTGAGE_CHARGE,2016-06-02,2016-06-05,2016-07-02,2016-07-02,SYN-DOC-000161,SYN-CLAIM-000162,SYN-CLAIM-000163,SANCTIONED,3,MATCH
SYN-MUT-000162,SYN-PARCEL-000162,RELEASE,2017-07-03,2017-07-06,2017-08-03,2017-08-03,SYN-DOC-000162,SYN-CLAIM-000163,SYN-CLAIM-000164,SANCTIONED,1,MATCH
SYN-MUT-000163,SYN-PARCEL-000163,SALE_TRANSFER,2018-08-04,2018-08-07,2018-09-04,2018-09-04,SYN-DOC-000163,SYN-CLAIM-000164,SYN-CLAIM-000165,SANCTIONED,2,MATCH
SYN-MUT-000164,SYN-PARCEL-000164,INHERITANCE_SUCCESSION,2019-09-05,2019-09-08,2019-10-05,2019-10-05,SYN-DOC-000164,SYN-CLAIM-000165,SYN-CLAIM-000166,PENDING_OBJECTION,3,REVIEW_REQUIRED
SYN-MUT-000165,SYN-PARCEL-000165,PARTITION,2020-10-06,2020-10-09,2020-11-06,2020-11-06,SYN-DOC-000165,SYN-CLAIM-000166,SYN-CLAIM-000167,REJECTED,1,REVIEW_REQUIRED
SYN-MUT-000166,SYN-PARCEL-000166,CONVERSION,2021-11-07,2021-11-10,2021-12-07,2021-12-07,SYN-DOC-000166,SYN-CLAIM-000167,SYN-CLAIM-000168,SANCTIONED,2,MATCH
SYN-MUT-000167,SYN-PARCEL-000167,MORTGAGE_CHARGE,2022-12-08,2022-12-11,2022-12-08,2022-12-08,SYN-DOC-000167,SYN-CLAIM-000168,SYN-CLAIM-000169,SANCTIONED,3,MATCH
SYN-MUT-000168,SYN-PARCEL-000168,RELEASE,2023-01-09,2023-01-12,2023-02-09,2023-02-09,SYN-DOC-000168,SYN-CLAIM-000169,SYN-CLAIM-000170,SANCTIONED,1,MATCH
SYN-MUT-000169,SYN-PARCEL-000169,SALE_TRANSFER,2024-02-10,2024-02-13,2024-03-10,2024-03-10,SYN-DOC-000169,SYN-CLAIM-000170,SYN-CLAIM-000171,PENDING_OBJECTION,2,REVIEW_REQUIRED
SYN-MUT-000170,SYN-PARCEL-000170,INHERITANCE_SUCCESSION,2015-03-11,2015-03-14,2015-04-11,2015-04-11,SYN-DOC-000170,SYN-CLAIM-000171,SYN-CLAIM-000172,REJECTED,3,REVIEW_REQUIRED
SYN-MUT-000171,SYN-PARCEL-000171,PARTITION,2016-04-12,2016-04-15,2016-05-12,2016-05-12,SYN-DOC-000171,SYN-CLAIM-000172,SYN-CLAIM-000173,SANCTIONED,1,MATCH
SYN-MUT-000172,SYN-PARCEL-000172,CONVERSION,2017-05-13,2017-05-16,2017-06-13,2017-06-13,SYN-DOC-000172,SYN-CLAIM-000173,SYN-CLAIM-000174,SANCTIONED,2,MATCH
SYN-MUT-000173,SYN-PARCEL-000173,MORTGAGE_CHARGE,2018-06-14,2018-06-17,2018-07-14,2018-07-14,SYN-DOC-000173,SYN-CLAIM-000174,SYN-CLAIM-000175,SANCTIONED,3,MATCH
SYN-MUT-000174,SYN-PARCEL-000174,RELEASE,2019-07-15,2019-07-18,2019-08-15,2019-08-15,SYN-DOC-000174,SYN-CLAIM-000175,SYN-CLAIM-000176,PENDING_OBJECTION,1,REVIEW_REQUIRED
SYN-MUT-000175,SYN-PARCEL-000175,SALE_TRANSFER,2020-08-16,2020-08-19,2020-09-16,2020-09-16,SYN-DOC-000175,SYN-CLAIM-000176,SYN-CLAIM-000177,REJECTED,2,REVIEW_REQUIRED
SYN-MUT-000176,SYN-PARCEL-000176,INHERITANCE_SUCCESSION,2021-09-17,2021-09-20,2021-10-17,2021-10-17,SYN-DOC-000176,SYN-CLAIM-000177,SYN-CLAIM-000178,SANCTIONED,3,MATCH
SYN-MUT-000177,SYN-PARCEL-000177,PARTITION,2022-10-18,2022-10-21,2022-11-18,2022-11-18,SYN-DOC-000177,SYN-CLAIM-000178,SYN-CLAIM-000179,SANCTIONED,1,MATCH
SYN-MUT-000178,SYN-PARCEL-000178,CONVERSION,2023-11-19,2023-11-22,2023-12-19,2023-12-19,SYN-DOC-000178,SYN-CLAIM-000179,SYN-CLAIM-000180,SANCTIONED,2,MATCH
SYN-MUT-000179,SYN-PARCEL-000179,MORTGAGE_CHARGE,2024-12-20,2024-12-23,2024-12-20,2024-12-20,SYN-DOC-000179,SYN-CLAIM-000180,SYN-CLAIM-000181,PENDING_OBJECTION,3,REVIEW_REQUIRED
SYN-MUT-000180,SYN-PARCEL-000180,RELEASE,2015-01-01,2015-01-04,2015-02-01,2015-02-01,SYN-DOC-000180,SYN-CLAIM-000181,SYN-CLAIM-000182,REJECTED,1,REVIEW_REQUIRED
SYN-MUT-000181,SYN-PARCEL-000181,SALE_TRANSFER,2016-02-02,2016-02-05,2016-03-02,2016-03-02,SYN-DOC-000181,SYN-CLAIM-000182,SYN-CLAIM-000183,SANCTIONED,2,MATCH
SYN-MUT-000182,SYN-PARCEL-000182,INHERITANCE_SUCCESSION,2017-03-03,2017-03-06,2017-04-03,2017-04-03,SYN-DOC-000182,SYN-CLAIM-000183,SYN-CLAIM-000184,SANCTIONED,3,MATCH
SYN-MUT-000183,SYN-PARCEL-000183,PARTITION,2018-04-04,2018-04-07,2018-05-04,2018-05-04,SYN-DOC-000183,SYN-CLAIM-000184,SYN-CLAIM-000185,SANCTIONED,1,MATCH
SYN-MUT-000184,SYN-PARCEL-000184,CONVERSION,2019-05-05,2019-05-08,2019-06-05,2019-06-05,SYN-DOC-000184,SYN-CLAIM-000185,SYN-CLAIM-000186,PENDING_OBJECTION,2,REVIEW_REQUIRED
SYN-MUT-000185,SYN-PARCEL-000185,MORTGAGE_CHARGE,2020-06-06,2020-06-09,2020-07-06,2020-07-06,SYN-DOC-000185,SYN-CLAIM-000186,SYN-CLAIM-000187,REJECTED,3,REVIEW_REQUIRED
SYN-MUT-000186,SYN-PARCEL-000186,RELEASE,2021-07-07,2021-07-10,2021-08-07,2021-08-07,SYN-DOC-000186,SYN-CLAIM-000187,SYN-CLAIM-000188,SANCTIONED,1,MATCH
SYN-MUT-000187,SYN-PARCEL-000187,SALE_TRANSFER,2022-08-08,2022-08-11,2022-09-08,2022-09-08,SYN-DOC-000187,SYN-CLAIM-000188,SYN-CLAIM-000189,SANCTIONED,2,MATCH
SYN-MUT-000188,SYN-PARCEL-000188,INHERITANCE_SUCCESSION,2023-09-09,2023-09-12,2023-10-09,2023-10-09,SYN-DOC-000188,SYN-CLAIM-000189,SYN-CLAIM-000190,SANCTIONED,3,MATCH
SYN-MUT-000189,SYN-PARCEL-000189,PARTITION,2024-10-10,2024-10-13,2024-11-10,2024-11-10,SYN-DOC-000189,SYN-CLAIM-000190,SYN-CLAIM-000191,PENDING_OBJECTION,1,REVIEW_REQUIRED
SYN-MUT-000190,SYN-PARCEL-000190,CONVERSION,2015-11-11,2015-11-14,2015-12-11,2015-12-11,SYN-DOC-000190,SYN-CLAIM-000191,SYN-CLAIM-000192,REJECTED,2,REVIEW_REQUIRED
SYN-MUT-000191,SYN-PARCEL-000191,MORTGAGE_CHARGE,2016-12-12,2016-12-15,2016-12-12,2016-12-12,SYN-DOC-000191,SYN-CLAIM-000192,SYN-CLAIM-000193,SANCTIONED,3,MATCH
SYN-MUT-000192,SYN-PARCEL-000192,RELEASE,2017-01-13,2017-01-16,2017-02-13,2017-02-13,SYN-DOC-000192,SYN-CLAIM-000193,SYN-CLAIM-000194,SANCTIONED,1,MATCH
SYN-MUT-000193,SYN-PARCEL-000193,SALE_TRANSFER,2018-02-14,2018-02-17,2018-03-14,2018-03-14,SYN-DOC-000193,SYN-CLAIM-000194,SYN-CLAIM-000195,SANCTIONED,2,MATCH
SYN-MUT-000194,SYN-PARCEL-000194,INHERITANCE_SUCCESSION,2019-03-15,2019-03-18,2019-04-15,2019-04-15,SYN-DOC-000194,SYN-CLAIM-000195,SYN-CLAIM-000196,PENDING_OBJECTION,3,REVIEW_REQUIRED
SYN-MUT-000195,SYN-PARCEL-000195,PARTITION,2020-04-16,2020-04-19,2020-05-16,2020-05-16,SYN-DOC-000195,SYN-CLAIM-000196,SYN-CLAIM-000197,REJECTED,1,REVIEW_REQUIRED
SYN-MUT-000196,SYN-PARCEL-000196,CONVERSION,2021-05-17,2021-05-20,2021-06-17,2021-06-17,SYN-DOC-000196,SYN-CLAIM-000197,SYN-CLAIM-000198,SANCTIONED,2,MATCH
SYN-MUT-000197,SYN-PARCEL-000197,MORTGAGE_CHARGE,2022-06-18,2022-06-21,2022-07-18,2022-07-18,SYN-DOC-000197,SYN-CLAIM-000198,SYN-CLAIM-000199,SANCTIONED,3,MATCH
SYN-MUT-000198,SYN-PARCEL-000198,RELEASE,2023-07-19,2023-07-22,2023-08-19,2023-08-19,SYN-DOC-000198,SYN-CLAIM-000199,SYN-CLAIM-000200,SANCTIONED,1,MATCH
SYN-MUT-000199,SYN-PARCEL-000199,SALE_TRANSFER,2024-08-20,2024-08-23,2024-09-20,2024-09-20,SYN-DOC-000199,SYN-CLAIM-000200,SYN-CLAIM-000201,PENDING_OBJECTION,2,REVIEW_REQUIRED
SYN-MUT-000200,SYN-PARCEL-000200,INHERITANCE_SUCCESSION,2015-09-01,2015-09-04,2015-10-01,2015-10-01,SYN-DOC-000200,SYN-CLAIM-000201,SYN-CLAIM-000202,REJECTED,3,REVIEW_REQUIRED
SYN-MUT-000201,SYN-PARCEL-000201,PARTITION,2016-10-02,2016-10-05,2016-11-02,2016-11-02,SYN-DOC-000201,SYN-CLAIM-000202,SYN-CLAIM-000203,SANCTIONED,1,MATCH
SYN-MUT-000202,SYN-PARCEL-000202,CONVERSION,2017-11-03,2017-11-06,2017-12-03,2017-12-03,SYN-DOC-000202,SYN-CLAIM-000203,SYN-CLAIM-000204,SANCTIONED,2,MATCH
SYN-MUT-000203,SYN-PARCEL-000203,MORTGAGE_CHARGE,2018-12-04,2018-12-07,2018-12-04,2018-12-04,SYN-DOC-000203,SYN-CLAIM-000204,SYN-CLAIM-000205,SANCTIONED,3,MATCH
SYN-MUT-000204,SYN-PARCEL-000204,RELEASE,2019-01-05,2019-01-08,2019-02-05,2019-02-05,SYN-DOC-000204,SYN-CLAIM-000205,SYN-CLAIM-000206,PENDING_OBJECTION,1,REVIEW_REQUIRED
SYN-MUT-000205,SYN-PARCEL-000205,SALE_TRANSFER,2020-02-06,2020-02-09,2020-03-06,2020-03-06,SYN-DOC-000205,SYN-CLAIM-000206,SYN-CLAIM-000207,REJECTED,2,REVIEW_REQUIRED
SYN-MUT-000206,SYN-PARCEL-000206,INHERITANCE_SUCCESSION,2021-03-07,2021-03-10,2021-04-07,2021-04-07,SYN-DOC-000206,SYN-CLAIM-000207,SYN-CLAIM-000208,SANCTIONED,3,MATCH
SYN-MUT-000207,SYN-PARCEL-000207,PARTITION,2022-04-08,2022-04-11,2022-05-08,2022-05-08,SYN-DOC-000207,SYN-CLAIM-000208,SYN-CLAIM-000209,SANCTIONED,1,MATCH
SYN-MUT-000208,SYN-PARCEL-000208,CONVERSION,2023-05-09,2023-05-12,2023-06-09,2023-06-09,SYN-DOC-000208,SYN-CLAIM-000209,SYN-CLAIM-000210,SANCTIONED,2,MATCH
SYN-MUT-000209,SYN-PARCEL-000209,MORTGAGE_CHARGE,2024-06-10,2024-06-13,2024-07-10,2024-07-10,SYN-DOC-000209,SYN-CLAIM-000210,SYN-CLAIM-000211,PENDING_OBJECTION,3,REVIEW_REQUIRED
SYN-MUT-000210,SYN-PARCEL-000210,RELEASE,2015-07-11,2015-07-14,2015-08-11,2015-08-11,SYN-DOC-000210,SYN-CLAIM-000211,SYN-CLAIM-000212,REJECTED,1,REVIEW_REQUIRED
SYN-MUT-000211,SYN-PARCEL-000211,SALE_TRANSFER,2016-08-12,2016-08-15,2016-09-12,2016-09-12,SYN-DOC-000211,SYN-CLAIM-000212,SYN-CLAIM-000213,SANCTIONED,2,MATCH
SYN-MUT-000212,SYN-PARCEL-000212,INHERITANCE_SUCCESSION,2017-09-13,2017-09-16,2017-10-13,2017-10-13,SYN-DOC-000212,SYN-CLAIM-000213,SYN-CLAIM-000214,SANCTIONED,3,MATCH
SYN-MUT-000213,SYN-PARCEL-000213,PARTITION,2018-10-14,2018-10-17,2018-11-14,2018-11-14,SYN-DOC-000213,SYN-CLAIM-000214,SYN-CLAIM-000215,SANCTIONED,1,MATCH
SYN-MUT-000214,SYN-PARCEL-000214,CONVERSION,2019-11-15,2019-11-18,2019-12-15,2019-12-15,SYN-DOC-000214,SYN-CLAIM-000215,SYN-CLAIM-000216,PENDING_OBJECTION,2,REVIEW_REQUIRED
SYN-MUT-000215,SYN-PARCEL-000215,MORTGAGE_CHARGE,2020-12-16,2020-12-19,2020-12-16,2020-12-16,SYN-DOC-000215,SYN-CLAIM-000216,SYN-CLAIM-000217,REJECTED,3,REVIEW_REQUIRED
SYN-MUT-000216,SYN-PARCEL-000216,RELEASE,2021-01-17,2021-01-20,2021-02-17,2021-02-17,SYN-DOC-000216,SYN-CLAIM-000217,SYN-CLAIM-000218,SANCTIONED,1,MATCH
SYN-MUT-000217,SYN-PARCEL-000217,SALE_TRANSFER,2022-02-18,2022-02-21,2022-03-18,2022-03-18,SYN-DOC-000217,SYN-CLAIM-000218,SYN-CLAIM-000219,SANCTIONED,2,MATCH
SYN-MUT-000218,SYN-PARCEL-000218,INHERITANCE_SUCCESSION,2023-03-19,2023-03-22,2023-04-19,2023-04-19,SYN-DOC-000218,SYN-CLAIM-000219,SYN-CLAIM-000220,SANCTIONED,3,MATCH
SYN-MUT-000219,SYN-PARCEL-000219,PARTITION,2024-04-20,2024-04-23,2024-05-20,2024-05-20,SYN-DOC-000219,SYN-CLAIM-000220,SYN-CLAIM-000221,PENDING_OBJECTION,1,REVIEW_REQUIRED
SYN-MUT-000220,SYN-PARCEL-000220,CONVERSION,2015-05-01,2015-05-04,2015-06-01,2015-06-01,SYN-DOC-000220,SYN-CLAIM-000221,SYN-CLAIM-000222,REJECTED,2,REVIEW_REQUIRED
SYN-MUT-000221,SYN-PARCEL-000221,MORTGAGE_CHARGE,2016-06-02,2016-06-05,2016-07-02,2016-07-02,SYN-DOC-000221,SYN-CLAIM-000222,SYN-CLAIM-000223,SANCTIONED,3,MATCH
SYN-MUT-000222,SYN-PARCEL-000222,RELEASE,2017-07-03,2017-07-06,2017-08-03,2017-08-03,SYN-DOC-000222,SYN-CLAIM-000223,SYN-CLAIM-000224,SANCTIONED,1,MATCH
SYN-MUT-000223,SYN-PARCEL-000223,SALE_TRANSFER,2018-08-04,2018-08-07,2018-09-04,2018-09-04,SYN-DOC-000223,SYN-CLAIM-000224,SYN-CLAIM-000225,SANCTIONED,2,MATCH
SYN-MUT-000224,SYN-PARCEL-000224,INHERITANCE_SUCCESSION,2019-09-05,2019-09-08,2019-10-05,2019-10-05,SYN-DOC-000224,SYN-CLAIM-000225,SYN-CLAIM-000226,PENDING_OBJECTION,3,REVIEW_REQUIRED
SYN-MUT-000225,SYN-PARCEL-000225,PARTITION,2020-10-06,2020-10-09,2020-11-06,2020-11-06,SYN-DOC-000225,SYN-CLAIM-000226,SYN-CLAIM-000227,REJECTED,1,REVIEW_REQUIRED
SYN-MUT-000226,SYN-PARCEL-000226,CONVERSION,2021-11-07,2021-11-10,2021-12-07,2021-12-07,SYN-DOC-000226,SYN-CLAIM-000227,SYN-CLAIM-000228,SANCTIONED,2,MATCH
SYN-MUT-000227,SYN-PARCEL-000227,MORTGAGE_CHARGE,2022-12-08,2022-12-11,2022-12-08,2022-12-08,SYN-DOC-000227,SYN-CLAIM-000228,SYN-CLAIM-000229,SANCTIONED,3,MATCH
SYN-MUT-000228,SYN-PARCEL-000228,RELEASE,2023-01-09,2023-01-12,2023-02-09,2023-02-09,SYN-DOC-000228,SYN-CLAIM-000229,SYN-CLAIM-000230,SANCTIONED,1,MATCH
SYN-MUT-000229,SYN-PARCEL-000229,SALE_TRANSFER,2024-02-10,2024-02-13,2024-03-10,2024-03-10,SYN-DOC-000229,SYN-CLAIM-000230,SYN-CLAIM-000231,PENDING_OBJECTION,2,REVIEW_REQUIRED
SYN-MUT-000230,SYN-PARCEL-000230,INHERITANCE_SUCCESSION,2015-03-11,2015-03-14,2015-04-11,2015-04-11,SYN-DOC-000230,SYN-CLAIM-000231,SYN-CLAIM-000232,REJECTED,3,REVIEW_REQUIRED
SYN-MUT-000231,SYN-PARCEL-000231,PARTITION,2016-04-12,2016-04-15,2016-05-12,2016-05-12,SYN-DOC-000231,SYN-CLAIM-000232,SYN-CLAIM-000233,SANCTIONED,1,MATCH
SYN-MUT-000232,SYN-PARCEL-000232,CONVERSION,2017-05-13,2017-05-16,2017-06-13,2017-06-13,SYN-DOC-000232,SYN-CLAIM-000233,SYN-CLAIM-000234,SANCTIONED,2,MATCH
SYN-MUT-000233,SYN-PARCEL-000233,MORTGAGE_CHARGE,2018-06-14,2018-06-17,2018-07-14,2018-07-14,SYN-DOC-000233,SYN-CLAIM-000234,SYN-CLAIM-000235,SANCTIONED,3,MATCH
SYN-MUT-000234,SYN-PARCEL-000234,RELEASE,2019-07-15,2019-07-18,2019-08-15,2019-08-15,SYN-DOC-000234,SYN-CLAIM-000235,SYN-CLAIM-000236,PENDING_OBJECTION,1,REVIEW_REQUIRED
SYN-MUT-000235,SYN-PARCEL-000235,SALE_TRANSFER,2020-08-16,2020-08-19,2020-09-16,2020-09-16,SYN-DOC-000235,SYN-CLAIM-000236,SYN-CLAIM-000237,REJECTED,2,REVIEW_REQUIRED
SYN-MUT-000236,SYN-PARCEL-000236,INHERITANCE_SUCCESSION,2021-09-17,2021-09-20,2021-10-17,2021-10-17,SYN-DOC-000236,SYN-CLAIM-000237,SYN-CLAIM-000238,SANCTIONED,3,MATCH
SYN-MUT-000237,SYN-PARCEL-000237,PARTITION,2022-10-18,2022-10-21,2022-11-18,2022-11-18,SYN-DOC-000237,SYN-CLAIM-000238,SYN-CLAIM-000239,SANCTIONED,1,MATCH
SYN-MUT-000238,SYN-PARCEL-000238,CONVERSION,2023-11-19,2023-11-22,2023-12-19,2023-12-19,SYN-DOC-000238,SYN-CLAIM-000239,SYN-CLAIM-000240,SANCTIONED,2,MATCH
SYN-MUT-000239,SYN-PARCEL-000239,MORTGAGE_CHARGE,2024-12-20,2024-12-23,2024-12-20,2024-12-20,SYN-DOC-000239,SYN-CLAIM-000240,SYN-CLAIM-000241,PENDING_OBJECTION,3,REVIEW_REQUIRED
SYN-MUT-000240,SYN-PARCEL-000240,RELEASE,2015-01-01,2015-01-04,2015-02-01,2015-02-01,SYN-DOC-000240,SYN-CLAIM-000241,SYN-CLAIM-000242,REJECTED,1,REVIEW_REQUIRED
SYN-MUT-000241,SYN-PARCEL-000241,SALE_TRANSFER,2016-02-02,2016-02-05,2016-03-02,2016-03-02,SYN-DOC-000241,SYN-CLAIM-000242,SYN-CLAIM-000243,SANCTIONED,2,MATCH
SYN-MUT-000242,SYN-PARCEL-000242,INHERITANCE_SUCCESSION,2017-03-03,2017-03-06,2017-04-03,2017-04-03,SYN-DOC-000242,SYN-CLAIM-000243,SYN-CLAIM-000244,SANCTIONED,3,MATCH
SYN-MUT-000243,SYN-PARCEL-000243,PARTITION,2018-04-04,2018-04-07,2018-05-04,2018-05-04,SYN-DOC-000243,SYN-CLAIM-000244,SYN-CLAIM-000245,SANCTIONED,1,MATCH
SYN-MUT-000244,SYN-PARCEL-000244,CONVERSION,2019-05-05,2019-05-08,2019-06-05,2019-06-05,SYN-DOC-000244,SYN-CLAIM-000245,SYN-CLAIM-000246,PENDING_OBJECTION,2,REVIEW_REQUIRED
SYN-MUT-000245,SYN-PARCEL-000245,MORTGAGE_CHARGE,2020-06-06,2020-06-09,2020-07-06,2020-07-06,SYN-DOC-000245,SYN-CLAIM-000246,SYN-CLAIM-000247,REJECTED,3,REVIEW_REQUIRED
SYN-MUT-000246,SYN-PARCEL-000246,RELEASE,2021-07-07,2021-07-10,2021-08-07,2021-08-07,SYN-DOC-000246,SYN-CLAIM-000247,SYN-CLAIM-000248,SANCTIONED,1,MATCH
SYN-MUT-000247,SYN-PARCEL-000247,SALE_TRANSFER,2022-08-08,2022-08-11,2022-09-08,2022-09-08,SYN-DOC-000247,SYN-CLAIM-000248,SYN-CLAIM-000249,SANCTIONED,2,MATCH
SYN-MUT-000248,SYN-PARCEL-000248,INHERITANCE_SUCCESSION,2023-09-09,2023-09-12,2023-10-09,2023-10-09,SYN-DOC-000248,SYN-CLAIM-000249,SYN-CLAIM-000250,SANCTIONED,3,MATCH
SYN-MUT-000249,SYN-PARCEL-000249,PARTITION,2024-10-10,2024-10-13,2024-11-10,2024-11-10,SYN-DOC-000249,SYN-CLAIM-000250,SYN-CLAIM-000251,PENDING_OBJECTION,1,REVIEW_REQUIRED
SYN-MUT-000250,SYN-PARCEL-000250,CONVERSION,2015-11-11,2015-11-14,2015-12-11,2015-12-11,SYN-DOC-000250,SYN-CLAIM-000251,SYN-CLAIM-000252,REJECTED,2,REVIEW_REQUIRED
SYN-MUT-000251,SYN-PARCEL-000251,MORTGAGE_CHARGE,2016-12-12,2016-12-15,2016-12-12,2016-12-12,SYN-DOC-000251,SYN-CLAIM-000252,SYN-CLAIM-000253,SANCTIONED,3,MATCH
SYN-MUT-000252,SYN-PARCEL-000252,RELEASE,2017-01-13,2017-01-16,2017-02-13,2017-02-13,SYN-DOC-000252,SYN-CLAIM-000253,SYN-CLAIM-000254,SANCTIONED,1,MATCH
SYN-MUT-000253,SYN-PARCEL-000253,SALE_TRANSFER,2018-02-14,2018-02-17,2018-03-14,2018-03-14,SYN-DOC-000253,SYN-CLAIM-000254,SYN-CLAIM-000255,SANCTIONED,2,MATCH
SYN-MUT-000254,SYN-PARCEL-000254,INHERITANCE_SUCCESSION,2019-03-15,2019-03-18,2019-04-15,2019-04-15,SYN-DOC-000254,SYN-CLAIM-000255,SYN-CLAIM-000256,PENDING_OBJECTION,3,REVIEW_REQUIRED
SYN-MUT-000255,SYN-PARCEL-000255,PARTITION,2020-04-16,2020-04-19,2020-05-16,2020-05-16,SYN-DOC-000255,SYN-CLAIM-000256,SYN-CLAIM-000257,REJECTED,1,REVIEW_REQUIRED
SYN-MUT-000256,SYN-PARCEL-000256,CONVERSION,2021-05-17,2021-05-20,2021-06-17,2021-06-17,SYN-DOC-000256,SYN-CLAIM-000257,SYN-CLAIM-000258,SANCTIONED,2,MATCH
SYN-MUT-000257,SYN-PARCEL-000257,MORTGAGE_CHARGE,2022-06-18,2022-06-21,2022-07-18,2022-07-18,SYN-DOC-000257,SYN-CLAIM-000258,SYN-CLAIM-000259,SANCTIONED,3,MATCH
SYN-MUT-000258,SYN-PARCEL-000258,RELEASE,2023-07-19,2023-07-22,2023-08-19,2023-08-19,SYN-DOC-000258,SYN-CLAIM-000259,SYN-CLAIM-000260,SANCTIONED,1,MATCH
SYN-MUT-000259,SYN-PARCEL-000259,SALE_TRANSFER,2024-08-20,2024-08-23,2024-09-20,2024-09-20,SYN-DOC-000259,SYN-CLAIM-000260,SYN-CLAIM-000261,PENDING_OBJECTION,2,REVIEW_REQUIRED
SYN-MUT-000260,SYN-PARCEL-000260,INHERITANCE_SUCCESSION,2015-09-01,2015-09-04,2015-10-01,2015-10-01,SYN-DOC-000260,SYN-CLAIM-000261,SYN-CLAIM-000262,REJECTED,3,REVIEW_REQUIRED
SYN-MUT-000261,SYN-PARCEL-000261,PARTITION,2016-10-02,2016-10-05,2016-11-02,2016-11-02,SYN-DOC-000261,SYN-CLAIM-000262,SYN-CLAIM-000263,SANCTIONED,1,MATCH
SYN-MUT-000262,SYN-PARCEL-000262,CONVERSION,2017-11-03,2017-11-06,2017-12-03,2017-12-03,SYN-DOC-000262,SYN-CLAIM-000263,SYN-CLAIM-000264,SANCTIONED,2,MATCH
SYN-MUT-000263,SYN-PARCEL-000263,MORTGAGE_CHARGE,2018-12-04,2018-12-07,2018-12-04,2018-12-04,SYN-DOC-000263,SYN-CLAIM-000264,SYN-CLAIM-000265,SANCTIONED,3,MATCH
SYN-MUT-000264,SYN-PARCEL-000264,RELEASE,2019-01-05,2019-01-08,2019-02-05,2019-02-05,SYN-DOC-000264,SYN-CLAIM-000265,SYN-CLAIM-000266,PENDING_OBJECTION,1,REVIEW_REQUIRED
SYN-MUT-000265,SYN-PARCEL-000265,SALE_TRANSFER,2020-02-06,2020-02-09,2020-03-06,2020-03-06,SYN-DOC-000265,SYN-CLAIM-000266,SYN-CLAIM-000267,REJECTED,2,REVIEW_REQUIRED
SYN-MUT-000266,SYN-PARCEL-000266,INHERITANCE_SUCCESSION,2021-03-07,2021-03-10,2021-04-07,2021-04-07,SYN-DOC-000266,SYN-CLAIM-000267,SYN-CLAIM-000268,SANCTIONED,3,MATCH
SYN-MUT-000267,SYN-PARCEL-000267,PARTITION,2022-04-08,2022-04-11,2022-05-08,2022-05-08,SYN-DOC-000267,SYN-CLAIM-000268,SYN-CLAIM-000269,SANCTIONED,1,MATCH
SYN-MUT-000268,SYN-PARCEL-000268,CONVERSION,2023-05-09,2023-05-12,2023-06-09,2023-06-09,SYN-DOC-000268,SYN-CLAIM-000269,SYN-CLAIM-000270,SANCTIONED,2,MATCH
SYN-MUT-000269,SYN-PARCEL-000269,MORTGAGE_CHARGE,2024-06-10,2024-06-13,2024-07-10,2024-07-10,SYN-DOC-000269,SYN-CLAIM-000270,SYN-CLAIM-000271,PENDING_OBJECTION,3,REVIEW_REQUIRED
SYN-MUT-000270,SYN-PARCEL-000270,RELEASE,2015-07-11,2015-07-14,2015-08-11,2015-08-11,SYN-DOC-000270,SYN-CLAIM-000271,SYN-CLAIM-000272,REJECTED,1,REVIEW_REQUIRED
SYN-MUT-000271,SYN-PARCEL-000271,SALE_TRANSFER,2016-08-12,2016-08-15,2016-09-12,2016-09-12,SYN-DOC-000271,SYN-CLAIM-000272,SYN-CLAIM-000273,SANCTIONED,2,MATCH
SYN-MUT-000272,SYN-PARCEL-000272,INHERITANCE_SUCCESSION,2017-09-13,2017-09-16,2017-10-13,2017-10-13,SYN-DOC-000272,SYN-CLAIM-000273,SYN-CLAIM-000274,SANCTIONED,3,MATCH
SYN-MUT-000273,SYN-PARCEL-000273,PARTITION,2018-10-14,2018-10-17,2018-11-14,2018-11-14,SYN-DOC-000273,SYN-CLAIM-000274,SYN-CLAIM-000275,SANCTIONED,1,MATCH
SYN-MUT-000274,SYN-PARCEL-000274,CONVERSION,2019-11-15,2019-11-18,2019-12-15,2019-12-15,SYN-DOC-000274,SYN-CLAIM-000275,SYN-CLAIM-000276,PENDING_OBJECTION,2,REVIEW_REQUIRED
SYN-MUT-000275,SYN-PARCEL-000275,MORTGAGE_CHARGE,2020-12-16,2020-12-19,2020-12-16,2020-12-16,SYN-DOC-000275,SYN-CLAIM-000276,SYN-CLAIM-000277,REJECTED,3,REVIEW_REQUIRED
SYN-MUT-000276,SYN-PARCEL-000276,RELEASE,2021-01-17,2021-01-20,2021-02-17,2021-02-17,SYN-DOC-000276,SYN-CLAIM-000277,SYN-CLAIM-000278,SANCTIONED,1,MATCH
SYN-MUT-000277,SYN-PARCEL-000277,SALE_TRANSFER,2022-02-18,2022-02-21,2022-03-18,2022-03-18,SYN-DOC-000277,SYN-CLAIM-000278,SYN-CLAIM-000279,SANCTIONED,2,MATCH
SYN-MUT-000278,SYN-PARCEL-000278,INHERITANCE_SUCCESSION,2023-03-19,2023-03-22,2023-04-19,2023-04-19,SYN-DOC-000278,SYN-CLAIM-000279,SYN-CLAIM-000280,SANCTIONED,3,MATCH
SYN-MUT-000279,SYN-PARCEL-000279,PARTITION,2024-04-20,2024-04-23,2024-05-20,2024-05-20,SYN-DOC-000279,SYN-CLAIM-000280,SYN-CLAIM-000281,PENDING_OBJECTION,1,REVIEW_REQUIRED
SYN-MUT-000280,SYN-PARCEL-000280,CONVERSION,2015-05-01,2015-05-04,2015-06-01,2015-06-01,SYN-DOC-000280,SYN-CLAIM-000281,SYN-CLAIM-000282,REJECTED,2,REVIEW_REQUIRED
SYN-MUT-000281,SYN-PARCEL-000281,MORTGAGE_CHARGE,2016-06-02,2016-06-05,2016-07-02,2016-07-02,SYN-DOC-000281,SYN-CLAIM-000282,SYN-CLAIM-000283,SANCTIONED,3,MATCH
SYN-MUT-000282,SYN-PARCEL-000282,RELEASE,2017-07-03,2017-07-06,2017-08-03,2017-08-03,SYN-DOC-000282,SYN-CLAIM-000283,SYN-CLAIM-000284,SANCTIONED,1,MATCH
SYN-MUT-000283,SYN-PARCEL-000283,SALE_TRANSFER,2018-08-04,2018-08-07,2018-09-04,2018-09-04,SYN-DOC-000283,SYN-CLAIM-000284,SYN-CLAIM-000285,SANCTIONED,2,MATCH
SYN-MUT-000284,SYN-PARCEL-000284,INHERITANCE_SUCCESSION,2019-09-05,2019-09-08,2019-10-05,2019-10-05,SYN-DOC-000284,SYN-CLAIM-000285,SYN-CLAIM-000286,PENDING_OBJECTION,3,REVIEW_REQUIRED
SYN-MUT-000285,SYN-PARCEL-000285,PARTITION,2020-10-06,2020-10-09,2020-11-06,2020-11-06,SYN-DOC-000285,SYN-CLAIM-000286,SYN-CLAIM-000287,REJECTED,1,REVIEW_REQUIRED
SYN-MUT-000286,SYN-PARCEL-000286,CONVERSION,2021-11-07,2021-11-10,2021-12-07,2021-12-07,SYN-DOC-000286,SYN-CLAIM-000287,SYN-CLAIM-000288,SANCTIONED,2,MATCH
SYN-MUT-000287,SYN-PARCEL-000287,MORTGAGE_CHARGE,2022-12-08,2022-12-11,2022-12-08,2022-12-08,SYN-DOC-000287,SYN-CLAIM-000288,SYN-CLAIM-000289,SANCTIONED,3,MATCH
SYN-MUT-000288,SYN-PARCEL-000288,RELEASE,2023-01-09,2023-01-12,2023-02-09,2023-02-09,SYN-DOC-000288,SYN-CLAIM-000289,SYN-CLAIM-000290,SANCTIONED,1,MATCH
SYN-MUT-000289,SYN-PARCEL-000289,SALE_TRANSFER,2024-02-10,2024-02-13,2024-03-10,2024-03-10,SYN-DOC-000289,SYN-CLAIM-000290,SYN-CLAIM-000291,PENDING_OBJECTION,2,REVIEW_REQUIRED
SYN-MUT-000290,SYN-PARCEL-000290,INHERITANCE_SUCCESSION,2015-03-11,2015-03-14,2015-04-11,2015-04-11,SYN-DOC-000290,SYN-CLAIM-000291,SYN-CLAIM-000292,REJECTED,3,REVIEW_REQUIRED
SYN-MUT-000291,SYN-PARCEL-000291,PARTITION,2016-04-12,2016-04-15,2016-05-12,2016-05-12,SYN-DOC-000291,SYN-CLAIM-000292,SYN-CLAIM-000293,SANCTIONED,1,MATCH
SYN-MUT-000292,SYN-PARCEL-000292,CONVERSION,2017-05-13,2017-05-16,2017-06-13,2017-06-13,SYN-DOC-000292,SYN-CLAIM-000293,SYN-CLAIM-000294,SANCTIONED,2,MATCH
SYN-MUT-000293,SYN-PARCEL-000293,MORTGAGE_CHARGE,2018-06-14,2018-06-17,2018-07-14,2018-07-14,SYN-DOC-000293,SYN-CLAIM-000294,SYN-CLAIM-000295,SANCTIONED,3,MATCH
SYN-MUT-000294,SYN-PARCEL-000294,RELEASE,2019-07-15,2019-07-18,2019-08-15,2019-08-15,SYN-DOC-000294,SYN-CLAIM-000295,SYN-CLAIM-000296,PENDING_OBJECTION,1,REVIEW_REQUIRED
SYN-MUT-000295,SYN-PARCEL-000295,SALE_TRANSFER,2020-08-16,2020-08-19,2020-09-16,2020-09-16,SYN-DOC-000295,SYN-CLAIM-000296,SYN-CLAIM-000297,REJECTED,2,REVIEW_REQUIRED
SYN-MUT-000296,SYN-PARCEL-000296,INHERITANCE_SUCCESSION,2021-09-17,2021-09-20,2021-10-17,2021-10-17,SYN-DOC-000296,SYN-CLAIM-000297,SYN-CLAIM-000298,SANCTIONED,3,MATCH
SYN-MUT-000297,SYN-PARCEL-000297,PARTITION,2022-10-18,2022-10-21,2022-11-18,2022-11-18,SYN-DOC-000297,SYN-CLAIM-000298,SYN-CLAIM-000299,SANCTIONED,1,MATCH
SYN-MUT-000298,SYN-PARCEL-000298,CONVERSION,2023-11-19,2023-11-22,2023-12-19,2023-12-19,SYN-DOC-000298,SYN-CLAIM-000299,SYN-CLAIM-000300,SANCTIONED,2,MATCH
SYN-MUT-000299,SYN-PARCEL-000299,MORTGAGE_CHARGE,2024-12-20,2024-12-23,2024-12-20,2024-12-20,SYN-DOC-000299,SYN-CLAIM-000300,SYN-CLAIM-000301,PENDING_OBJECTION,3,REVIEW_REQUIRED
SYN-MUT-000300,SYN-PARCEL-000300,RELEASE,2015-01-01,2015-01-04,2014-01-01,2014-01-01,SYN-DOC-000300,SYN-CLAIM-000301,SYN-CLAIM-000302,REJECTED,1,CHRONOLOGY_CONFLICT
SYN-MUT-000301,SYN-PARCEL-000301,SALE_TRANSFER,2016-02-02,2016-02-05,2016-03-02,2016-03-02,SYN-DOC-000301,SYN-CLAIM-000302,SYN-CLAIM-000303,SANCTIONED,2,MATCH
SYN-MUT-000302,SYN-PARCEL-000302,INHERITANCE_SUCCESSION,2017-03-03,2017-03-06,2017-04-03,2017-04-03,SYN-DOC-000302,SYN-CLAIM-000303,SYN-CLAIM-000304,SANCTIONED,3,MATCH
SYN-MUT-000303,SYN-PARCEL-000303,PARTITION,2018-04-04,2018-04-07,2018-05-04,2018-05-04,SYN-DOC-000303,SYN-CLAIM-000304,SYN-CLAIM-000305,SANCTIONED,1,MATCH
SYN-MUT-000304,SYN-PARCEL-000304,CONVERSION,2019-05-05,2019-05-08,2019-06-05,2019-06-05,SYN-DOC-000304,SYN-CLAIM-000305,SYN-CLAIM-000306,PENDING_OBJECTION,2,REVIEW_REQUIRED
SYN-MUT-000305,SYN-PARCEL-000305,MORTGAGE_CHARGE,2020-06-06,2020-06-09,2020-07-06,2020-07-06,SYN-DOC-000305,SYN-CLAIM-000306,SYN-CLAIM-000307,REJECTED,3,REVIEW_REQUIRED
SYN-MUT-000306,SYN-PARCEL-000306,RELEASE,2021-07-07,2021-07-10,2021-08-07,2021-08-07,SYN-DOC-000306,SYN-CLAIM-000307,SYN-CLAIM-000308,SANCTIONED,1,MATCH
SYN-MUT-000307,SYN-PARCEL-000307,SALE_TRANSFER,2022-08-08,2022-08-11,2022-09-08,2022-09-08,SYN-DOC-000307,SYN-CLAIM-000308,SYN-CLAIM-000309,SANCTIONED,2,MATCH
SYN-MUT-000308,SYN-PARCEL-000308,INHERITANCE_SUCCESSION,2023-09-09,2023-09-12,2023-10-09,2023-10-09,SYN-DOC-000308,SYN-CLAIM-000309,SYN-CLAIM-000310,SANCTIONED,3,MATCH
SYN-MUT-000309,SYN-PARCEL-000309,PARTITION,2024-10-10,2024-10-13,2024-11-10,2024-11-10,SYN-DOC-000309,SYN-CLAIM-000310,SYN-CLAIM-000311,PENDING_OBJECTION,1,REVIEW_REQUIRED
SYN-MUT-000310,SYN-PARCEL-000310,CONVERSION,2015-11-11,2015-11-14,2015-12-11,2015-12-11,SYN-DOC-000310,SYN-CLAIM-000311,SYN-CLAIM-000312,REJECTED,2,REVIEW_REQUIRED
SYN-MUT-000311,SYN-PARCEL-000311,MORTGAGE_CHARGE,2016-12-12,2016-12-15,2016-12-12,2016-12-12,SYN-DOC-000311,SYN-CLAIM-000312,SYN-CLAIM-000313,SANCTIONED,3,MATCH
SYN-MUT-000312,SYN-PARCEL-000312,RELEASE,2017-01-13,2017-01-16,2017-02-13,2017-02-13,SYN-DOC-000312,SYN-CLAIM-000313,SYN-CLAIM-000314,SANCTIONED,1,MATCH
SYN-MUT-000313,SYN-PARCEL-000313,SALE_TRANSFER,2018-02-14,2018-02-17,2018-03-14,2018-03-14,SYN-DOC-000313,SYN-CLAIM-000314,SYN-CLAIM-000315,SANCTIONED,2,MATCH
SYN-MUT-000314,SYN-PARCEL-000314,INHERITANCE_SUCCESSION,2019-03-15,2019-03-18,2019-04-15,2019-04-15,SYN-DOC-000314,SYN-CLAIM-000315,SYN-CLAIM-000316,PENDING_OBJECTION,3,REVIEW_REQUIRED
SYN-MUT-000315,SYN-PARCEL-000315,PARTITION,2020-04-16,2020-04-19,2020-05-16,2020-05-16,SYN-DOC-000315,SYN-CLAIM-000316,SYN-CLAIM-000317,REJECTED,1,REVIEW_REQUIRED
SYN-MUT-000316,SYN-PARCEL-000316,CONVERSION,2021-05-17,2021-05-20,2021-06-17,2021-06-17,SYN-DOC-000316,SYN-CLAIM-000317,SYN-CLAIM-000318,SANCTIONED,2,MATCH
SYN-MUT-000317,SYN-PARCEL-000317,MORTGAGE_CHARGE,2022-06-18,2022-06-21,2022-07-18,2022-07-18,SYN-DOC-000317,SYN-CLAIM-000318,SYN-CLAIM-000319,SANCTIONED,3,MATCH
SYN-MUT-000318,SYN-PARCEL-000318,RELEASE,2023-07-19,2023-07-22,2023-08-19,2023-08-19,SYN-DOC-000318,SYN-CLAIM-000319,SYN-CLAIM-000320,SANCTIONED,1,MATCH
SYN-MUT-000319,SYN-PARCEL-000319,SALE_TRANSFER,2024-08-20,2024-08-23,2024-09-20,2024-09-20,SYN-DOC-000319,SYN-CLAIM-000320,SYN-CLAIM-000321,PENDING_OBJECTION,2,REVIEW_REQUIRED
SYN-MUT-000320,SYN-PARCEL-000320,INHERITANCE_SUCCESSION,2015-09-01,2015-09-04,2015-10-01,2015-10-01,SYN-DOC-000320,SYN-CLAIM-000321,SYN-CLAIM-000322,REJECTED,3,REVIEW_REQUIRED
SYN-MUT-000321,SYN-PARCEL-000321,PARTITION,2016-10-02,2016-10-05,2016-11-02,2016-11-02,SYN-DOC-000321,SYN-CLAIM-000322,SYN-CLAIM-000323,SANCTIONED,1,MATCH
SYN-MUT-000322,SYN-PARCEL-000322,CONVERSION,2017-11-03,2017-11-06,2017-12-03,2017-12-03,SYN-DOC-000322,SYN-CLAIM-000323,SYN-CLAIM-000324,SANCTIONED,2,MATCH
SYN-MUT-000323,SYN-PARCEL-000323,MORTGAGE_CHARGE,2018-12-04,2018-12-07,2018-12-04,2018-12-04,SYN-DOC-000323,SYN-CLAIM-000324,SYN-CLAIM-000325,SANCTIONED,3,MATCH
SYN-MUT-000324,SYN-PARCEL-000324,RELEASE,2019-01-05,2019-01-08,2019-02-05,2019-02-05,SYN-DOC-000324,SYN-CLAIM-000325,SYN-CLAIM-000326,PENDING_OBJECTION,1,REVIEW_REQUIRED
SYN-MUT-000325,SYN-PARCEL-000325,SALE_TRANSFER,2020-02-06,2020-02-09,2020-03-06,2020-03-06,SYN-DOC-000325,SYN-CLAIM-000326,SYN-CLAIM-000327,REJECTED,2,REVIEW_REQUIRED
SYN-MUT-000326,SYN-PARCEL-000326,INHERITANCE_SUCCESSION,2021-03-07,2021-03-10,2021-04-07,2021-04-07,SYN-DOC-000326,SYN-CLAIM-000327,SYN-CLAIM-000328,SANCTIONED,3,MATCH
SYN-MUT-000327,SYN-PARCEL-000327,PARTITION,2022-04-08,2022-04-11,2022-05-08,2022-05-08,SYN-DOC-000327,SYN-CLAIM-000328,SYN-CLAIM-000329,SANCTIONED,1,MATCH
SYN-MUT-000328,SYN-PARCEL-000328,CONVERSION,2023-05-09,2023-05-12,2023-06-09,2023-06-09,SYN-DOC-000328,SYN-CLAIM-000329,SYN-CLAIM-000330,SANCTIONED,2,MATCH
SYN-MUT-000329,SYN-PARCEL-000329,MORTGAGE_CHARGE,2024-06-10,2024-06-13,2024-07-10,2024-07-10,SYN-DOC-000329,SYN-CLAIM-000330,SYN-CLAIM-000331,PENDING_OBJECTION,3,REVIEW_REQUIRED
SYN-MUT-000330,SYN-PARCEL-000330,RELEASE,2015-07-11,2015-07-14,2015-08-11,2015-08-11,SYN-DOC-000330,SYN-CLAIM-000331,SYN-CLAIM-000332,REJECTED,1,REVIEW_REQUIRED
SYN-MUT-000331,SYN-PARCEL-000331,SALE_TRANSFER,2016-08-12,2016-08-15,2016-09-12,2016-09-12,SYN-DOC-000331,SYN-CLAIM-000332,SYN-CLAIM-000333,SANCTIONED,2,MATCH
SYN-MUT-000332,SYN-PARCEL-000332,INHERITANCE_SUCCESSION,2017-09-13,2017-09-16,2017-10-13,2017-10-13,SYN-DOC-000332,SYN-CLAIM-000333,SYN-CLAIM-000334,SANCTIONED,3,MATCH
SYN-MUT-000333,SYN-PARCEL-000333,PARTITION,2018-10-14,2018-10-17,2018-11-14,2018-11-14,SYN-DOC-000333,SYN-CLAIM-000334,SYN-CLAIM-000335,SANCTIONED,1,MATCH
SYN-MUT-000334,SYN-PARCEL-000334,CONVERSION,2019-11-15,2019-11-18,2019-12-15,2019-12-15,SYN-DOC-000334,SYN-CLAIM-000335,SYN-CLAIM-000336,PENDING_OBJECTION,2,REVIEW_REQUIRED
SYN-MUT-000335,SYN-PARCEL-000335,MORTGAGE_CHARGE,2020-12-16,2020-12-19,2020-12-16,2020-12-16,SYN-DOC-000335,SYN-CLAIM-000336,SYN-CLAIM-000337,REJECTED,3,REVIEW_REQUIRED
SYN-MUT-000336,SYN-PARCEL-000336,RELEASE,2021-01-17,2021-01-20,2021-02-17,2021-02-17,SYN-DOC-000336,SYN-CLAIM-000337,SYN-CLAIM-000338,SANCTIONED,1,MATCH
SYN-MUT-000337,SYN-PARCEL-000337,SALE_TRANSFER,2022-02-18,2022-02-21,2022-03-18,2022-03-18,SYN-DOC-000337,SYN-CLAIM-000338,SYN-CLAIM-000339,SANCTIONED,2,MATCH
SYN-MUT-000338,SYN-PARCEL-000338,INHERITANCE_SUCCESSION,2023-03-19,2023-03-22,2023-04-19,2023-04-19,SYN-DOC-000338,SYN-CLAIM-000339,SYN-CLAIM-000340,SANCTIONED,3,MATCH
SYN-MUT-000339,SYN-PARCEL-000339,PARTITION,2024-04-20,2024-04-23,2024-05-20,2024-05-20,SYN-DOC-000339,SYN-CLAIM-000340,SYN-CLAIM-000341,PENDING_OBJECTION,1,REVIEW_REQUIRED
SYN-MUT-000340,SYN-PARCEL-000340,CONVERSION,2015-05-01,2015-05-04,2015-06-01,2015-06-01,SYN-DOC-000340,SYN-CLAIM-000341,SYN-CLAIM-000342,REJECTED,2,REVIEW_REQUIRED
SYN-MUT-000341,SYN-PARCEL-000341,MORTGAGE_CHARGE,2016-06-02,2016-06-05,2016-07-02,2016-07-02,SYN-DOC-000341,SYN-CLAIM-000342,SYN-CLAIM-000343,SANCTIONED,3,MATCH
SYN-MUT-000342,SYN-PARCEL-000342,RELEASE,2017-07-03,2017-07-06,2017-08-03,2017-08-03,SYN-DOC-000342,SYN-CLAIM-000343,SYN-CLAIM-000344,SANCTIONED,1,MATCH
SYN-MUT-000343,SYN-PARCEL-000343,SALE_TRANSFER,2018-08-04,2018-08-07,2018-09-04,2018-09-04,SYN-DOC-000343,SYN-CLAIM-000344,SYN-CLAIM-000345,SANCTIONED,2,MATCH
SYN-MUT-000344,SYN-PARCEL-000344,INHERITANCE_SUCCESSION,2019-09-05,2019-09-08,2019-10-05,2019-10-05,SYN-DOC-000344,SYN-CLAIM-000345,SYN-CLAIM-000346,PENDING_OBJECTION,3,REVIEW_REQUIRED
SYN-MUT-000345,SYN-PARCEL-000345,PARTITION,2020-10-06,2020-10-09,2020-11-06,2020-11-06,SYN-DOC-000345,SYN-CLAIM-000346,SYN-CLAIM-000347,REJECTED,1,REVIEW_REQUIRED
SYN-MUT-000346,SYN-PARCEL-000346,CONVERSION,2021-11-07,2021-11-10,2021-12-07,2021-12-07,SYN-DOC-000346,SYN-CLAIM-000347,SYN-CLAIM-000348,SANCTIONED,2,MATCH
SYN-MUT-000347,SYN-PARCEL-000347,MORTGAGE_CHARGE,2022-12-08,2022-12-11,2022-12-08,2022-12-08,SYN-DOC-000347,SYN-CLAIM-000348,SYN-CLAIM-000349,SANCTIONED,3,MATCH
SYN-MUT-000348,SYN-PARCEL-000348,RELEASE,2023-01-09,2023-01-12,2023-02-09,2023-02-09,SYN-DOC-000348,SYN-CLAIM-000349,SYN-CLAIM-000350,SANCTIONED,1,MATCH
SYN-MUT-000349,SYN-PARCEL-000349,SALE_TRANSFER,2024-02-10,2024-02-13,2024-03-10,2024-03-10,SYN-DOC-000349,SYN-CLAIM-000350,SYN-CLAIM-000351,PENDING_OBJECTION,2,REVIEW_REQUIRED
SYN-MUT-000350,SYN-PARCEL-000350,INHERITANCE_SUCCESSION,2015-03-11,2015-03-14,2015-04-11,2015-04-11,SYN-DOC-000350,SYN-CLAIM-000351,SYN-CLAIM-000352,REJECTED,3,REVIEW_REQUIRED
SYN-MUT-000351,SYN-PARCEL-000351,PARTITION,2016-04-12,2016-04-15,2016-05-12,2016-05-12,SYN-DOC-000351,SYN-CLAIM-000352,SYN-CLAIM-000353,SANCTIONED,1,MATCH
SYN-MUT-000352,SYN-PARCEL-000352,CONVERSION,2017-05-13,2017-05-16,2017-06-13,2017-06-13,SYN-DOC-000352,SYN-CLAIM-000353,SYN-CLAIM-000354,SANCTIONED,2,MATCH
SYN-MUT-000353,SYN-PARCEL-000353,MORTGAGE_CHARGE,2018-06-14,2018-06-17,2018-07-14,2018-07-14,SYN-DOC-000353,SYN-CLAIM-000354,SYN-CLAIM-000355,SANCTIONED,3,MATCH
SYN-MUT-000354,SYN-PARCEL-000354,RELEASE,2019-07-15,2019-07-18,2019-08-15,2019-08-15,SYN-DOC-000354,SYN-CLAIM-000355,SYN-CLAIM-000356,PENDING_OBJECTION,1,REVIEW_REQUIRED
SYN-MUT-000355,SYN-PARCEL-000355,SALE_TRANSFER,2020-08-16,2020-08-19,2020-09-16,2020-09-16,SYN-DOC-000355,SYN-CLAIM-000356,SYN-CLAIM-000357,REJECTED,2,REVIEW_REQUIRED
SYN-MUT-000356,SYN-PARCEL-000356,INHERITANCE_SUCCESSION,2021-09-17,2021-09-20,2021-10-17,2021-10-17,SYN-DOC-000356,SYN-CLAIM-000357,SYN-CLAIM-000358,SANCTIONED,3,MATCH
SYN-MUT-000357,SYN-PARCEL-000357,PARTITION,2022-10-18,2022-10-21,2022-11-18,2022-11-18,SYN-DOC-000357,SYN-CLAIM-000358,SYN-CLAIM-000359,SANCTIONED,1,MATCH
SYN-MUT-000358,SYN-PARCEL-000358,CONVERSION,2023-11-19,2023-11-22,2023-12-19,2023-12-19,SYN-DOC-000358,SYN-CLAIM-000359,SYN-CLAIM-000360,SANCTIONED,2,MATCH
SYN-MUT-000359,SYN-PARCEL-000359,MORTGAGE_CHARGE,2024-12-20,2024-12-23,2024-12-20,2024-12-20,SYN-DOC-000359,SYN-CLAIM-000360,SYN-CLAIM-000361,PENDING_OBJECTION,3,REVIEW_REQUIRED
SYN-MUT-000360,SYN-PARCEL-000360,RELEASE,2015-01-01,2015-01-04,2015-02-01,2015-02-01,SYN-DOC-000360,SYN-CLAIM-000361,SYN-CLAIM-000362,REJECTED,1,REVIEW_REQUIRED
SYN-MUT-000361,SYN-PARCEL-000361,SALE_TRANSFER,2016-02-02,2016-02-05,2016-03-02,2016-03-02,SYN-DOC-000361,SYN-CLAIM-000362,SYN-CLAIM-000363,SANCTIONED,2,MATCH
SYN-MUT-000362,SYN-PARCEL-000362,INHERITANCE_SUCCESSION,2017-03-03,2017-03-06,2017-04-03,2017-04-03,SYN-DOC-000362,SYN-CLAIM-000363,SYN-CLAIM-000364,SANCTIONED,3,MATCH
SYN-MUT-000363,SYN-PARCEL-000363,PARTITION,2018-04-04,2018-04-07,2018-05-04,2018-05-04,SYN-DOC-000363,SYN-CLAIM-000364,SYN-CLAIM-000365,SANCTIONED,1,MATCH
SYN-MUT-000364,SYN-PARCEL-000364,CONVERSION,2019-05-05,2019-05-08,2019-06-05,2019-06-05,SYN-DOC-000364,SYN-CLAIM-000365,SYN-CLAIM-000366,PENDING_OBJECTION,2,REVIEW_REQUIRED
SYN-MUT-000365,SYN-PARCEL-000365,MORTGAGE_CHARGE,2020-06-06,2020-06-09,2020-07-06,2020-07-06,SYN-DOC-000365,SYN-CLAIM-000366,SYN-CLAIM-000367,REJECTED,3,REVIEW_REQUIRED
SYN-MUT-000366,SYN-PARCEL-000366,RELEASE,2021-07-07,2021-07-10,2021-08-07,2021-08-07,SYN-DOC-000366,SYN-CLAIM-000367,SYN-CLAIM-000368,SANCTIONED,1,MATCH
SYN-MUT-000367,SYN-PARCEL-000367,SALE_TRANSFER,2022-08-08,2022-08-11,2022-09-08,2022-09-08,SYN-DOC-000367,SYN-CLAIM-000368,SYN-CLAIM-000369,SANCTIONED,2,MATCH
SYN-MUT-000368,SYN-PARCEL-000368,INHERITANCE_SUCCESSION,2023-09-09,2023-09-12,2023-10-09,2023-10-09,SYN-DOC-000368,SYN-CLAIM-000369,SYN-CLAIM-000370,SANCTIONED,3,MATCH
SYN-MUT-000369,SYN-PARCEL-000369,PARTITION,2024-10-10,2024-10-13,2024-11-10,2024-11-10,SYN-DOC-000369,SYN-CLAIM-000370,SYN-CLAIM-000371,PENDING_OBJECTION,1,REVIEW_REQUIRED
SYN-MUT-000370,SYN-PARCEL-000370,CONVERSION,2015-11-11,2015-11-14,2015-12-11,2015-12-11,SYN-DOC-000370,SYN-CLAIM-000371,SYN-CLAIM-000372,REJECTED,2,REVIEW_REQUIRED
SYN-MUT-000371,SYN-PARCEL-000371,MORTGAGE_CHARGE,2016-12-12,2016-12-15,2016-12-12,2016-12-12,SYN-DOC-000371,SYN-CLAIM-000372,SYN-CLAIM-000373,SANCTIONED,3,MATCH
SYN-MUT-000372,SYN-PARCEL-000372,RELEASE,2017-01-13,2017-01-16,2017-02-13,2017-02-13,SYN-DOC-000372,SYN-CLAIM-000373,SYN-CLAIM-000374,SANCTIONED,1,MATCH
SYN-MUT-000373,SYN-PARCEL-000373,SALE_TRANSFER,2018-02-14,2018-02-17,2018-03-14,2018-03-14,SYN-DOC-000373,SYN-CLAIM-000374,SYN-CLAIM-000375,SANCTIONED,2,MATCH
SYN-MUT-000374,SYN-PARCEL-000374,INHERITANCE_SUCCESSION,2019-03-15,2019-03-18,2019-04-15,2019-04-15,SYN-DOC-000374,SYN-CLAIM-000375,SYN-CLAIM-000376,PENDING_OBJECTION,3,REVIEW_REQUIRED
SYN-MUT-000375,SYN-PARCEL-000375,PARTITION,2020-04-16,2020-04-19,2020-05-16,2020-05-16,SYN-DOC-000375,SYN-CLAIM-000376,SYN-CLAIM-000377,REJECTED,1,REVIEW_REQUIRED
SYN-MUT-000376,SYN-PARCEL-000376,CONVERSION,2021-05-17,2021-05-20,2021-06-17,2021-06-17,SYN-DOC-000376,SYN-CLAIM-000377,SYN-CLAIM-000378,SANCTIONED,2,MATCH
SYN-MUT-000377,SYN-PARCEL-000377,MORTGAGE_CHARGE,2022-06-18,2022-06-21,2022-07-18,2022-07-18,SYN-DOC-000377,SYN-CLAIM-000378,SYN-CLAIM-000379,SANCTIONED,3,MATCH
SYN-MUT-000378,SYN-PARCEL-000378,RELEASE,2023-07-19,2023-07-22,2023-08-19,2023-08-19,SYN-DOC-000378,SYN-CLAIM-000379,SYN-CLAIM-000380,SANCTIONED,1,MATCH
SYN-MUT-000379,SYN-PARCEL-000379,SALE_TRANSFER,2024-08-20,2024-08-23,2024-09-20,2024-09-20,SYN-DOC-000379,SYN-CLAIM-000380,SYN-CLAIM-000381,PENDING_OBJECTION,2,REVIEW_REQUIRED
SYN-MUT-000380,SYN-PARCEL-000380,INHERITANCE_SUCCESSION,2015-09-01,2015-09-04,2015-10-01,2015-10-01,SYN-DOC-000380,SYN-CLAIM-000381,SYN-CLAIM-000382,REJECTED,3,REVIEW_REQUIRED
SYN-MUT-000381,SYN-PARCEL-000381,PARTITION,2016-10-02,2016-10-05,2016-11-02,2016-11-02,SYN-DOC-000381,SYN-CLAIM-000382,SYN-CLAIM-000383,SANCTIONED,1,MATCH
SYN-MUT-000382,SYN-PARCEL-000382,CONVERSION,2017-11-03,2017-11-06,2017-12-03,2017-12-03,SYN-DOC-000382,SYN-CLAIM-000383,SYN-CLAIM-000384,SANCTIONED,2,MATCH
SYN-MUT-000383,SYN-PARCEL-000383,MORTGAGE_CHARGE,2018-12-04,2018-12-07,2018-12-04,2018-12-04,SYN-DOC-000383,SYN-CLAIM-000384,SYN-CLAIM-000385,SANCTIONED,3,MATCH
SYN-MUT-000384,SYN-PARCEL-000384,RELEASE,2019-01-05,2019-01-08,2019-02-05,2019-02-05,SYN-DOC-000384,SYN-CLAIM-000385,SYN-CLAIM-000386,PENDING_OBJECTION,1,REVIEW_REQUIRED
SYN-MUT-000385,SYN-PARCEL-000385,SALE_TRANSFER,2020-02-06,2020-02-09,2020-03-06,2020-03-06,SYN-DOC-000385,SYN-CLAIM-000386,SYN-CLAIM-000387,REJECTED,2,REVIEW_REQUIRED
SYN-MUT-000386,SYN-PARCEL-000386,INHERITANCE_SUCCESSION,2021-03-07,2021-03-10,2021-04-07,2021-04-07,SYN-DOC-000386,SYN-CLAIM-000387,SYN-CLAIM-000388,SANCTIONED,3,MATCH
SYN-MUT-000387,SYN-PARCEL-000387,PARTITION,2022-04-08,2022-04-11,2022-05-08,2022-05-08,SYN-DOC-000387,SYN-CLAIM-000388,SYN-CLAIM-000389,SANCTIONED,1,MATCH
SYN-MUT-000388,SYN-PARCEL-000388,CONVERSION,2023-05-09,2023-05-12,2023-06-09,2023-06-09,SYN-DOC-000388,SYN-CLAIM-000389,SYN-CLAIM-000390,SANCTIONED,2,MATCH
SYN-MUT-000389,SYN-PARCEL-000389,MORTGAGE_CHARGE,2024-06-10,2024-06-13,2024-07-10,2024-07-10,SYN-DOC-000389,SYN-CLAIM-000390,SYN-CLAIM-000391,PENDING_OBJECTION,3,REVIEW_REQUIRED
SYN-MUT-000390,SYN-PARCEL-000390,RELEASE,2015-07-11,2015-07-14,2015-08-11,2015-08-11,SYN-DOC-000390,SYN-CLAIM-000391,SYN-CLAIM-000392,REJECTED,1,REVIEW_REQUIRED
SYN-MUT-000391,SYN-PARCEL-000391,SALE_TRANSFER,2016-08-12,2016-08-15,2016-09-12,2016-09-12,SYN-DOC-000391,SYN-CLAIM-000392,SYN-CLAIM-000393,SANCTIONED,2,MATCH
SYN-MUT-000392,SYN-PARCEL-000392,INHERITANCE_SUCCESSION,2017-09-13,2017-09-16,2017-10-13,2017-10-13,SYN-DOC-000392,SYN-CLAIM-000393,SYN-CLAIM-000394,SANCTIONED,3,MATCH
SYN-MUT-000393,SYN-PARCEL-000393,PARTITION,2018-10-14,2018-10-17,2018-11-14,2018-11-14,SYN-DOC-000393,SYN-CLAIM-000394,SYN-CLAIM-000395,SANCTIONED,1,MATCH
SYN-MUT-000394,SYN-PARCEL-000394,CONVERSION,2019-11-15,2019-11-18,2019-12-15,2019-12-15,SYN-DOC-000394,SYN-CLAIM-000395,SYN-CLAIM-000396,PENDING_OBJECTION,2,REVIEW_REQUIRED
SYN-MUT-000395,SYN-PARCEL-000395,MORTGAGE_CHARGE,2020-12-16,2020-12-19,2020-12-16,2020-12-16,SYN-DOC-000395,SYN-CLAIM-000396,SYN-CLAIM-000397,REJECTED,3,REVIEW_REQUIRED
SYN-MUT-000396,SYN-PARCEL-000396,RELEASE,2021-01-17,2021-01-20,2021-02-17,2021-02-17,SYN-DOC-000396,SYN-CLAIM-000397,SYN-CLAIM-000398,SANCTIONED,1,MATCH
SYN-MUT-000397,SYN-PARCEL-000397,SALE_TRANSFER,2022-02-18,2022-02-21,2022-03-18,2022-03-18,SYN-DOC-000397,SYN-CLAIM-000398,SYN-CLAIM-000399,SANCTIONED,2,MATCH
SYN-MUT-000398,SYN-PARCEL-000398,INHERITANCE_SUCCESSION,2023-03-19,2023-03-22,2023-04-19,2023-04-19,SYN-DOC-000398,SYN-CLAIM-000399,SYN-CLAIM-000400,SANCTIONED,3,MATCH
SYN-MUT-000399,SYN-PARCEL-000399,PARTITION,2024-04-20,2024-04-23,2024-05-20,2024-05-20,SYN-DOC-000399,SYN-CLAIM-000400,SYN-CLAIM-000401,PENDING_OBJECTION,1,REVIEW_REQUIRED
SYN-MUT-000400,SYN-PARCEL-000400,CONVERSION,2015-05-01,2015-05-04,2015-06-01,2015-06-01,SYN-DOC-000400,SYN-CLAIM-000401,SYN-CLAIM-000402,REJECTED,2,REVIEW_REQUIRED
SYN-MUT-000401,SYN-PARCEL-000401,MORTGAGE_CHARGE,2016-06-02,2016-06-05,2016-07-02,2016-07-02,SYN-DOC-000401,SYN-CLAIM-000402,SYN-CLAIM-000403,SANCTIONED,3,MATCH
SYN-MUT-000402,SYN-PARCEL-000402,RELEASE,2017-07-03,2017-07-06,2017-08-03,2017-08-03,SYN-DOC-000402,SYN-CLAIM-000403,SYN-CLAIM-000404,SANCTIONED,1,MATCH
SYN-MUT-000403,SYN-PARCEL-000403,SALE_TRANSFER,2018-08-04,2018-08-07,2018-09-04,2018-09-04,SYN-DOC-000403,SYN-CLAIM-000404,SYN-CLAIM-000405,SANCTIONED,2,MATCH
SYN-MUT-000404,SYN-PARCEL-000404,INHERITANCE_SUCCESSION,2019-09-05,2019-09-08,2019-10-05,2019-10-05,SYN-DOC-000404,SYN-CLAIM-000405,SYN-CLAIM-000406,PENDING_OBJECTION,3,REVIEW_REQUIRED
SYN-MUT-000405,SYN-PARCEL-000405,PARTITION,2020-10-06,2020-10-09,2020-11-06,2020-11-06,SYN-DOC-000405,SYN-CLAIM-000406,SYN-CLAIM-000407,REJECTED,1,REVIEW_REQUIRED
SYN-MUT-000406,SYN-PARCEL-000406,CONVERSION,2021-11-07,2021-11-10,2021-12-07,2021-12-07,SYN-DOC-000406,SYN-CLAIM-000407,SYN-CLAIM-000408,SANCTIONED,2,MATCH
SYN-MUT-000407,SYN-PARCEL-000407,MORTGAGE_CHARGE,2022-12-08,2022-12-11,2022-12-08,2022-12-08,SYN-DOC-000407,SYN-CLAIM-000408,SYN-CLAIM-000409,SANCTIONED,3,MATCH
SYN-MUT-000408,SYN-PARCEL-000408,RELEASE,2023-01-09,2023-01-12,2023-02-09,2023-02-09,SYN-DOC-000408,SYN-CLAIM-000409,SYN-CLAIM-000410,SANCTIONED,1,MATCH
SYN-MUT-000409,SYN-PARCEL-000409,SALE_TRANSFER,2024-02-10,2024-02-13,2024-03-10,2024-03-10,SYN-DOC-000409,SYN-CLAIM-000410,SYN-CLAIM-000411,PENDING_OBJECTION,2,REVIEW_REQUIRED
SYN-MUT-000410,SYN-PARCEL-000410,INHERITANCE_SUCCESSION,2015-03-11,2015-03-14,2015-04-11,2015-04-11,SYN-DOC-000410,SYN-CLAIM-000411,SYN-CLAIM-000412,REJECTED,3,REVIEW_REQUIRED
SYN-MUT-000411,SYN-PARCEL-000411,PARTITION,2016-04-12,2016-04-15,2016-05-12,2016-05-12,SYN-DOC-000411,SYN-CLAIM-000412,SYN-CLAIM-000413,SANCTIONED,1,MATCH
SYN-MUT-000412,SYN-PARCEL-000412,CONVERSION,2017-05-13,2017-05-16,2017-06-13,2017-06-13,SYN-DOC-000412,SYN-CLAIM-000413,SYN-CLAIM-000414,SANCTIONED,2,MATCH
SYN-MUT-000413,SYN-PARCEL-000413,MORTGAGE_CHARGE,2018-06-14,2018-06-17,2018-07-14,2018-07-14,SYN-DOC-000413,SYN-CLAIM-000414,SYN-CLAIM-000415,SANCTIONED,3,MATCH
SYN-MUT-000414,SYN-PARCEL-000414,RELEASE,2019-07-15,2019-07-18,2019-08-15,2019-08-15,SYN-DOC-000414,SYN-CLAIM-000415,SYN-CLAIM-000416,PENDING_OBJECTION,1,REVIEW_REQUIRED
SYN-MUT-000415,SYN-PARCEL-000415,SALE_TRANSFER,2020-08-16,2020-08-19,2020-09-16,2020-09-16,SYN-DOC-000415,SYN-CLAIM-000416,SYN-CLAIM-000417,REJECTED,2,REVIEW_REQUIRED
SYN-MUT-000416,SYN-PARCEL-000416,INHERITANCE_SUCCESSION,2021-09-17,2021-09-20,2021-10-17,2021-10-17,SYN-DOC-000416,SYN-CLAIM-000417,SYN-CLAIM-000418,SANCTIONED,3,MATCH
SYN-MUT-000417,SYN-PARCEL-000417,PARTITION,2022-10-18,2022-10-21,2022-11-18,2022-11-18,SYN-DOC-000417,SYN-CLAIM-000418,SYN-CLAIM-000419,SANCTIONED,1,MATCH
SYN-MUT-000418,SYN-PARCEL-000418,CONVERSION,2023-11-19,2023-11-22,2023-12-19,2023-12-19,SYN-DOC-000418,SYN-CLAIM-000419,SYN-CLAIM-000420,SANCTIONED,2,MATCH
SYN-MUT-000419,SYN-PARCEL-000419,MORTGAGE_CHARGE,2024-12-20,2024-12-23,2024-12-20,2024-12-20,SYN-DOC-000419,SYN-CLAIM-000420,SYN-CLAIM-000421,PENDING_OBJECTION,3,REVIEW_REQUIRED
SYN-MUT-000420,SYN-PARCEL-000420,RELEASE,2015-01-01,2015-01-04,2015-02-01,2015-02-01,SYN-DOC-000420,SYN-CLAIM-000421,SYN-CLAIM-000422,REJECTED,1,REVIEW_REQUIRED
SYN-MUT-000421,SYN-PARCEL-000421,SALE_TRANSFER,2016-02-02,2016-02-05,2016-03-02,2016-03-02,SYN-DOC-000421,SYN-CLAIM-000422,SYN-CLAIM-000423,SANCTIONED,2,MATCH
SYN-MUT-000422,SYN-PARCEL-000422,INHERITANCE_SUCCESSION,2017-03-03,2017-03-06,2017-04-03,2017-04-03,SYN-DOC-000422,SYN-CLAIM-000423,SYN-CLAIM-000424,SANCTIONED,3,MATCH
SYN-MUT-000423,SYN-PARCEL-000423,PARTITION,2018-04-04,2018-04-07,2018-05-04,2018-05-04,SYN-DOC-000423,SYN-CLAIM-000424,SYN-CLAIM-000425,SANCTIONED,1,MATCH
SYN-MUT-000424,SYN-PARCEL-000424,CONVERSION,2019-05-05,2019-05-08,2019-06-05,2019-06-05,SYN-DOC-000424,SYN-CLAIM-000425,SYN-CLAIM-000426,PENDING_OBJECTION,2,REVIEW_REQUIRED
SYN-MUT-000425,SYN-PARCEL-000425,MORTGAGE_CHARGE,2020-06-06,2020-06-09,2020-07-06,2020-07-06,SYN-DOC-000425,SYN-CLAIM-000426,SYN-CLAIM-000427,REJECTED,3,REVIEW_REQUIRED
SYN-MUT-000426,SYN-PARCEL-000426,RELEASE,2021-07-07,2021-07-10,2021-08-07,2021-08-07,SYN-DOC-000426,SYN-CLAIM-000427,SYN-CLAIM-000428,SANCTIONED,1,MATCH
SYN-MUT-000427,SYN-PARCEL-000427,SALE_TRANSFER,2022-08-08,2022-08-11,2022-09-08,2022-09-08,SYN-DOC-000427,SYN-CLAIM-000428,SYN-CLAIM-000429,SANCTIONED,2,MATCH
SYN-MUT-000428,SYN-PARCEL-000428,INHERITANCE_SUCCESSION,2023-09-09,2023-09-12,2023-10-09,2023-10-09,SYN-DOC-000428,SYN-CLAIM-000429,SYN-CLAIM-000430,SANCTIONED,3,MATCH
SYN-MUT-000429,SYN-PARCEL-000429,PARTITION,2024-10-10,2024-10-13,2024-11-10,2024-11-10,SYN-DOC-000429,SYN-CLAIM-000430,SYN-CLAIM-000431,PENDING_OBJECTION,1,REVIEW_REQUIRED
SYN-MUT-000430,SYN-PARCEL-000430,CONVERSION,2015-11-11,2015-11-14,2015-12-11,2015-12-11,SYN-DOC-000430,SYN-CLAIM-000431,SYN-CLAIM-000432,REJECTED,2,REVIEW_REQUIRED
SYN-MUT-000431,SYN-PARCEL-000431,MORTGAGE_CHARGE,2016-12-12,2016-12-15,2016-12-12,2016-12-12,SYN-DOC-000431,SYN-CLAIM-000432,SYN-CLAIM-000433,SANCTIONED,3,MATCH
SYN-MUT-000432,SYN-PARCEL-000432,RELEASE,2017-01-13,2017-01-16,2017-02-13,2017-02-13,SYN-DOC-000432,SYN-CLAIM-000433,SYN-CLAIM-000434,SANCTIONED,1,MATCH
SYN-MUT-000433,SYN-PARCEL-000433,SALE_TRANSFER,2018-02-14,2018-02-17,2018-03-14,2018-03-14,SYN-DOC-000433,SYN-CLAIM-000434,SYN-CLAIM-000435,SANCTIONED,2,MATCH
SYN-MUT-000434,SYN-PARCEL-000434,INHERITANCE_SUCCESSION,2019-03-15,2019-03-18,2019-04-15,2019-04-15,SYN-DOC-000434,SYN-CLAIM-000435,SYN-CLAIM-000436,PENDING_OBJECTION,3,REVIEW_REQUIRED
SYN-MUT-000435,SYN-PARCEL-000435,PARTITION,2020-04-16,2020-04-19,2020-05-16,2020-05-16,SYN-DOC-000435,SYN-CLAIM-000436,SYN-CLAIM-000437,REJECTED,1,REVIEW_REQUIRED
SYN-MUT-000436,SYN-PARCEL-000436,CONVERSION,2021-05-17,2021-05-20,2021-06-17,2021-06-17,SYN-DOC-000436,SYN-CLAIM-000437,SYN-CLAIM-000438,SANCTIONED,2,MATCH
SYN-MUT-000437,SYN-PARCEL-000437,MORTGAGE_CHARGE,2022-06-18,2022-06-21,2022-07-18,2022-07-18,SYN-DOC-000437,SYN-CLAIM-000438,SYN-CLAIM-000439,SANCTIONED,3,MATCH
SYN-MUT-000438,SYN-PARCEL-000438,RELEASE,2023-07-19,2023-07-22,2023-08-19,2023-08-19,SYN-DOC-000438,SYN-CLAIM-000439,SYN-CLAIM-000440,SANCTIONED,1,MATCH
SYN-MUT-000439,SYN-PARCEL-000439,SALE_TRANSFER,2024-08-20,2024-08-23,2024-09-20,2024-09-20,SYN-DOC-000439,SYN-CLAIM-000440,SYN-CLAIM-000441,PENDING_OBJECTION,2,REVIEW_REQUIRED
SYN-MUT-000440,SYN-PARCEL-000440,INHERITANCE_SUCCESSION,2015-09-01,2015-09-04,2015-10-01,2015-10-01,SYN-DOC-000440,SYN-CLAIM-000441,SYN-CLAIM-000442,REJECTED,3,REVIEW_REQUIRED
SYN-MUT-000441,SYN-PARCEL-000441,PARTITION,2016-10-02,2016-10-05,2016-11-02,2016-11-02,SYN-DOC-000441,SYN-CLAIM-000442,SYN-CLAIM-000443,SANCTIONED,1,MATCH
SYN-MUT-000442,SYN-PARCEL-000442,CONVERSION,2017-11-03,2017-11-06,2017-12-03,2017-12-03,SYN-DOC-000442,SYN-CLAIM-000443,SYN-CLAIM-000444,SANCTIONED,2,MATCH
SYN-MUT-000443,SYN-PARCEL-000443,MORTGAGE_CHARGE,2018-12-04,2018-12-07,2018-12-04,2018-12-04,SYN-DOC-000443,SYN-CLAIM-000444,SYN-CLAIM-000445,SANCTIONED,3,MATCH
SYN-MUT-000444,SYN-PARCEL-000444,RELEASE,2019-01-05,2019-01-08,2019-02-05,2019-02-05,SYN-DOC-000444,SYN-CLAIM-000445,SYN-CLAIM-000446,PENDING_OBJECTION,1,REVIEW_REQUIRED
SYN-MUT-000445,SYN-PARCEL-000445,SALE_TRANSFER,2020-02-06,2020-02-09,2020-03-06,2020-03-06,SYN-DOC-000445,SYN-CLAIM-000446,SYN-CLAIM-000447,REJECTED,2,REVIEW_REQUIRED
SYN-MUT-000446,SYN-PARCEL-000446,INHERITANCE_SUCCESSION,2021-03-07,2021-03-10,2021-04-07,2021-04-07,SYN-DOC-000446,SYN-CLAIM-000447,SYN-CLAIM-000448,SANCTIONED,3,MATCH
SYN-MUT-000447,SYN-PARCEL-000447,PARTITION,2022-04-08,2022-04-11,2022-05-08,2022-05-08,SYN-DOC-000447,SYN-CLAIM-000448,SYN-CLAIM-000449,SANCTIONED,1,MATCH
SYN-MUT-000448,SYN-PARCEL-000448,CONVERSION,2023-05-09,2023-05-12,2023-06-09,2023-06-09,SYN-DOC-000448,SYN-CLAIM-000449,SYN-CLAIM-000450,SANCTIONED,2,MATCH
SYN-MUT-000449,SYN-PARCEL-000449,MORTGAGE_CHARGE,2024-06-10,2024-06-13,2024-07-10,2024-07-10,SYN-DOC-000449,SYN-CLAIM-000450,SYN-CLAIM-000451,PENDING_OBJECTION,3,REVIEW_REQUIRED
SYN-MUT-000450,SYN-PARCEL-000450,RELEASE,2015-07-11,2015-07-14,2014-07-11,2014-07-11,SYN-DOC-000450,SYN-CLAIM-000451,SYN-CLAIM-000452,REJECTED,1,CHRONOLOGY_CONFLICT
SYN-MUT-000451,SYN-PARCEL-000451,SALE_TRANSFER,2016-08-12,2016-08-15,2016-09-12,2016-09-12,SYN-DOC-000451,SYN-CLAIM-000452,SYN-CLAIM-000453,SANCTIONED,2,MATCH
SYN-MUT-000452,SYN-PARCEL-000452,INHERITANCE_SUCCESSION,2017-09-13,2017-09-16,2017-10-13,2017-10-13,SYN-DOC-000452,SYN-CLAIM-000453,SYN-CLAIM-000454,SANCTIONED,3,MATCH
SYN-MUT-000453,SYN-PARCEL-000453,PARTITION,2018-10-14,2018-10-17,2018-11-14,2018-11-14,SYN-DOC-000453,SYN-CLAIM-000454,SYN-CLAIM-000455,SANCTIONED,1,MATCH
SYN-MUT-000454,SYN-PARCEL-000454,CONVERSION,2019-11-15,2019-11-18,2019-12-15,2019-12-15,SYN-DOC-000454,SYN-CLAIM-000455,SYN-CLAIM-000456,PENDING_OBJECTION,2,REVIEW_REQUIRED
SYN-MUT-000455,SYN-PARCEL-000455,MORTGAGE_CHARGE,2020-12-16,2020-12-19,2020-12-16,2020-12-16,SYN-DOC-000455,SYN-CLAIM-000456,SYN-CLAIM-000457,REJECTED,3,REVIEW_REQUIRED
SYN-MUT-000456,SYN-PARCEL-000456,RELEASE,2021-01-17,2021-01-20,2021-02-17,2021-02-17,SYN-DOC-000456,SYN-CLAIM-000457,SYN-CLAIM-000458,SANCTIONED,1,MATCH
SYN-MUT-000457,SYN-PARCEL-000457,SALE_TRANSFER,2022-02-18,2022-02-21,2022-03-18,2022-03-18,SYN-DOC-000457,SYN-CLAIM-000458,SYN-CLAIM-000459,SANCTIONED,2,MATCH
SYN-MUT-000458,SYN-PARCEL-000458,INHERITANCE_SUCCESSION,2023-03-19,2023-03-22,2023-04-19,2023-04-19,SYN-DOC-000458,SYN-CLAIM-000459,SYN-CLAIM-000460,SANCTIONED,3,MATCH
SYN-MUT-000459,SYN-PARCEL-000459,PARTITION,2024-04-20,2024-04-23,2024-05-20,2024-05-20,SYN-DOC-000459,SYN-CLAIM-000460,SYN-CLAIM-000461,PENDING_OBJECTION,1,REVIEW_REQUIRED
SYN-MUT-000460,SYN-PARCEL-000460,CONVERSION,2015-05-01,2015-05-04,2015-06-01,2015-06-01,SYN-DOC-000460,SYN-CLAIM-000461,SYN-CLAIM-000462,REJECTED,2,REVIEW_REQUIRED
SYN-MUT-000461,SYN-PARCEL-000461,MORTGAGE_CHARGE,2016-06-02,2016-06-05,2016-07-02,2016-07-02,SYN-DOC-000461,SYN-CLAIM-000462,SYN-CLAIM-000463,SANCTIONED,3,MATCH
SYN-MUT-000462,SYN-PARCEL-000462,RELEASE,2017-07-03,2017-07-06,2017-08-03,2017-08-03,SYN-DOC-000462,SYN-CLAIM-000463,SYN-CLAIM-000464,SANCTIONED,1,MATCH
SYN-MUT-000463,SYN-PARCEL-000463,SALE_TRANSFER,2018-08-04,2018-08-07,2018-09-04,2018-09-04,SYN-DOC-000463,SYN-CLAIM-000464,SYN-CLAIM-000465,SANCTIONED,2,MATCH
SYN-MUT-000464,SYN-PARCEL-000464,INHERITANCE_SUCCESSION,2019-09-05,2019-09-08,2019-10-05,2019-10-05,SYN-DOC-000464,SYN-CLAIM-000465,SYN-CLAIM-000466,PENDING_OBJECTION,3,REVIEW_REQUIRED
SYN-MUT-000465,SYN-PARCEL-000465,PARTITION,2020-10-06,2020-10-09,2020-11-06,2020-11-06,SYN-DOC-000465,SYN-CLAIM-000466,SYN-CLAIM-000467,REJECTED,1,REVIEW_REQUIRED
SYN-MUT-000466,SYN-PARCEL-000466,CONVERSION,2021-11-07,2021-11-10,2021-12-07,2021-12-07,SYN-DOC-000466,SYN-CLAIM-000467,SYN-CLAIM-000468,SANCTIONED,2,MATCH
SYN-MUT-000467,SYN-PARCEL-000467,MORTGAGE_CHARGE,2022-12-08,2022-12-11,2022-12-08,2022-12-08,SYN-DOC-000467,SYN-CLAIM-000468,SYN-CLAIM-000469,SANCTIONED,3,MATCH
SYN-MUT-000468,SYN-PARCEL-000468,RELEASE,2023-01-09,2023-01-12,2023-02-09,2023-02-09,SYN-DOC-000468,SYN-CLAIM-000469,SYN-CLAIM-000470,SANCTIONED,1,MATCH
SYN-MUT-000469,SYN-PARCEL-000469,SALE_TRANSFER,2024-02-10,2024-02-13,2024-03-10,2024-03-10,SYN-DOC-000469,SYN-CLAIM-000470,SYN-CLAIM-000471,PENDING_OBJECTION,2,REVIEW_REQUIRED
SYN-MUT-000470,SYN-PARCEL-000470,INHERITANCE_SUCCESSION,2015-03-11,2015-03-14,2015-04-11,2015-04-11,SYN-DOC-000470,SYN-CLAIM-000471,SYN-CLAIM-000472,REJECTED,3,REVIEW_REQUIRED
SYN-MUT-000471,SYN-PARCEL-000471,PARTITION,2016-04-12,2016-04-15,2016-05-12,2016-05-12,SYN-DOC-000471,SYN-CLAIM-000472,SYN-CLAIM-000473,SANCTIONED,1,MATCH
SYN-MUT-000472,SYN-PARCEL-000472,CONVERSION,2017-05-13,2017-05-16,2017-06-13,2017-06-13,SYN-DOC-000472,SYN-CLAIM-000473,SYN-CLAIM-000474,SANCTIONED,2,MATCH
SYN-MUT-000473,SYN-PARCEL-000473,MORTGAGE_CHARGE,2018-06-14,2018-06-17,2018-07-14,2018-07-14,SYN-DOC-000473,SYN-CLAIM-000474,SYN-CLAIM-000475,SANCTIONED,3,MATCH
SYN-MUT-000474,SYN-PARCEL-000474,RELEASE,2019-07-15,2019-07-18,2019-08-15,2019-08-15,SYN-DOC-000474,SYN-CLAIM-000475,SYN-CLAIM-000476,PENDING_OBJECTION,1,REVIEW_REQUIRED
SYN-MUT-000475,SYN-PARCEL-000475,SALE_TRANSFER,2020-08-16,2020-08-19,2020-09-16,2020-09-16,SYN-DOC-000475,SYN-CLAIM-000476,SYN-CLAIM-000477,REJECTED,2,REVIEW_REQUIRED
SYN-MUT-000476,SYN-PARCEL-000476,INHERITANCE_SUCCESSION,2021-09-17,2021-09-20,2021-10-17,2021-10-17,SYN-DOC-000476,SYN-CLAIM-000477,SYN-CLAIM-000478,SANCTIONED,3,MATCH
SYN-MUT-000477,SYN-PARCEL-000477,PARTITION,2022-10-18,2022-10-21,2022-11-18,2022-11-18,SYN-DOC-000477,SYN-CLAIM-000478,SYN-CLAIM-000479,SANCTIONED,1,MATCH
SYN-MUT-000478,SYN-PARCEL-000478,CONVERSION,2023-11-19,2023-11-22,2023-12-19,2023-12-19,SYN-DOC-000478,SYN-CLAIM-000479,SYN-CLAIM-000480,SANCTIONED,2,MATCH
SYN-MUT-000479,SYN-PARCEL-000479,MORTGAGE_CHARGE,2024-12-20,2024-12-23,2024-12-20,2024-12-20,SYN-DOC-000479,SYN-CLAIM-000480,SYN-CLAIM-000481,PENDING_OBJECTION,3,REVIEW_REQUIRED
SYN-MUT-000480,SYN-PARCEL-000480,RELEASE,2015-01-01,2015-01-04,2015-02-01,2015-02-01,SYN-DOC-000480,SYN-CLAIM-000481,SYN-CLAIM-000482,REJECTED,1,REVIEW_REQUIRED
SYN-MUT-000481,SYN-PARCEL-000481,SALE_TRANSFER,2016-02-02,2016-02-05,2016-03-02,2016-03-02,SYN-DOC-000481,SYN-CLAIM-000482,SYN-CLAIM-000483,SANCTIONED,2,MATCH
SYN-MUT-000482,SYN-PARCEL-000482,INHERITANCE_SUCCESSION,2017-03-03,2017-03-06,2017-04-03,2017-04-03,SYN-DOC-000482,SYN-CLAIM-000483,SYN-CLAIM-000484,SANCTIONED,3,MATCH
SYN-MUT-000483,SYN-PARCEL-000483,PARTITION,2018-04-04,2018-04-07,2018-05-04,2018-05-04,SYN-DOC-000483,SYN-CLAIM-000484,SYN-CLAIM-000485,SANCTIONED,1,MATCH
SYN-MUT-000484,SYN-PARCEL-000484,CONVERSION,2019-05-05,2019-05-08,2019-06-05,2019-06-05,SYN-DOC-000484,SYN-CLAIM-000485,SYN-CLAIM-000486,PENDING_OBJECTION,2,REVIEW_REQUIRED
SYN-MUT-000485,SYN-PARCEL-000485,MORTGAGE_CHARGE,2020-06-06,2020-06-09,2020-07-06,2020-07-06,SYN-DOC-000485,SYN-CLAIM-000486,SYN-CLAIM-000487,REJECTED,3,REVIEW_REQUIRED
SYN-MUT-000486,SYN-PARCEL-000486,RELEASE,2021-07-07,2021-07-10,2021-08-07,2021-08-07,SYN-DOC-000486,SYN-CLAIM-000487,SYN-CLAIM-000488,SANCTIONED,1,MATCH
SYN-MUT-000487,SYN-PARCEL-000487,SALE_TRANSFER,2022-08-08,2022-08-11,2022-09-08,2022-09-08,SYN-DOC-000487,SYN-CLAIM-000488,SYN-CLAIM-000489,SANCTIONED,2,MATCH
SYN-MUT-000488,SYN-PARCEL-000488,INHERITANCE_SUCCESSION,2023-09-09,2023-09-12,2023-10-09,2023-10-09,SYN-DOC-000488,SYN-CLAIM-000489,SYN-CLAIM-000490,SANCTIONED,3,MATCH
SYN-MUT-000489,SYN-PARCEL-000489,PARTITION,2024-10-10,2024-10-13,2024-11-10,2024-11-10,SYN-DOC-000489,SYN-CLAIM-000490,SYN-CLAIM-000491,PENDING_OBJECTION,1,REVIEW_REQUIRED
SYN-MUT-000490,SYN-PARCEL-000490,CONVERSION,2015-11-11,2015-11-14,2015-12-11,2015-12-11,SYN-DOC-000490,SYN-CLAIM-000491,SYN-CLAIM-000492,REJECTED,2,REVIEW_REQUIRED
SYN-MUT-000491,SYN-PARCEL-000491,MORTGAGE_CHARGE,2016-12-12,2016-12-15,2016-12-12,2016-12-12,SYN-DOC-000491,SYN-CLAIM-000492,SYN-CLAIM-000493,SANCTIONED,3,MATCH
SYN-MUT-000492,SYN-PARCEL-000492,RELEASE,2017-01-13,2017-01-16,2017-02-13,2017-02-13,SYN-DOC-000492,SYN-CLAIM-000493,SYN-CLAIM-000494,SANCTIONED,1,MATCH
SYN-MUT-000493,SYN-PARCEL-000493,SALE_TRANSFER,2018-02-14,2018-02-17,2018-03-14,2018-03-14,SYN-DOC-000493,SYN-CLAIM-000494,SYN-CLAIM-000495,SANCTIONED,2,MATCH
SYN-MUT-000494,SYN-PARCEL-000494,INHERITANCE_SUCCESSION,2019-03-15,2019-03-18,2019-04-15,2019-04-15,SYN-DOC-000494,SYN-CLAIM-000495,SYN-CLAIM-000496,PENDING_OBJECTION,3,REVIEW_REQUIRED
SYN-MUT-000495,SYN-PARCEL-000495,PARTITION,2020-04-16,2020-04-19,2020-05-16,2020-05-16,SYN-DOC-000495,SYN-CLAIM-000496,SYN-CLAIM-000497,REJECTED,1,REVIEW_REQUIRED
SYN-MUT-000496,SYN-PARCEL-000496,CONVERSION,2021-05-17,2021-05-20,2021-06-17,2021-06-17,SYN-DOC-000496,SYN-CLAIM-000497,SYN-CLAIM-000498,SANCTIONED,2,MATCH
SYN-MUT-000497,SYN-PARCEL-000497,MORTGAGE_CHARGE,2022-06-18,2022-06-21,2022-07-18,2022-07-18,SYN-DOC-000497,SYN-CLAIM-000498,SYN-CLAIM-000499,SANCTIONED,3,MATCH
SYN-MUT-000498,SYN-PARCEL-000498,RELEASE,2023-07-19,2023-07-22,2023-08-19,2023-08-19,SYN-DOC-000498,SYN-CLAIM-000499,SYN-CLAIM-000500,SANCTIONED,1,MATCH
SYN-MUT-000499,SYN-PARCEL-000499,SALE_TRANSFER,2024-08-20,2024-08-23,2024-09-20,2024-09-20,SYN-DOC-000499,SYN-CLAIM-000500,SYN-CLAIM-000501,PENDING_OBJECTION,2,REVIEW_REQUIRED
SYN-MUT-000500,SYN-PARCEL-000500,INHERITANCE_SUCCESSION,2015-09-01,2015-09-04,2015-10-01,2015-10-01,SYN-DOC-000500,SYN-CLAIM-000501,SYN-CLAIM-000502,REJECTED,3,REVIEW_REQUIRED
SYN-MUT-000501,SYN-PARCEL-000501,PARTITION,2016-10-02,2016-10-05,2016-11-02,2016-11-02,SYN-DOC-000501,SYN-CLAIM-000502,SYN-CLAIM-000503,SANCTIONED,1,MATCH
SYN-MUT-000502,SYN-PARCEL-000502,CONVERSION,2017-11-03,2017-11-06,2017-12-03,2017-12-03,SYN-DOC-000502,SYN-CLAIM-000503,SYN-CLAIM-000504,SANCTIONED,2,MATCH
SYN-MUT-000503,SYN-PARCEL-000503,MORTGAGE_CHARGE,2018-12-04,2018-12-07,2018-12-04,2018-12-04,SYN-DOC-000503,SYN-CLAIM-000504,SYN-CLAIM-000505,SANCTIONED,3,MATCH
SYN-MUT-000504,SYN-PARCEL-000504,RELEASE,2019-01-05,2019-01-08,2019-02-05,2019-02-05,SYN-DOC-000504,SYN-CLAIM-000505,SYN-CLAIM-000506,PENDING_OBJECTION,1,REVIEW_REQUIRED
SYN-MUT-000505,SYN-PARCEL-000505,SALE_TRANSFER,2020-02-06,2020-02-09,2020-03-06,2020-03-06,SYN-DOC-000505,SYN-CLAIM-000506,SYN-CLAIM-000507,REJECTED,2,REVIEW_REQUIRED
SYN-MUT-000506,SYN-PARCEL-000506,INHERITANCE_SUCCESSION,2021-03-07,2021-03-10,2021-04-07,2021-04-07,SYN-DOC-000506,SYN-CLAIM-000507,SYN-CLAIM-000508,SANCTIONED,3,MATCH
SYN-MUT-000507,SYN-PARCEL-000507,PARTITION,2022-04-08,2022-04-11,2022-05-08,2022-05-08,SYN-DOC-000507,SYN-CLAIM-000508,SYN-CLAIM-000509,SANCTIONED,1,MATCH
SYN-MUT-000508,SYN-PARCEL-000508,CONVERSION,2023-05-09,2023-05-12,2023-06-09,2023-06-09,SYN-DOC-000508,SYN-CLAIM-000509,SYN-CLAIM-000510,SANCTIONED,2,MATCH
SYN-MUT-000509,SYN-PARCEL-000509,MORTGAGE_CHARGE,2024-06-10,2024-06-13,2024-07-10,2024-07-10,SYN-DOC-000509,SYN-CLAIM-000510,SYN-CLAIM-000511,PENDING_OBJECTION,3,REVIEW_REQUIRED
SYN-MUT-000510,SYN-PARCEL-000510,RELEASE,2015-07-11,2015-07-14,2015-08-11,2015-08-11,SYN-DOC-000510,SYN-CLAIM-000511,SYN-CLAIM-000512,REJECTED,1,REVIEW_REQUIRED
SYN-MUT-000511,SYN-PARCEL-000511,SALE_TRANSFER,2016-08-12,2016-08-15,2016-09-12,2016-09-12,SYN-DOC-000511,SYN-CLAIM-000512,SYN-CLAIM-000513,SANCTIONED,2,MATCH
SYN-MUT-000512,SYN-PARCEL-000512,INHERITANCE_SUCCESSION,2017-09-13,2017-09-16,2017-10-13,2017-10-13,SYN-DOC-000512,SYN-CLAIM-000513,SYN-CLAIM-000514,SANCTIONED,3,MATCH
SYN-MUT-000513,SYN-PARCEL-000513,PARTITION,2018-10-14,2018-10-17,2018-11-14,2018-11-14,SYN-DOC-000513,SYN-CLAIM-000514,SYN-CLAIM-000515,SANCTIONED,1,MATCH
SYN-MUT-000514,SYN-PARCEL-000514,CONVERSION,2019-11-15,2019-11-18,2019-12-15,2019-12-15,SYN-DOC-000514,SYN-CLAIM-000515,SYN-CLAIM-000516,PENDING_OBJECTION,2,REVIEW_REQUIRED
SYN-MUT-000515,SYN-PARCEL-000515,MORTGAGE_CHARGE,2020-12-16,2020-12-19,2020-12-16,2020-12-16,SYN-DOC-000515,SYN-CLAIM-000516,SYN-CLAIM-000517,REJECTED,3,REVIEW_REQUIRED
SYN-MUT-000516,SYN-PARCEL-000516,RELEASE,2021-01-17,2021-01-20,2021-02-17,2021-02-17,SYN-DOC-000516,SYN-CLAIM-000517,SYN-CLAIM-000518,SANCTIONED,1,MATCH
SYN-MUT-000517,SYN-PARCEL-000517,SALE_TRANSFER,2022-02-18,2022-02-21,2022-03-18,2022-03-18,SYN-DOC-000517,SYN-CLAIM-000518,SYN-CLAIM-000519,SANCTIONED,2,MATCH
SYN-MUT-000518,SYN-PARCEL-000518,INHERITANCE_SUCCESSION,2023-03-19,2023-03-22,2023-04-19,2023-04-19,SYN-DOC-000518,SYN-CLAIM-000519,SYN-CLAIM-000520,SANCTIONED,3,MATCH
SYN-MUT-000519,SYN-PARCEL-000519,PARTITION,2024-04-20,2024-04-23,2024-05-20,2024-05-20,SYN-DOC-000519,SYN-CLAIM-000520,SYN-CLAIM-000521,PENDING_OBJECTION,1,REVIEW_REQUIRED
SYN-MUT-000520,SYN-PARCEL-000520,CONVERSION,2015-05-01,2015-05-04,2015-06-01,2015-06-01,SYN-DOC-000520,SYN-CLAIM-000521,SYN-CLAIM-000522,REJECTED,2,REVIEW_REQUIRED
SYN-MUT-000521,SYN-PARCEL-000521,MORTGAGE_CHARGE,2016-06-02,2016-06-05,2016-07-02,2016-07-02,SYN-DOC-000521,SYN-CLAIM-000522,SYN-CLAIM-000523,SANCTIONED,3,MATCH
SYN-MUT-000522,SYN-PARCEL-000522,RELEASE,2017-07-03,2017-07-06,2017-08-03,2017-08-03,SYN-DOC-000522,SYN-CLAIM-000523,SYN-CLAIM-000524,SANCTIONED,1,MATCH
SYN-MUT-000523,SYN-PARCEL-000523,SALE_TRANSFER,2018-08-04,2018-08-07,2018-09-04,2018-09-04,SYN-DOC-000523,SYN-CLAIM-000524,SYN-CLAIM-000525,SANCTIONED,2,MATCH
SYN-MUT-000524,SYN-PARCEL-000524,INHERITANCE_SUCCESSION,2019-09-05,2019-09-08,2019-10-05,2019-10-05,SYN-DOC-000524,SYN-CLAIM-000525,SYN-CLAIM-000526,PENDING_OBJECTION,3,REVIEW_REQUIRED
SYN-MUT-000525,SYN-PARCEL-000525,PARTITION,2020-10-06,2020-10-09,2020-11-06,2020-11-06,SYN-DOC-000525,SYN-CLAIM-000526,SYN-CLAIM-000527,REJECTED,1,REVIEW_REQUIRED
SYN-MUT-000526,SYN-PARCEL-000526,CONVERSION,2021-11-07,2021-11-10,2021-12-07,2021-12-07,SYN-DOC-000526,SYN-CLAIM-000527,SYN-CLAIM-000528,SANCTIONED,2,MATCH
SYN-MUT-000527,SYN-PARCEL-000527,MORTGAGE_CHARGE,2022-12-08,2022-12-11,2022-12-08,2022-12-08,SYN-DOC-000527,SYN-CLAIM-000528,SYN-CLAIM-000529,SANCTIONED,3,MATCH
SYN-MUT-000528,SYN-PARCEL-000528,RELEASE,2023-01-09,2023-01-12,2023-02-09,2023-02-09,SYN-DOC-000528,SYN-CLAIM-000529,SYN-CLAIM-000530,SANCTIONED,1,MATCH
SYN-MUT-000529,SYN-PARCEL-000529,SALE_TRANSFER,2024-02-10,2024-02-13,2024-03-10,2024-03-10,SYN-DOC-000529,SYN-CLAIM-000530,SYN-CLAIM-000531,PENDING_OBJECTION,2,REVIEW_REQUIRED
SYN-MUT-000530,SYN-PARCEL-000530,INHERITANCE_SUCCESSION,2015-03-11,2015-03-14,2015-04-11,2015-04-11,SYN-DOC-000530,SYN-CLAIM-000531,SYN-CLAIM-000532,REJECTED,3,REVIEW_REQUIRED
SYN-MUT-000531,SYN-PARCEL-000531,PARTITION,2016-04-12,2016-04-15,2016-05-12,2016-05-12,SYN-DOC-000531,SYN-CLAIM-000532,SYN-CLAIM-000533,SANCTIONED,1,MATCH
SYN-MUT-000532,SYN-PARCEL-000532,CONVERSION,2017-05-13,2017-05-16,2017-06-13,2017-06-13,SYN-DOC-000532,SYN-CLAIM-000533,SYN-CLAIM-000534,SANCTIONED,2,MATCH
SYN-MUT-000533,SYN-PARCEL-000533,MORTGAGE_CHARGE,2018-06-14,2018-06-17,2018-07-14,2018-07-14,SYN-DOC-000533,SYN-CLAIM-000534,SYN-CLAIM-000535,SANCTIONED,3,MATCH
SYN-MUT-000534,SYN-PARCEL-000534,RELEASE,2019-07-15,2019-07-18,2019-08-15,2019-08-15,SYN-DOC-000534,SYN-CLAIM-000535,SYN-CLAIM-000536,PENDING_OBJECTION,1,REVIEW_REQUIRED
SYN-MUT-000535,SYN-PARCEL-000535,SALE_TRANSFER,2020-08-16,2020-08-19,2020-09-16,2020-09-16,SYN-DOC-000535,SYN-CLAIM-000536,SYN-CLAIM-000537,REJECTED,2,REVIEW_REQUIRED
SYN-MUT-000536,SYN-PARCEL-000536,INHERITANCE_SUCCESSION,2021-09-17,2021-09-20,2021-10-17,2021-10-17,SYN-DOC-000536,SYN-CLAIM-000537,SYN-CLAIM-000538,SANCTIONED,3,MATCH
SYN-MUT-000537,SYN-PARCEL-000537,PARTITION,2022-10-18,2022-10-21,2022-11-18,2022-11-18,SYN-DOC-000537,SYN-CLAIM-000538,SYN-CLAIM-000539,SANCTIONED,1,MATCH
SYN-MUT-000538,SYN-PARCEL-000538,CONVERSION,2023-11-19,2023-11-22,2023-12-19,2023-12-19,SYN-DOC-000538,SYN-CLAIM-000539,SYN-CLAIM-000540,SANCTIONED,2,MATCH
SYN-MUT-000539,SYN-PARCEL-000539,MORTGAGE_CHARGE,2024-12-20,2024-12-23,2024-12-20,2024-12-20,SYN-DOC-000539,SYN-CLAIM-000540,SYN-CLAIM-000541,PENDING_OBJECTION,3,REVIEW_REQUIRED
SYN-MUT-000540,SYN-PARCEL-000540,RELEASE,2015-01-01,2015-01-04,2015-02-01,2015-02-01,SYN-DOC-000540,SYN-CLAIM-000541,SYN-CLAIM-000542,REJECTED,1,REVIEW_REQUIRED
SYN-MUT-000541,SYN-PARCEL-000541,SALE_TRANSFER,2016-02-02,2016-02-05,2016-03-02,2016-03-02,SYN-DOC-000541,SYN-CLAIM-000542,SYN-CLAIM-000543,SANCTIONED,2,MATCH
SYN-MUT-000542,SYN-PARCEL-000542,INHERITANCE_SUCCESSION,2017-03-03,2017-03-06,2017-04-03,2017-04-03,SYN-DOC-000542,SYN-CLAIM-000543,SYN-CLAIM-000544,SANCTIONED,3,MATCH
SYN-MUT-000543,SYN-PARCEL-000543,PARTITION,2018-04-04,2018-04-07,2018-05-04,2018-05-04,SYN-DOC-000543,SYN-CLAIM-000544,SYN-CLAIM-000545,SANCTIONED,1,MATCH
SYN-MUT-000544,SYN-PARCEL-000544,CONVERSION,2019-05-05,2019-05-08,2019-06-05,2019-06-05,SYN-DOC-000544,SYN-CLAIM-000545,SYN-CLAIM-000546,PENDING_OBJECTION,2,REVIEW_REQUIRED
SYN-MUT-000545,SYN-PARCEL-000545,MORTGAGE_CHARGE,2020-06-06,2020-06-09,2020-07-06,2020-07-06,SYN-DOC-000545,SYN-CLAIM-000546,SYN-CLAIM-000547,REJECTED,3,REVIEW_REQUIRED
SYN-MUT-000546,SYN-PARCEL-000546,RELEASE,2021-07-07,2021-07-10,2021-08-07,2021-08-07,SYN-DOC-000546,SYN-CLAIM-000547,SYN-CLAIM-000548,SANCTIONED,1,MATCH
SYN-MUT-000547,SYN-PARCEL-000547,SALE_TRANSFER,2022-08-08,2022-08-11,2022-09-08,2022-09-08,SYN-DOC-000547,SYN-CLAIM-000548,SYN-CLAIM-000549,SANCTIONED,2,MATCH
SYN-MUT-000548,SYN-PARCEL-000548,INHERITANCE_SUCCESSION,2023-09-09,2023-09-12,2023-10-09,2023-10-09,SYN-DOC-000548,SYN-CLAIM-000549,SYN-CLAIM-000550,SANCTIONED,3,MATCH
SYN-MUT-000549,SYN-PARCEL-000549,PARTITION,2024-10-10,2024-10-13,2024-11-10,2024-11-10,SYN-DOC-000549,SYN-CLAIM-000550,SYN-CLAIM-000551,PENDING_OBJECTION,1,REVIEW_REQUIRED
SYN-MUT-000550,SYN-PARCEL-000550,CONVERSION,2015-11-11,2015-11-14,2015-12-11,2015-12-11,SYN-DOC-000550,SYN-CLAIM-000551,SYN-CLAIM-000552,REJECTED,2,REVIEW_REQUIRED
SYN-MUT-000551,SYN-PARCEL-000551,MORTGAGE_CHARGE,2016-12-12,2016-12-15,2016-12-12,2016-12-12,SYN-DOC-000551,SYN-CLAIM-000552,SYN-CLAIM-000553,SANCTIONED,3,MATCH
SYN-MUT-000552,SYN-PARCEL-000552,RELEASE,2017-01-13,2017-01-16,2017-02-13,2017-02-13,SYN-DOC-000552,SYN-CLAIM-000553,SYN-CLAIM-000554,SANCTIONED,1,MATCH
SYN-MUT-000553,SYN-PARCEL-000553,SALE_TRANSFER,2018-02-14,2018-02-17,2018-03-14,2018-03-14,SYN-DOC-000553,SYN-CLAIM-000554,SYN-CLAIM-000555,SANCTIONED,2,MATCH
SYN-MUT-000554,SYN-PARCEL-000554,INHERITANCE_SUCCESSION,2019-03-15,2019-03-18,2019-04-15,2019-04-15,SYN-DOC-000554,SYN-CLAIM-000555,SYN-CLAIM-000556,PENDING_OBJECTION,3,REVIEW_REQUIRED
SYN-MUT-000555,SYN-PARCEL-000555,PARTITION,2020-04-16,2020-04-19,2020-05-16,2020-05-16,SYN-DOC-000555,SYN-CLAIM-000556,SYN-CLAIM-000557,REJECTED,1,REVIEW_REQUIRED
SYN-MUT-000556,SYN-PARCEL-000556,CONVERSION,2021-05-17,2021-05-20,2021-06-17,2021-06-17,SYN-DOC-000556,SYN-CLAIM-000557,SYN-CLAIM-000558,SANCTIONED,2,MATCH
SYN-MUT-000557,SYN-PARCEL-000557,MORTGAGE_CHARGE,2022-06-18,2022-06-21,2022-07-18,2022-07-18,SYN-DOC-000557,SYN-CLAIM-000558,SYN-CLAIM-000559,SANCTIONED,3,MATCH
SYN-MUT-000558,SYN-PARCEL-000558,RELEASE,2023-07-19,2023-07-22,2023-08-19,2023-08-19,SYN-DOC-000558,SYN-CLAIM-000559,SYN-CLAIM-000560,SANCTIONED,1,MATCH
SYN-MUT-000559,SYN-PARCEL-000559,SALE_TRANSFER,2024-08-20,2024-08-23,2024-09-20,2024-09-20,SYN-DOC-000559,SYN-CLAIM-000560,SYN-CLAIM-000561,PENDING_OBJECTION,2,REVIEW_REQUIRED
SYN-MUT-000560,SYN-PARCEL-000560,INHERITANCE_SUCCESSION,2015-09-01,2015-09-04,2015-10-01,2015-10-01,SYN-DOC-000560,SYN-CLAIM-000561,SYN-CLAIM-000562,REJECTED,3,REVIEW_REQUIRED
SYN-MUT-000561,SYN-PARCEL-000561,PARTITION,2016-10-02,2016-10-05,2016-11-02,2016-11-02,SYN-DOC-000561,SYN-CLAIM-000562,SYN-CLAIM-000563,SANCTIONED,1,MATCH
SYN-MUT-000562,SYN-PARCEL-000562,CONVERSION,2017-11-03,2017-11-06,2017-12-03,2017-12-03,SYN-DOC-000562,SYN-CLAIM-000563,SYN-CLAIM-000564,SANCTIONED,2,MATCH
SYN-MUT-000563,SYN-PARCEL-000563,MORTGAGE_CHARGE,2018-12-04,2018-12-07,2018-12-04,2018-12-04,SYN-DOC-000563,SYN-CLAIM-000564,SYN-CLAIM-000565,SANCTIONED,3,MATCH
SYN-MUT-000564,SYN-PARCEL-000564,RELEASE,2019-01-05,2019-01-08,2019-02-05,2019-02-05,SYN-DOC-000564,SYN-CLAIM-000565,SYN-CLAIM-000566,PENDING_OBJECTION,1,REVIEW_REQUIRED
SYN-MUT-000565,SYN-PARCEL-000565,SALE_TRANSFER,2020-02-06,2020-02-09,2020-03-06,2020-03-06,SYN-DOC-000565,SYN-CLAIM-000566,SYN-CLAIM-000567,REJECTED,2,REVIEW_REQUIRED
SYN-MUT-000566,SYN-PARCEL-000566,INHERITANCE_SUCCESSION,2021-03-07,2021-03-10,2021-04-07,2021-04-07,SYN-DOC-000566,SYN-CLAIM-000567,SYN-CLAIM-000568,SANCTIONED,3,MATCH
SYN-MUT-000567,SYN-PARCEL-000567,PARTITION,2022-04-08,2022-04-11,2022-05-08,2022-05-08,SYN-DOC-000567,SYN-CLAIM-000568,SYN-CLAIM-000569,SANCTIONED,1,MATCH
SYN-MUT-000568,SYN-PARCEL-000568,CONVERSION,2023-05-09,2023-05-12,2023-06-09,2023-06-09,SYN-DOC-000568,SYN-CLAIM-000569,SYN-CLAIM-000570,SANCTIONED,2,MATCH
SYN-MUT-000569,SYN-PARCEL-000569,MORTGAGE_CHARGE,2024-06-10,2024-06-13,2024-07-10,2024-07-10,SYN-DOC-000569,SYN-CLAIM-000570,SYN-CLAIM-000571,PENDING_OBJECTION,3,REVIEW_REQUIRED
SYN-MUT-000570,SYN-PARCEL-000570,RELEASE,2015-07-11,2015-07-14,2015-08-11,2015-08-11,SYN-DOC-000570,SYN-CLAIM-000571,SYN-CLAIM-000572,REJECTED,1,REVIEW_REQUIRED
SYN-MUT-000571,SYN-PARCEL-000571,SALE_TRANSFER,2016-08-12,2016-08-15,2016-09-12,2016-09-12,SYN-DOC-000571,SYN-CLAIM-000572,SYN-CLAIM-000573,SANCTIONED,2,MATCH
SYN-MUT-000572,SYN-PARCEL-000572,INHERITANCE_SUCCESSION,2017-09-13,2017-09-16,2017-10-13,2017-10-13,SYN-DOC-000572,SYN-CLAIM-000573,SYN-CLAIM-000574,SANCTIONED,3,MATCH
SYN-MUT-000573,SYN-PARCEL-000573,PARTITION,2018-10-14,2018-10-17,2018-11-14,2018-11-14,SYN-DOC-000573,SYN-CLAIM-000574,SYN-CLAIM-000575,SANCTIONED,1,MATCH
SYN-MUT-000574,SYN-PARCEL-000574,CONVERSION,2019-11-15,2019-11-18,2019-12-15,2019-12-15,SYN-DOC-000574,SYN-CLAIM-000575,SYN-CLAIM-000576,PENDING_OBJECTION,2,REVIEW_REQUIRED
SYN-MUT-000575,SYN-PARCEL-000575,MORTGAGE_CHARGE,2020-12-16,2020-12-19,2020-12-16,2020-12-16,SYN-DOC-000575,SYN-CLAIM-000576,SYN-CLAIM-000577,REJECTED,3,REVIEW_REQUIRED
SYN-MUT-000576,SYN-PARCEL-000576,RELEASE,2021-01-17,2021-01-20,2021-02-17,2021-02-17,SYN-DOC-000576,SYN-CLAIM-000577,SYN-CLAIM-000578,SANCTIONED,1,MATCH
SYN-MUT-000577,SYN-PARCEL-000577,SALE_TRANSFER,2022-02-18,2022-02-21,2022-03-18,2022-03-18,SYN-DOC-000577,SYN-CLAIM-000578,SYN-CLAIM-000579,SANCTIONED,2,MATCH
SYN-MUT-000578,SYN-PARCEL-000578,INHERITANCE_SUCCESSION,2023-03-19,2023-03-22,2023-04-19,2023-04-19,SYN-DOC-000578,SYN-CLAIM-000579,SYN-CLAIM-000580,SANCTIONED,3,MATCH
SYN-MUT-000579,SYN-PARCEL-000579,PARTITION,2024-04-20,2024-04-23,2024-05-20,2024-05-20,SYN-DOC-000579,SYN-CLAIM-000580,SYN-CLAIM-000581,PENDING_OBJECTION,1,REVIEW_REQUIRED
SYN-MUT-000580,SYN-PARCEL-000580,CONVERSION,2015-05-01,2015-05-04,2015-06-01,2015-06-01,SYN-DOC-000580,SYN-CLAIM-000581,SYN-CLAIM-000582,REJECTED,2,REVIEW_REQUIRED
SYN-MUT-000581,SYN-PARCEL-000581,MORTGAGE_CHARGE,2016-06-02,2016-06-05,2016-07-02,2016-07-02,SYN-DOC-000581,SYN-CLAIM-000582,SYN-CLAIM-000583,SANCTIONED,3,MATCH
SYN-MUT-000582,SYN-PARCEL-000582,RELEASE,2017-07-03,2017-07-06,2017-08-03,2017-08-03,SYN-DOC-000582,SYN-CLAIM-000583,SYN-CLAIM-000584,SANCTIONED,1,MATCH
SYN-MUT-000583,SYN-PARCEL-000583,SALE_TRANSFER,2018-08-04,2018-08-07,2018-09-04,2018-09-04,SYN-DOC-000583,SYN-CLAIM-000584,SYN-CLAIM-000585,SANCTIONED,2,MATCH
SYN-MUT-000584,SYN-PARCEL-000584,INHERITANCE_SUCCESSION,2019-09-05,2019-09-08,2019-10-05,2019-10-05,SYN-DOC-000584,SYN-CLAIM-000585,SYN-CLAIM-000586,PENDING_OBJECTION,3,REVIEW_REQUIRED
SYN-MUT-000585,SYN-PARCEL-000585,PARTITION,2020-10-06,2020-10-09,2020-11-06,2020-11-06,SYN-DOC-000585,SYN-CLAIM-000586,SYN-CLAIM-000587,REJECTED,1,REVIEW_REQUIRED
SYN-MUT-000586,SYN-PARCEL-000586,CONVERSION,2021-11-07,2021-11-10,2021-12-07,2021-12-07,SYN-DOC-000586,SYN-CLAIM-000587,SYN-CLAIM-000588,SANCTIONED,2,MATCH
SYN-MUT-000587,SYN-PARCEL-000587,MORTGAGE_CHARGE,2022-12-08,2022-12-11,2022-12-08,2022-12-08,SYN-DOC-000587,SYN-CLAIM-000588,SYN-CLAIM-000589,SANCTIONED,3,MATCH
SYN-MUT-000588,SYN-PARCEL-000588,RELEASE,2023-01-09,2023-01-12,2023-02-09,2023-02-09,SYN-DOC-000588,SYN-CLAIM-000589,SYN-CLAIM-000590,SANCTIONED,1,MATCH
SYN-MUT-000589,SYN-PARCEL-000589,SALE_TRANSFER,2024-02-10,2024-02-13,2024-03-10,2024-03-10,SYN-DOC-000589,SYN-CLAIM-000590,SYN-CLAIM-000591,PENDING_OBJECTION,2,REVIEW_REQUIRED
SYN-MUT-000590,SYN-PARCEL-000590,INHERITANCE_SUCCESSION,2015-03-11,2015-03-14,2015-04-11,2015-04-11,SYN-DOC-000590,SYN-CLAIM-000591,SYN-CLAIM-000592,REJECTED,3,REVIEW_REQUIRED
SYN-MUT-000591,SYN-PARCEL-000591,PARTITION,2016-04-12,2016-04-15,2016-05-12,2016-05-12,SYN-DOC-000591,SYN-CLAIM-000592,SYN-CLAIM-000593,SANCTIONED,1,MATCH
SYN-MUT-000592,SYN-PARCEL-000592,CONVERSION,2017-05-13,2017-05-16,2017-06-13,2017-06-13,SYN-DOC-000592,SYN-CLAIM-000593,SYN-CLAIM-000594,SANCTIONED,2,MATCH
SYN-MUT-000593,SYN-PARCEL-000593,MORTGAGE_CHARGE,2018-06-14,2018-06-17,2018-07-14,2018-07-14,SYN-DOC-000593,SYN-CLAIM-000594,SYN-CLAIM-000595,SANCTIONED,3,MATCH
SYN-MUT-000594,SYN-PARCEL-000594,RELEASE,2019-07-15,2019-07-18,2019-08-15,2019-08-15,SYN-DOC-000594,SYN-CLAIM-000595,SYN-CLAIM-000596,PENDING_OBJECTION,1,REVIEW_REQUIRED
SYN-MUT-000595,SYN-PARCEL-000595,SALE_TRANSFER,2020-08-16,2020-08-19,2020-09-16,2020-09-16,SYN-DOC-000595,SYN-CLAIM-000596,SYN-CLAIM-000597,REJECTED,2,REVIEW_REQUIRED
SYN-MUT-000596,SYN-PARCEL-000596,INHERITANCE_SUCCESSION,2021-09-17,2021-09-20,2021-10-17,2021-10-17,SYN-DOC-000596,SYN-CLAIM-000597,SYN-CLAIM-000598,SANCTIONED,3,MATCH
SYN-MUT-000597,SYN-PARCEL-000597,PARTITION,2022-10-18,2022-10-21,2022-11-18,2022-11-18,SYN-DOC-000597,SYN-CLAIM-000598,SYN-CLAIM-000599,SANCTIONED,1,MATCH
SYN-MUT-000598,SYN-PARCEL-000598,CONVERSION,2023-11-19,2023-11-22,2023-12-19,2023-12-19,SYN-DOC-000598,SYN-CLAIM-000599,SYN-CLAIM-000600,SANCTIONED,2,MATCH
SYN-MUT-000599,SYN-PARCEL-000599,MORTGAGE_CHARGE,2024-12-20,2024-12-23,2024-12-20,2024-12-20,SYN-DOC-000599,SYN-CLAIM-000600,SYN-CLAIM-000601,PENDING_OBJECTION,3,REVIEW_REQUIRED
SYN-MUT-000600,SYN-PARCEL-000600,RELEASE,2015-01-01,2015-01-04,2014-01-01,2014-01-01,SYN-DOC-000600,SYN-CLAIM-000601,SYN-CLAIM-000602,REJECTED,1,CHRONOLOGY_CONFLICT
SYN-MUT-000601,SYN-PARCEL-000601,SALE_TRANSFER,2016-02-02,2016-02-05,2016-03-02,2016-03-02,SYN-DOC-000601,SYN-CLAIM-000602,SYN-CLAIM-000603,SANCTIONED,2,MATCH
SYN-MUT-000602,SYN-PARCEL-000602,INHERITANCE_SUCCESSION,2017-03-03,2017-03-06,2017-04-03,2017-04-03,SYN-DOC-000602,SYN-CLAIM-000603,SYN-CLAIM-000604,SANCTIONED,3,MATCH
SYN-MUT-000603,SYN-PARCEL-000603,PARTITION,2018-04-04,2018-04-07,2018-05-04,2018-05-04,SYN-DOC-000603,SYN-CLAIM-000604,SYN-CLAIM-000605,SANCTIONED,1,MATCH
SYN-MUT-000604,SYN-PARCEL-000604,CONVERSION,2019-05-05,2019-05-08,2019-06-05,2019-06-05,SYN-DOC-000604,SYN-CLAIM-000605,SYN-CLAIM-000606,PENDING_OBJECTION,2,REVIEW_REQUIRED
SYN-MUT-000605,SYN-PARCEL-000605,MORTGAGE_CHARGE,2020-06-06,2020-06-09,2020-07-06,2020-07-06,SYN-DOC-000605,SYN-CLAIM-000606,SYN-CLAIM-000607,REJECTED,3,REVIEW_REQUIRED
SYN-MUT-000606,SYN-PARCEL-000606,RELEASE,2021-07-07,2021-07-10,2021-08-07,2021-08-07,SYN-DOC-000606,SYN-CLAIM-000607,SYN-CLAIM-000608,SANCTIONED,1,MATCH
SYN-MUT-000607,SYN-PARCEL-000607,SALE_TRANSFER,2022-08-08,2022-08-11,2022-09-08,2022-09-08,SYN-DOC-000607,SYN-CLAIM-000608,SYN-CLAIM-000609,SANCTIONED,2,MATCH
SYN-MUT-000608,SYN-PARCEL-000608,INHERITANCE_SUCCESSION,2023-09-09,2023-09-12,2023-10-09,2023-10-09,SYN-DOC-000608,SYN-CLAIM-000609,SYN-CLAIM-000610,SANCTIONED,3,MATCH
SYN-MUT-000609,SYN-PARCEL-000609,PARTITION,2024-10-10,2024-10-13,2024-11-10,2024-11-10,SYN-DOC-000609,SYN-CLAIM-000610,SYN-CLAIM-000611,PENDING_OBJECTION,1,REVIEW_REQUIRED
SYN-MUT-000610,SYN-PARCEL-000610,CONVERSION,2015-11-11,2015-11-14,2015-12-11,2015-12-11,SYN-DOC-000610,SYN-CLAIM-000611,SYN-CLAIM-000612,REJECTED,2,REVIEW_REQUIRED
SYN-MUT-000611,SYN-PARCEL-000611,MORTGAGE_CHARGE,2016-12-12,2016-12-15,2016-12-12,2016-12-12,SYN-DOC-000611,SYN-CLAIM-000612,SYN-CLAIM-000613,SANCTIONED,3,MATCH
SYN-MUT-000612,SYN-PARCEL-000612,RELEASE,2017-01-13,2017-01-16,2017-02-13,2017-02-13,SYN-DOC-000612,SYN-CLAIM-000613,SYN-CLAIM-000614,SANCTIONED,1,MATCH
SYN-MUT-000613,SYN-PARCEL-000613,SALE_TRANSFER,2018-02-14,2018-02-17,2018-03-14,2018-03-14,SYN-DOC-000613,SYN-CLAIM-000614,SYN-CLAIM-000615,SANCTIONED,2,MATCH
SYN-MUT-000614,SYN-PARCEL-000614,INHERITANCE_SUCCESSION,2019-03-15,2019-03-18,2019-04-15,2019-04-15,SYN-DOC-000614,SYN-CLAIM-000615,SYN-CLAIM-000616,PENDING_OBJECTION,3,REVIEW_REQUIRED
SYN-MUT-000615,SYN-PARCEL-000615,PARTITION,2020-04-16,2020-04-19,2020-05-16,2020-05-16,SYN-DOC-000615,SYN-CLAIM-000616,SYN-CLAIM-000617,REJECTED,1,REVIEW_REQUIRED
SYN-MUT-000616,SYN-PARCEL-000616,CONVERSION,2021-05-17,2021-05-20,2021-06-17,2021-06-17,SYN-DOC-000616,SYN-CLAIM-000617,SYN-CLAIM-000618,SANCTIONED,2,MATCH
SYN-MUT-000617,SYN-PARCEL-000617,MORTGAGE_CHARGE,2022-06-18,2022-06-21,2022-07-18,2022-07-18,SYN-DOC-000617,SYN-CLAIM-000618,SYN-CLAIM-000619,SANCTIONED,3,MATCH
SYN-MUT-000618,SYN-PARCEL-000618,RELEASE,2023-07-19,2023-07-22,2023-08-19,2023-08-19,SYN-DOC-000618,SYN-CLAIM-000619,SYN-CLAIM-000620,SANCTIONED,1,MATCH
SYN-MUT-000619,SYN-PARCEL-000619,SALE_TRANSFER,2024-08-20,2024-08-23,2024-09-20,2024-09-20,SYN-DOC-000619,SYN-CLAIM-000620,SYN-CLAIM-000621,PENDING_OBJECTION,2,REVIEW_REQUIRED
SYN-MUT-000620,SYN-PARCEL-000620,INHERITANCE_SUCCESSION,2015-09-01,2015-09-04,2015-10-01,2015-10-01,SYN-DOC-000620,SYN-CLAIM-000621,SYN-CLAIM-000622,REJECTED,3,REVIEW_REQUIRED
SYN-MUT-000621,SYN-PARCEL-000621,PARTITION,2016-10-02,2016-10-05,2016-11-02,2016-11-02,SYN-DOC-000621,SYN-CLAIM-000622,SYN-CLAIM-000623,SANCTIONED,1,MATCH
SYN-MUT-000622,SYN-PARCEL-000622,CONVERSION,2017-11-03,2017-11-06,2017-12-03,2017-12-03,SYN-DOC-000622,SYN-CLAIM-000623,SYN-CLAIM-000624,SANCTIONED,2,MATCH
SYN-MUT-000623,SYN-PARCEL-000623,MORTGAGE_CHARGE,2018-12-04,2018-12-07,2018-12-04,2018-12-04,SYN-DOC-000623,SYN-CLAIM-000624,SYN-CLAIM-000625,SANCTIONED,3,MATCH
SYN-MUT-000624,SYN-PARCEL-000624,RELEASE,2019-01-05,2019-01-08,2019-02-05,2019-02-05,SYN-DOC-000624,SYN-CLAIM-000625,SYN-CLAIM-000626,PENDING_OBJECTION,1,REVIEW_REQUIRED
SYN-MUT-000625,SYN-PARCEL-000625,SALE_TRANSFER,2020-02-06,2020-02-09,2020-03-06,2020-03-06,SYN-DOC-000625,SYN-CLAIM-000626,SYN-CLAIM-000627,REJECTED,2,REVIEW_REQUIRED
SYN-MUT-000626,SYN-PARCEL-000626,INHERITANCE_SUCCESSION,2021-03-07,2021-03-10,2021-04-07,2021-04-07,SYN-DOC-000626,SYN-CLAIM-000627,SYN-CLAIM-000628,SANCTIONED,3,MATCH
SYN-MUT-000627,SYN-PARCEL-000627,PARTITION,2022-04-08,2022-04-11,2022-05-08,2022-05-08,SYN-DOC-000627,SYN-CLAIM-000628,SYN-CLAIM-000629,SANCTIONED,1,MATCH
SYN-MUT-000628,SYN-PARCEL-000628,CONVERSION,2023-05-09,2023-05-12,2023-06-09,2023-06-09,SYN-DOC-000628,SYN-CLAIM-000629,SYN-CLAIM-000630,SANCTIONED,2,MATCH
SYN-MUT-000629,SYN-PARCEL-000629,MORTGAGE_CHARGE,2024-06-10,2024-06-13,2024-07-10,2024-07-10,SYN-DOC-000629,SYN-CLAIM-000630,SYN-CLAIM-000631,PENDING_OBJECTION,3,REVIEW_REQUIRED
SYN-MUT-000630,SYN-PARCEL-000630,RELEASE,2015-07-11,2015-07-14,2015-08-11,2015-08-11,SYN-DOC-000630,SYN-CLAIM-000631,SYN-CLAIM-000632,REJECTED,1,REVIEW_REQUIRED
SYN-MUT-000631,SYN-PARCEL-000631,SALE_TRANSFER,2016-08-12,2016-08-15,2016-09-12,2016-09-12,SYN-DOC-000631,SYN-CLAIM-000632,SYN-CLAIM-000633,SANCTIONED,2,MATCH
SYN-MUT-000632,SYN-PARCEL-000632,INHERITANCE_SUCCESSION,2017-09-13,2017-09-16,2017-10-13,2017-10-13,SYN-DOC-000632,SYN-CLAIM-000633,SYN-CLAIM-000634,SANCTIONED,3,MATCH
SYN-MUT-000633,SYN-PARCEL-000633,PARTITION,2018-10-14,2018-10-17,2018-11-14,2018-11-14,SYN-DOC-000633,SYN-CLAIM-000634,SYN-CLAIM-000635,SANCTIONED,1,MATCH
SYN-MUT-000634,SYN-PARCEL-000634,CONVERSION,2019-11-15,2019-11-18,2019-12-15,2019-12-15,SYN-DOC-000634,SYN-CLAIM-000635,SYN-CLAIM-000636,PENDING_OBJECTION,2,REVIEW_REQUIRED
SYN-MUT-000635,SYN-PARCEL-000635,MORTGAGE_CHARGE,2020-12-16,2020-12-19,2020-12-16,2020-12-16,SYN-DOC-000635,SYN-CLAIM-000636,SYN-CLAIM-000637,REJECTED,3,REVIEW_REQUIRED
SYN-MUT-000636,SYN-PARCEL-000636,RELEASE,2021-01-17,2021-01-20,2021-02-17,2021-02-17,SYN-DOC-000636,SYN-CLAIM-000637,SYN-CLAIM-000638,SANCTIONED,1,MATCH
SYN-MUT-000637,SYN-PARCEL-000637,SALE_TRANSFER,2022-02-18,2022-02-21,2022-03-18,2022-03-18,SYN-DOC-000637,SYN-CLAIM-000638,SYN-CLAIM-000639,SANCTIONED,2,MATCH
SYN-MUT-000638,SYN-PARCEL-000638,INHERITANCE_SUCCESSION,2023-03-19,2023-03-22,2023-04-19,2023-04-19,SYN-DOC-000638,SYN-CLAIM-000639,SYN-CLAIM-000640,SANCTIONED,3,MATCH
SYN-MUT-000639,SYN-PARCEL-000639,PARTITION,2024-04-20,2024-04-23,2024-05-20,2024-05-20,SYN-DOC-000639,SYN-CLAIM-000640,SYN-CLAIM-000641,PENDING_OBJECTION,1,REVIEW_REQUIRED
SYN-MUT-000640,SYN-PARCEL-000640,CONVERSION,2015-05-01,2015-05-04,2015-06-01,2015-06-01,SYN-DOC-000640,SYN-CLAIM-000641,SYN-CLAIM-000642,REJECTED,2,REVIEW_REQUIRED
SYN-MUT-000641,SYN-PARCEL-000641,MORTGAGE_CHARGE,2016-06-02,2016-06-05,2016-07-02,2016-07-02,SYN-DOC-000641,SYN-CLAIM-000642,SYN-CLAIM-000643,SANCTIONED,3,MATCH
SYN-MUT-000642,SYN-PARCEL-000642,RELEASE,2017-07-03,2017-07-06,2017-08-03,2017-08-03,SYN-DOC-000642,SYN-CLAIM-000643,SYN-CLAIM-000644,SANCTIONED,1,MATCH
SYN-MUT-000643,SYN-PARCEL-000643,SALE_TRANSFER,2018-08-04,2018-08-07,2018-09-04,2018-09-04,SYN-DOC-000643,SYN-CLAIM-000644,SYN-CLAIM-000645,SANCTIONED,2,MATCH
SYN-MUT-000644,SYN-PARCEL-000644,INHERITANCE_SUCCESSION,2019-09-05,2019-09-08,2019-10-05,2019-10-05,SYN-DOC-000644,SYN-CLAIM-000645,SYN-CLAIM-000646,PENDING_OBJECTION,3,REVIEW_REQUIRED
SYN-MUT-000645,SYN-PARCEL-000645,PARTITION,2020-10-06,2020-10-09,2020-11-06,2020-11-06,SYN-DOC-000645,SYN-CLAIM-000646,SYN-CLAIM-000647,REJECTED,1,REVIEW_REQUIRED
SYN-MUT-000646,SYN-PARCEL-000646,CONVERSION,2021-11-07,2021-11-10,2021-12-07,2021-12-07,SYN-DOC-000646,SYN-CLAIM-000647,SYN-CLAIM-000648,SANCTIONED,2,MATCH
SYN-MUT-000647,SYN-PARCEL-000647,MORTGAGE_CHARGE,2022-12-08,2022-12-11,2022-12-08,2022-12-08,SYN-DOC-000647,SYN-CLAIM-000648,SYN-CLAIM-000649,SANCTIONED,3,MATCH
SYN-MUT-000648,SYN-PARCEL-000648,RELEASE,2023-01-09,2023-01-12,2023-02-09,2023-02-09,SYN-DOC-000648,SYN-CLAIM-000649,SYN-CLAIM-000650,SANCTIONED,1,MATCH
SYN-MUT-000649,SYN-PARCEL-000649,SALE_TRANSFER,2024-02-10,2024-02-13,2024-03-10,2024-03-10,SYN-DOC-000649,SYN-CLAIM-000650,SYN-CLAIM-000651,PENDING_OBJECTION,2,REVIEW_REQUIRED
SYN-MUT-000650,SYN-PARCEL-000650,INHERITANCE_SUCCESSION,2015-03-11,2015-03-14,2015-04-11,2015-04-11,SYN-DOC-000650,SYN-CLAIM-000651,SYN-CLAIM-000652,REJECTED,3,REVIEW_REQUIRED
SYN-MUT-000651,SYN-PARCEL-000651,PARTITION,2016-04-12,2016-04-15,2016-05-12,2016-05-12,SYN-DOC-000651,SYN-CLAIM-000652,SYN-CLAIM-000653,SANCTIONED,1,MATCH
SYN-MUT-000652,SYN-PARCEL-000652,CONVERSION,2017-05-13,2017-05-16,2017-06-13,2017-06-13,SYN-DOC-000652,SYN-CLAIM-000653,SYN-CLAIM-000654,SANCTIONED,2,MATCH
SYN-MUT-000653,SYN-PARCEL-000653,MORTGAGE_CHARGE,2018-06-14,2018-06-17,2018-07-14,2018-07-14,SYN-DOC-000653,SYN-CLAIM-000654,SYN-CLAIM-000655,SANCTIONED,3,MATCH
SYN-MUT-000654,SYN-PARCEL-000654,RELEASE,2019-07-15,2019-07-18,2019-08-15,2019-08-15,SYN-DOC-000654,SYN-CLAIM-000655,SYN-CLAIM-000656,PENDING_OBJECTION,1,REVIEW_REQUIRED
SYN-MUT-000655,SYN-PARCEL-000655,SALE_TRANSFER,2020-08-16,2020-08-19,2020-09-16,2020-09-16,SYN-DOC-000655,SYN-CLAIM-000656,SYN-CLAIM-000657,REJECTED,2,REVIEW_REQUIRED
SYN-MUT-000656,SYN-PARCEL-000656,INHERITANCE_SUCCESSION,2021-09-17,2021-09-20,2021-10-17,2021-10-17,SYN-DOC-000656,SYN-CLAIM-000657,SYN-CLAIM-000658,SANCTIONED,3,MATCH
SYN-MUT-000657,SYN-PARCEL-000657,PARTITION,2022-10-18,2022-10-21,2022-11-18,2022-11-18,SYN-DOC-000657,SYN-CLAIM-000658,SYN-CLAIM-000659,SANCTIONED,1,MATCH
SYN-MUT-000658,SYN-PARCEL-000658,CONVERSION,2023-11-19,2023-11-22,2023-12-19,2023-12-19,SYN-DOC-000658,SYN-CLAIM-000659,SYN-CLAIM-000660,SANCTIONED,2,MATCH
SYN-MUT-000659,SYN-PARCEL-000659,MORTGAGE_CHARGE,2024-12-20,2024-12-23,2024-12-20,2024-12-20,SYN-DOC-000659,SYN-CLAIM-000660,SYN-CLAIM-000661,PENDING_OBJECTION,3,REVIEW_REQUIRED
SYN-MUT-000660,SYN-PARCEL-000660,RELEASE,2015-01-01,2015-01-04,2015-02-01,2015-02-01,SYN-DOC-000660,SYN-CLAIM-000661,SYN-CLAIM-000662,REJECTED,1,REVIEW_REQUIRED
SYN-MUT-000661,SYN-PARCEL-000661,SALE_TRANSFER,2016-02-02,2016-02-05,2016-03-02,2016-03-02,SYN-DOC-000661,SYN-CLAIM-000662,SYN-CLAIM-000663,SANCTIONED,2,MATCH
SYN-MUT-000662,SYN-PARCEL-000662,INHERITANCE_SUCCESSION,2017-03-03,2017-03-06,2017-04-03,2017-04-03,SYN-DOC-000662,SYN-CLAIM-000663,SYN-CLAIM-000664,SANCTIONED,3,MATCH
SYN-MUT-000663,SYN-PARCEL-000663,PARTITION,2018-04-04,2018-04-07,2018-05-04,2018-05-04,SYN-DOC-000663,SYN-CLAIM-000664,SYN-CLAIM-000665,SANCTIONED,1,MATCH
SYN-MUT-000664,SYN-PARCEL-000664,CONVERSION,2019-05-05,2019-05-08,2019-06-05,2019-06-05,SYN-DOC-000664,SYN-CLAIM-000665,SYN-CLAIM-000666,PENDING_OBJECTION,2,REVIEW_REQUIRED
SYN-MUT-000665,SYN-PARCEL-000665,MORTGAGE_CHARGE,2020-06-06,2020-06-09,2020-07-06,2020-07-06,SYN-DOC-000665,SYN-CLAIM-000666,SYN-CLAIM-000667,REJECTED,3,REVIEW_REQUIRED
SYN-MUT-000666,SYN-PARCEL-000666,RELEASE,2021-07-07,2021-07-10,2021-08-07,2021-08-07,SYN-DOC-000666,SYN-CLAIM-000667,SYN-CLAIM-000668,SANCTIONED,1,MATCH
SYN-MUT-000667,SYN-PARCEL-000667,SALE_TRANSFER,2022-08-08,2022-08-11,2022-09-08,2022-09-08,SYN-DOC-000667,SYN-CLAIM-000668,SYN-CLAIM-000669,SANCTIONED,2,MATCH
SYN-MUT-000668,SYN-PARCEL-000668,INHERITANCE_SUCCESSION,2023-09-09,2023-09-12,2023-10-09,2023-10-09,SYN-DOC-000668,SYN-CLAIM-000669,SYN-CLAIM-000670,SANCTIONED,3,MATCH
SYN-MUT-000669,SYN-PARCEL-000669,PARTITION,2024-10-10,2024-10-13,2024-11-10,2024-11-10,SYN-DOC-000669,SYN-CLAIM-000670,SYN-CLAIM-000671,PENDING_OBJECTION,1,REVIEW_REQUIRED
SYN-MUT-000670,SYN-PARCEL-000670,CONVERSION,2015-11-11,2015-11-14,2015-12-11,2015-12-11,SYN-DOC-000670,SYN-CLAIM-000671,SYN-CLAIM-000672,REJECTED,2,REVIEW_REQUIRED
SYN-MUT-000671,SYN-PARCEL-000671,MORTGAGE_CHARGE,2016-12-12,2016-12-15,2016-12-12,2016-12-12,SYN-DOC-000671,SYN-CLAIM-000672,SYN-CLAIM-000673,SANCTIONED,3,MATCH
SYN-MUT-000672,SYN-PARCEL-000672,RELEASE,2017-01-13,2017-01-16,2017-02-13,2017-02-13,SYN-DOC-000672,SYN-CLAIM-000673,SYN-CLAIM-000674,SANCTIONED,1,MATCH
SYN-MUT-000673,SYN-PARCEL-000673,SALE_TRANSFER,2018-02-14,2018-02-17,2018-03-14,2018-03-14,SYN-DOC-000673,SYN-CLAIM-000674,SYN-CLAIM-000675,SANCTIONED,2,MATCH
SYN-MUT-000674,SYN-PARCEL-000674,INHERITANCE_SUCCESSION,2019-03-15,2019-03-18,2019-04-15,2019-04-15,SYN-DOC-000674,SYN-CLAIM-000675,SYN-CLAIM-000676,PENDING_OBJECTION,3,REVIEW_REQUIRED
SYN-MUT-000675,SYN-PARCEL-000675,PARTITION,2020-04-16,2020-04-19,2020-05-16,2020-05-16,SYN-DOC-000675,SYN-CLAIM-000676,SYN-CLAIM-000677,REJECTED,1,REVIEW_REQUIRED
SYN-MUT-000676,SYN-PARCEL-000676,CONVERSION,2021-05-17,2021-05-20,2021-06-17,2021-06-17,SYN-DOC-000676,SYN-CLAIM-000677,SYN-CLAIM-000678,SANCTIONED,2,MATCH
SYN-MUT-000677,SYN-PARCEL-000677,MORTGAGE_CHARGE,2022-06-18,2022-06-21,2022-07-18,2022-07-18,SYN-DOC-000677,SYN-CLAIM-000678,SYN-CLAIM-000679,SANCTIONED,3,MATCH
SYN-MUT-000678,SYN-PARCEL-000678,RELEASE,2023-07-19,2023-07-22,2023-08-19,2023-08-19,SYN-DOC-000678,SYN-CLAIM-000679,SYN-CLAIM-000680,SANCTIONED,1,MATCH
SYN-MUT-000679,SYN-PARCEL-000679,SALE_TRANSFER,2024-08-20,2024-08-23,2024-09-20,2024-09-20,SYN-DOC-000679,SYN-CLAIM-000680,SYN-CLAIM-000681,PENDING_OBJECTION,2,REVIEW_REQUIRED
SYN-MUT-000680,SYN-PARCEL-000680,INHERITANCE_SUCCESSION,2015-09-01,2015-09-04,2015-10-01,2015-10-01,SYN-DOC-000680,SYN-CLAIM-000681,SYN-CLAIM-000682,REJECTED,3,REVIEW_REQUIRED
SYN-MUT-000681,SYN-PARCEL-000681,PARTITION,2016-10-02,2016-10-05,2016-11-02,2016-11-02,SYN-DOC-000681,SYN-CLAIM-000682,SYN-CLAIM-000683,SANCTIONED,1,MATCH
SYN-MUT-000682,SYN-PARCEL-000682,CONVERSION,2017-11-03,2017-11-06,2017-12-03,2017-12-03,SYN-DOC-000682,SYN-CLAIM-000683,SYN-CLAIM-000684,SANCTIONED,2,MATCH
SYN-MUT-000683,SYN-PARCEL-000683,MORTGAGE_CHARGE,2018-12-04,2018-12-07,2018-12-04,2018-12-04,SYN-DOC-000683,SYN-CLAIM-000684,SYN-CLAIM-000685,SANCTIONED,3,MATCH
SYN-MUT-000684,SYN-PARCEL-000684,RELEASE,2019-01-05,2019-01-08,2019-02-05,2019-02-05,SYN-DOC-000684,SYN-CLAIM-000685,SYN-CLAIM-000686,PENDING_OBJECTION,1,REVIEW_REQUIRED
SYN-MUT-000685,SYN-PARCEL-000685,SALE_TRANSFER,2020-02-06,2020-02-09,2020-03-06,2020-03-06,SYN-DOC-000685,SYN-CLAIM-000686,SYN-CLAIM-000687,REJECTED,2,REVIEW_REQUIRED
SYN-MUT-000686,SYN-PARCEL-000686,INHERITANCE_SUCCESSION,2021-03-07,2021-03-10,2021-04-07,2021-04-07,SYN-DOC-000686,SYN-CLAIM-000687,SYN-CLAIM-000688,SANCTIONED,3,MATCH
SYN-MUT-000687,SYN-PARCEL-000687,PARTITION,2022-04-08,2022-04-11,2022-05-08,2022-05-08,SYN-DOC-000687,SYN-CLAIM-000688,SYN-CLAIM-000689,SANCTIONED,1,MATCH
SYN-MUT-000688,SYN-PARCEL-000688,CONVERSION,2023-05-09,2023-05-12,2023-06-09,2023-06-09,SYN-DOC-000688,SYN-CLAIM-000689,SYN-CLAIM-000690,SANCTIONED,2,MATCH
SYN-MUT-000689,SYN-PARCEL-000689,MORTGAGE_CHARGE,2024-06-10,2024-06-13,2024-07-10,2024-07-10,SYN-DOC-000689,SYN-CLAIM-000690,SYN-CLAIM-000691,PENDING_OBJECTION,3,REVIEW_REQUIRED
SYN-MUT-000690,SYN-PARCEL-000690,RELEASE,2015-07-11,2015-07-14,2015-08-11,2015-08-11,SYN-DOC-000690,SYN-CLAIM-000691,SYN-CLAIM-000692,REJECTED,1,REVIEW_REQUIRED
SYN-MUT-000691,SYN-PARCEL-000691,SALE_TRANSFER,2016-08-12,2016-08-15,2016-09-12,2016-09-12,SYN-DOC-000691,SYN-CLAIM-000692,SYN-CLAIM-000693,SANCTIONED,2,MATCH
SYN-MUT-000692,SYN-PARCEL-000692,INHERITANCE_SUCCESSION,2017-09-13,2017-09-16,2017-10-13,2017-10-13,SYN-DOC-000692,SYN-CLAIM-000693,SYN-CLAIM-000694,SANCTIONED,3,MATCH
SYN-MUT-000693,SYN-PARCEL-000693,PARTITION,2018-10-14,2018-10-17,2018-11-14,2018-11-14,SYN-DOC-000693,SYN-CLAIM-000694,SYN-CLAIM-000695,SANCTIONED,1,MATCH
SYN-MUT-000694,SYN-PARCEL-000694,CONVERSION,2019-11-15,2019-11-18,2019-12-15,2019-12-15,SYN-DOC-000694,SYN-CLAIM-000695,SYN-CLAIM-000696,PENDING_OBJECTION,2,REVIEW_REQUIRED
SYN-MUT-000695,SYN-PARCEL-000695,MORTGAGE_CHARGE,2020-12-16,2020-12-19,2020-12-16,2020-12-16,SYN-DOC-000695,SYN-CLAIM-000696,SYN-CLAIM-000697,REJECTED,3,REVIEW_REQUIRED
SYN-MUT-000696,SYN-PARCEL-000696,RELEASE,2021-01-17,2021-01-20,2021-02-17,2021-02-17,SYN-DOC-000696,SYN-CLAIM-000697,SYN-CLAIM-000698,SANCTIONED,1,MATCH
SYN-MUT-000697,SYN-PARCEL-000697,SALE_TRANSFER,2022-02-18,2022-02-21,2022-03-18,2022-03-18,SYN-DOC-000697,SYN-CLAIM-000698,SYN-CLAIM-000699,SANCTIONED,2,MATCH
SYN-MUT-000698,SYN-PARCEL-000698,INHERITANCE_SUCCESSION,2023-03-19,2023-03-22,2023-04-19,2023-04-19,SYN-DOC-000698,SYN-CLAIM-000699,SYN-CLAIM-000700,SANCTIONED,3,MATCH
SYN-MUT-000699,SYN-PARCEL-000699,PARTITION,2024-04-20,2024-04-23,2024-05-20,2024-05-20,SYN-DOC-000699,SYN-CLAIM-000700,SYN-CLAIM-000701,PENDING_OBJECTION,1,REVIEW_REQUIRED
SYN-MUT-000700,SYN-PARCEL-000700,CONVERSION,2015-05-01,2015-05-04,2015-06-01,2015-06-01,SYN-DOC-000700,SYN-CLAIM-000701,SYN-CLAIM-000702,REJECTED,2,REVIEW_REQUIRED
SYN-MUT-000701,SYN-PARCEL-000701,MORTGAGE_CHARGE,2016-06-02,2016-06-05,2016-07-02,2016-07-02,SYN-DOC-000701,SYN-CLAIM-000702,SYN-CLAIM-000703,SANCTIONED,3,MATCH
SYN-MUT-000702,SYN-PARCEL-000702,RELEASE,2017-07-03,2017-07-06,2017-08-03,2017-08-03,SYN-DOC-000702,SYN-CLAIM-000703,SYN-CLAIM-000704,SANCTIONED,1,MATCH
SYN-MUT-000703,SYN-PARCEL-000703,SALE_TRANSFER,2018-08-04,2018-08-07,2018-09-04,2018-09-04,SYN-DOC-000703,SYN-CLAIM-000704,SYN-CLAIM-000705,SANCTIONED,2,MATCH
SYN-MUT-000704,SYN-PARCEL-000704,INHERITANCE_SUCCESSION,2019-09-05,2019-09-08,2019-10-05,2019-10-05,SYN-DOC-000704,SYN-CLAIM-000705,SYN-CLAIM-000706,PENDING_OBJECTION,3,REVIEW_REQUIRED
SYN-MUT-000705,SYN-PARCEL-000705,PARTITION,2020-10-06,2020-10-09,2020-11-06,2020-11-06,SYN-DOC-000705,SYN-CLAIM-000706,SYN-CLAIM-000707,REJECTED,1,REVIEW_REQUIRED
SYN-MUT-000706,SYN-PARCEL-000706,CONVERSION,2021-11-07,2021-11-10,2021-12-07,2021-12-07,SYN-DOC-000706,SYN-CLAIM-000707,SYN-CLAIM-000708,SANCTIONED,2,MATCH
SYN-MUT-000707,SYN-PARCEL-000707,MORTGAGE_CHARGE,2022-12-08,2022-12-11,2022-12-08,2022-12-08,SYN-DOC-000707,SYN-CLAIM-000708,SYN-CLAIM-000709,SANCTIONED,3,MATCH
SYN-MUT-000708,SYN-PARCEL-000708,RELEASE,2023-01-09,2023-01-12,2023-02-09,2023-02-09,SYN-DOC-000708,SYN-CLAIM-000709,SYN-CLAIM-000710,SANCTIONED,1,MATCH
SYN-MUT-000709,SYN-PARCEL-000709,SALE_TRANSFER,2024-02-10,2024-02-13,2024-03-10,2024-03-10,SYN-DOC-000709,SYN-CLAIM-000710,SYN-CLAIM-000711,PENDING_OBJECTION,2,REVIEW_REQUIRED
SYN-MUT-000710,SYN-PARCEL-000710,INHERITANCE_SUCCESSION,2015-03-11,2015-03-14,2015-04-11,2015-04-11,SYN-DOC-000710,SYN-CLAIM-000711,SYN-CLAIM-000712,REJECTED,3,REVIEW_REQUIRED
SYN-MUT-000711,SYN-PARCEL-000711,PARTITION,2016-04-12,2016-04-15,2016-05-12,2016-05-12,SYN-DOC-000711,SYN-CLAIM-000712,SYN-CLAIM-000713,SANCTIONED,1,MATCH
SYN-MUT-000712,SYN-PARCEL-000712,CONVERSION,2017-05-13,2017-05-16,2017-06-13,2017-06-13,SYN-DOC-000712,SYN-CLAIM-000713,SYN-CLAIM-000714,SANCTIONED,2,MATCH
SYN-MUT-000713,SYN-PARCEL-000713,MORTGAGE_CHARGE,2018-06-14,2018-06-17,2018-07-14,2018-07-14,SYN-DOC-000713,SYN-CLAIM-000714,SYN-CLAIM-000715,SANCTIONED,3,MATCH
SYN-MUT-000714,SYN-PARCEL-000714,RELEASE,2019-07-15,2019-07-18,2019-08-15,2019-08-15,SYN-DOC-000714,SYN-CLAIM-000715,SYN-CLAIM-000716,PENDING_OBJECTION,1,REVIEW_REQUIRED
SYN-MUT-000715,SYN-PARCEL-000715,SALE_TRANSFER,2020-08-16,2020-08-19,2020-09-16,2020-09-16,SYN-DOC-000715,SYN-CLAIM-000716,SYN-CLAIM-000717,REJECTED,2,REVIEW_REQUIRED
SYN-MUT-000716,SYN-PARCEL-000716,INHERITANCE_SUCCESSION,2021-09-17,2021-09-20,2021-10-17,2021-10-17,SYN-DOC-000716,SYN-CLAIM-000717,SYN-CLAIM-000718,SANCTIONED,3,MATCH
SYN-MUT-000717,SYN-PARCEL-000717,PARTITION,2022-10-18,2022-10-21,2022-11-18,2022-11-18,SYN-DOC-000717,SYN-CLAIM-000718,SYN-CLAIM-000719,SANCTIONED,1,MATCH
SYN-MUT-000718,SYN-PARCEL-000718,CONVERSION,2023-11-19,2023-11-22,2023-12-19,2023-12-19,SYN-DOC-000718,SYN-CLAIM-000719,SYN-CLAIM-000720,SANCTIONED,2,MATCH
SYN-MUT-000719,SYN-PARCEL-000719,MORTGAGE_CHARGE,2024-12-20,2024-12-23,2024-12-20,2024-12-20,SYN-DOC-000719,SYN-CLAIM-000720,SYN-CLAIM-000721,PENDING_OBJECTION,3,REVIEW_REQUIRED
SYN-MUT-000720,SYN-PARCEL-000720,RELEASE,2015-01-01,2015-01-04,2015-02-01,2015-02-01,SYN-DOC-000720,SYN-CLAIM-000721,SYN-CLAIM-000722,REJECTED,1,REVIEW_REQUIRED
SYN-MUT-000721,SYN-PARCEL-000721,SALE_TRANSFER,2016-02-02,2016-02-05,2016-03-02,2016-03-02,SYN-DOC-000721,SYN-CLAIM-000722,SYN-CLAIM-000723,SANCTIONED,2,MATCH
SYN-MUT-000722,SYN-PARCEL-000722,INHERITANCE_SUCCESSION,2017-03-03,2017-03-06,2017-04-03,2017-04-03,SYN-DOC-000722,SYN-CLAIM-000723,SYN-CLAIM-000724,SANCTIONED,3,MATCH
SYN-MUT-000723,SYN-PARCEL-000723,PARTITION,2018-04-04,2018-04-07,2018-05-04,2018-05-04,SYN-DOC-000723,SYN-CLAIM-000724,SYN-CLAIM-000725,SANCTIONED,1,MATCH
SYN-MUT-000724,SYN-PARCEL-000724,CONVERSION,2019-05-05,2019-05-08,2019-06-05,2019-06-05,SYN-DOC-000724,SYN-CLAIM-000725,SYN-CLAIM-000726,PENDING_OBJECTION,2,REVIEW_REQUIRED
SYN-MUT-000725,SYN-PARCEL-000725,MORTGAGE_CHARGE,2020-06-06,2020-06-09,2020-07-06,2020-07-06,SYN-DOC-000725,SYN-CLAIM-000726,SYN-CLAIM-000727,REJECTED,3,REVIEW_REQUIRED
SYN-MUT-000726,SYN-PARCEL-000726,RELEASE,2021-07-07,2021-07-10,2021-08-07,2021-08-07,SYN-DOC-000726,SYN-CLAIM-000727,SYN-CLAIM-000728,SANCTIONED,1,MATCH
SYN-MUT-000727,SYN-PARCEL-000727,SALE_TRANSFER,2022-08-08,2022-08-11,2022-09-08,2022-09-08,SYN-DOC-000727,SYN-CLAIM-000728,SYN-CLAIM-000729,SANCTIONED,2,MATCH
SYN-MUT-000728,SYN-PARCEL-000728,INHERITANCE_SUCCESSION,2023-09-09,2023-09-12,2023-10-09,2023-10-09,SYN-DOC-000728,SYN-CLAIM-000729,SYN-CLAIM-000730,SANCTIONED,3,MATCH
SYN-MUT-000729,SYN-PARCEL-000729,PARTITION,2024-10-10,2024-10-13,2024-11-10,2024-11-10,SYN-DOC-000729,SYN-CLAIM-000730,SYN-CLAIM-000731,PENDING_OBJECTION,1,REVIEW_REQUIRED
SYN-MUT-000730,SYN-PARCEL-000730,CONVERSION,2015-11-11,2015-11-14,2015-12-11,2015-12-11,SYN-DOC-000730,SYN-CLAIM-000731,SYN-CLAIM-000732,REJECTED,2,REVIEW_REQUIRED
SYN-MUT-000731,SYN-PARCEL-000731,MORTGAGE_CHARGE,2016-12-12,2016-12-15,2016-12-12,2016-12-12,SYN-DOC-000731,SYN-CLAIM-000732,SYN-CLAIM-000733,SANCTIONED,3,MATCH
SYN-MUT-000732,SYN-PARCEL-000732,RELEASE,2017-01-13,2017-01-16,2017-02-13,2017-02-13,SYN-DOC-000732,SYN-CLAIM-000733,SYN-CLAIM-000734,SANCTIONED,1,MATCH
SYN-MUT-000733,SYN-PARCEL-000733,SALE_TRANSFER,2018-02-14,2018-02-17,2018-03-14,2018-03-14,SYN-DOC-000733,SYN-CLAIM-000734,SYN-CLAIM-000735,SANCTIONED,2,MATCH
SYN-MUT-000734,SYN-PARCEL-000734,INHERITANCE_SUCCESSION,2019-03-15,2019-03-18,2019-04-15,2019-04-15,SYN-DOC-000734,SYN-CLAIM-000735,SYN-CLAIM-000736,PENDING_OBJECTION,3,REVIEW_REQUIRED
SYN-MUT-000735,SYN-PARCEL-000735,PARTITION,2020-04-16,2020-04-19,2020-05-16,2020-05-16,SYN-DOC-000735,SYN-CLAIM-000736,SYN-CLAIM-000737,REJECTED,1,REVIEW_REQUIRED
SYN-MUT-000736,SYN-PARCEL-000736,CONVERSION,2021-05-17,2021-05-20,2021-06-17,2021-06-17,SYN-DOC-000736,SYN-CLAIM-000737,SYN-CLAIM-000738,SANCTIONED,2,MATCH
SYN-MUT-000737,SYN-PARCEL-000737,MORTGAGE_CHARGE,2022-06-18,2022-06-21,2022-07-18,2022-07-18,SYN-DOC-000737,SYN-CLAIM-000738,SYN-CLAIM-000739,SANCTIONED,3,MATCH
SYN-MUT-000738,SYN-PARCEL-000738,RELEASE,2023-07-19,2023-07-22,2023-08-19,2023-08-19,SYN-DOC-000738,SYN-CLAIM-000739,SYN-CLAIM-000740,SANCTIONED,1,MATCH
SYN-MUT-000739,SYN-PARCEL-000739,SALE_TRANSFER,2024-08-20,2024-08-23,2024-09-20,2024-09-20,SYN-DOC-000739,SYN-CLAIM-000740,SYN-CLAIM-000741,PENDING_OBJECTION,2,REVIEW_REQUIRED
SYN-MUT-000740,SYN-PARCEL-000740,INHERITANCE_SUCCESSION,2015-09-01,2015-09-04,2015-10-01,2015-10-01,SYN-DOC-000740,SYN-CLAIM-000741,SYN-CLAIM-000742,REJECTED,3,REVIEW_REQUIRED
SYN-MUT-000741,SYN-PARCEL-000741,PARTITION,2016-10-02,2016-10-05,2016-11-02,2016-11-02,SYN-DOC-000741,SYN-CLAIM-000742,SYN-CLAIM-000743,SANCTIONED,1,MATCH
SYN-MUT-000742,SYN-PARCEL-000742,CONVERSION,2017-11-03,2017-11-06,2017-12-03,2017-12-03,SYN-DOC-000742,SYN-CLAIM-000743,SYN-CLAIM-000744,SANCTIONED,2,MATCH
SYN-MUT-000743,SYN-PARCEL-000743,MORTGAGE_CHARGE,2018-12-04,2018-12-07,2018-12-04,2018-12-04,SYN-DOC-000743,SYN-CLAIM-000744,SYN-CLAIM-000745,SANCTIONED,3,MATCH
SYN-MUT-000744,SYN-PARCEL-000744,RELEASE,2019-01-05,2019-01-08,2019-02-05,2019-02-05,SYN-DOC-000744,SYN-CLAIM-000745,SYN-CLAIM-000746,PENDING_OBJECTION,1,REVIEW_REQUIRED
SYN-MUT-000745,SYN-PARCEL-000745,SALE_TRANSFER,2020-02-06,2020-02-09,2020-03-06,2020-03-06,SYN-DOC-000745,SYN-CLAIM-000746,SYN-CLAIM-000747,REJECTED,2,REVIEW_REQUIRED
SYN-MUT-000746,SYN-PARCEL-000746,INHERITANCE_SUCCESSION,2021-03-07,2021-03-10,2021-04-07,2021-04-07,SYN-DOC-000746,SYN-CLAIM-000747,SYN-CLAIM-000748,SANCTIONED,3,MATCH
SYN-MUT-000747,SYN-PARCEL-000747,PARTITION,2022-04-08,2022-04-11,2022-05-08,2022-05-08,SYN-DOC-000747,SYN-CLAIM-000748,SYN-CLAIM-000749,SANCTIONED,1,MATCH
SYN-MUT-000748,SYN-PARCEL-000748,CONVERSION,2023-05-09,2023-05-12,2023-06-09,2023-06-09,SYN-DOC-000748,SYN-CLAIM-000749,SYN-CLAIM-000750,SANCTIONED,2,MATCH
SYN-MUT-000749,SYN-PARCEL-000749,MORTGAGE_CHARGE,2024-06-10,2024-06-13,2024-07-10,2024-07-10,SYN-DOC-000749,SYN-CLAIM-000750,SYN-CLAIM-000751,PENDING_OBJECTION,3,REVIEW_REQUIRED
SYN-MUT-000750,SYN-PARCEL-000750,RELEASE,2015-07-11,2015-07-14,2014-07-11,2014-07-11,SYN-DOC-000750,SYN-CLAIM-000751,SYN-CLAIM-000752,REJECTED,1,CHRONOLOGY_CONFLICT
SYN-MUT-000751,SYN-PARCEL-000751,SALE_TRANSFER,2016-08-12,2016-08-15,2016-09-12,2016-09-12,SYN-DOC-000751,SYN-CLAIM-000752,SYN-CLAIM-000753,SANCTIONED,2,MATCH
SYN-MUT-000752,SYN-PARCEL-000752,INHERITANCE_SUCCESSION,2017-09-13,2017-09-16,2017-10-13,2017-10-13,SYN-DOC-000752,SYN-CLAIM-000753,SYN-CLAIM-000754,SANCTIONED,3,MATCH
SYN-MUT-000753,SYN-PARCEL-000753,PARTITION,2018-10-14,2018-10-17,2018-11-14,2018-11-14,SYN-DOC-000753,SYN-CLAIM-000754,SYN-CLAIM-000755,SANCTIONED,1,MATCH
SYN-MUT-000754,SYN-PARCEL-000754,CONVERSION,2019-11-15,2019-11-18,2019-12-15,2019-12-15,SYN-DOC-000754,SYN-CLAIM-000755,SYN-CLAIM-000756,PENDING_OBJECTION,2,REVIEW_REQUIRED
SYN-MUT-000755,SYN-PARCEL-000755,MORTGAGE_CHARGE,2020-12-16,2020-12-19,2020-12-16,2020-12-16,SYN-DOC-000755,SYN-CLAIM-000756,SYN-CLAIM-000757,REJECTED,3,REVIEW_REQUIRED
SYN-MUT-000756,SYN-PARCEL-000756,RELEASE,2021-01-17,2021-01-20,2021-02-17,2021-02-17,SYN-DOC-000756,SYN-CLAIM-000757,SYN-CLAIM-000758,SANCTIONED,1,MATCH
SYN-MUT-000757,SYN-PARCEL-000757,SALE_TRANSFER,2022-02-18,2022-02-21,2022-03-18,2022-03-18,SYN-DOC-000757,SYN-CLAIM-000758,SYN-CLAIM-000759,SANCTIONED,2,MATCH
SYN-MUT-000758,SYN-PARCEL-000758,INHERITANCE_SUCCESSION,2023-03-19,2023-03-22,2023-04-19,2023-04-19,SYN-DOC-000758,SYN-CLAIM-000759,SYN-CLAIM-000760,SANCTIONED,3,MATCH
SYN-MUT-000759,SYN-PARCEL-000759,PARTITION,2024-04-20,2024-04-23,2024-05-20,2024-05-20,SYN-DOC-000759,SYN-CLAIM-000760,SYN-CLAIM-000761,PENDING_OBJECTION,1,REVIEW_REQUIRED
SYN-MUT-000760,SYN-PARCEL-000760,CONVERSION,2015-05-01,2015-05-04,2015-06-01,2015-06-01,SYN-DOC-000760,SYN-CLAIM-000761,SYN-CLAIM-000762,REJECTED,2,REVIEW_REQUIRED
SYN-MUT-000761,SYN-PARCEL-000761,MORTGAGE_CHARGE,2016-06-02,2016-06-05,2016-07-02,2016-07-02,SYN-DOC-000761,SYN-CLAIM-000762,SYN-CLAIM-000763,SANCTIONED,3,MATCH
SYN-MUT-000762,SYN-PARCEL-000762,RELEASE,2017-07-03,2017-07-06,2017-08-03,2017-08-03,SYN-DOC-000762,SYN-CLAIM-000763,SYN-CLAIM-000764,SANCTIONED,1,MATCH
SYN-MUT-000763,SYN-PARCEL-000763,SALE_TRANSFER,2018-08-04,2018-08-07,2018-09-04,2018-09-04,SYN-DOC-000763,SYN-CLAIM-000764,SYN-CLAIM-000765,SANCTIONED,2,MATCH
SYN-MUT-000764,SYN-PARCEL-000764,INHERITANCE_SUCCESSION,2019-09-05,2019-09-08,2019-10-05,2019-10-05,SYN-DOC-000764,SYN-CLAIM-000765,SYN-CLAIM-000766,PENDING_OBJECTION,3,REVIEW_REQUIRED
SYN-MUT-000765,SYN-PARCEL-000765,PARTITION,2020-10-06,2020-10-09,2020-11-06,2020-11-06,SYN-DOC-000765,SYN-CLAIM-000766,SYN-CLAIM-000767,REJECTED,1,REVIEW_REQUIRED
SYN-MUT-000766,SYN-PARCEL-000766,CONVERSION,2021-11-07,2021-11-10,2021-12-07,2021-12-07,SYN-DOC-000766,SYN-CLAIM-000767,SYN-CLAIM-000768,SANCTIONED,2,MATCH
SYN-MUT-000767,SYN-PARCEL-000767,MORTGAGE_CHARGE,2022-12-08,2022-12-11,2022-12-08,2022-12-08,SYN-DOC-000767,SYN-CLAIM-000768,SYN-CLAIM-000769,SANCTIONED,3,MATCH
SYN-MUT-000768,SYN-PARCEL-000768,RELEASE,2023-01-09,2023-01-12,2023-02-09,2023-02-09,SYN-DOC-000768,SYN-CLAIM-000769,SYN-CLAIM-000770,SANCTIONED,1,MATCH
SYN-MUT-000769,SYN-PARCEL-000769,SALE_TRANSFER,2024-02-10,2024-02-13,2024-03-10,2024-03-10,SYN-DOC-000769,SYN-CLAIM-000770,SYN-CLAIM-000771,PENDING_OBJECTION,2,REVIEW_REQUIRED
SYN-MUT-000770,SYN-PARCEL-000770,INHERITANCE_SUCCESSION,2015-03-11,2015-03-14,2015-04-11,2015-04-11,SYN-DOC-000770,SYN-CLAIM-000771,SYN-CLAIM-000772,REJECTED,3,REVIEW_REQUIRED
SYN-MUT-000771,SYN-PARCEL-000771,PARTITION,2016-04-12,2016-04-15,2016-05-12,2016-05-12,SYN-DOC-000771,SYN-CLAIM-000772,SYN-CLAIM-000773,SANCTIONED,1,MATCH
SYN-MUT-000772,SYN-PARCEL-000772,CONVERSION,2017-05-13,2017-05-16,2017-06-13,2017-06-13,SYN-DOC-000772,SYN-CLAIM-000773,SYN-CLAIM-000774,SANCTIONED,2,MATCH
SYN-MUT-000773,SYN-PARCEL-000773,MORTGAGE_CHARGE,2018-06-14,2018-06-17,2018-07-14,2018-07-14,SYN-DOC-000773,SYN-CLAIM-000774,SYN-CLAIM-000775,SANCTIONED,3,MATCH
SYN-MUT-000774,SYN-PARCEL-000774,RELEASE,2019-07-15,2019-07-18,2019-08-15,2019-08-15,SYN-DOC-000774,SYN-CLAIM-000775,SYN-CLAIM-000776,PENDING_OBJECTION,1,REVIEW_REQUIRED
SYN-MUT-000775,SYN-PARCEL-000775,SALE_TRANSFER,2020-08-16,2020-08-19,2020-09-16,2020-09-16,SYN-DOC-000775,SYN-CLAIM-000776,SYN-CLAIM-000777,REJECTED,2,REVIEW_REQUIRED
SYN-MUT-000776,SYN-PARCEL-000776,INHERITANCE_SUCCESSION,2021-09-17,2021-09-20,2021-10-17,2021-10-17,SYN-DOC-000776,SYN-CLAIM-000777,SYN-CLAIM-000778,SANCTIONED,3,MATCH
SYN-MUT-000777,SYN-PARCEL-000777,PARTITION,2022-10-18,2022-10-21,2022-11-18,2022-11-18,SYN-DOC-000777,SYN-CLAIM-000778,SYN-CLAIM-000779,SANCTIONED,1,MATCH
SYN-MUT-000778,SYN-PARCEL-000778,CONVERSION,2023-11-19,2023-11-22,2023-12-19,2023-12-19,SYN-DOC-000778,SYN-CLAIM-000779,SYN-CLAIM-000780,SANCTIONED,2,MATCH
SYN-MUT-000779,SYN-PARCEL-000779,MORTGAGE_CHARGE,2024-12-20,2024-12-23,2024-12-20,2024-12-20,SYN-DOC-000779,SYN-CLAIM-000780,SYN-CLAIM-000781,PENDING_OBJECTION,3,REVIEW_REQUIRED
SYN-MUT-000780,SYN-PARCEL-000780,RELEASE,2015-01-01,2015-01-04,2015-02-01,2015-02-01,SYN-DOC-000780,SYN-CLAIM-000781,SYN-CLAIM-000782,REJECTED,1,REVIEW_REQUIRED
SYN-MUT-000781,SYN-PARCEL-000781,SALE_TRANSFER,2016-02-02,2016-02-05,2016-03-02,2016-03-02,SYN-DOC-000781,SYN-CLAIM-000782,SYN-CLAIM-000783,SANCTIONED,2,MATCH
SYN-MUT-000782,SYN-PARCEL-000782,INHERITANCE_SUCCESSION,2017-03-03,2017-03-06,2017-04-03,2017-04-03,SYN-DOC-000782,SYN-CLAIM-000783,SYN-CLAIM-000784,SANCTIONED,3,MATCH
SYN-MUT-000783,SYN-PARCEL-000783,PARTITION,2018-04-04,2018-04-07,2018-05-04,2018-05-04,SYN-DOC-000783,SYN-CLAIM-000784,SYN-CLAIM-000785,SANCTIONED,1,MATCH
SYN-MUT-000784,SYN-PARCEL-000784,CONVERSION,2019-05-05,2019-05-08,2019-06-05,2019-06-05,SYN-DOC-000784,SYN-CLAIM-000785,SYN-CLAIM-000786,PENDING_OBJECTION,2,REVIEW_REQUIRED
SYN-MUT-000785,SYN-PARCEL-000785,MORTGAGE_CHARGE,2020-06-06,2020-06-09,2020-07-06,2020-07-06,SYN-DOC-000785,SYN-CLAIM-000786,SYN-CLAIM-000787,REJECTED,3,REVIEW_REQUIRED
SYN-MUT-000786,SYN-PARCEL-000786,RELEASE,2021-07-07,2021-07-10,2021-08-07,2021-08-07,SYN-DOC-000786,SYN-CLAIM-000787,SYN-CLAIM-000788,SANCTIONED,1,MATCH
SYN-MUT-000787,SYN-PARCEL-000787,SALE_TRANSFER,2022-08-08,2022-08-11,2022-09-08,2022-09-08,SYN-DOC-000787,SYN-CLAIM-000788,SYN-CLAIM-000789,SANCTIONED,2,MATCH
SYN-MUT-000788,SYN-PARCEL-000788,INHERITANCE_SUCCESSION,2023-09-09,2023-09-12,2023-10-09,2023-10-09,SYN-DOC-000788,SYN-CLAIM-000789,SYN-CLAIM-000790,SANCTIONED,3,MATCH
SYN-MUT-000789,SYN-PARCEL-000789,PARTITION,2024-10-10,2024-10-13,2024-11-10,2024-11-10,SYN-DOC-000789,SYN-CLAIM-000790,SYN-CLAIM-000791,PENDING_OBJECTION,1,REVIEW_REQUIRED
SYN-MUT-000790,SYN-PARCEL-000790,CONVERSION,2015-11-11,2015-11-14,2015-12-11,2015-12-11,SYN-DOC-000790,SYN-CLAIM-000791,SYN-CLAIM-000792,REJECTED,2,REVIEW_REQUIRED
SYN-MUT-000791,SYN-PARCEL-000791,MORTGAGE_CHARGE,2016-12-12,2016-12-15,2016-12-12,2016-12-12,SYN-DOC-000791,SYN-CLAIM-000792,SYN-CLAIM-000793,SANCTIONED,3,MATCH
SYN-MUT-000792,SYN-PARCEL-000792,RELEASE,2017-01-13,2017-01-16,2017-02-13,2017-02-13,SYN-DOC-000792,SYN-CLAIM-000793,SYN-CLAIM-000794,SANCTIONED,1,MATCH
SYN-MUT-000793,SYN-PARCEL-000793,SALE_TRANSFER,2018-02-14,2018-02-17,2018-03-14,2018-03-14,SYN-DOC-000793,SYN-CLAIM-000794,SYN-CLAIM-000795,SANCTIONED,2,MATCH
SYN-MUT-000794,SYN-PARCEL-000794,INHERITANCE_SUCCESSION,2019-03-15,2019-03-18,2019-04-15,2019-04-15,SYN-DOC-000794,SYN-CLAIM-000795,SYN-CLAIM-000796,PENDING_OBJECTION,3,REVIEW_REQUIRED
SYN-MUT-000795,SYN-PARCEL-000795,PARTITION,2020-04-16,2020-04-19,2020-05-16,2020-05-16,SYN-DOC-000795,SYN-CLAIM-000796,SYN-CLAIM-000797,REJECTED,1,REVIEW_REQUIRED
SYN-MUT-000796,SYN-PARCEL-000796,CONVERSION,2021-05-17,2021-05-20,2021-06-17,2021-06-17,SYN-DOC-000796,SYN-CLAIM-000797,SYN-CLAIM-000798,SANCTIONED,2,MATCH
SYN-MUT-000797,SYN-PARCEL-000797,MORTGAGE_CHARGE,2022-06-18,2022-06-21,2022-07-18,2022-07-18,SYN-DOC-000797,SYN-CLAIM-000798,SYN-CLAIM-000799,SANCTIONED,3,MATCH
SYN-MUT-000798,SYN-PARCEL-000798,RELEASE,2023-07-19,2023-07-22,2023-08-19,2023-08-19,SYN-DOC-000798,SYN-CLAIM-000799,SYN-CLAIM-000800,SANCTIONED,1,MATCH
SYN-MUT-000799,SYN-PARCEL-000799,SALE_TRANSFER,2024-08-20,2024-08-23,2024-09-20,2024-09-20,SYN-DOC-000799,SYN-CLAIM-000800,SYN-CLAIM-000801,PENDING_OBJECTION,2,REVIEW_REQUIRED
SYN-MUT-000800,SYN-PARCEL-000800,INHERITANCE_SUCCESSION,2015-09-01,2015-09-04,2015-10-01,2015-10-01,SYN-DOC-000800,SYN-CLAIM-000801,SYN-CLAIM-000802,REJECTED,3,REVIEW_REQUIRED
SYN-MUT-000801,SYN-PARCEL-000801,PARTITION,2016-10-02,2016-10-05,2016-11-02,2016-11-02,SYN-DOC-000801,SYN-CLAIM-000802,SYN-CLAIM-000803,SANCTIONED,1,MATCH
SYN-MUT-000802,SYN-PARCEL-000802,CONVERSION,2017-11-03,2017-11-06,2017-12-03,2017-12-03,SYN-DOC-000802,SYN-CLAIM-000803,SYN-CLAIM-000804,SANCTIONED,2,MATCH
SYN-MUT-000803,SYN-PARCEL-000803,MORTGAGE_CHARGE,2018-12-04,2018-12-07,2018-12-04,2018-12-04,SYN-DOC-000803,SYN-CLAIM-000804,SYN-CLAIM-000805,SANCTIONED,3,MATCH
SYN-MUT-000804,SYN-PARCEL-000804,RELEASE,2019-01-05,2019-01-08,2019-02-05,2019-02-05,SYN-DOC-000804,SYN-CLAIM-000805,SYN-CLAIM-000806,PENDING_OBJECTION,1,REVIEW_REQUIRED
SYN-MUT-000805,SYN-PARCEL-000805,SALE_TRANSFER,2020-02-06,2020-02-09,2020-03-06,2020-03-06,SYN-DOC-000805,SYN-CLAIM-000806,SYN-CLAIM-000807,REJECTED,2,REVIEW_REQUIRED
SYN-MUT-000806,SYN-PARCEL-000806,INHERITANCE_SUCCESSION,2021-03-07,2021-03-10,2021-04-07,2021-04-07,SYN-DOC-000806,SYN-CLAIM-000807,SYN-CLAIM-000808,SANCTIONED,3,MATCH
SYN-MUT-000807,SYN-PARCEL-000807,PARTITION,2022-04-08,2022-04-11,2022-05-08,2022-05-08,SYN-DOC-000807,SYN-CLAIM-000808,SYN-CLAIM-000809,SANCTIONED,1,MATCH
SYN-MUT-000808,SYN-PARCEL-000808,CONVERSION,2023-05-09,2023-05-12,2023-06-09,2023-06-09,SYN-DOC-000808,SYN-CLAIM-000809,SYN-CLAIM-000810,SANCTIONED,2,MATCH
SYN-MUT-000809,SYN-PARCEL-000809,MORTGAGE_CHARGE,2024-06-10,2024-06-13,2024-07-10,2024-07-10,SYN-DOC-000809,SYN-CLAIM-000810,SYN-CLAIM-000811,PENDING_OBJECTION,3,REVIEW_REQUIRED
SYN-MUT-000810,SYN-PARCEL-000810,RELEASE,2015-07-11,2015-07-14,2015-08-11,2015-08-11,SYN-DOC-000810,SYN-CLAIM-000811,SYN-CLAIM-000812,REJECTED,1,REVIEW_REQUIRED
SYN-MUT-000811,SYN-PARCEL-000811,SALE_TRANSFER,2016-08-12,2016-08-15,2016-09-12,2016-09-12,SYN-DOC-000811,SYN-CLAIM-000812,SYN-CLAIM-000813,SANCTIONED,2,MATCH
SYN-MUT-000812,SYN-PARCEL-000812,INHERITANCE_SUCCESSION,2017-09-13,2017-09-16,2017-10-13,2017-10-13,SYN-DOC-000812,SYN-CLAIM-000813,SYN-CLAIM-000814,SANCTIONED,3,MATCH
SYN-MUT-000813,SYN-PARCEL-000813,PARTITION,2018-10-14,2018-10-17,2018-11-14,2018-11-14,SYN-DOC-000813,SYN-CLAIM-000814,SYN-CLAIM-000815,SANCTIONED,1,MATCH
SYN-MUT-000814,SYN-PARCEL-000814,CONVERSION,2019-11-15,2019-11-18,2019-12-15,2019-12-15,SYN-DOC-000814,SYN-CLAIM-000815,SYN-CLAIM-000816,PENDING_OBJECTION,2,REVIEW_REQUIRED
SYN-MUT-000815,SYN-PARCEL-000815,MORTGAGE_CHARGE,2020-12-16,2020-12-19,2020-12-16,2020-12-16,SYN-DOC-000815,SYN-CLAIM-000816,SYN-CLAIM-000817,REJECTED,3,REVIEW_REQUIRED
SYN-MUT-000816,SYN-PARCEL-000816,RELEASE,2021-01-17,2021-01-20,2021-02-17,2021-02-17,SYN-DOC-000816,SYN-CLAIM-000817,SYN-CLAIM-000818,SANCTIONED,1,MATCH
SYN-MUT-000817,SYN-PARCEL-000817,SALE_TRANSFER,2022-02-18,2022-02-21,2022-03-18,2022-03-18,SYN-DOC-000817,SYN-CLAIM-000818,SYN-CLAIM-000819,SANCTIONED,2,MATCH
SYN-MUT-000818,SYN-PARCEL-000818,INHERITANCE_SUCCESSION,2023-03-19,2023-03-22,2023-04-19,2023-04-19,SYN-DOC-000818,SYN-CLAIM-000819,SYN-CLAIM-000820,SANCTIONED,3,MATCH
SYN-MUT-000819,SYN-PARCEL-000819,PARTITION,2024-04-20,2024-04-23,2024-05-20,2024-05-20,SYN-DOC-000819,SYN-CLAIM-000820,SYN-CLAIM-000821,PENDING_OBJECTION,1,REVIEW_REQUIRED
SYN-MUT-000820,SYN-PARCEL-000820,CONVERSION,2015-05-01,2015-05-04,2015-06-01,2015-06-01,SYN-DOC-000820,SYN-CLAIM-000821,SYN-CLAIM-000822,REJECTED,2,REVIEW_REQUIRED
SYN-MUT-000821,SYN-PARCEL-000821,MORTGAGE_CHARGE,2016-06-02,2016-06-05,2016-07-02,2016-07-02,SYN-DOC-000821,SYN-CLAIM-000822,SYN-CLAIM-000823,SANCTIONED,3,MATCH
SYN-MUT-000822,SYN-PARCEL-000822,RELEASE,2017-07-03,2017-07-06,2017-08-03,2017-08-03,SYN-DOC-000822,SYN-CLAIM-000823,SYN-CLAIM-000824,SANCTIONED,1,MATCH
SYN-MUT-000823,SYN-PARCEL-000823,SALE_TRANSFER,2018-08-04,2018-08-07,2018-09-04,2018-09-04,SYN-DOC-000823,SYN-CLAIM-000824,SYN-CLAIM-000825,SANCTIONED,2,MATCH
SYN-MUT-000824,SYN-PARCEL-000824,INHERITANCE_SUCCESSION,2019-09-05,2019-09-08,2019-10-05,2019-10-05,SYN-DOC-000824,SYN-CLAIM-000825,SYN-CLAIM-000826,PENDING_OBJECTION,3,REVIEW_REQUIRED
SYN-MUT-000825,SYN-PARCEL-000825,PARTITION,2020-10-06,2020-10-09,2020-11-06,2020-11-06,SYN-DOC-000825,SYN-CLAIM-000826,SYN-CLAIM-000827,REJECTED,1,REVIEW_REQUIRED
SYN-MUT-000826,SYN-PARCEL-000826,CONVERSION,2021-11-07,2021-11-10,2021-12-07,2021-12-07,SYN-DOC-000826,SYN-CLAIM-000827,SYN-CLAIM-000828,SANCTIONED,2,MATCH
SYN-MUT-000827,SYN-PARCEL-000827,MORTGAGE_CHARGE,2022-12-08,2022-12-11,2022-12-08,2022-12-08,SYN-DOC-000827,SYN-CLAIM-000828,SYN-CLAIM-000829,SANCTIONED,3,MATCH
SYN-MUT-000828,SYN-PARCEL-000828,RELEASE,2023-01-09,2023-01-12,2023-02-09,2023-02-09,SYN-DOC-000828,SYN-CLAIM-000829,SYN-CLAIM-000830,SANCTIONED,1,MATCH
SYN-MUT-000829,SYN-PARCEL-000829,SALE_TRANSFER,2024-02-10,2024-02-13,2024-03-10,2024-03-10,SYN-DOC-000829,SYN-CLAIM-000830,SYN-CLAIM-000831,PENDING_OBJECTION,2,REVIEW_REQUIRED
SYN-MUT-000830,SYN-PARCEL-000830,INHERITANCE_SUCCESSION,2015-03-11,2015-03-14,2015-04-11,2015-04-11,SYN-DOC-000830,SYN-CLAIM-000831,SYN-CLAIM-000832,REJECTED,3,REVIEW_REQUIRED
SYN-MUT-000831,SYN-PARCEL-000831,PARTITION,2016-04-12,2016-04-15,2016-05-12,2016-05-12,SYN-DOC-000831,SYN-CLAIM-000832,SYN-CLAIM-000833,SANCTIONED,1,MATCH
SYN-MUT-000832,SYN-PARCEL-000832,CONVERSION,2017-05-13,2017-05-16,2017-06-13,2017-06-13,SYN-DOC-000832,SYN-CLAIM-000833,SYN-CLAIM-000834,SANCTIONED,2,MATCH
SYN-MUT-000833,SYN-PARCEL-000833,MORTGAGE_CHARGE,2018-06-14,2018-06-17,2018-07-14,2018-07-14,SYN-DOC-000833,SYN-CLAIM-000834,SYN-CLAIM-000835,SANCTIONED,3,MATCH
SYN-MUT-000834,SYN-PARCEL-000834,RELEASE,2019-07-15,2019-07-18,2019-08-15,2019-08-15,SYN-DOC-000834,SYN-CLAIM-000835,SYN-CLAIM-000836,PENDING_OBJECTION,1,REVIEW_REQUIRED
SYN-MUT-000835,SYN-PARCEL-000835,SALE_TRANSFER,2020-08-16,2020-08-19,2020-09-16,2020-09-16,SYN-DOC-000835,SYN-CLAIM-000836,SYN-CLAIM-000837,REJECTED,2,REVIEW_REQUIRED
SYN-MUT-000836,SYN-PARCEL-000836,INHERITANCE_SUCCESSION,2021-09-17,2021-09-20,2021-10-17,2021-10-17,SYN-DOC-000836,SYN-CLAIM-000837,SYN-CLAIM-000838,SANCTIONED,3,MATCH
SYN-MUT-000837,SYN-PARCEL-000837,PARTITION,2022-10-18,2022-10-21,2022-11-18,2022-11-18,SYN-DOC-000837,SYN-CLAIM-000838,SYN-CLAIM-000839,SANCTIONED,1,MATCH
SYN-MUT-000838,SYN-PARCEL-000838,CONVERSION,2023-11-19,2023-11-22,2023-12-19,2023-12-19,SYN-DOC-000838,SYN-CLAIM-000839,SYN-CLAIM-000840,SANCTIONED,2,MATCH
SYN-MUT-000839,SYN-PARCEL-000839,MORTGAGE_CHARGE,2024-12-20,2024-12-23,2024-12-20,2024-12-20,SYN-DOC-000839,SYN-CLAIM-000840,SYN-CLAIM-000841,PENDING_OBJECTION,3,REVIEW_REQUIRED
SYN-MUT-000840,SYN-PARCEL-000840,RELEASE,2015-01-01,2015-01-04,2015-02-01,2015-02-01,SYN-DOC-000840,SYN-CLAIM-000841,SYN-CLAIM-000842,REJECTED,1,REVIEW_REQUIRED
SYN-MUT-000841,SYN-PARCEL-000841,SALE_TRANSFER,2016-02-02,2016-02-05,2016-03-02,2016-03-02,SYN-DOC-000841,SYN-CLAIM-000842,SYN-CLAIM-000843,SANCTIONED,2,MATCH
SYN-MUT-000842,SYN-PARCEL-000842,INHERITANCE_SUCCESSION,2017-03-03,2017-03-06,2017-04-03,2017-04-03,SYN-DOC-000842,SYN-CLAIM-000843,SYN-CLAIM-000844,SANCTIONED,3,MATCH
SYN-MUT-000843,SYN-PARCEL-000843,PARTITION,2018-04-04,2018-04-07,2018-05-04,2018-05-04,SYN-DOC-000843,SYN-CLAIM-000844,SYN-CLAIM-000845,SANCTIONED,1,MATCH
SYN-MUT-000844,SYN-PARCEL-000844,CONVERSION,2019-05-05,2019-05-08,2019-06-05,2019-06-05,SYN-DOC-000844,SYN-CLAIM-000845,SYN-CLAIM-000846,PENDING_OBJECTION,2,REVIEW_REQUIRED
SYN-MUT-000845,SYN-PARCEL-000845,MORTGAGE_CHARGE,2020-06-06,2020-06-09,2020-07-06,2020-07-06,SYN-DOC-000845,SYN-CLAIM-000846,SYN-CLAIM-000847,REJECTED,3,REVIEW_REQUIRED
SYN-MUT-000846,SYN-PARCEL-000846,RELEASE,2021-07-07,2021-07-10,2021-08-07,2021-08-07,SYN-DOC-000846,SYN-CLAIM-000847,SYN-CLAIM-000848,SANCTIONED,1,MATCH
SYN-MUT-000847,SYN-PARCEL-000847,SALE_TRANSFER,2022-08-08,2022-08-11,2022-09-08,2022-09-08,SYN-DOC-000847,SYN-CLAIM-000848,SYN-CLAIM-000849,SANCTIONED,2,MATCH
SYN-MUT-000848,SYN-PARCEL-000848,INHERITANCE_SUCCESSION,2023-09-09,2023-09-12,2023-10-09,2023-10-09,SYN-DOC-000848,SYN-CLAIM-000849,SYN-CLAIM-000850,SANCTIONED,3,MATCH
SYN-MUT-000849,SYN-PARCEL-000849,PARTITION,2024-10-10,2024-10-13,2024-11-10,2024-11-10,SYN-DOC-000849,SYN-CLAIM-000850,SYN-CLAIM-000851,PENDING_OBJECTION,1,REVIEW_REQUIRED
SYN-MUT-000850,SYN-PARCEL-000850,CONVERSION,2015-11-11,2015-11-14,2015-12-11,2015-12-11,SYN-DOC-000850,SYN-CLAIM-000851,SYN-CLAIM-000852,REJECTED,2,REVIEW_REQUIRED
SYN-MUT-000851,SYN-PARCEL-000851,MORTGAGE_CHARGE,2016-12-12,2016-12-15,2016-12-12,2016-12-12,SYN-DOC-000851,SYN-CLAIM-000852,SYN-CLAIM-000853,SANCTIONED,3,MATCH
SYN-MUT-000852,SYN-PARCEL-000852,RELEASE,2017-01-13,2017-01-16,2017-02-13,2017-02-13,SYN-DOC-000852,SYN-CLAIM-000853,SYN-CLAIM-000854,SANCTIONED,1,MATCH
SYN-MUT-000853,SYN-PARCEL-000853,SALE_TRANSFER,2018-02-14,2018-02-17,2018-03-14,2018-03-14,SYN-DOC-000853,SYN-CLAIM-000854,SYN-CLAIM-000855,SANCTIONED,2,MATCH
SYN-MUT-000854,SYN-PARCEL-000854,INHERITANCE_SUCCESSION,2019-03-15,2019-03-18,2019-04-15,2019-04-15,SYN-DOC-000854,SYN-CLAIM-000855,SYN-CLAIM-000856,PENDING_OBJECTION,3,REVIEW_REQUIRED
SYN-MUT-000855,SYN-PARCEL-000855,PARTITION,2020-04-16,2020-04-19,2020-05-16,2020-05-16,SYN-DOC-000855,SYN-CLAIM-000856,SYN-CLAIM-000857,REJECTED,1,REVIEW_REQUIRED
SYN-MUT-000856,SYN-PARCEL-000856,CONVERSION,2021-05-17,2021-05-20,2021-06-17,2021-06-17,SYN-DOC-000856,SYN-CLAIM-000857,SYN-CLAIM-000858,SANCTIONED,2,MATCH
SYN-MUT-000857,SYN-PARCEL-000857,MORTGAGE_CHARGE,2022-06-18,2022-06-21,2022-07-18,2022-07-18,SYN-DOC-000857,SYN-CLAIM-000858,SYN-CLAIM-000859,SANCTIONED,3,MATCH
SYN-MUT-000858,SYN-PARCEL-000858,RELEASE,2023-07-19,2023-07-22,2023-08-19,2023-08-19,SYN-DOC-000858,SYN-CLAIM-000859,SYN-CLAIM-000860,SANCTIONED,1,MATCH
SYN-MUT-000859,SYN-PARCEL-000859,SALE_TRANSFER,2024-08-20,2024-08-23,2024-09-20,2024-09-20,SYN-DOC-000859,SYN-CLAIM-000860,SYN-CLAIM-000861,PENDING_OBJECTION,2,REVIEW_REQUIRED
SYN-MUT-000860,SYN-PARCEL-000860,INHERITANCE_SUCCESSION,2015-09-01,2015-09-04,2015-10-01,2015-10-01,SYN-DOC-000860,SYN-CLAIM-000861,SYN-CLAIM-000862,REJECTED,3,REVIEW_REQUIRED
SYN-MUT-000861,SYN-PARCEL-000861,PARTITION,2016-10-02,2016-10-05,2016-11-02,2016-11-02,SYN-DOC-000861,SYN-CLAIM-000862,SYN-CLAIM-000863,SANCTIONED,1,MATCH
SYN-MUT-000862,SYN-PARCEL-000862,CONVERSION,2017-11-03,2017-11-06,2017-12-03,2017-12-03,SYN-DOC-000862,SYN-CLAIM-000863,SYN-CLAIM-000864,SANCTIONED,2,MATCH
SYN-MUT-000863,SYN-PARCEL-000863,MORTGAGE_CHARGE,2018-12-04,2018-12-07,2018-12-04,2018-12-04,SYN-DOC-000863,SYN-CLAIM-000864,SYN-CLAIM-000865,SANCTIONED,3,MATCH
SYN-MUT-000864,SYN-PARCEL-000864,RELEASE,2019-01-05,2019-01-08,2019-02-05,2019-02-05,SYN-DOC-000864,SYN-CLAIM-000865,SYN-CLAIM-000866,PENDING_OBJECTION,1,REVIEW_REQUIRED
SYN-MUT-000865,SYN-PARCEL-000865,SALE_TRANSFER,2020-02-06,2020-02-09,2020-03-06,2020-03-06,SYN-DOC-000865,SYN-CLAIM-000866,SYN-CLAIM-000867,REJECTED,2,REVIEW_REQUIRED
SYN-MUT-000866,SYN-PARCEL-000866,INHERITANCE_SUCCESSION,2021-03-07,2021-03-10,2021-04-07,2021-04-07,SYN-DOC-000866,SYN-CLAIM-000867,SYN-CLAIM-000868,SANCTIONED,3,MATCH
SYN-MUT-000867,SYN-PARCEL-000867,PARTITION,2022-04-08,2022-04-11,2022-05-08,2022-05-08,SYN-DOC-000867,SYN-CLAIM-000868,SYN-CLAIM-000869,SANCTIONED,1,MATCH
SYN-MUT-000868,SYN-PARCEL-000868,CONVERSION,2023-05-09,2023-05-12,2023-06-09,2023-06-09,SYN-DOC-000868,SYN-CLAIM-000869,SYN-CLAIM-000870,SANCTIONED,2,MATCH
SYN-MUT-000869,SYN-PARCEL-000869,MORTGAGE_CHARGE,2024-06-10,2024-06-13,2024-07-10,2024-07-10,SYN-DOC-000869,SYN-CLAIM-000870,SYN-CLAIM-000871,PENDING_OBJECTION,3,REVIEW_REQUIRED
SYN-MUT-000870,SYN-PARCEL-000870,RELEASE,2015-07-11,2015-07-14,2015-08-11,2015-08-11,SYN-DOC-000870,SYN-CLAIM-000871,SYN-CLAIM-000872,REJECTED,1,REVIEW_REQUIRED
SYN-MUT-000871,SYN-PARCEL-000871,SALE_TRANSFER,2016-08-12,2016-08-15,2016-09-12,2016-09-12,SYN-DOC-000871,SYN-CLAIM-000872,SYN-CLAIM-000873,SANCTIONED,2,MATCH
SYN-MUT-000872,SYN-PARCEL-000872,INHERITANCE_SUCCESSION,2017-09-13,2017-09-16,2017-10-13,2017-10-13,SYN-DOC-000872,SYN-CLAIM-000873,SYN-CLAIM-000874,SANCTIONED,3,MATCH
SYN-MUT-000873,SYN-PARCEL-000873,PARTITION,2018-10-14,2018-10-17,2018-11-14,2018-11-14,SYN-DOC-000873,SYN-CLAIM-000874,SYN-CLAIM-000875,SANCTIONED,1,MATCH
SYN-MUT-000874,SYN-PARCEL-000874,CONVERSION,2019-11-15,2019-11-18,2019-12-15,2019-12-15,SYN-DOC-000874,SYN-CLAIM-000875,SYN-CLAIM-000876,PENDING_OBJECTION,2,REVIEW_REQUIRED
SYN-MUT-000875,SYN-PARCEL-000875,MORTGAGE_CHARGE,2020-12-16,2020-12-19,2020-12-16,2020-12-16,SYN-DOC-000875,SYN-CLAIM-000876,SYN-CLAIM-000877,REJECTED,3,REVIEW_REQUIRED
SYN-MUT-000876,SYN-PARCEL-000876,RELEASE,2021-01-17,2021-01-20,2021-02-17,2021-02-17,SYN-DOC-000876,SYN-CLAIM-000877,SYN-CLAIM-000878,SANCTIONED,1,MATCH
SYN-MUT-000877,SYN-PARCEL-000877,SALE_TRANSFER,2022-02-18,2022-02-21,2022-03-18,2022-03-18,SYN-DOC-000877,SYN-CLAIM-000878,SYN-CLAIM-000879,SANCTIONED,2,MATCH
SYN-MUT-000878,SYN-PARCEL-000878,INHERITANCE_SUCCESSION,2023-03-19,2023-03-22,2023-04-19,2023-04-19,SYN-DOC-000878,SYN-CLAIM-000879,SYN-CLAIM-000880,SANCTIONED,3,MATCH
SYN-MUT-000879,SYN-PARCEL-000879,PARTITION,2024-04-20,2024-04-23,2024-05-20,2024-05-20,SYN-DOC-000879,SYN-CLAIM-000880,SYN-CLAIM-000881,PENDING_OBJECTION,1,REVIEW_REQUIRED
SYN-MUT-000880,SYN-PARCEL-000880,CONVERSION,2015-05-01,2015-05-04,2015-06-01,2015-06-01,SYN-DOC-000880,SYN-CLAIM-000881,SYN-CLAIM-000882,REJECTED,2,REVIEW_REQUIRED
SYN-MUT-000881,SYN-PARCEL-000881,MORTGAGE_CHARGE,2016-06-02,2016-06-05,2016-07-02,2016-07-02,SYN-DOC-000881,SYN-CLAIM-000882,SYN-CLAIM-000883,SANCTIONED,3,MATCH
SYN-MUT-000882,SYN-PARCEL-000882,RELEASE,2017-07-03,2017-07-06,2017-08-03,2017-08-03,SYN-DOC-000882,SYN-CLAIM-000883,SYN-CLAIM-000884,SANCTIONED,1,MATCH
SYN-MUT-000883,SYN-PARCEL-000883,SALE_TRANSFER,2018-08-04,2018-08-07,2018-09-04,2018-09-04,SYN-DOC-000883,SYN-CLAIM-000884,SYN-CLAIM-000885,SANCTIONED,2,MATCH
SYN-MUT-000884,SYN-PARCEL-000884,INHERITANCE_SUCCESSION,2019-09-05,2019-09-08,2019-10-05,2019-10-05,SYN-DOC-000884,SYN-CLAIM-000885,SYN-CLAIM-000886,PENDING_OBJECTION,3,REVIEW_REQUIRED
SYN-MUT-000885,SYN-PARCEL-000885,PARTITION,2020-10-06,2020-10-09,2020-11-06,2020-11-06,SYN-DOC-000885,SYN-CLAIM-000886,SYN-CLAIM-000887,REJECTED,1,REVIEW_REQUIRED
SYN-MUT-000886,SYN-PARCEL-000886,CONVERSION,2021-11-07,2021-11-10,2021-12-07,2021-12-07,SYN-DOC-000886,SYN-CLAIM-000887,SYN-CLAIM-000888,SANCTIONED,2,MATCH
SYN-MUT-000887,SYN-PARCEL-000887,MORTGAGE_CHARGE,2022-12-08,2022-12-11,2022-12-08,2022-12-08,SYN-DOC-000887,SYN-CLAIM-000888,SYN-CLAIM-000889,SANCTIONED,3,MATCH
SYN-MUT-000888,SYN-PARCEL-000888,RELEASE,2023-01-09,2023-01-12,2023-02-09,2023-02-09,SYN-DOC-000888,SYN-CLAIM-000889,SYN-CLAIM-000890,SANCTIONED,1,MATCH
SYN-MUT-000889,SYN-PARCEL-000889,SALE_TRANSFER,2024-02-10,2024-02-13,2024-03-10,2024-03-10,SYN-DOC-000889,SYN-CLAIM-000890,SYN-CLAIM-000891,PENDING_OBJECTION,2,REVIEW_REQUIRED
SYN-MUT-000890,SYN-PARCEL-000890,INHERITANCE_SUCCESSION,2015-03-11,2015-03-14,2015-04-11,2015-04-11,SYN-DOC-000890,SYN-CLAIM-000891,SYN-CLAIM-000892,REJECTED,3,REVIEW_REQUIRED
SYN-MUT-000891,SYN-PARCEL-000891,PARTITION,2016-04-12,2016-04-15,2016-05-12,2016-05-12,SYN-DOC-000891,SYN-CLAIM-000892,SYN-CLAIM-000893,SANCTIONED,1,MATCH
SYN-MUT-000892,SYN-PARCEL-000892,CONVERSION,2017-05-13,2017-05-16,2017-06-13,2017-06-13,SYN-DOC-000892,SYN-CLAIM-000893,SYN-CLAIM-000894,SANCTIONED,2,MATCH
SYN-MUT-000893,SYN-PARCEL-000893,MORTGAGE_CHARGE,2018-06-14,2018-06-17,2018-07-14,2018-07-14,SYN-DOC-000893,SYN-CLAIM-000894,SYN-CLAIM-000895,SANCTIONED,3,MATCH
SYN-MUT-000894,SYN-PARCEL-000894,RELEASE,2019-07-15,2019-07-18,2019-08-15,2019-08-15,SYN-DOC-000894,SYN-CLAIM-000895,SYN-CLAIM-000896,PENDING_OBJECTION,1,REVIEW_REQUIRED
SYN-MUT-000895,SYN-PARCEL-000895,SALE_TRANSFER,2020-08-16,2020-08-19,2020-09-16,2020-09-16,SYN-DOC-000895,SYN-CLAIM-000896,SYN-CLAIM-000897,REJECTED,2,REVIEW_REQUIRED
SYN-MUT-000896,SYN-PARCEL-000896,INHERITANCE_SUCCESSION,2021-09-17,2021-09-20,2021-10-17,2021-10-17,SYN-DOC-000896,SYN-CLAIM-000897,SYN-CLAIM-000898,SANCTIONED,3,MATCH
SYN-MUT-000897,SYN-PARCEL-000897,PARTITION,2022-10-18,2022-10-21,2022-11-18,2022-11-18,SYN-DOC-000897,SYN-CLAIM-000898,SYN-CLAIM-000899,SANCTIONED,1,MATCH
SYN-MUT-000898,SYN-PARCEL-000898,CONVERSION,2023-11-19,2023-11-22,2023-12-19,2023-12-19,SYN-DOC-000898,SYN-CLAIM-000899,SYN-CLAIM-000900,SANCTIONED,2,MATCH
SYN-MUT-000899,SYN-PARCEL-000899,MORTGAGE_CHARGE,2024-12-20,2024-12-23,2024-12-20,2024-12-20,SYN-DOC-000899,SYN-CLAIM-000900,SYN-CLAIM-000901,PENDING_OBJECTION,3,REVIEW_REQUIRED
SYN-MUT-000900,SYN-PARCEL-000900,RELEASE,2015-01-01,2015-01-04,2014-01-01,2014-01-01,SYN-DOC-000900,SYN-CLAIM-000901,SYN-CLAIM-000902,REJECTED,1,CHRONOLOGY_CONFLICT
SYN-MUT-000901,SYN-PARCEL-000901,SALE_TRANSFER,2016-02-02,2016-02-05,2016-03-02,2016-03-02,SYN-DOC-000901,SYN-CLAIM-000902,SYN-CLAIM-000903,SANCTIONED,2,MATCH
SYN-MUT-000902,SYN-PARCEL-000902,INHERITANCE_SUCCESSION,2017-03-03,2017-03-06,2017-04-03,2017-04-03,SYN-DOC-000902,SYN-CLAIM-000903,SYN-CLAIM-000904,SANCTIONED,3,MATCH
SYN-MUT-000903,SYN-PARCEL-000903,PARTITION,2018-04-04,2018-04-07,2018-05-04,2018-05-04,SYN-DOC-000903,SYN-CLAIM-000904,SYN-CLAIM-000905,SANCTIONED,1,MATCH
SYN-MUT-000904,SYN-PARCEL-000904,CONVERSION,2019-05-05,2019-05-08,2019-06-05,2019-06-05,SYN-DOC-000904,SYN-CLAIM-000905,SYN-CLAIM-000906,PENDING_OBJECTION,2,REVIEW_REQUIRED
SYN-MUT-000905,SYN-PARCEL-000905,MORTGAGE_CHARGE,2020-06-06,2020-06-09,2020-07-06,2020-07-06,SYN-DOC-000905,SYN-CLAIM-000906,SYN-CLAIM-000907,REJECTED,3,REVIEW_REQUIRED
SYN-MUT-000906,SYN-PARCEL-000906,RELEASE,2021-07-07,2021-07-10,2021-08-07,2021-08-07,SYN-DOC-000906,SYN-CLAIM-000907,SYN-CLAIM-000908,SANCTIONED,1,MATCH
SYN-MUT-000907,SYN-PARCEL-000907,SALE_TRANSFER,2022-08-08,2022-08-11,2022-09-08,2022-09-08,SYN-DOC-000907,SYN-CLAIM-000908,SYN-CLAIM-000909,SANCTIONED,2,MATCH
SYN-MUT-000908,SYN-PARCEL-000908,INHERITANCE_SUCCESSION,2023-09-09,2023-09-12,2023-10-09,2023-10-09,SYN-DOC-000908,SYN-CLAIM-000909,SYN-CLAIM-000910,SANCTIONED,3,MATCH
SYN-MUT-000909,SYN-PARCEL-000909,PARTITION,2024-10-10,2024-10-13,2024-11-10,2024-11-10,SYN-DOC-000909,SYN-CLAIM-000910,SYN-CLAIM-000911,PENDING_OBJECTION,1,REVIEW_REQUIRED
SYN-MUT-000910,SYN-PARCEL-000910,CONVERSION,2015-11-11,2015-11-14,2015-12-11,2015-12-11,SYN-DOC-000910,SYN-CLAIM-000911,SYN-CLAIM-000912,REJECTED,2,REVIEW_REQUIRED
SYN-MUT-000911,SYN-PARCEL-000911,MORTGAGE_CHARGE,2016-12-12,2016-12-15,2016-12-12,2016-12-12,SYN-DOC-000911,SYN-CLAIM-000912,SYN-CLAIM-000913,SANCTIONED,3,MATCH
SYN-MUT-000912,SYN-PARCEL-000912,RELEASE,2017-01-13,2017-01-16,2017-02-13,2017-02-13,SYN-DOC-000912,SYN-CLAIM-000913,SYN-CLAIM-000914,SANCTIONED,1,MATCH
SYN-MUT-000913,SYN-PARCEL-000913,SALE_TRANSFER,2018-02-14,2018-02-17,2018-03-14,2018-03-14,SYN-DOC-000913,SYN-CLAIM-000914,SYN-CLAIM-000915,SANCTIONED,2,MATCH
SYN-MUT-000914,SYN-PARCEL-000914,INHERITANCE_SUCCESSION,2019-03-15,2019-03-18,2019-04-15,2019-04-15,SYN-DOC-000914,SYN-CLAIM-000915,SYN-CLAIM-000916,PENDING_OBJECTION,3,REVIEW_REQUIRED
SYN-MUT-000915,SYN-PARCEL-000915,PARTITION,2020-04-16,2020-04-19,2020-05-16,2020-05-16,SYN-DOC-000915,SYN-CLAIM-000916,SYN-CLAIM-000917,REJECTED,1,REVIEW_REQUIRED
SYN-MUT-000916,SYN-PARCEL-000916,CONVERSION,2021-05-17,2021-05-20,2021-06-17,2021-06-17,SYN-DOC-000916,SYN-CLAIM-000917,SYN-CLAIM-000918,SANCTIONED,2,MATCH
SYN-MUT-000917,SYN-PARCEL-000917,MORTGAGE_CHARGE,2022-06-18,2022-06-21,2022-07-18,2022-07-18,SYN-DOC-000917,SYN-CLAIM-000918,SYN-CLAIM-000919,SANCTIONED,3,MATCH
SYN-MUT-000918,SYN-PARCEL-000918,RELEASE,2023-07-19,2023-07-22,2023-08-19,2023-08-19,SYN-DOC-000918,SYN-CLAIM-000919,SYN-CLAIM-000920,SANCTIONED,1,MATCH
SYN-MUT-000919,SYN-PARCEL-000919,SALE_TRANSFER,2024-08-20,2024-08-23,2024-09-20,2024-09-20,SYN-DOC-000919,SYN-CLAIM-000920,SYN-CLAIM-000921,PENDING_OBJECTION,2,REVIEW_REQUIRED
SYN-MUT-000920,SYN-PARCEL-000920,INHERITANCE_SUCCESSION,2015-09-01,2015-09-04,2015-10-01,2015-10-01,SYN-DOC-000920,SYN-CLAIM-000921,SYN-CLAIM-000922,REJECTED,3,REVIEW_REQUIRED
SYN-MUT-000921,SYN-PARCEL-000921,PARTITION,2016-10-02,2016-10-05,2016-11-02,2016-11-02,SYN-DOC-000921,SYN-CLAIM-000922,SYN-CLAIM-000923,SANCTIONED,1,MATCH
SYN-MUT-000922,SYN-PARCEL-000922,CONVERSION,2017-11-03,2017-11-06,2017-12-03,2017-12-03,SYN-DOC-000922,SYN-CLAIM-000923,SYN-CLAIM-000924,SANCTIONED,2,MATCH
SYN-MUT-000923,SYN-PARCEL-000923,MORTGAGE_CHARGE,2018-12-04,2018-12-07,2018-12-04,2018-12-04,SYN-DOC-000923,SYN-CLAIM-000924,SYN-CLAIM-000925,SANCTIONED,3,MATCH
SYN-MUT-000924,SYN-PARCEL-000924,RELEASE,2019-01-05,2019-01-08,2019-02-05,2019-02-05,SYN-DOC-000924,SYN-CLAIM-000925,SYN-CLAIM-000926,PENDING_OBJECTION,1,REVIEW_REQUIRED
SYN-MUT-000925,SYN-PARCEL-000925,SALE_TRANSFER,2020-02-06,2020-02-09,2020-03-06,2020-03-06,SYN-DOC-000925,SYN-CLAIM-000926,SYN-CLAIM-000927,REJECTED,2,REVIEW_REQUIRED
SYN-MUT-000926,SYN-PARCEL-000926,INHERITANCE_SUCCESSION,2021-03-07,2021-03-10,2021-04-07,2021-04-07,SYN-DOC-000926,SYN-CLAIM-000927,SYN-CLAIM-000928,SANCTIONED,3,MATCH
SYN-MUT-000927,SYN-PARCEL-000927,PARTITION,2022-04-08,2022-04-11,2022-05-08,2022-05-08,SYN-DOC-000927,SYN-CLAIM-000928,SYN-CLAIM-000929,SANCTIONED,1,MATCH
SYN-MUT-000928,SYN-PARCEL-000928,CONVERSION,2023-05-09,2023-05-12,2023-06-09,2023-06-09,SYN-DOC-000928,SYN-CLAIM-000929,SYN-CLAIM-000930,SANCTIONED,2,MATCH
SYN-MUT-000929,SYN-PARCEL-000929,MORTGAGE_CHARGE,2024-06-10,2024-06-13,2024-07-10,2024-07-10,SYN-DOC-000929,SYN-CLAIM-000930,SYN-CLAIM-000931,PENDING_OBJECTION,3,REVIEW_REQUIRED
SYN-MUT-000930,SYN-PARCEL-000930,RELEASE,2015-07-11,2015-07-14,2015-08-11,2015-08-11,SYN-DOC-000930,SYN-CLAIM-000931,SYN-CLAIM-000932,REJECTED,1,REVIEW_REQUIRED
SYN-MUT-000931,SYN-PARCEL-000931,SALE_TRANSFER,2016-08-12,2016-08-15,2016-09-12,2016-09-12,SYN-DOC-000931,SYN-CLAIM-000932,SYN-CLAIM-000933,SANCTIONED,2,MATCH
SYN-MUT-000932,SYN-PARCEL-000932,INHERITANCE_SUCCESSION,2017-09-13,2017-09-16,2017-10-13,2017-10-13,SYN-DOC-000932,SYN-CLAIM-000933,SYN-CLAIM-000934,SANCTIONED,3,MATCH
SYN-MUT-000933,SYN-PARCEL-000933,PARTITION,2018-10-14,2018-10-17,2018-11-14,2018-11-14,SYN-DOC-000933,SYN-CLAIM-000934,SYN-CLAIM-000935,SANCTIONED,1,MATCH
SYN-MUT-000934,SYN-PARCEL-000934,CONVERSION,2019-11-15,2019-11-18,2019-12-15,2019-12-15,SYN-DOC-000934,SYN-CLAIM-000935,SYN-CLAIM-000936,PENDING_OBJECTION,2,REVIEW_REQUIRED
SYN-MUT-000935,SYN-PARCEL-000935,MORTGAGE_CHARGE,2020-12-16,2020-12-19,2020-12-16,2020-12-16,SYN-DOC-000935,SYN-CLAIM-000936,SYN-CLAIM-000937,REJECTED,3,REVIEW_REQUIRED
SYN-MUT-000936,SYN-PARCEL-000936,RELEASE,2021-01-17,2021-01-20,2021-02-17,2021-02-17,SYN-DOC-000936,SYN-CLAIM-000937,SYN-CLAIM-000938,SANCTIONED,1,MATCH
SYN-MUT-000937,SYN-PARCEL-000937,SALE_TRANSFER,2022-02-18,2022-02-21,2022-03-18,2022-03-18,SYN-DOC-000937,SYN-CLAIM-000938,SYN-CLAIM-000939,SANCTIONED,2,MATCH
SYN-MUT-000938,SYN-PARCEL-000938,INHERITANCE_SUCCESSION,2023-03-19,2023-03-22,2023-04-19,2023-04-19,SYN-DOC-000938,SYN-CLAIM-000939,SYN-CLAIM-000940,SANCTIONED,3,MATCH
SYN-MUT-000939,SYN-PARCEL-000939,PARTITION,2024-04-20,2024-04-23,2024-05-20,2024-05-20,SYN-DOC-000939,SYN-CLAIM-000940,SYN-CLAIM-000941,PENDING_OBJECTION,1,REVIEW_REQUIRED
SYN-MUT-000940,SYN-PARCEL-000940,CONVERSION,2015-05-01,2015-05-04,2015-06-01,2015-06-01,SYN-DOC-000940,SYN-CLAIM-000941,SYN-CLAIM-000942,REJECTED,2,REVIEW_REQUIRED
SYN-MUT-000941,SYN-PARCEL-000941,MORTGAGE_CHARGE,2016-06-02,2016-06-05,2016-07-02,2016-07-02,SYN-DOC-000941,SYN-CLAIM-000942,SYN-CLAIM-000943,SANCTIONED,3,MATCH
SYN-MUT-000942,SYN-PARCEL-000942,RELEASE,2017-07-03,2017-07-06,2017-08-03,2017-08-03,SYN-DOC-000942,SYN-CLAIM-000943,SYN-CLAIM-000944,SANCTIONED,1,MATCH
SYN-MUT-000943,SYN-PARCEL-000943,SALE_TRANSFER,2018-08-04,2018-08-07,2018-09-04,2018-09-04,SYN-DOC-000943,SYN-CLAIM-000944,SYN-CLAIM-000945,SANCTIONED,2,MATCH
SYN-MUT-000944,SYN-PARCEL-000944,INHERITANCE_SUCCESSION,2019-09-05,2019-09-08,2019-10-05,2019-10-05,SYN-DOC-000944,SYN-CLAIM-000945,SYN-CLAIM-000946,PENDING_OBJECTION,3,REVIEW_REQUIRED
SYN-MUT-000945,SYN-PARCEL-000945,PARTITION,2020-10-06,2020-10-09,2020-11-06,2020-11-06,SYN-DOC-000945,SYN-CLAIM-000946,SYN-CLAIM-000947,REJECTED,1,REVIEW_REQUIRED
SYN-MUT-000946,SYN-PARCEL-000946,CONVERSION,2021-11-07,2021-11-10,2021-12-07,2021-12-07,SYN-DOC-000946,SYN-CLAIM-000947,SYN-CLAIM-000948,SANCTIONED,2,MATCH
SYN-MUT-000947,SYN-PARCEL-000947,MORTGAGE_CHARGE,2022-12-08,2022-12-11,2022-12-08,2022-12-08,SYN-DOC-000947,SYN-CLAIM-000948,SYN-CLAIM-000949,SANCTIONED,3,MATCH
SYN-MUT-000948,SYN-PARCEL-000948,RELEASE,2023-01-09,2023-01-12,2023-02-09,2023-02-09,SYN-DOC-000948,SYN-CLAIM-000949,SYN-CLAIM-000950,SANCTIONED,1,MATCH
SYN-MUT-000949,SYN-PARCEL-000949,SALE_TRANSFER,2024-02-10,2024-02-13,2024-03-10,2024-03-10,SYN-DOC-000949,SYN-CLAIM-000950,SYN-CLAIM-000951,PENDING_OBJECTION,2,REVIEW_REQUIRED
SYN-MUT-000950,SYN-PARCEL-000950,INHERITANCE_SUCCESSION,2015-03-11,2015-03-14,2015-04-11,2015-04-11,SYN-DOC-000950,SYN-CLAIM-000951,SYN-CLAIM-000952,REJECTED,3,REVIEW_REQUIRED
SYN-MUT-000951,SYN-PARCEL-000951,PARTITION,2016-04-12,2016-04-15,2016-05-12,2016-05-12,SYN-DOC-000951,SYN-CLAIM-000952,SYN-CLAIM-000953,SANCTIONED,1,MATCH
SYN-MUT-000952,SYN-PARCEL-000952,CONVERSION,2017-05-13,2017-05-16,2017-06-13,2017-06-13,SYN-DOC-000952,SYN-CLAIM-000953,SYN-CLAIM-000954,SANCTIONED,2,MATCH
SYN-MUT-000953,SYN-PARCEL-000953,MORTGAGE_CHARGE,2018-06-14,2018-06-17,2018-07-14,2018-07-14,SYN-DOC-000953,SYN-CLAIM-000954,SYN-CLAIM-000955,SANCTIONED,3,MATCH
SYN-MUT-000954,SYN-PARCEL-000954,RELEASE,2019-07-15,2019-07-18,2019-08-15,2019-08-15,SYN-DOC-000954,SYN-CLAIM-000955,SYN-CLAIM-000956,PENDING_OBJECTION,1,REVIEW_REQUIRED
SYN-MUT-000955,SYN-PARCEL-000955,SALE_TRANSFER,2020-08-16,2020-08-19,2020-09-16,2020-09-16,SYN-DOC-000955,SYN-CLAIM-000956,SYN-CLAIM-000957,REJECTED,2,REVIEW_REQUIRED
SYN-MUT-000956,SYN-PARCEL-000956,INHERITANCE_SUCCESSION,2021-09-17,2021-09-20,2021-10-17,2021-10-17,SYN-DOC-000956,SYN-CLAIM-000957,SYN-CLAIM-000958,SANCTIONED,3,MATCH
SYN-MUT-000957,SYN-PARCEL-000957,PARTITION,2022-10-18,2022-10-21,2022-11-18,2022-11-18,SYN-DOC-000957,SYN-CLAIM-000958,SYN-CLAIM-000959,SANCTIONED,1,MATCH
SYN-MUT-000958,SYN-PARCEL-000958,CONVERSION,2023-11-19,2023-11-22,2023-12-19,2023-12-19,SYN-DOC-000958,SYN-CLAIM-000959,SYN-CLAIM-000960,SANCTIONED,2,MATCH
SYN-MUT-000959,SYN-PARCEL-000959,MORTGAGE_CHARGE,2024-12-20,2024-12-23,2024-12-20,2024-12-20,SYN-DOC-000959,SYN-CLAIM-000960,SYN-CLAIM-000961,PENDING_OBJECTION,3,REVIEW_REQUIRED
SYN-MUT-000960,SYN-PARCEL-000960,RELEASE,2015-01-01,2015-01-04,2015-02-01,2015-02-01,SYN-DOC-000960,SYN-CLAIM-000961,SYN-CLAIM-000962,REJECTED,1,REVIEW_REQUIRED
SYN-MUT-000961,SYN-PARCEL-000961,SALE_TRANSFER,2016-02-02,2016-02-05,2016-03-02,2016-03-02,SYN-DOC-000961,SYN-CLAIM-000962,SYN-CLAIM-000963,SANCTIONED,2,MATCH
SYN-MUT-000962,SYN-PARCEL-000962,INHERITANCE_SUCCESSION,2017-03-03,2017-03-06,2017-04-03,2017-04-03,SYN-DOC-000962,SYN-CLAIM-000963,SYN-CLAIM-000964,SANCTIONED,3,MATCH
SYN-MUT-000963,SYN-PARCEL-000963,PARTITION,2018-04-04,2018-04-07,2018-05-04,2018-05-04,SYN-DOC-000963,SYN-CLAIM-000964,SYN-CLAIM-000965,SANCTIONED,1,MATCH
SYN-MUT-000964,SYN-PARCEL-000964,CONVERSION,2019-05-05,2019-05-08,2019-06-05,2019-06-05,SYN-DOC-000964,SYN-CLAIM-000965,SYN-CLAIM-000966,PENDING_OBJECTION,2,REVIEW_REQUIRED
SYN-MUT-000965,SYN-PARCEL-000965,MORTGAGE_CHARGE,2020-06-06,2020-06-09,2020-07-06,2020-07-06,SYN-DOC-000965,SYN-CLAIM-000966,SYN-CLAIM-000967,REJECTED,3,REVIEW_REQUIRED
SYN-MUT-000966,SYN-PARCEL-000966,RELEASE,2021-07-07,2021-07-10,2021-08-07,2021-08-07,SYN-DOC-000966,SYN-CLAIM-000967,SYN-CLAIM-000968,SANCTIONED,1,MATCH
SYN-MUT-000967,SYN-PARCEL-000967,SALE_TRANSFER,2022-08-08,2022-08-11,2022-09-08,2022-09-08,SYN-DOC-000967,SYN-CLAIM-000968,SYN-CLAIM-000969,SANCTIONED,2,MATCH
SYN-MUT-000968,SYN-PARCEL-000968,INHERITANCE_SUCCESSION,2023-09-09,2023-09-12,2023-10-09,2023-10-09,SYN-DOC-000968,SYN-CLAIM-000969,SYN-CLAIM-000970,SANCTIONED,3,MATCH
SYN-MUT-000969,SYN-PARCEL-000969,PARTITION,2024-10-10,2024-10-13,2024-11-10,2024-11-10,SYN-DOC-000969,SYN-CLAIM-000970,SYN-CLAIM-000971,PENDING_OBJECTION,1,REVIEW_REQUIRED
SYN-MUT-000970,SYN-PARCEL-000970,CONVERSION,2015-11-11,2015-11-14,2015-12-11,2015-12-11,SYN-DOC-000970,SYN-CLAIM-000971,SYN-CLAIM-000972,REJECTED,2,REVIEW_REQUIRED
SYN-MUT-000971,SYN-PARCEL-000971,MORTGAGE_CHARGE,2016-12-12,2016-12-15,2016-12-12,2016-12-12,SYN-DOC-000971,SYN-CLAIM-000972,SYN-CLAIM-000973,SANCTIONED,3,MATCH
SYN-MUT-000972,SYN-PARCEL-000972,RELEASE,2017-01-13,2017-01-16,2017-02-13,2017-02-13,SYN-DOC-000972,SYN-CLAIM-000973,SYN-CLAIM-000974,SANCTIONED,1,MATCH
SYN-MUT-000973,SYN-PARCEL-000973,SALE_TRANSFER,2018-02-14,2018-02-17,2018-03-14,2018-03-14,SYN-DOC-000973,SYN-CLAIM-000974,SYN-CLAIM-000975,SANCTIONED,2,MATCH
SYN-MUT-000974,SYN-PARCEL-000974,INHERITANCE_SUCCESSION,2019-03-15,2019-03-18,2019-04-15,2019-04-15,SYN-DOC-000974,SYN-CLAIM-000975,SYN-CLAIM-000976,PENDING_OBJECTION,3,REVIEW_REQUIRED
SYN-MUT-000975,SYN-PARCEL-000975,PARTITION,2020-04-16,2020-04-19,2020-05-16,2020-05-16,SYN-DOC-000975,SYN-CLAIM-000976,SYN-CLAIM-000977,REJECTED,1,REVIEW_REQUIRED
SYN-MUT-000976,SYN-PARCEL-000976,CONVERSION,2021-05-17,2021-05-20,2021-06-17,2021-06-17,SYN-DOC-000976,SYN-CLAIM-000977,SYN-CLAIM-000978,SANCTIONED,2,MATCH
SYN-MUT-000977,SYN-PARCEL-000977,MORTGAGE_CHARGE,2022-06-18,2022-06-21,2022-07-18,2022-07-18,SYN-DOC-000977,SYN-CLAIM-000978,SYN-CLAIM-000979,SANCTIONED,3,MATCH
SYN-MUT-000978,SYN-PARCEL-000978,RELEASE,2023-07-19,2023-07-22,2023-08-19,2023-08-19,SYN-DOC-000978,SYN-CLAIM-000979,SYN-CLAIM-000980,SANCTIONED,1,MATCH
SYN-MUT-000979,SYN-PARCEL-000979,SALE_TRANSFER,2024-08-20,2024-08-23,2024-09-20,2024-09-20,SYN-DOC-000979,SYN-CLAIM-000980,SYN-CLAIM-000981,PENDING_OBJECTION,2,REVIEW_REQUIRED
SYN-MUT-000980,SYN-PARCEL-000980,INHERITANCE_SUCCESSION,2015-09-01,2015-09-04,2015-10-01,2015-10-01,SYN-DOC-000980,SYN-CLAIM-000981,SYN-CLAIM-000982,REJECTED,3,REVIEW_REQUIRED
SYN-MUT-000981,SYN-PARCEL-000981,PARTITION,2016-10-02,2016-10-05,2016-11-02,2016-11-02,SYN-DOC-000981,SYN-CLAIM-000982,SYN-CLAIM-000983,SANCTIONED,1,MATCH
SYN-MUT-000982,SYN-PARCEL-000982,CONVERSION,2017-11-03,2017-11-06,2017-12-03,2017-12-03,SYN-DOC-000982,SYN-CLAIM-000983,SYN-CLAIM-000984,SANCTIONED,2,MATCH
SYN-MUT-000983,SYN-PARCEL-000983,MORTGAGE_CHARGE,2018-12-04,2018-12-07,2018-12-04,2018-12-04,SYN-DOC-000983,SYN-CLAIM-000984,SYN-CLAIM-000985,SANCTIONED,3,MATCH
SYN-MUT-000984,SYN-PARCEL-000984,RELEASE,2019-01-05,2019-01-08,2019-02-05,2019-02-05,SYN-DOC-000984,SYN-CLAIM-000985,SYN-CLAIM-000986,PENDING_OBJECTION,1,REVIEW_REQUIRED
SYN-MUT-000985,SYN-PARCEL-000985,SALE_TRANSFER,2020-02-06,2020-02-09,2020-03-06,2020-03-06,SYN-DOC-000985,SYN-CLAIM-000986,SYN-CLAIM-000987,REJECTED,2,REVIEW_REQUIRED
SYN-MUT-000986,SYN-PARCEL-000986,INHERITANCE_SUCCESSION,2021-03-07,2021-03-10,2021-04-07,2021-04-07,SYN-DOC-000986,SYN-CLAIM-000987,SYN-CLAIM-000988,SANCTIONED,3,MATCH
SYN-MUT-000987,SYN-PARCEL-000987,PARTITION,2022-04-08,2022-04-11,2022-05-08,2022-05-08,SYN-DOC-000987,SYN-CLAIM-000988,SYN-CLAIM-000989,SANCTIONED,1,MATCH
SYN-MUT-000988,SYN-PARCEL-000988,CONVERSION,2023-05-09,2023-05-12,2023-06-09,2023-06-09,SYN-DOC-000988,SYN-CLAIM-000989,SYN-CLAIM-000990,SANCTIONED,2,MATCH
SYN-MUT-000989,SYN-PARCEL-000989,MORTGAGE_CHARGE,2024-06-10,2024-06-13,2024-07-10,2024-07-10,SYN-DOC-000989,SYN-CLAIM-000990,SYN-CLAIM-000991,PENDING_OBJECTION,3,REVIEW_REQUIRED
SYN-MUT-000990,SYN-PARCEL-000990,RELEASE,2015-07-11,2015-07-14,2015-08-11,2015-08-11,SYN-DOC-000990,SYN-CLAIM-000991,SYN-CLAIM-000992,REJECTED,1,REVIEW_REQUIRED
SYN-MUT-000991,SYN-PARCEL-000991,SALE_TRANSFER,2016-08-12,2016-08-15,2016-09-12,2016-09-12,SYN-DOC-000991,SYN-CLAIM-000992,SYN-CLAIM-000993,SANCTIONED,2,MATCH
SYN-MUT-000992,SYN-PARCEL-000992,INHERITANCE_SUCCESSION,2017-09-13,2017-09-16,2017-10-13,2017-10-13,SYN-DOC-000992,SYN-CLAIM-000993,SYN-CLAIM-000994,SANCTIONED,3,MATCH
SYN-MUT-000993,SYN-PARCEL-000993,PARTITION,2018-10-14,2018-10-17,2018-11-14,2018-11-14,SYN-DOC-000993,SYN-CLAIM-000994,SYN-CLAIM-000995,SANCTIONED,1,MATCH
SYN-MUT-000994,SYN-PARCEL-000994,CONVERSION,2019-11-15,2019-11-18,2019-12-15,2019-12-15,SYN-DOC-000994,SYN-CLAIM-000995,SYN-CLAIM-000996,PENDING_OBJECTION,2,REVIEW_REQUIRED
SYN-MUT-000995,SYN-PARCEL-000995,MORTGAGE_CHARGE,2020-12-16,2020-12-19,2020-12-16,2020-12-16,SYN-DOC-000995,SYN-CLAIM-000996,SYN-CLAIM-000997,REJECTED,3,REVIEW_REQUIRED
SYN-MUT-000996,SYN-PARCEL-000996,RELEASE,2021-01-17,2021-01-20,2021-02-17,2021-02-17,SYN-DOC-000996,SYN-CLAIM-000997,SYN-CLAIM-000998,SANCTIONED,1,MATCH
SYN-MUT-000997,SYN-PARCEL-000997,SALE_TRANSFER,2022-02-18,2022-02-21,2022-03-18,2022-03-18,SYN-DOC-000997,SYN-CLAIM-000998,SYN-CLAIM-000999,SANCTIONED,2,MATCH
SYN-MUT-000998,SYN-PARCEL-000998,INHERITANCE_SUCCESSION,2023-03-19,2023-03-22,2023-04-19,2023-04-19,SYN-DOC-000998,SYN-CLAIM-000999,SYN-CLAIM-001000,SANCTIONED,3,MATCH
SYN-MUT-000999,SYN-PARCEL-000999,PARTITION,2024-04-20,2024-04-23,2024-05-20,2024-05-20,SYN-DOC-000999,SYN-CLAIM-001000,SYN-CLAIM-001001,PENDING_OBJECTION,1,REVIEW_REQUIRED
SYN-MUT-001000,SYN-PARCEL-001000,CONVERSION,2015-05-01,2015-05-04,2015-06-01,2015-06-01,SYN-DOC-001000,SYN-CLAIM-000001,SYN-CLAIM-000002,REJECTED,2,REVIEW_REQUIRED
SYN-MUT-001001,SYN-PARCEL-001001,MORTGAGE_CHARGE,2016-06-02,2016-06-05,2016-07-02,2016-07-02,SYN-DOC-001001,SYN-CLAIM-000002,SYN-CLAIM-000003,SANCTIONED,3,MATCH
SYN-MUT-001002,SYN-PARCEL-001002,RELEASE,2017-07-03,2017-07-06,2017-08-03,2017-08-03,SYN-DOC-001002,SYN-CLAIM-000003,SYN-CLAIM-000004,SANCTIONED,1,MATCH
SYN-MUT-001003,SYN-PARCEL-001003,SALE_TRANSFER,2018-08-04,2018-08-07,2018-09-04,2018-09-04,SYN-DOC-001003,SYN-CLAIM-000004,SYN-CLAIM-000005,SANCTIONED,2,MATCH
SYN-MUT-001004,SYN-PARCEL-001004,INHERITANCE_SUCCESSION,2019-09-05,2019-09-08,2019-10-05,2019-10-05,SYN-DOC-001004,SYN-CLAIM-000005,SYN-CLAIM-000006,PENDING_OBJECTION,3,REVIEW_REQUIRED
SYN-MUT-001005,SYN-PARCEL-001005,PARTITION,2020-10-06,2020-10-09,2020-11-06,2020-11-06,SYN-DOC-001005,SYN-CLAIM-000006,SYN-CLAIM-000007,REJECTED,1,REVIEW_REQUIRED
SYN-MUT-001006,SYN-PARCEL-001006,CONVERSION,2021-11-07,2021-11-10,2021-12-07,2021-12-07,SYN-DOC-001006,SYN-CLAIM-000007,SYN-CLAIM-000008,SANCTIONED,2,MATCH
SYN-MUT-001007,SYN-PARCEL-001007,MORTGAGE_CHARGE,2022-12-08,2022-12-11,2022-12-08,2022-12-08,SYN-DOC-001007,SYN-CLAIM-000008,SYN-CLAIM-000009,SANCTIONED,3,MATCH
SYN-MUT-001008,SYN-PARCEL-001008,RELEASE,2023-01-09,2023-01-12,2023-02-09,2023-02-09,SYN-DOC-001008,SYN-CLAIM-000009,SYN-CLAIM-000010,SANCTIONED,1,MATCH
SYN-MUT-001009,SYN-PARCEL-001009,SALE_TRANSFER,2024-02-10,2024-02-13,2024-03-10,2024-03-10,SYN-DOC-001009,SYN-CLAIM-000010,SYN-CLAIM-000011,PENDING_OBJECTION,2,REVIEW_REQUIRED
SYN-MUT-001010,SYN-PARCEL-001010,INHERITANCE_SUCCESSION,2015-03-11,2015-03-14,2015-04-11,2015-04-11,SYN-DOC-001010,SYN-CLAIM-000011,SYN-CLAIM-000012,REJECTED,3,REVIEW_REQUIRED
SYN-MUT-001011,SYN-PARCEL-001011,PARTITION,2016-04-12,2016-04-15,2016-05-12,2016-05-12,SYN-DOC-001011,SYN-CLAIM-000012,SYN-CLAIM-000013,SANCTIONED,1,MATCH
SYN-MUT-001012,SYN-PARCEL-001012,CONVERSION,2017-05-13,2017-05-16,2017-06-13,2017-06-13,SYN-DOC-001012,SYN-CLAIM-000013,SYN-CLAIM-000014,SANCTIONED,2,MATCH
SYN-MUT-001013,SYN-PARCEL-001013,MORTGAGE_CHARGE,2018-06-14,2018-06-17,2018-07-14,2018-07-14,SYN-DOC-001013,SYN-CLAIM-000014,SYN-CLAIM-000015,SANCTIONED,3,MATCH
SYN-MUT-001014,SYN-PARCEL-001014,RELEASE,2019-07-15,2019-07-18,2019-08-15,2019-08-15,SYN-DOC-001014,SYN-CLAIM-000015,SYN-CLAIM-000016,PENDING_OBJECTION,1,REVIEW_REQUIRED
SYN-MUT-001015,SYN-PARCEL-001015,SALE_TRANSFER,2020-08-16,2020-08-19,2020-09-16,2020-09-16,SYN-DOC-001015,SYN-CLAIM-000016,SYN-CLAIM-000017,REJECTED,2,REVIEW_REQUIRED
SYN-MUT-001016,SYN-PARCEL-001016,INHERITANCE_SUCCESSION,2021-09-17,2021-09-20,2021-10-17,2021-10-17,SYN-DOC-001016,SYN-CLAIM-000017,SYN-CLAIM-000018,SANCTIONED,3,MATCH
SYN-MUT-001017,SYN-PARCEL-001017,PARTITION,2022-10-18,2022-10-21,2022-11-18,2022-11-18,SYN-DOC-001017,SYN-CLAIM-000018,SYN-CLAIM-000019,SANCTIONED,1,MATCH
SYN-MUT-001018,SYN-PARCEL-001018,CONVERSION,2023-11-19,2023-11-22,2023-12-19,2023-12-19,SYN-DOC-001018,SYN-CLAIM-000019,SYN-CLAIM-000020,SANCTIONED,2,MATCH
SYN-MUT-001019,SYN-PARCEL-001019,MORTGAGE_CHARGE,2024-12-20,2024-12-23,2024-12-20,2024-12-20,SYN-DOC-001019,SYN-CLAIM-000020,SYN-CLAIM-000021,PENDING_OBJECTION,3,REVIEW_REQUIRED
SYN-MUT-001020,SYN-PARCEL-001020,RELEASE,2015-01-01,2015-01-04,2015-02-01,2015-02-01,SYN-DOC-001020,SYN-CLAIM-000021,SYN-CLAIM-000022,REJECTED,1,REVIEW_REQUIRED
SYN-MUT-001021,SYN-PARCEL-001021,SALE_TRANSFER,2016-02-02,2016-02-05,2016-03-02,2016-03-02,SYN-DOC-001021,SYN-CLAIM-000022,SYN-CLAIM-000023,SANCTIONED,2,MATCH
SYN-MUT-001022,SYN-PARCEL-001022,INHERITANCE_SUCCESSION,2017-03-03,2017-03-06,2017-04-03,2017-04-03,SYN-DOC-001022,SYN-CLAIM-000023,SYN-CLAIM-000024,SANCTIONED,3,MATCH
SYN-MUT-001023,SYN-PARCEL-001023,PARTITION,2018-04-04,2018-04-07,2018-05-04,2018-05-04,SYN-DOC-001023,SYN-CLAIM-000024,SYN-CLAIM-000025,SANCTIONED,1,MATCH
SYN-MUT-001024,SYN-PARCEL-001024,CONVERSION,2019-05-05,2019-05-08,2019-06-05,2019-06-05,SYN-DOC-001024,SYN-CLAIM-000025,SYN-CLAIM-000026,PENDING_OBJECTION,2,REVIEW_REQUIRED
SYN-MUT-001025,SYN-PARCEL-001025,MORTGAGE_CHARGE,2020-06-06,2020-06-09,2020-07-06,2020-07-06,SYN-DOC-001025,SYN-CLAIM-000026,SYN-CLAIM-000027,REJECTED,3,REVIEW_REQUIRED
SYN-MUT-001026,SYN-PARCEL-001026,RELEASE,2021-07-07,2021-07-10,2021-08-07,2021-08-07,SYN-DOC-001026,SYN-CLAIM-000027,SYN-CLAIM-000028,SANCTIONED,1,MATCH
SYN-MUT-001027,SYN-PARCEL-001027,SALE_TRANSFER,2022-08-08,2022-08-11,2022-09-08,2022-09-08,SYN-DOC-001027,SYN-CLAIM-000028,SYN-CLAIM-000029,SANCTIONED,2,MATCH
SYN-MUT-001028,SYN-PARCEL-001028,INHERITANCE_SUCCESSION,2023-09-09,2023-09-12,2023-10-09,2023-10-09,SYN-DOC-001028,SYN-CLAIM-000029,SYN-CLAIM-000030,SANCTIONED,3,MATCH
SYN-MUT-001029,SYN-PARCEL-001029,PARTITION,2024-10-10,2024-10-13,2024-11-10,2024-11-10,SYN-DOC-001029,SYN-CLAIM-000030,SYN-CLAIM-000031,PENDING_OBJECTION,1,REVIEW_REQUIRED
SYN-MUT-001030,SYN-PARCEL-001030,CONVERSION,2015-11-11,2015-11-14,2015-12-11,2015-12-11,SYN-DOC-001030,SYN-CLAIM-000031,SYN-CLAIM-000032,REJECTED,2,REVIEW_REQUIRED
SYN-MUT-001031,SYN-PARCEL-001031,MORTGAGE_CHARGE,2016-12-12,2016-12-15,2016-12-12,2016-12-12,SYN-DOC-001031,SYN-CLAIM-000032,SYN-CLAIM-000033,SANCTIONED,3,MATCH
SYN-MUT-001032,SYN-PARCEL-001032,RELEASE,2017-01-13,2017-01-16,2017-02-13,2017-02-13,SYN-DOC-001032,SYN-CLAIM-000033,SYN-CLAIM-000034,SANCTIONED,1,MATCH
SYN-MUT-001033,SYN-PARCEL-001033,SALE_TRANSFER,2018-02-14,2018-02-17,2018-03-14,2018-03-14,SYN-DOC-001033,SYN-CLAIM-000034,SYN-CLAIM-000035,SANCTIONED,2,MATCH
SYN-MUT-001034,SYN-PARCEL-001034,INHERITANCE_SUCCESSION,2019-03-15,2019-03-18,2019-04-15,2019-04-15,SYN-DOC-001034,SYN-CLAIM-000035,SYN-CLAIM-000036,PENDING_OBJECTION,3,REVIEW_REQUIRED
SYN-MUT-001035,SYN-PARCEL-001035,PARTITION,2020-04-16,2020-04-19,2020-05-16,2020-05-16,SYN-DOC-001035,SYN-CLAIM-000036,SYN-CLAIM-000037,REJECTED,1,REVIEW_REQUIRED
SYN-MUT-001036,SYN-PARCEL-001036,CONVERSION,2021-05-17,2021-05-20,2021-06-17,2021-06-17,SYN-DOC-001036,SYN-CLAIM-000037,SYN-CLAIM-000038,SANCTIONED,2,MATCH
SYN-MUT-001037,SYN-PARCEL-001037,MORTGAGE_CHARGE,2022-06-18,2022-06-21,2022-07-18,2022-07-18,SYN-DOC-001037,SYN-CLAIM-000038,SYN-CLAIM-000039,SANCTIONED,3,MATCH
SYN-MUT-001038,SYN-PARCEL-001038,RELEASE,2023-07-19,2023-07-22,2023-08-19,2023-08-19,SYN-DOC-001038,SYN-CLAIM-000039,SYN-CLAIM-000040,SANCTIONED,1,MATCH
SYN-MUT-001039,SYN-PARCEL-001039,SALE_TRANSFER,2024-08-20,2024-08-23,2024-09-20,2024-09-20,SYN-DOC-001039,SYN-CLAIM-000040,SYN-CLAIM-000041,PENDING_OBJECTION,2,REVIEW_REQUIRED
SYN-MUT-001040,SYN-PARCEL-001040,INHERITANCE_SUCCESSION,2015-09-01,2015-09-04,2015-10-01,2015-10-01,SYN-DOC-001040,SYN-CLAIM-000041,SYN-CLAIM-000042,REJECTED,3,REVIEW_REQUIRED
SYN-MUT-001041,SYN-PARCEL-001041,PARTITION,2016-10-02,2016-10-05,2016-11-02,2016-11-02,SYN-DOC-001041,SYN-CLAIM-000042,SYN-CLAIM-000043,SANCTIONED,1,MATCH
SYN-MUT-001042,SYN-PARCEL-001042,CONVERSION,2017-11-03,2017-11-06,2017-12-03,2017-12-03,SYN-DOC-001042,SYN-CLAIM-000043,SYN-CLAIM-000044,SANCTIONED,2,MATCH
SYN-MUT-001043,SYN-PARCEL-001043,MORTGAGE_CHARGE,2018-12-04,2018-12-07,2018-12-04,2018-12-04,SYN-DOC-001043,SYN-CLAIM-000044,SYN-CLAIM-000045,SANCTIONED,3,MATCH
SYN-MUT-001044,SYN-PARCEL-001044,RELEASE,2019-01-05,2019-01-08,2019-02-05,2019-02-05,SYN-DOC-001044,SYN-CLAIM-000045,SYN-CLAIM-000046,PENDING_OBJECTION,1,REVIEW_REQUIRED
SYN-MUT-001045,SYN-PARCEL-001045,SALE_TRANSFER,2020-02-06,2020-02-09,2020-03-06,2020-03-06,SYN-DOC-001045,SYN-CLAIM-000046,SYN-CLAIM-000047,REJECTED,2,REVIEW_REQUIRED
SYN-MUT-001046,SYN-PARCEL-001046,INHERITANCE_SUCCESSION,2021-03-07,2021-03-10,2021-04-07,2021-04-07,SYN-DOC-001046,SYN-CLAIM-000047,SYN-CLAIM-000048,SANCTIONED,3,MATCH
SYN-MUT-001047,SYN-PARCEL-001047,PARTITION,2022-04-08,2022-04-11,2022-05-08,2022-05-08,SYN-DOC-001047,SYN-CLAIM-000048,SYN-CLAIM-000049,SANCTIONED,1,MATCH
SYN-MUT-001048,SYN-PARCEL-001048,CONVERSION,2023-05-09,2023-05-12,2023-06-09,2023-06-09,SYN-DOC-001048,SYN-CLAIM-000049,SYN-CLAIM-000050,SANCTIONED,2,MATCH
SYN-MUT-001049,SYN-PARCEL-001049,MORTGAGE_CHARGE,2024-06-10,2024-06-13,2024-07-10,2024-07-10,SYN-DOC-001049,SYN-CLAIM-000050,SYN-CLAIM-000051,PENDING_OBJECTION,3,REVIEW_REQUIRED
SYN-MUT-001050,SYN-PARCEL-001050,RELEASE,2015-07-11,2015-07-14,2014-07-11,2014-07-11,SYN-DOC-001050,SYN-CLAIM-000051,SYN-CLAIM-000052,REJECTED,1,CHRONOLOGY_CONFLICT
SYN-MUT-001051,SYN-PARCEL-001051,SALE_TRANSFER,2016-08-12,2016-08-15,2016-09-12,2016-09-12,SYN-DOC-001051,SYN-CLAIM-000052,SYN-CLAIM-000053,SANCTIONED,2,MATCH
SYN-MUT-001052,SYN-PARCEL-001052,INHERITANCE_SUCCESSION,2017-09-13,2017-09-16,2017-10-13,2017-10-13,SYN-DOC-001052,SYN-CLAIM-000053,SYN-CLAIM-000054,SANCTIONED,3,MATCH
SYN-MUT-001053,SYN-PARCEL-001053,PARTITION,2018-10-14,2018-10-17,2018-11-14,2018-11-14,SYN-DOC-001053,SYN-CLAIM-000054,SYN-CLAIM-000055,SANCTIONED,1,MATCH
SYN-MUT-001054,SYN-PARCEL-001054,CONVERSION,2019-11-15,2019-11-18,2019-12-15,2019-12-15,SYN-DOC-001054,SYN-CLAIM-000055,SYN-CLAIM-000056,PENDING_OBJECTION,2,REVIEW_REQUIRED
SYN-MUT-001055,SYN-PARCEL-001055,MORTGAGE_CHARGE,2020-12-16,2020-12-19,2020-12-16,2020-12-16,SYN-DOC-001055,SYN-CLAIM-000056,SYN-CLAIM-000057,REJECTED,3,REVIEW_REQUIRED
SYN-MUT-001056,SYN-PARCEL-001056,RELEASE,2021-01-17,2021-01-20,2021-02-17,2021-02-17,SYN-DOC-001056,SYN-CLAIM-000057,SYN-CLAIM-000058,SANCTIONED,1,MATCH
SYN-MUT-001057,SYN-PARCEL-001057,SALE_TRANSFER,2022-02-18,2022-02-21,2022-03-18,2022-03-18,SYN-DOC-001057,SYN-CLAIM-000058,SYN-CLAIM-000059,SANCTIONED,2,MATCH
SYN-MUT-001058,SYN-PARCEL-001058,INHERITANCE_SUCCESSION,2023-03-19,2023-03-22,2023-04-19,2023-04-19,SYN-DOC-001058,SYN-CLAIM-000059,SYN-CLAIM-000060,SANCTIONED,3,MATCH
SYN-MUT-001059,SYN-PARCEL-001059,PARTITION,2024-04-20,2024-04-23,2024-05-20,2024-05-20,SYN-DOC-001059,SYN-CLAIM-000060,SYN-CLAIM-000061,PENDING_OBJECTION,1,REVIEW_REQUIRED
SYN-MUT-001060,SYN-PARCEL-001060,CONVERSION,2015-05-01,2015-05-04,2015-06-01,2015-06-01,SYN-DOC-001060,SYN-CLAIM-000061,SYN-CLAIM-000062,REJECTED,2,REVIEW_REQUIRED
SYN-MUT-001061,SYN-PARCEL-001061,MORTGAGE_CHARGE,2016-06-02,2016-06-05,2016-07-02,2016-07-02,SYN-DOC-001061,SYN-CLAIM-000062,SYN-CLAIM-000063,SANCTIONED,3,MATCH
SYN-MUT-001062,SYN-PARCEL-001062,RELEASE,2017-07-03,2017-07-06,2017-08-03,2017-08-03,SYN-DOC-001062,SYN-CLAIM-000063,SYN-CLAIM-000064,SANCTIONED,1,MATCH
SYN-MUT-001063,SYN-PARCEL-001063,SALE_TRANSFER,2018-08-04,2018-08-07,2018-09-04,2018-09-04,SYN-DOC-001063,SYN-CLAIM-000064,SYN-CLAIM-000065,SANCTIONED,2,MATCH
SYN-MUT-001064,SYN-PARCEL-001064,INHERITANCE_SUCCESSION,2019-09-05,2019-09-08,2019-10-05,2019-10-05,SYN-DOC-001064,SYN-CLAIM-000065,SYN-CLAIM-000066,PENDING_OBJECTION,3,REVIEW_REQUIRED
SYN-MUT-001065,SYN-PARCEL-001065,PARTITION,2020-10-06,2020-10-09,2020-11-06,2020-11-06,SYN-DOC-001065,SYN-CLAIM-000066,SYN-CLAIM-000067,REJECTED,1,REVIEW_REQUIRED
SYN-MUT-001066,SYN-PARCEL-001066,CONVERSION,2021-11-07,2021-11-10,2021-12-07,2021-12-07,SYN-DOC-001066,SYN-CLAIM-000067,SYN-CLAIM-000068,SANCTIONED,2,MATCH
SYN-MUT-001067,SYN-PARCEL-001067,MORTGAGE_CHARGE,2022-12-08,2022-12-11,2022-12-08,2022-12-08,SYN-DOC-001067,SYN-CLAIM-000068,SYN-CLAIM-000069,SANCTIONED,3,MATCH
SYN-MUT-001068,SYN-PARCEL-001068,RELEASE,2023-01-09,2023-01-12,2023-02-09,2023-02-09,SYN-DOC-001068,SYN-CLAIM-000069,SYN-CLAIM-000070,SANCTIONED,1,MATCH
SYN-MUT-001069,SYN-PARCEL-001069,SALE_TRANSFER,2024-02-10,2024-02-13,2024-03-10,2024-03-10,SYN-DOC-001069,SYN-CLAIM-000070,SYN-CLAIM-000071,PENDING_OBJECTION,2,REVIEW_REQUIRED
SYN-MUT-001070,SYN-PARCEL-001070,INHERITANCE_SUCCESSION,2015-03-11,2015-03-14,2015-04-11,2015-04-11,SYN-DOC-001070,SYN-CLAIM-000071,SYN-CLAIM-000072,REJECTED,3,REVIEW_REQUIRED
SYN-MUT-001071,SYN-PARCEL-001071,PARTITION,2016-04-12,2016-04-15,2016-05-12,2016-05-12,SYN-DOC-001071,SYN-CLAIM-000072,SYN-CLAIM-000073,SANCTIONED,1,MATCH
SYN-MUT-001072,SYN-PARCEL-001072,CONVERSION,2017-05-13,2017-05-16,2017-06-13,2017-06-13,SYN-DOC-001072,SYN-CLAIM-000073,SYN-CLAIM-000074,SANCTIONED,2,MATCH
SYN-MUT-001073,SYN-PARCEL-001073,MORTGAGE_CHARGE,2018-06-14,2018-06-17,2018-07-14,2018-07-14,SYN-DOC-001073,SYN-CLAIM-000074,SYN-CLAIM-000075,SANCTIONED,3,MATCH
SYN-MUT-001074,SYN-PARCEL-001074,RELEASE,2019-07-15,2019-07-18,2019-08-15,2019-08-15,SYN-DOC-001074,SYN-CLAIM-000075,SYN-CLAIM-000076,PENDING_OBJECTION,1,REVIEW_REQUIRED
SYN-MUT-001075,SYN-PARCEL-001075,SALE_TRANSFER,2020-08-16,2020-08-19,2020-09-16,2020-09-16,SYN-DOC-001075,SYN-CLAIM-000076,SYN-CLAIM-000077,REJECTED,2,REVIEW_REQUIRED
SYN-MUT-001076,SYN-PARCEL-001076,INHERITANCE_SUCCESSION,2021-09-17,2021-09-20,2021-10-17,2021-10-17,SYN-DOC-001076,SYN-CLAIM-000077,SYN-CLAIM-000078,SANCTIONED,3,MATCH
SYN-MUT-001077,SYN-PARCEL-001077,PARTITION,2022-10-18,2022-10-21,2022-11-18,2022-11-18,SYN-DOC-001077,SYN-CLAIM-000078,SYN-CLAIM-000079,SANCTIONED,1,MATCH
SYN-MUT-001078,SYN-PARCEL-001078,CONVERSION,2023-11-19,2023-11-22,2023-12-19,2023-12-19,SYN-DOC-001078,SYN-CLAIM-000079,SYN-CLAIM-000080,SANCTIONED,2,MATCH
SYN-MUT-001079,SYN-PARCEL-001079,MORTGAGE_CHARGE,2024-12-20,2024-12-23,2024-12-20,2024-12-20,SYN-DOC-001079,SYN-CLAIM-000080,SYN-CLAIM-000081,PENDING_OBJECTION,3,REVIEW_REQUIRED
SYN-MUT-001080,SYN-PARCEL-001080,RELEASE,2015-01-01,2015-01-04,2015-02-01,2015-02-01,SYN-DOC-001080,SYN-CLAIM-000081,SYN-CLAIM-000082,REJECTED,1,REVIEW_REQUIRED
SYN-MUT-001081,SYN-PARCEL-001081,SALE_TRANSFER,2016-02-02,2016-02-05,2016-03-02,2016-03-02,SYN-DOC-001081,SYN-CLAIM-000082,SYN-CLAIM-000083,SANCTIONED,2,MATCH
SYN-MUT-001082,SYN-PARCEL-001082,INHERITANCE_SUCCESSION,2017-03-03,2017-03-06,2017-04-03,2017-04-03,SYN-DOC-001082,SYN-CLAIM-000083,SYN-CLAIM-000084,SANCTIONED,3,MATCH
SYN-MUT-001083,SYN-PARCEL-001083,PARTITION,2018-04-04,2018-04-07,2018-05-04,2018-05-04,SYN-DOC-001083,SYN-CLAIM-000084,SYN-CLAIM-000085,SANCTIONED,1,MATCH
SYN-MUT-001084,SYN-PARCEL-001084,CONVERSION,2019-05-05,2019-05-08,2019-06-05,2019-06-05,SYN-DOC-001084,SYN-CLAIM-000085,SYN-CLAIM-000086,PENDING_OBJECTION,2,REVIEW_REQUIRED
SYN-MUT-001085,SYN-PARCEL-001085,MORTGAGE_CHARGE,2020-06-06,2020-06-09,2020-07-06,2020-07-06,SYN-DOC-001085,SYN-CLAIM-000086,SYN-CLAIM-000087,REJECTED,3,REVIEW_REQUIRED
SYN-MUT-001086,SYN-PARCEL-001086,RELEASE,2021-07-07,2021-07-10,2021-08-07,2021-08-07,SYN-DOC-001086,SYN-CLAIM-000087,SYN-CLAIM-000088,SANCTIONED,1,MATCH
SYN-MUT-001087,SYN-PARCEL-001087,SALE_TRANSFER,2022-08-08,2022-08-11,2022-09-08,2022-09-08,SYN-DOC-001087,SYN-CLAIM-000088,SYN-CLAIM-000089,SANCTIONED,2,MATCH
SYN-MUT-001088,SYN-PARCEL-001088,INHERITANCE_SUCCESSION,2023-09-09,2023-09-12,2023-10-09,2023-10-09,SYN-DOC-001088,SYN-CLAIM-000089,SYN-CLAIM-000090,SANCTIONED,3,MATCH
SYN-MUT-001089,SYN-PARCEL-001089,PARTITION,2024-10-10,2024-10-13,2024-11-10,2024-11-10,SYN-DOC-001089,SYN-CLAIM-000090,SYN-CLAIM-000091,PENDING_OBJECTION,1,REVIEW_REQUIRED
SYN-MUT-001090,SYN-PARCEL-001090,CONVERSION,2015-11-11,2015-11-14,2015-12-11,2015-12-11,SYN-DOC-001090,SYN-CLAIM-000091,SYN-CLAIM-000092,REJECTED,2,REVIEW_REQUIRED
SYN-MUT-001091,SYN-PARCEL-001091,MORTGAGE_CHARGE,2016-12-12,2016-12-15,2016-12-12,2016-12-12,SYN-DOC-001091,SYN-CLAIM-000092,SYN-CLAIM-000093,SANCTIONED,3,MATCH
SYN-MUT-001092,SYN-PARCEL-001092,RELEASE,2017-01-13,2017-01-16,2017-02-13,2017-02-13,SYN-DOC-001092,SYN-CLAIM-000093,SYN-CLAIM-000094,SANCTIONED,1,MATCH
SYN-MUT-001093,SYN-PARCEL-001093,SALE_TRANSFER,2018-02-14,2018-02-17,2018-03-14,2018-03-14,SYN-DOC-001093,SYN-CLAIM-000094,SYN-CLAIM-000095,SANCTIONED,2,MATCH
SYN-MUT-001094,SYN-PARCEL-001094,INHERITANCE_SUCCESSION,2019-03-15,2019-03-18,2019-04-15,2019-04-15,SYN-DOC-001094,SYN-CLAIM-000095,SYN-CLAIM-000096,PENDING_OBJECTION,3,REVIEW_REQUIRED
SYN-MUT-001095,SYN-PARCEL-001095,PARTITION,2020-04-16,2020-04-19,2020-05-16,2020-05-16,SYN-DOC-001095,SYN-CLAIM-000096,SYN-CLAIM-000097,REJECTED,1,REVIEW_REQUIRED
SYN-MUT-001096,SYN-PARCEL-001096,CONVERSION,2021-05-17,2021-05-20,2021-06-17,2021-06-17,SYN-DOC-001096,SYN-CLAIM-000097,SYN-CLAIM-000098,SANCTIONED,2,MATCH
SYN-MUT-001097,SYN-PARCEL-001097,MORTGAGE_CHARGE,2022-06-18,2022-06-21,2022-07-18,2022-07-18,SYN-DOC-001097,SYN-CLAIM-000098,SYN-CLAIM-000099,SANCTIONED,3,MATCH
SYN-MUT-001098,SYN-PARCEL-001098,RELEASE,2023-07-19,2023-07-22,2023-08-19,2023-08-19,SYN-DOC-001098,SYN-CLAIM-000099,SYN-CLAIM-000100,SANCTIONED,1,MATCH
SYN-MUT-001099,SYN-PARCEL-001099,SALE_TRANSFER,2024-08-20,2024-08-23,2024-09-20,2024-09-20,SYN-DOC-001099,SYN-CLAIM-000100,SYN-CLAIM-000101,PENDING_OBJECTION,2,REVIEW_REQUIRED
SYN-MUT-001100,SYN-PARCEL-001100,INHERITANCE_SUCCESSION,2015-09-01,2015-09-04,2015-10-01,2015-10-01,SYN-DOC-001100,SYN-CLAIM-000101,SYN-CLAIM-000102,REJECTED,3,REVIEW_REQUIRED
SYN-MUT-001101,SYN-PARCEL-001101,PARTITION,2016-10-02,2016-10-05,2016-11-02,2016-11-02,SYN-DOC-001101,SYN-CLAIM-000102,SYN-CLAIM-000103,SANCTIONED,1,MATCH
SYN-MUT-001102,SYN-PARCEL-001102,CONVERSION,2017-11-03,2017-11-06,2017-12-03,2017-12-03,SYN-DOC-001102,SYN-CLAIM-000103,SYN-CLAIM-000104,SANCTIONED,2,MATCH
SYN-MUT-001103,SYN-PARCEL-001103,MORTGAGE_CHARGE,2018-12-04,2018-12-07,2018-12-04,2018-12-04,SYN-DOC-001103,SYN-CLAIM-000104,SYN-CLAIM-000105,SANCTIONED,3,MATCH
SYN-MUT-001104,SYN-PARCEL-001104,RELEASE,2019-01-05,2019-01-08,2019-02-05,2019-02-05,SYN-DOC-001104,SYN-CLAIM-000105,SYN-CLAIM-000106,PENDING_OBJECTION,1,REVIEW_REQUIRED
SYN-MUT-001105,SYN-PARCEL-001105,SALE_TRANSFER,2020-02-06,2020-02-09,2020-03-06,2020-03-06,SYN-DOC-001105,SYN-CLAIM-000106,SYN-CLAIM-000107,REJECTED,2,REVIEW_REQUIRED
SYN-MUT-001106,SYN-PARCEL-001106,INHERITANCE_SUCCESSION,2021-03-07,2021-03-10,2021-04-07,2021-04-07,SYN-DOC-001106,SYN-CLAIM-000107,SYN-CLAIM-000108,SANCTIONED,3,MATCH
SYN-MUT-001107,SYN-PARCEL-001107,PARTITION,2022-04-08,2022-04-11,2022-05-08,2022-05-08,SYN-DOC-001107,SYN-CLAIM-000108,SYN-CLAIM-000109,SANCTIONED,1,MATCH
SYN-MUT-001108,SYN-PARCEL-001108,CONVERSION,2023-05-09,2023-05-12,2023-06-09,2023-06-09,SYN-DOC-001108,SYN-CLAIM-000109,SYN-CLAIM-000110,SANCTIONED,2,MATCH
SYN-MUT-001109,SYN-PARCEL-001109,MORTGAGE_CHARGE,2024-06-10,2024-06-13,2024-07-10,2024-07-10,SYN-DOC-001109,SYN-CLAIM-000110,SYN-CLAIM-000111,PENDING_OBJECTION,3,REVIEW_REQUIRED
SYN-MUT-001110,SYN-PARCEL-001110,RELEASE,2015-07-11,2015-07-14,2015-08-11,2015-08-11,SYN-DOC-001110,SYN-CLAIM-000111,SYN-CLAIM-000112,REJECTED,1,REVIEW_REQUIRED
SYN-MUT-001111,SYN-PARCEL-001111,SALE_TRANSFER,2016-08-12,2016-08-15,2016-09-12,2016-09-12,SYN-DOC-001111,SYN-CLAIM-000112,SYN-CLAIM-000113,SANCTIONED,2,MATCH
SYN-MUT-001112,SYN-PARCEL-001112,INHERITANCE_SUCCESSION,2017-09-13,2017-09-16,2017-10-13,2017-10-13,SYN-DOC-001112,SYN-CLAIM-000113,SYN-CLAIM-000114,SANCTIONED,3,MATCH
SYN-MUT-001113,SYN-PARCEL-001113,PARTITION,2018-10-14,2018-10-17,2018-11-14,2018-11-14,SYN-DOC-001113,SYN-CLAIM-000114,SYN-CLAIM-000115,SANCTIONED,1,MATCH
SYN-MUT-001114,SYN-PARCEL-001114,CONVERSION,2019-11-15,2019-11-18,2019-12-15,2019-12-15,SYN-DOC-001114,SYN-CLAIM-000115,SYN-CLAIM-000116,PENDING_OBJECTION,2,REVIEW_REQUIRED
SYN-MUT-001115,SYN-PARCEL-001115,MORTGAGE_CHARGE,2020-12-16,2020-12-19,2020-12-16,2020-12-16,SYN-DOC-001115,SYN-CLAIM-000116,SYN-CLAIM-000117,REJECTED,3,REVIEW_REQUIRED
SYN-MUT-001116,SYN-PARCEL-001116,RELEASE,2021-01-17,2021-01-20,2021-02-17,2021-02-17,SYN-DOC-001116,SYN-CLAIM-000117,SYN-CLAIM-000118,SANCTIONED,1,MATCH
SYN-MUT-001117,SYN-PARCEL-001117,SALE_TRANSFER,2022-02-18,2022-02-21,2022-03-18,2022-03-18,SYN-DOC-001117,SYN-CLAIM-000118,SYN-CLAIM-000119,SANCTIONED,2,MATCH
SYN-MUT-001118,SYN-PARCEL-001118,INHERITANCE_SUCCESSION,2023-03-19,2023-03-22,2023-04-19,2023-04-19,SYN-DOC-001118,SYN-CLAIM-000119,SYN-CLAIM-000120,SANCTIONED,3,MATCH
SYN-MUT-001119,SYN-PARCEL-001119,PARTITION,2024-04-20,2024-04-23,2024-05-20,2024-05-20,SYN-DOC-001119,SYN-CLAIM-000120,SYN-CLAIM-000121,PENDING_OBJECTION,1,REVIEW_REQUIRED
SYN-MUT-001120,SYN-PARCEL-001120,CONVERSION,2015-05-01,2015-05-04,2015-06-01,2015-06-01,SYN-DOC-001120,SYN-CLAIM-000121,SYN-CLAIM-000122,REJECTED,2,REVIEW_REQUIRED
SYN-MUT-001121,SYN-PARCEL-001121,MORTGAGE_CHARGE,2016-06-02,2016-06-05,2016-07-02,2016-07-02,SYN-DOC-001121,SYN-CLAIM-000122,SYN-CLAIM-000123,SANCTIONED,3,MATCH
SYN-MUT-001122,SYN-PARCEL-001122,RELEASE,2017-07-03,2017-07-06,2017-08-03,2017-08-03,SYN-DOC-001122,SYN-CLAIM-000123,SYN-CLAIM-000124,SANCTIONED,1,MATCH
SYN-MUT-001123,SYN-PARCEL-001123,SALE_TRANSFER,2018-08-04,2018-08-07,2018-09-04,2018-09-04,SYN-DOC-001123,SYN-CLAIM-000124,SYN-CLAIM-000125,SANCTIONED,2,MATCH
SYN-MUT-001124,SYN-PARCEL-001124,INHERITANCE_SUCCESSION,2019-09-05,2019-09-08,2019-10-05,2019-10-05,SYN-DOC-001124,SYN-CLAIM-000125,SYN-CLAIM-000126,PENDING_OBJECTION,3,REVIEW_REQUIRED
SYN-MUT-001125,SYN-PARCEL-001125,PARTITION,2020-10-06,2020-10-09,2020-11-06,2020-11-06,SYN-DOC-001125,SYN-CLAIM-000126,SYN-CLAIM-000127,REJECTED,1,REVIEW_REQUIRED
SYN-MUT-001126,SYN-PARCEL-001126,CONVERSION,2021-11-07,2021-11-10,2021-12-07,2021-12-07,SYN-DOC-001126,SYN-CLAIM-000127,SYN-CLAIM-000128,SANCTIONED,2,MATCH
SYN-MUT-001127,SYN-PARCEL-001127,MORTGAGE_CHARGE,2022-12-08,2022-12-11,2022-12-08,2022-12-08,SYN-DOC-001127,SYN-CLAIM-000128,SYN-CLAIM-000129,SANCTIONED,3,MATCH
SYN-MUT-001128,SYN-PARCEL-001128,RELEASE,2023-01-09,2023-01-12,2023-02-09,2023-02-09,SYN-DOC-001128,SYN-CLAIM-000129,SYN-CLAIM-000130,SANCTIONED,1,MATCH
SYN-MUT-001129,SYN-PARCEL-001129,SALE_TRANSFER,2024-02-10,2024-02-13,2024-03-10,2024-03-10,SYN-DOC-001129,SYN-CLAIM-000130,SYN-CLAIM-000131,PENDING_OBJECTION,2,REVIEW_REQUIRED
SYN-MUT-001130,SYN-PARCEL-001130,INHERITANCE_SUCCESSION,2015-03-11,2015-03-14,2015-04-11,2015-04-11,SYN-DOC-001130,SYN-CLAIM-000131,SYN-CLAIM-000132,REJECTED,3,REVIEW_REQUIRED
SYN-MUT-001131,SYN-PARCEL-001131,PARTITION,2016-04-12,2016-04-15,2016-05-12,2016-05-12,SYN-DOC-001131,SYN-CLAIM-000132,SYN-CLAIM-000133,SANCTIONED,1,MATCH
SYN-MUT-001132,SYN-PARCEL-001132,CONVERSION,2017-05-13,2017-05-16,2017-06-13,2017-06-13,SYN-DOC-001132,SYN-CLAIM-000133,SYN-CLAIM-000134,SANCTIONED,2,MATCH
SYN-MUT-001133,SYN-PARCEL-001133,MORTGAGE_CHARGE,2018-06-14,2018-06-17,2018-07-14,2018-07-14,SYN-DOC-001133,SYN-CLAIM-000134,SYN-CLAIM-000135,SANCTIONED,3,MATCH
SYN-MUT-001134,SYN-PARCEL-001134,RELEASE,2019-07-15,2019-07-18,2019-08-15,2019-08-15,SYN-DOC-001134,SYN-CLAIM-000135,SYN-CLAIM-000136,PENDING_OBJECTION,1,REVIEW_REQUIRED
SYN-MUT-001135,SYN-PARCEL-001135,SALE_TRANSFER,2020-08-16,2020-08-19,2020-09-16,2020-09-16,SYN-DOC-001135,SYN-CLAIM-000136,SYN-CLAIM-000137,REJECTED,2,REVIEW_REQUIRED
SYN-MUT-001136,SYN-PARCEL-001136,INHERITANCE_SUCCESSION,2021-09-17,2021-09-20,2021-10-17,2021-10-17,SYN-DOC-001136,SYN-CLAIM-000137,SYN-CLAIM-000138,SANCTIONED,3,MATCH
SYN-MUT-001137,SYN-PARCEL-001137,PARTITION,2022-10-18,2022-10-21,2022-11-18,2022-11-18,SYN-DOC-001137,SYN-CLAIM-000138,SYN-CLAIM-000139,SANCTIONED,1,MATCH
SYN-MUT-001138,SYN-PARCEL-001138,CONVERSION,2023-11-19,2023-11-22,2023-12-19,2023-12-19,SYN-DOC-001138,SYN-CLAIM-000139,SYN-CLAIM-000140,SANCTIONED,2,MATCH
SYN-MUT-001139,SYN-PARCEL-001139,MORTGAGE_CHARGE,2024-12-20,2024-12-23,2024-12-20,2024-12-20,SYN-DOC-001139,SYN-CLAIM-000140,SYN-CLAIM-000141,PENDING_OBJECTION,3,REVIEW_REQUIRED
SYN-MUT-001140,SYN-PARCEL-001140,RELEASE,2015-01-01,2015-01-04,2015-02-01,2015-02-01,SYN-DOC-001140,SYN-CLAIM-000141,SYN-CLAIM-000142,REJECTED,1,REVIEW_REQUIRED
SYN-MUT-001141,SYN-PARCEL-001141,SALE_TRANSFER,2016-02-02,2016-02-05,2016-03-02,2016-03-02,SYN-DOC-001141,SYN-CLAIM-000142,SYN-CLAIM-000143,SANCTIONED,2,MATCH
SYN-MUT-001142,SYN-PARCEL-001142,INHERITANCE_SUCCESSION,2017-03-03,2017-03-06,2017-04-03,2017-04-03,SYN-DOC-001142,SYN-CLAIM-000143,SYN-CLAIM-000144,SANCTIONED,3,MATCH
SYN-MUT-001143,SYN-PARCEL-001143,PARTITION,2018-04-04,2018-04-07,2018-05-04,2018-05-04,SYN-DOC-001143,SYN-CLAIM-000144,SYN-CLAIM-000145,SANCTIONED,1,MATCH
SYN-MUT-001144,SYN-PARCEL-001144,CONVERSION,2019-05-05,2019-05-08,2019-06-05,2019-06-05,SYN-DOC-001144,SYN-CLAIM-000145,SYN-CLAIM-000146,PENDING_OBJECTION,2,REVIEW_REQUIRED
SYN-MUT-001145,SYN-PARCEL-001145,MORTGAGE_CHARGE,2020-06-06,2020-06-09,2020-07-06,2020-07-06,SYN-DOC-001145,SYN-CLAIM-000146,SYN-CLAIM-000147,REJECTED,3,REVIEW_REQUIRED
SYN-MUT-001146,SYN-PARCEL-001146,RELEASE,2021-07-07,2021-07-10,2021-08-07,2021-08-07,SYN-DOC-001146,SYN-CLAIM-000147,SYN-CLAIM-000148,SANCTIONED,1,MATCH
SYN-MUT-001147,SYN-PARCEL-001147,SALE_TRANSFER,2022-08-08,2022-08-11,2022-09-08,2022-09-08,SYN-DOC-001147,SYN-CLAIM-000148,SYN-CLAIM-000149,SANCTIONED,2,MATCH
SYN-MUT-001148,SYN-PARCEL-001148,INHERITANCE_SUCCESSION,2023-09-09,2023-09-12,2023-10-09,2023-10-09,SYN-DOC-001148,SYN-CLAIM-000149,SYN-CLAIM-000150,SANCTIONED,3,MATCH
SYN-MUT-001149,SYN-PARCEL-001149,PARTITION,2024-10-10,2024-10-13,2024-11-10,2024-11-10,SYN-DOC-001149,SYN-CLAIM-000150,SYN-CLAIM-000151,PENDING_OBJECTION,1,REVIEW_REQUIRED
SYN-MUT-001150,SYN-PARCEL-001150,CONVERSION,2015-11-11,2015-11-14,2015-12-11,2015-12-11,SYN-DOC-001150,SYN-CLAIM-000151,SYN-CLAIM-000152,REJECTED,2,REVIEW_REQUIRED
SYN-MUT-001151,SYN-PARCEL-001151,MORTGAGE_CHARGE,2016-12-12,2016-12-15,2016-12-12,2016-12-12,SYN-DOC-001151,SYN-CLAIM-000152,SYN-CLAIM-000153,SANCTIONED,3,MATCH
SYN-MUT-001152,SYN-PARCEL-001152,RELEASE,2017-01-13,2017-01-16,2017-02-13,2017-02-13,SYN-DOC-001152,SYN-CLAIM-000153,SYN-CLAIM-000154,SANCTIONED,1,MATCH
SYN-MUT-001153,SYN-PARCEL-001153,SALE_TRANSFER,2018-02-14,2018-02-17,2018-03-14,2018-03-14,SYN-DOC-001153,SYN-CLAIM-000154,SYN-CLAIM-000155,SANCTIONED,2,MATCH
SYN-MUT-001154,SYN-PARCEL-001154,INHERITANCE_SUCCESSION,2019-03-15,2019-03-18,2019-04-15,2019-04-15,SYN-DOC-001154,SYN-CLAIM-000155,SYN-CLAIM-000156,PENDING_OBJECTION,3,REVIEW_REQUIRED
SYN-MUT-001155,SYN-PARCEL-001155,PARTITION,2020-04-16,2020-04-19,2020-05-16,2020-05-16,SYN-DOC-001155,SYN-CLAIM-000156,SYN-CLAIM-000157,REJECTED,1,REVIEW_REQUIRED
SYN-MUT-001156,SYN-PARCEL-001156,CONVERSION,2021-05-17,2021-05-20,2021-06-17,2021-06-17,SYN-DOC-001156,SYN-CLAIM-000157,SYN-CLAIM-000158,SANCTIONED,2,MATCH
SYN-MUT-001157,SYN-PARCEL-001157,MORTGAGE_CHARGE,2022-06-18,2022-06-21,2022-07-18,2022-07-18,SYN-DOC-001157,SYN-CLAIM-000158,SYN-CLAIM-000159,SANCTIONED,3,MATCH
SYN-MUT-001158,SYN-PARCEL-001158,RELEASE,2023-07-19,2023-07-22,2023-08-19,2023-08-19,SYN-DOC-001158,SYN-CLAIM-000159,SYN-CLAIM-000160,SANCTIONED,1,MATCH
SYN-MUT-001159,SYN-PARCEL-001159,SALE_TRANSFER,2024-08-20,2024-08-23,2024-09-20,2024-09-20,SYN-DOC-001159,SYN-CLAIM-000160,SYN-CLAIM-000161,PENDING_OBJECTION,2,REVIEW_REQUIRED
SYN-MUT-001160,SYN-PARCEL-001160,INHERITANCE_SUCCESSION,2015-09-01,2015-09-04,2015-10-01,2015-10-01,SYN-DOC-001160,SYN-CLAIM-000161,SYN-CLAIM-000162,REJECTED,3,REVIEW_REQUIRED
SYN-MUT-001161,SYN-PARCEL-001161,PARTITION,2016-10-02,2016-10-05,2016-11-02,2016-11-02,SYN-DOC-001161,SYN-CLAIM-000162,SYN-CLAIM-000163,SANCTIONED,1,MATCH
SYN-MUT-001162,SYN-PARCEL-001162,CONVERSION,2017-11-03,2017-11-06,2017-12-03,2017-12-03,SYN-DOC-001162,SYN-CLAIM-000163,SYN-CLAIM-000164,SANCTIONED,2,MATCH
SYN-MUT-001163,SYN-PARCEL-001163,MORTGAGE_CHARGE,2018-12-04,2018-12-07,2018-12-04,2018-12-04,SYN-DOC-001163,SYN-CLAIM-000164,SYN-CLAIM-000165,SANCTIONED,3,MATCH
SYN-MUT-001164,SYN-PARCEL-001164,RELEASE,2019-01-05,2019-01-08,2019-02-05,2019-02-05,SYN-DOC-001164,SYN-CLAIM-000165,SYN-CLAIM-000166,PENDING_OBJECTION,1,REVIEW_REQUIRED
SYN-MUT-001165,SYN-PARCEL-001165,SALE_TRANSFER,2020-02-06,2020-02-09,2020-03-06,2020-03-06,SYN-DOC-001165,SYN-CLAIM-000166,SYN-CLAIM-000167,REJECTED,2,REVIEW_REQUIRED
SYN-MUT-001166,SYN-PARCEL-001166,INHERITANCE_SUCCESSION,2021-03-07,2021-03-10,2021-04-07,2021-04-07,SYN-DOC-001166,SYN-CLAIM-000167,SYN-CLAIM-000168,SANCTIONED,3,MATCH
SYN-MUT-001167,SYN-PARCEL-001167,PARTITION,2022-04-08,2022-04-11,2022-05-08,2022-05-08,SYN-DOC-001167,SYN-CLAIM-000168,SYN-CLAIM-000169,SANCTIONED,1,MATCH
SYN-MUT-001168,SYN-PARCEL-001168,CONVERSION,2023-05-09,2023-05-12,2023-06-09,2023-06-09,SYN-DOC-001168,SYN-CLAIM-000169,SYN-CLAIM-000170,SANCTIONED,2,MATCH
SYN-MUT-001169,SYN-PARCEL-001169,MORTGAGE_CHARGE,2024-06-10,2024-06-13,2024-07-10,2024-07-10,SYN-DOC-001169,SYN-CLAIM-000170,SYN-CLAIM-000171,PENDING_OBJECTION,3,REVIEW_REQUIRED
SYN-MUT-001170,SYN-PARCEL-001170,RELEASE,2015-07-11,2015-07-14,2015-08-11,2015-08-11,SYN-DOC-001170,SYN-CLAIM-000171,SYN-CLAIM-000172,REJECTED,1,REVIEW_REQUIRED
SYN-MUT-001171,SYN-PARCEL-001171,SALE_TRANSFER,2016-08-12,2016-08-15,2016-09-12,2016-09-12,SYN-DOC-001171,SYN-CLAIM-000172,SYN-CLAIM-000173,SANCTIONED,2,MATCH
SYN-MUT-001172,SYN-PARCEL-001172,INHERITANCE_SUCCESSION,2017-09-13,2017-09-16,2017-10-13,2017-10-13,SYN-DOC-001172,SYN-CLAIM-000173,SYN-CLAIM-000174,SANCTIONED,3,MATCH
SYN-MUT-001173,SYN-PARCEL-001173,PARTITION,2018-10-14,2018-10-17,2018-11-14,2018-11-14,SYN-DOC-001173,SYN-CLAIM-000174,SYN-CLAIM-000175,SANCTIONED,1,MATCH
SYN-MUT-001174,SYN-PARCEL-001174,CONVERSION,2019-11-15,2019-11-18,2019-12-15,2019-12-15,SYN-DOC-001174,SYN-CLAIM-000175,SYN-CLAIM-000176,PENDING_OBJECTION,2,REVIEW_REQUIRED
SYN-MUT-001175,SYN-PARCEL-001175,MORTGAGE_CHARGE,2020-12-16,2020-12-19,2020-12-16,2020-12-16,SYN-DOC-001175,SYN-CLAIM-000176,SYN-CLAIM-000177,REJECTED,3,REVIEW_REQUIRED
SYN-MUT-001176,SYN-PARCEL-001176,RELEASE,2021-01-17,2021-01-20,2021-02-17,2021-02-17,SYN-DOC-001176,SYN-CLAIM-000177,SYN-CLAIM-000178,SANCTIONED,1,MATCH
SYN-MUT-001177,SYN-PARCEL-001177,SALE_TRANSFER,2022-02-18,2022-02-21,2022-03-18,2022-03-18,SYN-DOC-001177,SYN-CLAIM-000178,SYN-CLAIM-000179,SANCTIONED,2,MATCH
SYN-MUT-001178,SYN-PARCEL-001178,INHERITANCE_SUCCESSION,2023-03-19,2023-03-22,2023-04-19,2023-04-19,SYN-DOC-001178,SYN-CLAIM-000179,SYN-CLAIM-000180,SANCTIONED,3,MATCH
SYN-MUT-001179,SYN-PARCEL-001179,PARTITION,2024-04-20,2024-04-23,2024-05-20,2024-05-20,SYN-DOC-001179,SYN-CLAIM-000180,SYN-CLAIM-000181,PENDING_OBJECTION,1,REVIEW_REQUIRED
SYN-MUT-001180,SYN-PARCEL-001180,CONVERSION,2015-05-01,2015-05-04,2015-06-01,2015-06-01,SYN-DOC-001180,SYN-CLAIM-000181,SYN-CLAIM-000182,REJECTED,2,REVIEW_REQUIRED
SYN-MUT-001181,SYN-PARCEL-001181,MORTGAGE_CHARGE,2016-06-02,2016-06-05,2016-07-02,2016-07-02,SYN-DOC-001181,SYN-CLAIM-000182,SYN-CLAIM-000183,SANCTIONED,3,MATCH
SYN-MUT-001182,SYN-PARCEL-001182,RELEASE,2017-07-03,2017-07-06,2017-08-03,2017-08-03,SYN-DOC-001182,SYN-CLAIM-000183,SYN-CLAIM-000184,SANCTIONED,1,MATCH
SYN-MUT-001183,SYN-PARCEL-001183,SALE_TRANSFER,2018-08-04,2018-08-07,2018-09-04,2018-09-04,SYN-DOC-001183,SYN-CLAIM-000184,SYN-CLAIM-000185,SANCTIONED,2,MATCH
SYN-MUT-001184,SYN-PARCEL-001184,INHERITANCE_SUCCESSION,2019-09-05,2019-09-08,2019-10-05,2019-10-05,SYN-DOC-001184,SYN-CLAIM-000185,SYN-CLAIM-000186,PENDING_OBJECTION,3,REVIEW_REQUIRED
SYN-MUT-001185,SYN-PARCEL-001185,PARTITION,2020-10-06,2020-10-09,2020-11-06,2020-11-06,SYN-DOC-001185,SYN-CLAIM-000186,SYN-CLAIM-000187,REJECTED,1,REVIEW_REQUIRED
SYN-MUT-001186,SYN-PARCEL-001186,CONVERSION,2021-11-07,2021-11-10,2021-12-07,2021-12-07,SYN-DOC-001186,SYN-CLAIM-000187,SYN-CLAIM-000188,SANCTIONED,2,MATCH
SYN-MUT-001187,SYN-PARCEL-001187,MORTGAGE_CHARGE,2022-12-08,2022-12-11,2022-12-08,2022-12-08,SYN-DOC-001187,SYN-CLAIM-000188,SYN-CLAIM-000189,SANCTIONED,3,MATCH
SYN-MUT-001188,SYN-PARCEL-001188,RELEASE,2023-01-09,2023-01-12,2023-02-09,2023-02-09,SYN-DOC-001188,SYN-CLAIM-000189,SYN-CLAIM-000190,SANCTIONED,1,MATCH
SYN-MUT-001189,SYN-PARCEL-001189,SALE_TRANSFER,2024-02-10,2024-02-13,2024-03-10,2024-03-10,SYN-DOC-001189,SYN-CLAIM-000190,SYN-CLAIM-000191,PENDING_OBJECTION,2,REVIEW_REQUIRED
SYN-MUT-001190,SYN-PARCEL-001190,INHERITANCE_SUCCESSION,2015-03-11,2015-03-14,2015-04-11,2015-04-11,SYN-DOC-001190,SYN-CLAIM-000191,SYN-CLAIM-000192,REJECTED,3,REVIEW_REQUIRED
SYN-MUT-001191,SYN-PARCEL-001191,PARTITION,2016-04-12,2016-04-15,2016-05-12,2016-05-12,SYN-DOC-001191,SYN-CLAIM-000192,SYN-CLAIM-000193,SANCTIONED,1,MATCH
SYN-MUT-001192,SYN-PARCEL-001192,CONVERSION,2017-05-13,2017-05-16,2017-06-13,2017-06-13,SYN-DOC-001192,SYN-CLAIM-000193,SYN-CLAIM-000194,SANCTIONED,2,MATCH
SYN-MUT-001193,SYN-PARCEL-001193,MORTGAGE_CHARGE,2018-06-14,2018-06-17,2018-07-14,2018-07-14,SYN-DOC-001193,SYN-CLAIM-000194,SYN-CLAIM-000195,SANCTIONED,3,MATCH
SYN-MUT-001194,SYN-PARCEL-001194,RELEASE,2019-07-15,2019-07-18,2019-08-15,2019-08-15,SYN-DOC-001194,SYN-CLAIM-000195,SYN-CLAIM-000196,PENDING_OBJECTION,1,REVIEW_REQUIRED
SYN-MUT-001195,SYN-PARCEL-001195,SALE_TRANSFER,2020-08-16,2020-08-19,2020-09-16,2020-09-16,SYN-DOC-001195,SYN-CLAIM-000196,SYN-CLAIM-000197,REJECTED,2,REVIEW_REQUIRED
SYN-MUT-001196,SYN-PARCEL-001196,INHERITANCE_SUCCESSION,2021-09-17,2021-09-20,2021-10-17,2021-10-17,SYN-DOC-001196,SYN-CLAIM-000197,SYN-CLAIM-000198,SANCTIONED,3,MATCH
SYN-MUT-001197,SYN-PARCEL-001197,PARTITION,2022-10-18,2022-10-21,2022-11-18,2022-11-18,SYN-DOC-001197,SYN-CLAIM-000198,SYN-CLAIM-000199,SANCTIONED,1,MATCH
SYN-MUT-001198,SYN-PARCEL-001198,CONVERSION,2023-11-19,2023-11-22,2023-12-19,2023-12-19,SYN-DOC-001198,SYN-CLAIM-000199,SYN-CLAIM-000200,SANCTIONED,2,MATCH
SYN-MUT-001199,SYN-PARCEL-001199,MORTGAGE_CHARGE,2024-12-20,2024-12-23,2024-12-20,2024-12-20,SYN-DOC-001199,SYN-CLAIM-000200,SYN-CLAIM-000201,PENDING_OBJECTION,3,REVIEW_REQUIRED
SYN-MUT-001200,SYN-PARCEL-001200,RELEASE,2015-01-01,2015-01-04,2014-01-01,2014-01-01,SYN-DOC-001200,SYN-CLAIM-000201,SYN-CLAIM-000202,REJECTED,1,CHRONOLOGY_CONFLICT
SYN-MUT-001201,SYN-PARCEL-001201,SALE_TRANSFER,2016-02-02,2016-02-05,2016-03-02,2016-03-02,SYN-DOC-001201,SYN-CLAIM-000202,SYN-CLAIM-000203,SANCTIONED,2,MATCH
SYN-MUT-001202,SYN-PARCEL-001202,INHERITANCE_SUCCESSION,2017-03-03,2017-03-06,2017-04-03,2017-04-03,SYN-DOC-001202,SYN-CLAIM-000203,SYN-CLAIM-000204,SANCTIONED,3,MATCH
SYN-MUT-001203,SYN-PARCEL-001203,PARTITION,2018-04-04,2018-04-07,2018-05-04,2018-05-04,SYN-DOC-001203,SYN-CLAIM-000204,SYN-CLAIM-000205,SANCTIONED,1,MATCH
SYN-MUT-001204,SYN-PARCEL-001204,CONVERSION,2019-05-05,2019-05-08,2019-06-05,2019-06-05,SYN-DOC-001204,SYN-CLAIM-000205,SYN-CLAIM-000206,PENDING_OBJECTION,2,REVIEW_REQUIRED
SYN-MUT-001205,SYN-PARCEL-001205,MORTGAGE_CHARGE,2020-06-06,2020-06-09,2020-07-06,2020-07-06,SYN-DOC-001205,SYN-CLAIM-000206,SYN-CLAIM-000207,REJECTED,3,REVIEW_REQUIRED
SYN-MUT-001206,SYN-PARCEL-001206,RELEASE,2021-07-07,2021-07-10,2021-08-07,2021-08-07,SYN-DOC-001206,SYN-CLAIM-000207,SYN-CLAIM-000208,SANCTIONED,1,MATCH
SYN-MUT-001207,SYN-PARCEL-001207,SALE_TRANSFER,2022-08-08,2022-08-11,2022-09-08,2022-09-08,SYN-DOC-001207,SYN-CLAIM-000208,SYN-CLAIM-000209,SANCTIONED,2,MATCH
SYN-MUT-001208,SYN-PARCEL-001208,INHERITANCE_SUCCESSION,2023-09-09,2023-09-12,2023-10-09,2023-10-09,SYN-DOC-001208,SYN-CLAIM-000209,SYN-CLAIM-000210,SANCTIONED,3,MATCH
SYN-MUT-001209,SYN-PARCEL-001209,PARTITION,2024-10-10,2024-10-13,2024-11-10,2024-11-10,SYN-DOC-001209,SYN-CLAIM-000210,SYN-CLAIM-000211,PENDING_OBJECTION,1,REVIEW_REQUIRED
SYN-MUT-001210,SYN-PARCEL-001210,CONVERSION,2015-11-11,2015-11-14,2015-12-11,2015-12-11,SYN-DOC-001210,SYN-CLAIM-000211,SYN-CLAIM-000212,REJECTED,2,REVIEW_REQUIRED
SYN-MUT-001211,SYN-PARCEL-001211,MORTGAGE_CHARGE,2016-12-12,2016-12-15,2016-12-12,2016-12-12,SYN-DOC-001211,SYN-CLAIM-000212,SYN-CLAIM-000213,SANCTIONED,3,MATCH
SYN-MUT-001212,SYN-PARCEL-001212,RELEASE,2017-01-13,2017-01-16,2017-02-13,2017-02-13,SYN-DOC-001212,SYN-CLAIM-000213,SYN-CLAIM-000214,SANCTIONED,1,MATCH
SYN-MUT-001213,SYN-PARCEL-001213,SALE_TRANSFER,2018-02-14,2018-02-17,2018-03-14,2018-03-14,SYN-DOC-001213,SYN-CLAIM-000214,SYN-CLAIM-000215,SANCTIONED,2,MATCH
SYN-MUT-001214,SYN-PARCEL-001214,INHERITANCE_SUCCESSION,2019-03-15,2019-03-18,2019-04-15,2019-04-15,SYN-DOC-001214,SYN-CLAIM-000215,SYN-CLAIM-000216,PENDING_OBJECTION,3,REVIEW_REQUIRED
SYN-MUT-001215,SYN-PARCEL-001215,PARTITION,2020-04-16,2020-04-19,2020-05-16,2020-05-16,SYN-DOC-001215,SYN-CLAIM-000216,SYN-CLAIM-000217,REJECTED,1,REVIEW_REQUIRED
SYN-MUT-001216,SYN-PARCEL-001216,CONVERSION,2021-05-17,2021-05-20,2021-06-17,2021-06-17,SYN-DOC-001216,SYN-CLAIM-000217,SYN-CLAIM-000218,SANCTIONED,2,MATCH
SYN-MUT-001217,SYN-PARCEL-001217,MORTGAGE_CHARGE,2022-06-18,2022-06-21,2022-07-18,2022-07-18,SYN-DOC-001217,SYN-CLAIM-000218,SYN-CLAIM-000219,SANCTIONED,3,MATCH
SYN-MUT-001218,SYN-PARCEL-001218,RELEASE,2023-07-19,2023-07-22,2023-08-19,2023-08-19,SYN-DOC-001218,SYN-CLAIM-000219,SYN-CLAIM-000220,SANCTIONED,1,MATCH
SYN-MUT-001219,SYN-PARCEL-001219,SALE_TRANSFER,2024-08-20,2024-08-23,2024-09-20,2024-09-20,SYN-DOC-001219,SYN-CLAIM-000220,SYN-CLAIM-000221,PENDING_OBJECTION,2,REVIEW_REQUIRED
SYN-MUT-001220,SYN-PARCEL-001220,INHERITANCE_SUCCESSION,2015-09-01,2015-09-04,2015-10-01,2015-10-01,SYN-DOC-001220,SYN-CLAIM-000221,SYN-CLAIM-000222,REJECTED,3,REVIEW_REQUIRED
SYN-MUT-001221,SYN-PARCEL-001221,PARTITION,2016-10-02,2016-10-05,2016-11-02,2016-11-02,SYN-DOC-001221,SYN-CLAIM-000222,SYN-CLAIM-000223,SANCTIONED,1,MATCH
SYN-MUT-001222,SYN-PARCEL-001222,CONVERSION,2017-11-03,2017-11-06,2017-12-03,2017-12-03,SYN-DOC-001222,SYN-CLAIM-000223,SYN-CLAIM-000224,SANCTIONED,2,MATCH
SYN-MUT-001223,SYN-PARCEL-001223,MORTGAGE_CHARGE,2018-12-04,2018-12-07,2018-12-04,2018-12-04,SYN-DOC-001223,SYN-CLAIM-000224,SYN-CLAIM-000225,SANCTIONED,3,MATCH
SYN-MUT-001224,SYN-PARCEL-001224,RELEASE,2019-01-05,2019-01-08,2019-02-05,2019-02-05,SYN-DOC-001224,SYN-CLAIM-000225,SYN-CLAIM-000226,PENDING_OBJECTION,1,REVIEW_REQUIRED
SYN-MUT-001225,SYN-PARCEL-001225,SALE_TRANSFER,2020-02-06,2020-02-09,2020-03-06,2020-03-06,SYN-DOC-001225,SYN-CLAIM-000226,SYN-CLAIM-000227,REJECTED,2,REVIEW_REQUIRED
SYN-MUT-001226,SYN-PARCEL-001226,INHERITANCE_SUCCESSION,2021-03-07,2021-03-10,2021-04-07,2021-04-07,SYN-DOC-001226,SYN-CLAIM-000227,SYN-CLAIM-000228,SANCTIONED,3,MATCH
SYN-MUT-001227,SYN-PARCEL-001227,PARTITION,2022-04-08,2022-04-11,2022-05-08,2022-05-08,SYN-DOC-001227,SYN-CLAIM-000228,SYN-CLAIM-000229,SANCTIONED,1,MATCH
SYN-MUT-001228,SYN-PARCEL-001228,CONVERSION,2023-05-09,2023-05-12,2023-06-09,2023-06-09,SYN-DOC-001228,SYN-CLAIM-000229,SYN-CLAIM-000230,SANCTIONED,2,MATCH
SYN-MUT-001229,SYN-PARCEL-001229,MORTGAGE_CHARGE,2024-06-10,2024-06-13,2024-07-10,2024-07-10,SYN-DOC-001229,SYN-CLAIM-000230,SYN-CLAIM-000231,PENDING_OBJECTION,3,REVIEW_REQUIRED
SYN-MUT-001230,SYN-PARCEL-001230,RELEASE,2015-07-11,2015-07-14,2015-08-11,2015-08-11,SYN-DOC-001230,SYN-CLAIM-000231,SYN-CLAIM-000232,REJECTED,1,REVIEW_REQUIRED
SYN-MUT-001231,SYN-PARCEL-001231,SALE_TRANSFER,2016-08-12,2016-08-15,2016-09-12,2016-09-12,SYN-DOC-001231,SYN-CLAIM-000232,SYN-CLAIM-000233,SANCTIONED,2,MATCH
SYN-MUT-001232,SYN-PARCEL-001232,INHERITANCE_SUCCESSION,2017-09-13,2017-09-16,2017-10-13,2017-10-13,SYN-DOC-001232,SYN-CLAIM-000233,SYN-CLAIM-000234,SANCTIONED,3,MATCH
SYN-MUT-001233,SYN-PARCEL-001233,PARTITION,2018-10-14,2018-10-17,2018-11-14,2018-11-14,SYN-DOC-001233,SYN-CLAIM-000234,SYN-CLAIM-000235,SANCTIONED,1,MATCH
SYN-MUT-001234,SYN-PARCEL-001234,CONVERSION,2019-11-15,2019-11-18,2019-12-15,2019-12-15,SYN-DOC-001234,SYN-CLAIM-000235,SYN-CLAIM-000236,PENDING_OBJECTION,2,REVIEW_REQUIRED
SYN-MUT-001235,SYN-PARCEL-001235,MORTGAGE_CHARGE,2020-12-16,2020-12-19,2020-12-16,2020-12-16,SYN-DOC-001235,SYN-CLAIM-000236,SYN-CLAIM-000237,REJECTED,3,REVIEW_REQUIRED
SYN-MUT-001236,SYN-PARCEL-001236,RELEASE,2021-01-17,2021-01-20,2021-02-17,2021-02-17,SYN-DOC-001236,SYN-CLAIM-000237,SYN-CLAIM-000238,SANCTIONED,1,MATCH
SYN-MUT-001237,SYN-PARCEL-001237,SALE_TRANSFER,2022-02-18,2022-02-21,2022-03-18,2022-03-18,SYN-DOC-001237,SYN-CLAIM-000238,SYN-CLAIM-000239,SANCTIONED,2,MATCH
SYN-MUT-001238,SYN-PARCEL-001238,INHERITANCE_SUCCESSION,2023-03-19,2023-03-22,2023-04-19,2023-04-19,SYN-DOC-001238,SYN-CLAIM-000239,SYN-CLAIM-000240,SANCTIONED,3,MATCH
SYN-MUT-001239,SYN-PARCEL-001239,PARTITION,2024-04-20,2024-04-23,2024-05-20,2024-05-20,SYN-DOC-001239,SYN-CLAIM-000240,SYN-CLAIM-000241,PENDING_OBJECTION,1,REVIEW_REQUIRED
SYN-MUT-001240,SYN-PARCEL-001240,CONVERSION,2015-05-01,2015-05-04,2015-06-01,2015-06-01,SYN-DOC-001240,SYN-CLAIM-000241,SYN-CLAIM-000242,REJECTED,2,REVIEW_REQUIRED
SYN-MUT-001241,SYN-PARCEL-001241,MORTGAGE_CHARGE,2016-06-02,2016-06-05,2016-07-02,2016-07-02,SYN-DOC-001241,SYN-CLAIM-000242,SYN-CLAIM-000243,SANCTIONED,3,MATCH
SYN-MUT-001242,SYN-PARCEL-001242,RELEASE,2017-07-03,2017-07-06,2017-08-03,2017-08-03,SYN-DOC-001242,SYN-CLAIM-000243,SYN-CLAIM-000244,SANCTIONED,1,MATCH
SYN-MUT-001243,SYN-PARCEL-001243,SALE_TRANSFER,2018-08-04,2018-08-07,2018-09-04,2018-09-04,SYN-DOC-001243,SYN-CLAIM-000244,SYN-CLAIM-000245,SANCTIONED,2,MATCH
SYN-MUT-001244,SYN-PARCEL-001244,INHERITANCE_SUCCESSION,2019-09-05,2019-09-08,2019-10-05,2019-10-05,SYN-DOC-001244,SYN-CLAIM-000245,SYN-CLAIM-000246,PENDING_OBJECTION,3,REVIEW_REQUIRED
SYN-MUT-001245,SYN-PARCEL-001245,PARTITION,2020-10-06,2020-10-09,2020-11-06,2020-11-06,SYN-DOC-001245,SYN-CLAIM-000246,SYN-CLAIM-000247,REJECTED,1,REVIEW_REQUIRED
SYN-MUT-001246,SYN-PARCEL-001246,CONVERSION,2021-11-07,2021-11-10,2021-12-07,2021-12-07,SYN-DOC-001246,SYN-CLAIM-000247,SYN-CLAIM-000248,SANCTIONED,2,MATCH
SYN-MUT-001247,SYN-PARCEL-001247,MORTGAGE_CHARGE,2022-12-08,2022-12-11,2022-12-08,2022-12-08,SYN-DOC-001247,SYN-CLAIM-000248,SYN-CLAIM-000249,SANCTIONED,3,MATCH
SYN-MUT-001248,SYN-PARCEL-001248,RELEASE,2023-01-09,2023-01-12,2023-02-09,2023-02-09,SYN-DOC-001248,SYN-CLAIM-000249,SYN-CLAIM-000250,SANCTIONED,1,MATCH
SYN-MUT-001249,SYN-PARCEL-001249,SALE_TRANSFER,2024-02-10,2024-02-13,2024-03-10,2024-03-10,SYN-DOC-001249,SYN-CLAIM-000250,SYN-CLAIM-000251,PENDING_OBJECTION,2,REVIEW_REQUIRED
SYN-MUT-001250,SYN-PARCEL-001250,INHERITANCE_SUCCESSION,2015-03-11,2015-03-14,2015-04-11,2015-04-11,SYN-DOC-001250,SYN-CLAIM-000251,SYN-CLAIM-000252,REJECTED,3,REVIEW_REQUIRED
SYN-MUT-001251,SYN-PARCEL-001251,PARTITION,2016-04-12,2016-04-15,2016-05-12,2016-05-12,SYN-DOC-001251,SYN-CLAIM-000252,SYN-CLAIM-000253,SANCTIONED,1,MATCH
SYN-MUT-001252,SYN-PARCEL-001252,CONVERSION,2017-05-13,2017-05-16,2017-06-13,2017-06-13,SYN-DOC-001252,SYN-CLAIM-000253,SYN-CLAIM-000254,SANCTIONED,2,MATCH
SYN-MUT-001253,SYN-PARCEL-001253,MORTGAGE_CHARGE,2018-06-14,2018-06-17,2018-07-14,2018-07-14,SYN-DOC-001253,SYN-CLAIM-000254,SYN-CLAIM-000255,SANCTIONED,3,MATCH
SYN-MUT-001254,SYN-PARCEL-001254,RELEASE,2019-07-15,2019-07-18,2019-08-15,2019-08-15,SYN-DOC-001254,SYN-CLAIM-000255,SYN-CLAIM-000256,PENDING_OBJECTION,1,REVIEW_REQUIRED
SYN-MUT-001255,SYN-PARCEL-001255,SALE_TRANSFER,2020-08-16,2020-08-19,2020-09-16,2020-09-16,SYN-DOC-001255,SYN-CLAIM-000256,SYN-CLAIM-000257,REJECTED,2,REVIEW_REQUIRED
SYN-MUT-001256,SYN-PARCEL-001256,INHERITANCE_SUCCESSION,2021-09-17,2021-09-20,2021-10-17,2021-10-17,SYN-DOC-001256,SYN-CLAIM-000257,SYN-CLAIM-000258,SANCTIONED,3,MATCH
SYN-MUT-001257,SYN-PARCEL-001257,PARTITION,2022-10-18,2022-10-21,2022-11-18,2022-11-18,SYN-DOC-001257,SYN-CLAIM-000258,SYN-CLAIM-000259,SANCTIONED,1,MATCH
SYN-MUT-001258,SYN-PARCEL-001258,CONVERSION,2023-11-19,2023-11-22,2023-12-19,2023-12-19,SYN-DOC-001258,SYN-CLAIM-000259,SYN-CLAIM-000260,SANCTIONED,2,MATCH
SYN-MUT-001259,SYN-PARCEL-001259,MORTGAGE_CHARGE,2024-12-20,2024-12-23,2024-12-20,2024-12-20,SYN-DOC-001259,SYN-CLAIM-000260,SYN-CLAIM-000261,PENDING_OBJECTION,3,REVIEW_REQUIRED
SYN-MUT-001260,SYN-PARCEL-001260,RELEASE,2015-01-01,2015-01-04,2015-02-01,2015-02-01,SYN-DOC-001260,SYN-CLAIM-000261,SYN-CLAIM-000262,REJECTED,1,REVIEW_REQUIRED
SYN-MUT-001261,SYN-PARCEL-001261,SALE_TRANSFER,2016-02-02,2016-02-05,2016-03-02,2016-03-02,SYN-DOC-001261,SYN-CLAIM-000262,SYN-CLAIM-000263,SANCTIONED,2,MATCH
SYN-MUT-001262,SYN-PARCEL-001262,INHERITANCE_SUCCESSION,2017-03-03,2017-03-06,2017-04-03,2017-04-03,SYN-DOC-001262,SYN-CLAIM-000263,SYN-CLAIM-000264,SANCTIONED,3,MATCH
SYN-MUT-001263,SYN-PARCEL-001263,PARTITION,2018-04-04,2018-04-07,2018-05-04,2018-05-04,SYN-DOC-001263,SYN-CLAIM-000264,SYN-CLAIM-000265,SANCTIONED,1,MATCH
SYN-MUT-001264,SYN-PARCEL-001264,CONVERSION,2019-05-05,2019-05-08,2019-06-05,2019-06-05,SYN-DOC-001264,SYN-CLAIM-000265,SYN-CLAIM-000266,PENDING_OBJECTION,2,REVIEW_REQUIRED
SYN-MUT-001265,SYN-PARCEL-001265,MORTGAGE_CHARGE,2020-06-06,2020-06-09,2020-07-06,2020-07-06,SYN-DOC-001265,SYN-CLAIM-000266,SYN-CLAIM-000267,REJECTED,3,REVIEW_REQUIRED
SYN-MUT-001266,SYN-PARCEL-001266,RELEASE,2021-07-07,2021-07-10,2021-08-07,2021-08-07,SYN-DOC-001266,SYN-CLAIM-000267,SYN-CLAIM-000268,SANCTIONED,1,MATCH
SYN-MUT-001267,SYN-PARCEL-001267,SALE_TRANSFER,2022-08-08,2022-08-11,2022-09-08,2022-09-08,SYN-DOC-001267,SYN-CLAIM-000268,SYN-CLAIM-000269,SANCTIONED,2,MATCH
SYN-MUT-001268,SYN-PARCEL-001268,INHERITANCE_SUCCESSION,2023-09-09,2023-09-12,2023-10-09,2023-10-09,SYN-DOC-001268,SYN-CLAIM-000269,SYN-CLAIM-000270,SANCTIONED,3,MATCH
SYN-MUT-001269,SYN-PARCEL-001269,PARTITION,2024-10-10,2024-10-13,2024-11-10,2024-11-10,SYN-DOC-001269,SYN-CLAIM-000270,SYN-CLAIM-000271,PENDING_OBJECTION,1,REVIEW_REQUIRED
SYN-MUT-001270,SYN-PARCEL-001270,CONVERSION,2015-11-11,2015-11-14,2015-12-11,2015-12-11,SYN-DOC-001270,SYN-CLAIM-000271,SYN-CLAIM-000272,REJECTED,2,REVIEW_REQUIRED
SYN-MUT-001271,SYN-PARCEL-001271,MORTGAGE_CHARGE,2016-12-12,2016-12-15,2016-12-12,2016-12-12,SYN-DOC-001271,SYN-CLAIM-000272,SYN-CLAIM-000273,SANCTIONED,3,MATCH
SYN-MUT-001272,SYN-PARCEL-001272,RELEASE,2017-01-13,2017-01-16,2017-02-13,2017-02-13,SYN-DOC-001272,SYN-CLAIM-000273,SYN-CLAIM-000274,SANCTIONED,1,MATCH
SYN-MUT-001273,SYN-PARCEL-001273,SALE_TRANSFER,2018-02-14,2018-02-17,2018-03-14,2018-03-14,SYN-DOC-001273,SYN-CLAIM-000274,SYN-CLAIM-000275,SANCTIONED,2,MATCH
SYN-MUT-001274,SYN-PARCEL-001274,INHERITANCE_SUCCESSION,2019-03-15,2019-03-18,2019-04-15,2019-04-15,SYN-DOC-001274,SYN-CLAIM-000275,SYN-CLAIM-000276,PENDING_OBJECTION,3,REVIEW_REQUIRED
SYN-MUT-001275,SYN-PARCEL-001275,PARTITION,2020-04-16,2020-04-19,2020-05-16,2020-05-16,SYN-DOC-001275,SYN-CLAIM-000276,SYN-CLAIM-000277,REJECTED,1,REVIEW_REQUIRED
SYN-MUT-001276,SYN-PARCEL-001276,CONVERSION,2021-05-17,2021-05-20,2021-06-17,2021-06-17,SYN-DOC-001276,SYN-CLAIM-000277,SYN-CLAIM-000278,SANCTIONED,2,MATCH
SYN-MUT-001277,SYN-PARCEL-001277,MORTGAGE_CHARGE,2022-06-18,2022-06-21,2022-07-18,2022-07-18,SYN-DOC-001277,SYN-CLAIM-000278,SYN-CLAIM-000279,SANCTIONED,3,MATCH
SYN-MUT-001278,SYN-PARCEL-001278,RELEASE,2023-07-19,2023-07-22,2023-08-19,2023-08-19,SYN-DOC-001278,SYN-CLAIM-000279,SYN-CLAIM-000280,SANCTIONED,1,MATCH
SYN-MUT-001279,SYN-PARCEL-001279,SALE_TRANSFER,2024-08-20,2024-08-23,2024-09-20,2024-09-20,SYN-DOC-001279,SYN-CLAIM-000280,SYN-CLAIM-000281,PENDING_OBJECTION,2,REVIEW_REQUIRED
SYN-MUT-001280,SYN-PARCEL-001280,INHERITANCE_SUCCESSION,2015-09-01,2015-09-04,2015-10-01,2015-10-01,SYN-DOC-001280,SYN-CLAIM-000281,SYN-CLAIM-000282,REJECTED,3,REVIEW_REQUIRED
SYN-MUT-001281,SYN-PARCEL-001281,PARTITION,2016-10-02,2016-10-05,2016-11-02,2016-11-02,SYN-DOC-001281,SYN-CLAIM-000282,SYN-CLAIM-000283,SANCTIONED,1,MATCH
SYN-MUT-001282,SYN-PARCEL-001282,CONVERSION,2017-11-03,2017-11-06,2017-12-03,2017-12-03,SYN-DOC-001282,SYN-CLAIM-000283,SYN-CLAIM-000284,SANCTIONED,2,MATCH
SYN-MUT-001283,SYN-PARCEL-001283,MORTGAGE_CHARGE,2018-12-04,2018-12-07,2018-12-04,2018-12-04,SYN-DOC-001283,SYN-CLAIM-000284,SYN-CLAIM-000285,SANCTIONED,3,MATCH
SYN-MUT-001284,SYN-PARCEL-001284,RELEASE,2019-01-05,2019-01-08,2019-02-05,2019-02-05,SYN-DOC-001284,SYN-CLAIM-000285,SYN-CLAIM-000286,PENDING_OBJECTION,1,REVIEW_REQUIRED
SYN-MUT-001285,SYN-PARCEL-001285,SALE_TRANSFER,2020-02-06,2020-02-09,2020-03-06,2020-03-06,SYN-DOC-001285,SYN-CLAIM-000286,SYN-CLAIM-000287,REJECTED,2,REVIEW_REQUIRED
SYN-MUT-001286,SYN-PARCEL-001286,INHERITANCE_SUCCESSION,2021-03-07,2021-03-10,2021-04-07,2021-04-07,SYN-DOC-001286,SYN-CLAIM-000287,SYN-CLAIM-000288,SANCTIONED,3,MATCH
SYN-MUT-001287,SYN-PARCEL-001287,PARTITION,2022-04-08,2022-04-11,2022-05-08,2022-05-08,SYN-DOC-001287,SYN-CLAIM-000288,SYN-CLAIM-000289,SANCTIONED,1,MATCH
SYN-MUT-001288,SYN-PARCEL-001288,CONVERSION,2023-05-09,2023-05-12,2023-06-09,2023-06-09,SYN-DOC-001288,SYN-CLAIM-000289,SYN-CLAIM-000290,SANCTIONED,2,MATCH
SYN-MUT-001289,SYN-PARCEL-001289,MORTGAGE_CHARGE,2024-06-10,2024-06-13,2024-07-10,2024-07-10,SYN-DOC-001289,SYN-CLAIM-000290,SYN-CLAIM-000291,PENDING_OBJECTION,3,REVIEW_REQUIRED
SYN-MUT-001290,SYN-PARCEL-001290,RELEASE,2015-07-11,2015-07-14,2015-08-11,2015-08-11,SYN-DOC-001290,SYN-CLAIM-000291,SYN-CLAIM-000292,REJECTED,1,REVIEW_REQUIRED
SYN-MUT-001291,SYN-PARCEL-001291,SALE_TRANSFER,2016-08-12,2016-08-15,2016-09-12,2016-09-12,SYN-DOC-001291,SYN-CLAIM-000292,SYN-CLAIM-000293,SANCTIONED,2,MATCH
SYN-MUT-001292,SYN-PARCEL-001292,INHERITANCE_SUCCESSION,2017-09-13,2017-09-16,2017-10-13,2017-10-13,SYN-DOC-001292,SYN-CLAIM-000293,SYN-CLAIM-000294,SANCTIONED,3,MATCH
SYN-MUT-001293,SYN-PARCEL-001293,PARTITION,2018-10-14,2018-10-17,2018-11-14,2018-11-14,SYN-DOC-001293,SYN-CLAIM-000294,SYN-CLAIM-000295,SANCTIONED,1,MATCH
SYN-MUT-001294,SYN-PARCEL-001294,CONVERSION,2019-11-15,2019-11-18,2019-12-15,2019-12-15,SYN-DOC-001294,SYN-CLAIM-000295,SYN-CLAIM-000296,PENDING_OBJECTION,2,REVIEW_REQUIRED
SYN-MUT-001295,SYN-PARCEL-001295,MORTGAGE_CHARGE,2020-12-16,2020-12-19,2020-12-16,2020-12-16,SYN-DOC-001295,SYN-CLAIM-000296,SYN-CLAIM-000297,REJECTED,3,REVIEW_REQUIRED
SYN-MUT-001296,SYN-PARCEL-001296,RELEASE,2021-01-17,2021-01-20,2021-02-17,2021-02-17,SYN-DOC-001296,SYN-CLAIM-000297,SYN-CLAIM-000298,SANCTIONED,1,MATCH
SYN-MUT-001297,SYN-PARCEL-001297,SALE_TRANSFER,2022-02-18,2022-02-21,2022-03-18,2022-03-18,SYN-DOC-001297,SYN-CLAIM-000298,SYN-CLAIM-000299,SANCTIONED,2,MATCH
SYN-MUT-001298,SYN-PARCEL-001298,INHERITANCE_SUCCESSION,2023-03-19,2023-03-22,2023-04-19,2023-04-19,SYN-DOC-001298,SYN-CLAIM-000299,SYN-CLAIM-000300,SANCTIONED,3,MATCH
SYN-MUT-001299,SYN-PARCEL-001299,PARTITION,2024-04-20,2024-04-23,2024-05-20,2024-05-20,SYN-DOC-001299,SYN-CLAIM-000300,SYN-CLAIM-000301,PENDING_OBJECTION,1,REVIEW_REQUIRED
SYN-MUT-001300,SYN-PARCEL-001300,CONVERSION,2015-05-01,2015-05-04,2015-06-01,2015-06-01,SYN-DOC-001300,SYN-CLAIM-000301,SYN-CLAIM-000302,REJECTED,2,REVIEW_REQUIRED
SYN-MUT-001301,SYN-PARCEL-001301,MORTGAGE_CHARGE,2016-06-02,2016-06-05,2016-07-02,2016-07-02,SYN-DOC-001301,SYN-CLAIM-000302,SYN-CLAIM-000303,SANCTIONED,3,MATCH
SYN-MUT-001302,SYN-PARCEL-001302,RELEASE,2017-07-03,2017-07-06,2017-08-03,2017-08-03,SYN-DOC-001302,SYN-CLAIM-000303,SYN-CLAIM-000304,SANCTIONED,1,MATCH
SYN-MUT-001303,SYN-PARCEL-001303,SALE_TRANSFER,2018-08-04,2018-08-07,2018-09-04,2018-09-04,SYN-DOC-001303,SYN-CLAIM-000304,SYN-CLAIM-000305,SANCTIONED,2,MATCH
SYN-MUT-001304,SYN-PARCEL-001304,INHERITANCE_SUCCESSION,2019-09-05,2019-09-08,2019-10-05,2019-10-05,SYN-DOC-001304,SYN-CLAIM-000305,SYN-CLAIM-000306,PENDING_OBJECTION,3,REVIEW_REQUIRED
SYN-MUT-001305,SYN-PARCEL-001305,PARTITION,2020-10-06,2020-10-09,2020-11-06,2020-11-06,SYN-DOC-001305,SYN-CLAIM-000306,SYN-CLAIM-000307,REJECTED,1,REVIEW_REQUIRED
SYN-MUT-001306,SYN-PARCEL-001306,CONVERSION,2021-11-07,2021-11-10,2021-12-07,2021-12-07,SYN-DOC-001306,SYN-CLAIM-000307,SYN-CLAIM-000308,SANCTIONED,2,MATCH
SYN-MUT-001307,SYN-PARCEL-001307,MORTGAGE_CHARGE,2022-12-08,2022-12-11,2022-12-08,2022-12-08,SYN-DOC-001307,SYN-CLAIM-000308,SYN-CLAIM-000309,SANCTIONED,3,MATCH
SYN-MUT-001308,SYN-PARCEL-001308,RELEASE,2023-01-09,2023-01-12,2023-02-09,2023-02-09,SYN-DOC-001308,SYN-CLAIM-000309,SYN-CLAIM-000310,SANCTIONED,1,MATCH
SYN-MUT-001309,SYN-PARCEL-001309,SALE_TRANSFER,2024-02-10,2024-02-13,2024-03-10,2024-03-10,SYN-DOC-001309,SYN-CLAIM-000310,SYN-CLAIM-000311,PENDING_OBJECTION,2,REVIEW_REQUIRED
SYN-MUT-001310,SYN-PARCEL-001310,INHERITANCE_SUCCESSION,2015-03-11,2015-03-14,2015-04-11,2015-04-11,SYN-DOC-001310,SYN-CLAIM-000311,SYN-CLAIM-000312,REJECTED,3,REVIEW_REQUIRED
SYN-MUT-001311,SYN-PARCEL-001311,PARTITION,2016-04-12,2016-04-15,2016-05-12,2016-05-12,SYN-DOC-001311,SYN-CLAIM-000312,SYN-CLAIM-000313,SANCTIONED,1,MATCH
SYN-MUT-001312,SYN-PARCEL-001312,CONVERSION,2017-05-13,2017-05-16,2017-06-13,2017-06-13,SYN-DOC-001312,SYN-CLAIM-000313,SYN-CLAIM-000314,SANCTIONED,2,MATCH
SYN-MUT-001313,SYN-PARCEL-001313,MORTGAGE_CHARGE,2018-06-14,2018-06-17,2018-07-14,2018-07-14,SYN-DOC-001313,SYN-CLAIM-000314,SYN-CLAIM-000315,SANCTIONED,3,MATCH
SYN-MUT-001314,SYN-PARCEL-001314,RELEASE,2019-07-15,2019-07-18,2019-08-15,2019-08-15,SYN-DOC-001314,SYN-CLAIM-000315,SYN-CLAIM-000316,PENDING_OBJECTION,1,REVIEW_REQUIRED
SYN-MUT-001315,SYN-PARCEL-001315,SALE_TRANSFER,2020-08-16,2020-08-19,2020-09-16,2020-09-16,SYN-DOC-001315,SYN-CLAIM-000316,SYN-CLAIM-000317,REJECTED,2,REVIEW_REQUIRED
SYN-MUT-001316,SYN-PARCEL-001316,INHERITANCE_SUCCESSION,2021-09-17,2021-09-20,2021-10-17,2021-10-17,SYN-DOC-001316,SYN-CLAIM-000317,SYN-CLAIM-000318,SANCTIONED,3,MATCH
SYN-MUT-001317,SYN-PARCEL-001317,PARTITION,2022-10-18,2022-10-21,2022-11-18,2022-11-18,SYN-DOC-001317,SYN-CLAIM-000318,SYN-CLAIM-000319,SANCTIONED,1,MATCH
SYN-MUT-001318,SYN-PARCEL-001318,CONVERSION,2023-11-19,2023-11-22,2023-12-19,2023-12-19,SYN-DOC-001318,SYN-CLAIM-000319,SYN-CLAIM-000320,SANCTIONED,2,MATCH
SYN-MUT-001319,SYN-PARCEL-001319,MORTGAGE_CHARGE,2024-12-20,2024-12-23,2024-12-20,2024-12-20,SYN-DOC-001319,SYN-CLAIM-000320,SYN-CLAIM-000321,PENDING_OBJECTION,3,REVIEW_REQUIRED
SYN-MUT-001320,SYN-PARCEL-001320,RELEASE,2015-01-01,2015-01-04,2015-02-01,2015-02-01,SYN-DOC-001320,SYN-CLAIM-000321,SYN-CLAIM-000322,REJECTED,1,REVIEW_REQUIRED
SYN-MUT-001321,SYN-PARCEL-001321,SALE_TRANSFER,2016-02-02,2016-02-05,2016-03-02,2016-03-02,SYN-DOC-001321,SYN-CLAIM-000322,SYN-CLAIM-000323,SANCTIONED,2,MATCH
SYN-MUT-001322,SYN-PARCEL-001322,INHERITANCE_SUCCESSION,2017-03-03,2017-03-06,2017-04-03,2017-04-03,SYN-DOC-001322,SYN-CLAIM-000323,SYN-CLAIM-000324,SANCTIONED,3,MATCH
SYN-MUT-001323,SYN-PARCEL-001323,PARTITION,2018-04-04,2018-04-07,2018-05-04,2018-05-04,SYN-DOC-001323,SYN-CLAIM-000324,SYN-CLAIM-000325,SANCTIONED,1,MATCH
SYN-MUT-001324,SYN-PARCEL-001324,CONVERSION,2019-05-05,2019-05-08,2019-06-05,2019-06-05,SYN-DOC-001324,SYN-CLAIM-000325,SYN-CLAIM-000326,PENDING_OBJECTION,2,REVIEW_REQUIRED
SYN-MUT-001325,SYN-PARCEL-001325,MORTGAGE_CHARGE,2020-06-06,2020-06-09,2020-07-06,2020-07-06,SYN-DOC-001325,SYN-CLAIM-000326,SYN-CLAIM-000327,REJECTED,3,REVIEW_REQUIRED
SYN-MUT-001326,SYN-PARCEL-001326,RELEASE,2021-07-07,2021-07-10,2021-08-07,2021-08-07,SYN-DOC-001326,SYN-CLAIM-000327,SYN-CLAIM-000328,SANCTIONED,1,MATCH
SYN-MUT-001327,SYN-PARCEL-001327,SALE_TRANSFER,2022-08-08,2022-08-11,2022-09-08,2022-09-08,SYN-DOC-001327,SYN-CLAIM-000328,SYN-CLAIM-000329,SANCTIONED,2,MATCH
SYN-MUT-001328,SYN-PARCEL-001328,INHERITANCE_SUCCESSION,2023-09-09,2023-09-12,2023-10-09,2023-10-09,SYN-DOC-001328,SYN-CLAIM-000329,SYN-CLAIM-000330,SANCTIONED,3,MATCH
SYN-MUT-001329,SYN-PARCEL-001329,PARTITION,2024-10-10,2024-10-13,2024-11-10,2024-11-10,SYN-DOC-001329,SYN-CLAIM-000330,SYN-CLAIM-000331,PENDING_OBJECTION,1,REVIEW_REQUIRED
SYN-MUT-001330,SYN-PARCEL-001330,CONVERSION,2015-11-11,2015-11-14,2015-12-11,2015-12-11,SYN-DOC-001330,SYN-CLAIM-000331,SYN-CLAIM-000332,REJECTED,2,REVIEW_REQUIRED
SYN-MUT-001331,SYN-PARCEL-001331,MORTGAGE_CHARGE,2016-12-12,2016-12-15,2016-12-12,2016-12-12,SYN-DOC-001331,SYN-CLAIM-000332,SYN-CLAIM-000333,SANCTIONED,3,MATCH
SYN-MUT-001332,SYN-PARCEL-001332,RELEASE,2017-01-13,2017-01-16,2017-02-13,2017-02-13,SYN-DOC-001332,SYN-CLAIM-000333,SYN-CLAIM-000334,SANCTIONED,1,MATCH
SYN-MUT-001333,SYN-PARCEL-001333,SALE_TRANSFER,2018-02-14,2018-02-17,2018-03-14,2018-03-14,SYN-DOC-001333,SYN-CLAIM-000334,SYN-CLAIM-000335,SANCTIONED,2,MATCH
SYN-MUT-001334,SYN-PARCEL-001334,INHERITANCE_SUCCESSION,2019-03-15,2019-03-18,2019-04-15,2019-04-15,SYN-DOC-001334,SYN-CLAIM-000335,SYN-CLAIM-000336,PENDING_OBJECTION,3,REVIEW_REQUIRED
SYN-MUT-001335,SYN-PARCEL-001335,PARTITION,2020-04-16,2020-04-19,2020-05-16,2020-05-16,SYN-DOC-001335,SYN-CLAIM-000336,SYN-CLAIM-000337,REJECTED,1,REVIEW_REQUIRED
SYN-MUT-001336,SYN-PARCEL-001336,CONVERSION,2021-05-17,2021-05-20,2021-06-17,2021-06-17,SYN-DOC-001336,SYN-CLAIM-000337,SYN-CLAIM-000338,SANCTIONED,2,MATCH
SYN-MUT-001337,SYN-PARCEL-001337,MORTGAGE_CHARGE,2022-06-18,2022-06-21,2022-07-18,2022-07-18,SYN-DOC-001337,SYN-CLAIM-000338,SYN-CLAIM-000339,SANCTIONED,3,MATCH
SYN-MUT-001338,SYN-PARCEL-001338,RELEASE,2023-07-19,2023-07-22,2023-08-19,2023-08-19,SYN-DOC-001338,SYN-CLAIM-000339,SYN-CLAIM-000340,SANCTIONED,1,MATCH
SYN-MUT-001339,SYN-PARCEL-001339,SALE_TRANSFER,2024-08-20,2024-08-23,2024-09-20,2024-09-20,SYN-DOC-001339,SYN-CLAIM-000340,SYN-CLAIM-000341,PENDING_OBJECTION,2,REVIEW_REQUIRED
SYN-MUT-001340,SYN-PARCEL-001340,INHERITANCE_SUCCESSION,2015-09-01,2015-09-04,2015-10-01,2015-10-01,SYN-DOC-001340,SYN-CLAIM-000341,SYN-CLAIM-000342,REJECTED,3,REVIEW_REQUIRED
SYN-MUT-001341,SYN-PARCEL-001341,PARTITION,2016-10-02,2016-10-05,2016-11-02,2016-11-02,SYN-DOC-001341,SYN-CLAIM-000342,SYN-CLAIM-000343,SANCTIONED,1,MATCH
SYN-MUT-001342,SYN-PARCEL-001342,CONVERSION,2017-11-03,2017-11-06,2017-12-03,2017-12-03,SYN-DOC-001342,SYN-CLAIM-000343,SYN-CLAIM-000344,SANCTIONED,2,MATCH
SYN-MUT-001343,SYN-PARCEL-001343,MORTGAGE_CHARGE,2018-12-04,2018-12-07,2018-12-04,2018-12-04,SYN-DOC-001343,SYN-CLAIM-000344,SYN-CLAIM-000345,SANCTIONED,3,MATCH
SYN-MUT-001344,SYN-PARCEL-001344,RELEASE,2019-01-05,2019-01-08,2019-02-05,2019-02-05,SYN-DOC-001344,SYN-CLAIM-000345,SYN-CLAIM-000346,PENDING_OBJECTION,1,REVIEW_REQUIRED
SYN-MUT-001345,SYN-PARCEL-001345,SALE_TRANSFER,2020-02-06,2020-02-09,2020-03-06,2020-03-06,SYN-DOC-001345,SYN-CLAIM-000346,SYN-CLAIM-000347,REJECTED,2,REVIEW_REQUIRED
SYN-MUT-001346,SYN-PARCEL-001346,INHERITANCE_SUCCESSION,2021-03-07,2021-03-10,2021-04-07,2021-04-07,SYN-DOC-001346,SYN-CLAIM-000347,SYN-CLAIM-000348,SANCTIONED,3,MATCH
SYN-MUT-001347,SYN-PARCEL-001347,PARTITION,2022-04-08,2022-04-11,2022-05-08,2022-05-08,SYN-DOC-001347,SYN-CLAIM-000348,SYN-CLAIM-000349,SANCTIONED,1,MATCH
SYN-MUT-001348,SYN-PARCEL-001348,CONVERSION,2023-05-09,2023-05-12,2023-06-09,2023-06-09,SYN-DOC-001348,SYN-CLAIM-000349,SYN-CLAIM-000350,SANCTIONED,2,MATCH
SYN-MUT-001349,SYN-PARCEL-001349,MORTGAGE_CHARGE,2024-06-10,2024-06-13,2024-07-10,2024-07-10,SYN-DOC-001349,SYN-CLAIM-000350,SYN-CLAIM-000351,PENDING_OBJECTION,3,REVIEW_REQUIRED
SYN-MUT-001350,SYN-PARCEL-001350,RELEASE,2015-07-11,2015-07-14,2014-07-11,2014-07-11,SYN-DOC-001350,SYN-CLAIM-000351,SYN-CLAIM-000352,REJECTED,1,CHRONOLOGY_CONFLICT
SYN-MUT-001351,SYN-PARCEL-001351,SALE_TRANSFER,2016-08-12,2016-08-15,2016-09-12,2016-09-12,SYN-DOC-001351,SYN-CLAIM-000352,SYN-CLAIM-000353,SANCTIONED,2,MATCH
SYN-MUT-001352,SYN-PARCEL-001352,INHERITANCE_SUCCESSION,2017-09-13,2017-09-16,2017-10-13,2017-10-13,SYN-DOC-001352,SYN-CLAIM-000353,SYN-CLAIM-000354,SANCTIONED,3,MATCH
SYN-MUT-001353,SYN-PARCEL-001353,PARTITION,2018-10-14,2018-10-17,2018-11-14,2018-11-14,SYN-DOC-001353,SYN-CLAIM-000354,SYN-CLAIM-000355,SANCTIONED,1,MATCH
SYN-MUT-001354,SYN-PARCEL-001354,CONVERSION,2019-11-15,2019-11-18,2019-12-15,2019-12-15,SYN-DOC-001354,SYN-CLAIM-000355,SYN-CLAIM-000356,PENDING_OBJECTION,2,REVIEW_REQUIRED
SYN-MUT-001355,SYN-PARCEL-001355,MORTGAGE_CHARGE,2020-12-16,2020-12-19,2020-12-16,2020-12-16,SYN-DOC-001355,SYN-CLAIM-000356,SYN-CLAIM-000357,REJECTED,3,REVIEW_REQUIRED
SYN-MUT-001356,SYN-PARCEL-001356,RELEASE,2021-01-17,2021-01-20,2021-02-17,2021-02-17,SYN-DOC-001356,SYN-CLAIM-000357,SYN-CLAIM-000358,SANCTIONED,1,MATCH
SYN-MUT-001357,SYN-PARCEL-001357,SALE_TRANSFER,2022-02-18,2022-02-21,2022-03-18,2022-03-18,SYN-DOC-001357,SYN-CLAIM-000358,SYN-CLAIM-000359,SANCTIONED,2,MATCH
SYN-MUT-001358,SYN-PARCEL-001358,INHERITANCE_SUCCESSION,2023-03-19,2023-03-22,2023-04-19,2023-04-19,SYN-DOC-001358,SYN-CLAIM-000359,SYN-CLAIM-000360,SANCTIONED,3,MATCH
SYN-MUT-001359,SYN-PARCEL-001359,PARTITION,2024-04-20,2024-04-23,2024-05-20,2024-05-20,SYN-DOC-001359,SYN-CLAIM-000360,SYN-CLAIM-000361,PENDING_OBJECTION,1,REVIEW_REQUIRED
SYN-MUT-001360,SYN-PARCEL-001360,CONVERSION,2015-05-01,2015-05-04,2015-06-01,2015-06-01,SYN-DOC-001360,SYN-CLAIM-000361,SYN-CLAIM-000362,REJECTED,2,REVIEW_REQUIRED
SYN-MUT-001361,SYN-PARCEL-001361,MORTGAGE_CHARGE,2016-06-02,2016-06-05,2016-07-02,2016-07-02,SYN-DOC-001361,SYN-CLAIM-000362,SYN-CLAIM-000363,SANCTIONED,3,MATCH
SYN-MUT-001362,SYN-PARCEL-001362,RELEASE,2017-07-03,2017-07-06,2017-08-03,2017-08-03,SYN-DOC-001362,SYN-CLAIM-000363,SYN-CLAIM-000364,SANCTIONED,1,MATCH
SYN-MUT-001363,SYN-PARCEL-001363,SALE_TRANSFER,2018-08-04,2018-08-07,2018-09-04,2018-09-04,SYN-DOC-001363,SYN-CLAIM-000364,SYN-CLAIM-000365,SANCTIONED,2,MATCH
SYN-MUT-001364,SYN-PARCEL-001364,INHERITANCE_SUCCESSION,2019-09-05,2019-09-08,2019-10-05,2019-10-05,SYN-DOC-001364,SYN-CLAIM-000365,SYN-CLAIM-000366,PENDING_OBJECTION,3,REVIEW_REQUIRED
SYN-MUT-001365,SYN-PARCEL-001365,PARTITION,2020-10-06,2020-10-09,2020-11-06,2020-11-06,SYN-DOC-001365,SYN-CLAIM-000366,SYN-CLAIM-000367,REJECTED,1,REVIEW_REQUIRED
SYN-MUT-001366,SYN-PARCEL-001366,CONVERSION,2021-11-07,2021-11-10,2021-12-07,2021-12-07,SYN-DOC-001366,SYN-CLAIM-000367,SYN-CLAIM-000368,SANCTIONED,2,MATCH
SYN-MUT-001367,SYN-PARCEL-001367,MORTGAGE_CHARGE,2022-12-08,2022-12-11,2022-12-08,2022-12-08,SYN-DOC-001367,SYN-CLAIM-000368,SYN-CLAIM-000369,SANCTIONED,3,MATCH
SYN-MUT-001368,SYN-PARCEL-001368,RELEASE,2023-01-09,2023-01-12,2023-02-09,2023-02-09,SYN-DOC-001368,SYN-CLAIM-000369,SYN-CLAIM-000370,SANCTIONED,1,MATCH
SYN-MUT-001369,SYN-PARCEL-001369,SALE_TRANSFER,2024-02-10,2024-02-13,2024-03-10,2024-03-10,SYN-DOC-001369,SYN-CLAIM-000370,SYN-CLAIM-000371,PENDING_OBJECTION,2,REVIEW_REQUIRED
SYN-MUT-001370,SYN-PARCEL-001370,INHERITANCE_SUCCESSION,2015-03-11,2015-03-14,2015-04-11,2015-04-11,SYN-DOC-001370,SYN-CLAIM-000371,SYN-CLAIM-000372,REJECTED,3,REVIEW_REQUIRED
SYN-MUT-001371,SYN-PARCEL-001371,PARTITION,2016-04-12,2016-04-15,2016-05-12,2016-05-12,SYN-DOC-001371,SYN-CLAIM-000372,SYN-CLAIM-000373,SANCTIONED,1,MATCH
SYN-MUT-001372,SYN-PARCEL-001372,CONVERSION,2017-05-13,2017-05-16,2017-06-13,2017-06-13,SYN-DOC-001372,SYN-CLAIM-000373,SYN-CLAIM-000374,SANCTIONED,2,MATCH
SYN-MUT-001373,SYN-PARCEL-001373,MORTGAGE_CHARGE,2018-06-14,2018-06-17,2018-07-14,2018-07-14,SYN-DOC-001373,SYN-CLAIM-000374,SYN-CLAIM-000375,SANCTIONED,3,MATCH
SYN-MUT-001374,SYN-PARCEL-001374,RELEASE,2019-07-15,2019-07-18,2019-08-15,2019-08-15,SYN-DOC-001374,SYN-CLAIM-000375,SYN-CLAIM-000376,PENDING_OBJECTION,1,REVIEW_REQUIRED
SYN-MUT-001375,SYN-PARCEL-001375,SALE_TRANSFER,2020-08-16,2020-08-19,2020-09-16,2020-09-16,SYN-DOC-001375,SYN-CLAIM-000376,SYN-CLAIM-000377,REJECTED,2,REVIEW_REQUIRED
SYN-MUT-001376,SYN-PARCEL-001376,INHERITANCE_SUCCESSION,2021-09-17,2021-09-20,2021-10-17,2021-10-17,SYN-DOC-001376,SYN-CLAIM-000377,SYN-CLAIM-000378,SANCTIONED,3,MATCH
SYN-MUT-001377,SYN-PARCEL-001377,PARTITION,2022-10-18,2022-10-21,2022-11-18,2022-11-18,SYN-DOC-001377,SYN-CLAIM-000378,SYN-CLAIM-000379,SANCTIONED,1,MATCH
SYN-MUT-001378,SYN-PARCEL-001378,CONVERSION,2023-11-19,2023-11-22,2023-12-19,2023-12-19,SYN-DOC-001378,SYN-CLAIM-000379,SYN-CLAIM-000380,SANCTIONED,2,MATCH
SYN-MUT-001379,SYN-PARCEL-001379,MORTGAGE_CHARGE,2024-12-20,2024-12-23,2024-12-20,2024-12-20,SYN-DOC-001379,SYN-CLAIM-000380,SYN-CLAIM-000381,PENDING_OBJECTION,3,REVIEW_REQUIRED
SYN-MUT-001380,SYN-PARCEL-001380,RELEASE,2015-01-01,2015-01-04,2015-02-01,2015-02-01,SYN-DOC-001380,SYN-CLAIM-000381,SYN-CLAIM-000382,REJECTED,1,REVIEW_REQUIRED
SYN-MUT-001381,SYN-PARCEL-001381,SALE_TRANSFER,2016-02-02,2016-02-05,2016-03-02,2016-03-02,SYN-DOC-001381,SYN-CLAIM-000382,SYN-CLAIM-000383,SANCTIONED,2,MATCH
SYN-MUT-001382,SYN-PARCEL-001382,INHERITANCE_SUCCESSION,2017-03-03,2017-03-06,2017-04-03,2017-04-03,SYN-DOC-001382,SYN-CLAIM-000383,SYN-CLAIM-000384,SANCTIONED,3,MATCH
SYN-MUT-001383,SYN-PARCEL-001383,PARTITION,2018-04-04,2018-04-07,2018-05-04,2018-05-04,SYN-DOC-001383,SYN-CLAIM-000384,SYN-CLAIM-000385,SANCTIONED,1,MATCH
SYN-MUT-001384,SYN-PARCEL-001384,CONVERSION,2019-05-05,2019-05-08,2019-06-05,2019-06-05,SYN-DOC-001384,SYN-CLAIM-000385,SYN-CLAIM-000386,PENDING_OBJECTION,2,REVIEW_REQUIRED
SYN-MUT-001385,SYN-PARCEL-001385,MORTGAGE_CHARGE,2020-06-06,2020-06-09,2020-07-06,2020-07-06,SYN-DOC-001385,SYN-CLAIM-000386,SYN-CLAIM-000387,REJECTED,3,REVIEW_REQUIRED
SYN-MUT-001386,SYN-PARCEL-001386,RELEASE,2021-07-07,2021-07-10,2021-08-07,2021-08-07,SYN-DOC-001386,SYN-CLAIM-000387,SYN-CLAIM-000388,SANCTIONED,1,MATCH
SYN-MUT-001387,SYN-PARCEL-001387,SALE_TRANSFER,2022-08-08,2022-08-11,2022-09-08,2022-09-08,SYN-DOC-001387,SYN-CLAIM-000388,SYN-CLAIM-000389,SANCTIONED,2,MATCH
SYN-MUT-001388,SYN-PARCEL-001388,INHERITANCE_SUCCESSION,2023-09-09,2023-09-12,2023-10-09,2023-10-09,SYN-DOC-001388,SYN-CLAIM-000389,SYN-CLAIM-000390,SANCTIONED,3,MATCH
SYN-MUT-001389,SYN-PARCEL-001389,PARTITION,2024-10-10,2024-10-13,2024-11-10,2024-11-10,SYN-DOC-001389,SYN-CLAIM-000390,SYN-CLAIM-000391,PENDING_OBJECTION,1,REVIEW_REQUIRED
SYN-MUT-001390,SYN-PARCEL-001390,CONVERSION,2015-11-11,2015-11-14,2015-12-11,2015-12-11,SYN-DOC-001390,SYN-CLAIM-000391,SYN-CLAIM-000392,REJECTED,2,REVIEW_REQUIRED
SYN-MUT-001391,SYN-PARCEL-001391,MORTGAGE_CHARGE,2016-12-12,2016-12-15,2016-12-12,2016-12-12,SYN-DOC-001391,SYN-CLAIM-000392,SYN-CLAIM-000393,SANCTIONED,3,MATCH
SYN-MUT-001392,SYN-PARCEL-001392,RELEASE,2017-01-13,2017-01-16,2017-02-13,2017-02-13,SYN-DOC-001392,SYN-CLAIM-000393,SYN-CLAIM-000394,SANCTIONED,1,MATCH
SYN-MUT-001393,SYN-PARCEL-001393,SALE_TRANSFER,2018-02-14,2018-02-17,2018-03-14,2018-03-14,SYN-DOC-001393,SYN-CLAIM-000394,SYN-CLAIM-000395,SANCTIONED,2,MATCH
SYN-MUT-001394,SYN-PARCEL-001394,INHERITANCE_SUCCESSION,2019-03-15,2019-03-18,2019-04-15,2019-04-15,SYN-DOC-001394,SYN-CLAIM-000395,SYN-CLAIM-000396,PENDING_OBJECTION,3,REVIEW_REQUIRED
SYN-MUT-001395,SYN-PARCEL-001395,PARTITION,2020-04-16,2020-04-19,2020-05-16,2020-05-16,SYN-DOC-001395,SYN-CLAIM-000396,SYN-CLAIM-000397,REJECTED,1,REVIEW_REQUIRED
SYN-MUT-001396,SYN-PARCEL-001396,CONVERSION,2021-05-17,2021-05-20,2021-06-17,2021-06-17,SYN-DOC-001396,SYN-CLAIM-000397,SYN-CLAIM-000398,SANCTIONED,2,MATCH
SYN-MUT-001397,SYN-PARCEL-001397,MORTGAGE_CHARGE,2022-06-18,2022-06-21,2022-07-18,2022-07-18,SYN-DOC-001397,SYN-CLAIM-000398,SYN-CLAIM-000399,SANCTIONED,3,MATCH
SYN-MUT-001398,SYN-PARCEL-001398,RELEASE,2023-07-19,2023-07-22,2023-08-19,2023-08-19,SYN-DOC-001398,SYN-CLAIM-000399,SYN-CLAIM-000400,SANCTIONED,1,MATCH
SYN-MUT-001399,SYN-PARCEL-001399,SALE_TRANSFER,2024-08-20,2024-08-23,2024-09-20,2024-09-20,SYN-DOC-001399,SYN-CLAIM-000400,SYN-CLAIM-000401,PENDING_OBJECTION,2,REVIEW_REQUIRED
SYN-MUT-001400,SYN-PARCEL-001400,INHERITANCE_SUCCESSION,2015-09-01,2015-09-04,2015-10-01,2015-10-01,SYN-DOC-001400,SYN-CLAIM-000401,SYN-CLAIM-000402,REJECTED,3,REVIEW_REQUIRED
SYN-MUT-001401,SYN-PARCEL-001401,PARTITION,2016-10-02,2016-10-05,2016-11-02,2016-11-02,SYN-DOC-001401,SYN-CLAIM-000402,SYN-CLAIM-000403,SANCTIONED,1,MATCH
SYN-MUT-001402,SYN-PARCEL-001402,CONVERSION,2017-11-03,2017-11-06,2017-12-03,2017-12-03,SYN-DOC-001402,SYN-CLAIM-000403,SYN-CLAIM-000404,SANCTIONED,2,MATCH
SYN-MUT-001403,SYN-PARCEL-001403,MORTGAGE_CHARGE,2018-12-04,2018-12-07,2018-12-04,2018-12-04,SYN-DOC-001403,SYN-CLAIM-000404,SYN-CLAIM-000405,SANCTIONED,3,MATCH
SYN-MUT-001404,SYN-PARCEL-001404,RELEASE,2019-01-05,2019-01-08,2019-02-05,2019-02-05,SYN-DOC-001404,SYN-CLAIM-000405,SYN-CLAIM-000406,PENDING_OBJECTION,1,REVIEW_REQUIRED
SYN-MUT-001405,SYN-PARCEL-001405,SALE_TRANSFER,2020-02-06,2020-02-09,2020-03-06,2020-03-06,SYN-DOC-001405,SYN-CLAIM-000406,SYN-CLAIM-000407,REJECTED,2,REVIEW_REQUIRED
SYN-MUT-001406,SYN-PARCEL-001406,INHERITANCE_SUCCESSION,2021-03-07,2021-03-10,2021-04-07,2021-04-07,SYN-DOC-001406,SYN-CLAIM-000407,SYN-CLAIM-000408,SANCTIONED,3,MATCH
SYN-MUT-001407,SYN-PARCEL-001407,PARTITION,2022-04-08,2022-04-11,2022-05-08,2022-05-08,SYN-DOC-001407,SYN-CLAIM-000408,SYN-CLAIM-000409,SANCTIONED,1,MATCH
SYN-MUT-001408,SYN-PARCEL-001408,CONVERSION,2023-05-09,2023-05-12,2023-06-09,2023-06-09,SYN-DOC-001408,SYN-CLAIM-000409,SYN-CLAIM-000410,SANCTIONED,2,MATCH
SYN-MUT-001409,SYN-PARCEL-001409,MORTGAGE_CHARGE,2024-06-10,2024-06-13,2024-07-10,2024-07-10,SYN-DOC-001409,SYN-CLAIM-000410,SYN-CLAIM-000411,PENDING_OBJECTION,3,REVIEW_REQUIRED
SYN-MUT-001410,SYN-PARCEL-001410,RELEASE,2015-07-11,2015-07-14,2015-08-11,2015-08-11,SYN-DOC-001410,SYN-CLAIM-000411,SYN-CLAIM-000412,REJECTED,1,REVIEW_REQUIRED
SYN-MUT-001411,SYN-PARCEL-001411,SALE_TRANSFER,2016-08-12,2016-08-15,2016-09-12,2016-09-12,SYN-DOC-001411,SYN-CLAIM-000412,SYN-CLAIM-000413,SANCTIONED,2,MATCH
SYN-MUT-001412,SYN-PARCEL-001412,INHERITANCE_SUCCESSION,2017-09-13,2017-09-16,2017-10-13,2017-10-13,SYN-DOC-001412,SYN-CLAIM-000413,SYN-CLAIM-000414,SANCTIONED,3,MATCH
SYN-MUT-001413,SYN-PARCEL-001413,PARTITION,2018-10-14,2018-10-17,2018-11-14,2018-11-14,SYN-DOC-001413,SYN-CLAIM-000414,SYN-CLAIM-000415,SANCTIONED,1,MATCH
SYN-MUT-001414,SYN-PARCEL-001414,CONVERSION,2019-11-15,2019-11-18,2019-12-15,2019-12-15,SYN-DOC-001414,SYN-CLAIM-000415,SYN-CLAIM-000416,PENDING_OBJECTION,2,REVIEW_REQUIRED
SYN-MUT-001415,SYN-PARCEL-001415,MORTGAGE_CHARGE,2020-12-16,2020-12-19,2020-12-16,2020-12-16,SYN-DOC-001415,SYN-CLAIM-000416,SYN-CLAIM-000417,REJECTED,3,REVIEW_REQUIRED
SYN-MUT-001416,SYN-PARCEL-001416,RELEASE,2021-01-17,2021-01-20,2021-02-17,2021-02-17,SYN-DOC-001416,SYN-CLAIM-000417,SYN-CLAIM-000418,SANCTIONED,1,MATCH
SYN-MUT-001417,SYN-PARCEL-001417,SALE_TRANSFER,2022-02-18,2022-02-21,2022-03-18,2022-03-18,SYN-DOC-001417,SYN-CLAIM-000418,SYN-CLAIM-000419,SANCTIONED,2,MATCH
SYN-MUT-001418,SYN-PARCEL-001418,INHERITANCE_SUCCESSION,2023-03-19,2023-03-22,2023-04-19,2023-04-19,SYN-DOC-001418,SYN-CLAIM-000419,SYN-CLAIM-000420,SANCTIONED,3,MATCH
SYN-MUT-001419,SYN-PARCEL-001419,PARTITION,2024-04-20,2024-04-23,2024-05-20,2024-05-20,SYN-DOC-001419,SYN-CLAIM-000420,SYN-CLAIM-000421,PENDING_OBJECTION,1,REVIEW_REQUIRED
SYN-MUT-001420,SYN-PARCEL-001420,CONVERSION,2015-05-01,2015-05-04,2015-06-01,2015-06-01,SYN-DOC-001420,SYN-CLAIM-000421,SYN-CLAIM-000422,REJECTED,2,REVIEW_REQUIRED
SYN-MUT-001421,SYN-PARCEL-001421,MORTGAGE_CHARGE,2016-06-02,2016-06-05,2016-07-02,2016-07-02,SYN-DOC-001421,SYN-CLAIM-000422,SYN-CLAIM-000423,SANCTIONED,3,MATCH
SYN-MUT-001422,SYN-PARCEL-001422,RELEASE,2017-07-03,2017-07-06,2017-08-03,2017-08-03,SYN-DOC-001422,SYN-CLAIM-000423,SYN-CLAIM-000424,SANCTIONED,1,MATCH
SYN-MUT-001423,SYN-PARCEL-001423,SALE_TRANSFER,2018-08-04,2018-08-07,2018-09-04,2018-09-04,SYN-DOC-001423,SYN-CLAIM-000424,SYN-CLAIM-000425,SANCTIONED,2,MATCH
SYN-MUT-001424,SYN-PARCEL-001424,INHERITANCE_SUCCESSION,2019-09-05,2019-09-08,2019-10-05,2019-10-05,SYN-DOC-001424,SYN-CLAIM-000425,SYN-CLAIM-000426,PENDING_OBJECTION,3,REVIEW_REQUIRED
SYN-MUT-001425,SYN-PARCEL-001425,PARTITION,2020-10-06,2020-10-09,2020-11-06,2020-11-06,SYN-DOC-001425,SYN-CLAIM-000426,SYN-CLAIM-000427,REJECTED,1,REVIEW_REQUIRED
SYN-MUT-001426,SYN-PARCEL-001426,CONVERSION,2021-11-07,2021-11-10,2021-12-07,2021-12-07,SYN-DOC-001426,SYN-CLAIM-000427,SYN-CLAIM-000428,SANCTIONED,2,MATCH
SYN-MUT-001427,SYN-PARCEL-001427,MORTGAGE_CHARGE,2022-12-08,2022-12-11,2022-12-08,2022-12-08,SYN-DOC-001427,SYN-CLAIM-000428,SYN-CLAIM-000429,SANCTIONED,3,MATCH
SYN-MUT-001428,SYN-PARCEL-001428,RELEASE,2023-01-09,2023-01-12,2023-02-09,2023-02-09,SYN-DOC-001428,SYN-CLAIM-000429,SYN-CLAIM-000430,SANCTIONED,1,MATCH
SYN-MUT-001429,SYN-PARCEL-001429,SALE_TRANSFER,2024-02-10,2024-02-13,2024-03-10,2024-03-10,SYN-DOC-001429,SYN-CLAIM-000430,SYN-CLAIM-000431,PENDING_OBJECTION,2,REVIEW_REQUIRED
SYN-MUT-001430,SYN-PARCEL-001430,INHERITANCE_SUCCESSION,2015-03-11,2015-03-14,2015-04-11,2015-04-11,SYN-DOC-001430,SYN-CLAIM-000431,SYN-CLAIM-000432,REJECTED,3,REVIEW_REQUIRED
SYN-MUT-001431,SYN-PARCEL-001431,PARTITION,2016-04-12,2016-04-15,2016-05-12,2016-05-12,SYN-DOC-001431,SYN-CLAIM-000432,SYN-CLAIM-000433,SANCTIONED,1,MATCH
SYN-MUT-001432,SYN-PARCEL-001432,CONVERSION,2017-05-13,2017-05-16,2017-06-13,2017-06-13,SYN-DOC-001432,SYN-CLAIM-000433,SYN-CLAIM-000434,SANCTIONED,2,MATCH
SYN-MUT-001433,SYN-PARCEL-001433,MORTGAGE_CHARGE,2018-06-14,2018-06-17,2018-07-14,2018-07-14,SYN-DOC-001433,SYN-CLAIM-000434,SYN-CLAIM-000435,SANCTIONED,3,MATCH
SYN-MUT-001434,SYN-PARCEL-001434,RELEASE,2019-07-15,2019-07-18,2019-08-15,2019-08-15,SYN-DOC-001434,SYN-CLAIM-000435,SYN-CLAIM-000436,PENDING_OBJECTION,1,REVIEW_REQUIRED
SYN-MUT-001435,SYN-PARCEL-001435,SALE_TRANSFER,2020-08-16,2020-08-19,2020-09-16,2020-09-16,SYN-DOC-001435,SYN-CLAIM-000436,SYN-CLAIM-000437,REJECTED,2,REVIEW_REQUIRED
SYN-MUT-001436,SYN-PARCEL-001436,INHERITANCE_SUCCESSION,2021-09-17,2021-09-20,2021-10-17,2021-10-17,SYN-DOC-001436,SYN-CLAIM-000437,SYN-CLAIM-000438,SANCTIONED,3,MATCH
SYN-MUT-001437,SYN-PARCEL-001437,PARTITION,2022-10-18,2022-10-21,2022-11-18,2022-11-18,SYN-DOC-001437,SYN-CLAIM-000438,SYN-CLAIM-000439,SANCTIONED,1,MATCH
SYN-MUT-001438,SYN-PARCEL-001438,CONVERSION,2023-11-19,2023-11-22,2023-12-19,2023-12-19,SYN-DOC-001438,SYN-CLAIM-000439,SYN-CLAIM-000440,SANCTIONED,2,MATCH
SYN-MUT-001439,SYN-PARCEL-001439,MORTGAGE_CHARGE,2024-12-20,2024-12-23,2024-12-20,2024-12-20,SYN-DOC-001439,SYN-CLAIM-000440,SYN-CLAIM-000441,PENDING_OBJECTION,3,REVIEW_REQUIRED
SYN-MUT-001440,SYN-PARCEL-001440,RELEASE,2015-01-01,2015-01-04,2015-02-01,2015-02-01,SYN-DOC-001440,SYN-CLAIM-000441,SYN-CLAIM-000442,REJECTED,1,REVIEW_REQUIRED
SYN-MUT-001441,SYN-PARCEL-001441,SALE_TRANSFER,2016-02-02,2016-02-05,2016-03-02,2016-03-02,SYN-DOC-001441,SYN-CLAIM-000442,SYN-CLAIM-000443,SANCTIONED,2,MATCH
SYN-MUT-001442,SYN-PARCEL-001442,INHERITANCE_SUCCESSION,2017-03-03,2017-03-06,2017-04-03,2017-04-03,SYN-DOC-001442,SYN-CLAIM-000443,SYN-CLAIM-000444,SANCTIONED,3,MATCH
SYN-MUT-001443,SYN-PARCEL-001443,PARTITION,2018-04-04,2018-04-07,2018-05-04,2018-05-04,SYN-DOC-001443,SYN-CLAIM-000444,SYN-CLAIM-000445,SANCTIONED,1,MATCH
SYN-MUT-001444,SYN-PARCEL-001444,CONVERSION,2019-05-05,2019-05-08,2019-06-05,2019-06-05,SYN-DOC-001444,SYN-CLAIM-000445,SYN-CLAIM-000446,PENDING_OBJECTION,2,REVIEW_REQUIRED
SYN-MUT-001445,SYN-PARCEL-001445,MORTGAGE_CHARGE,2020-06-06,2020-06-09,2020-07-06,2020-07-06,SYN-DOC-001445,SYN-CLAIM-000446,SYN-CLAIM-000447,REJECTED,3,REVIEW_REQUIRED
SYN-MUT-001446,SYN-PARCEL-001446,RELEASE,2021-07-07,2021-07-10,2021-08-07,2021-08-07,SYN-DOC-001446,SYN-CLAIM-000447,SYN-CLAIM-000448,SANCTIONED,1,MATCH
SYN-MUT-001447,SYN-PARCEL-001447,SALE_TRANSFER,2022-08-08,2022-08-11,2022-09-08,2022-09-08,SYN-DOC-001447,SYN-CLAIM-000448,SYN-CLAIM-000449,SANCTIONED,2,MATCH
SYN-MUT-001448,SYN-PARCEL-001448,INHERITANCE_SUCCESSION,2023-09-09,2023-09-12,2023-10-09,2023-10-09,SYN-DOC-001448,SYN-CLAIM-000449,SYN-CLAIM-000450,SANCTIONED,3,MATCH
SYN-MUT-001449,SYN-PARCEL-001449,PARTITION,2024-10-10,2024-10-13,2024-11-10,2024-11-10,SYN-DOC-001449,SYN-CLAIM-000450,SYN-CLAIM-000451,PENDING_OBJECTION,1,REVIEW_REQUIRED
SYN-MUT-001450,SYN-PARCEL-001450,CONVERSION,2015-11-11,2015-11-14,2015-12-11,2015-12-11,SYN-DOC-001450,SYN-CLAIM-000451,SYN-CLAIM-000452,REJECTED,2,REVIEW_REQUIRED
SYN-MUT-001451,SYN-PARCEL-001451,MORTGAGE_CHARGE,2016-12-12,2016-12-15,2016-12-12,2016-12-12,SYN-DOC-001451,SYN-CLAIM-000452,SYN-CLAIM-000453,SANCTIONED,3,MATCH
SYN-MUT-001452,SYN-PARCEL-001452,RELEASE,2017-01-13,2017-01-16,2017-02-13,2017-02-13,SYN-DOC-001452,SYN-CLAIM-000453,SYN-CLAIM-000454,SANCTIONED,1,MATCH
SYN-MUT-001453,SYN-PARCEL-001453,SALE_TRANSFER,2018-02-14,2018-02-17,2018-03-14,2018-03-14,SYN-DOC-001453,SYN-CLAIM-000454,SYN-CLAIM-000455,SANCTIONED,2,MATCH
SYN-MUT-001454,SYN-PARCEL-001454,INHERITANCE_SUCCESSION,2019-03-15,2019-03-18,2019-04-15,2019-04-15,SYN-DOC-001454,SYN-CLAIM-000455,SYN-CLAIM-000456,PENDING_OBJECTION,3,REVIEW_REQUIRED
SYN-MUT-001455,SYN-PARCEL-001455,PARTITION,2020-04-16,2020-04-19,2020-05-16,2020-05-16,SYN-DOC-001455,SYN-CLAIM-000456,SYN-CLAIM-000457,REJECTED,1,REVIEW_REQUIRED
SYN-MUT-001456,SYN-PARCEL-001456,CONVERSION,2021-05-17,2021-05-20,2021-06-17,2021-06-17,SYN-DOC-001456,SYN-CLAIM-000457,SYN-CLAIM-000458,SANCTIONED,2,MATCH
SYN-MUT-001457,SYN-PARCEL-001457,MORTGAGE_CHARGE,2022-06-18,2022-06-21,2022-07-18,2022-07-18,SYN-DOC-001457,SYN-CLAIM-000458,SYN-CLAIM-000459,SANCTIONED,3,MATCH
SYN-MUT-001458,SYN-PARCEL-001458,RELEASE,2023-07-19,2023-07-22,2023-08-19,2023-08-19,SYN-DOC-001458,SYN-CLAIM-000459,SYN-CLAIM-000460,SANCTIONED,1,MATCH
SYN-MUT-001459,SYN-PARCEL-001459,SALE_TRANSFER,2024-08-20,2024-08-23,2024-09-20,2024-09-20,SYN-DOC-001459,SYN-CLAIM-000460,SYN-CLAIM-000461,PENDING_OBJECTION,2,REVIEW_REQUIRED
SYN-MUT-001460,SYN-PARCEL-001460,INHERITANCE_SUCCESSION,2015-09-01,2015-09-04,2015-10-01,2015-10-01,SYN-DOC-001460,SYN-CLAIM-000461,SYN-CLAIM-000462,REJECTED,3,REVIEW_REQUIRED
SYN-MUT-001461,SYN-PARCEL-001461,PARTITION,2016-10-02,2016-10-05,2016-11-02,2016-11-02,SYN-DOC-001461,SYN-CLAIM-000462,SYN-CLAIM-000463,SANCTIONED,1,MATCH
SYN-MUT-001462,SYN-PARCEL-001462,CONVERSION,2017-11-03,2017-11-06,2017-12-03,2017-12-03,SYN-DOC-001462,SYN-CLAIM-000463,SYN-CLAIM-000464,SANCTIONED,2,MATCH
SYN-MUT-001463,SYN-PARCEL-001463,MORTGAGE_CHARGE,2018-12-04,2018-12-07,2018-12-04,2018-12-04,SYN-DOC-001463,SYN-CLAIM-000464,SYN-CLAIM-000465,SANCTIONED,3,MATCH
SYN-MUT-001464,SYN-PARCEL-001464,RELEASE,2019-01-05,2019-01-08,2019-02-05,2019-02-05,SYN-DOC-001464,SYN-CLAIM-000465,SYN-CLAIM-000466,PENDING_OBJECTION,1,REVIEW_REQUIRED
SYN-MUT-001465,SYN-PARCEL-001465,SALE_TRANSFER,2020-02-06,2020-02-09,2020-03-06,2020-03-06,SYN-DOC-001465,SYN-CLAIM-000466,SYN-CLAIM-000467,REJECTED,2,REVIEW_REQUIRED
SYN-MUT-001466,SYN-PARCEL-001466,INHERITANCE_SUCCESSION,2021-03-07,2021-03-10,2021-04-07,2021-04-07,SYN-DOC-001466,SYN-CLAIM-000467,SYN-CLAIM-000468,SANCTIONED,3,MATCH
SYN-MUT-001467,SYN-PARCEL-001467,PARTITION,2022-04-08,2022-04-11,2022-05-08,2022-05-08,SYN-DOC-001467,SYN-CLAIM-000468,SYN-CLAIM-000469,SANCTIONED,1,MATCH
SYN-MUT-001468,SYN-PARCEL-001468,CONVERSION,2023-05-09,2023-05-12,2023-06-09,2023-06-09,SYN-DOC-001468,SYN-CLAIM-000469,SYN-CLAIM-000470,SANCTIONED,2,MATCH
SYN-MUT-001469,SYN-PARCEL-001469,MORTGAGE_CHARGE,2024-06-10,2024-06-13,2024-07-10,2024-07-10,SYN-DOC-001469,SYN-CLAIM-000470,SYN-CLAIM-000471,PENDING_OBJECTION,3,REVIEW_REQUIRED
SYN-MUT-001470,SYN-PARCEL-001470,RELEASE,2015-07-11,2015-07-14,2015-08-11,2015-08-11,SYN-DOC-001470,SYN-CLAIM-000471,SYN-CLAIM-000472,REJECTED,1,REVIEW_REQUIRED
SYN-MUT-001471,SYN-PARCEL-001471,SALE_TRANSFER,2016-08-12,2016-08-15,2016-09-12,2016-09-12,SYN-DOC-001471,SYN-CLAIM-000472,SYN-CLAIM-000473,SANCTIONED,2,MATCH
SYN-MUT-001472,SYN-PARCEL-001472,INHERITANCE_SUCCESSION,2017-09-13,2017-09-16,2017-10-13,2017-10-13,SYN-DOC-001472,SYN-CLAIM-000473,SYN-CLAIM-000474,SANCTIONED,3,MATCH
SYN-MUT-001473,SYN-PARCEL-001473,PARTITION,2018-10-14,2018-10-17,2018-11-14,2018-11-14,SYN-DOC-001473,SYN-CLAIM-000474,SYN-CLAIM-000475,SANCTIONED,1,MATCH
SYN-MUT-001474,SYN-PARCEL-001474,CONVERSION,2019-11-15,2019-11-18,2019-12-15,2019-12-15,SYN-DOC-001474,SYN-CLAIM-000475,SYN-CLAIM-000476,PENDING_OBJECTION,2,REVIEW_REQUIRED
SYN-MUT-001475,SYN-PARCEL-001475,MORTGAGE_CHARGE,2020-12-16,2020-12-19,2020-12-16,2020-12-16,SYN-DOC-001475,SYN-CLAIM-000476,SYN-CLAIM-000477,REJECTED,3,REVIEW_REQUIRED
SYN-MUT-001476,SYN-PARCEL-001476,RELEASE,2021-01-17,2021-01-20,2021-02-17,2021-02-17,SYN-DOC-001476,SYN-CLAIM-000477,SYN-CLAIM-000478,SANCTIONED,1,MATCH
SYN-MUT-001477,SYN-PARCEL-001477,SALE_TRANSFER,2022-02-18,2022-02-21,2022-03-18,2022-03-18,SYN-DOC-001477,SYN-CLAIM-000478,SYN-CLAIM-000479,SANCTIONED,2,MATCH
SYN-MUT-001478,SYN-PARCEL-001478,INHERITANCE_SUCCESSION,2023-03-19,2023-03-22,2023-04-19,2023-04-19,SYN-DOC-001478,SYN-CLAIM-000479,SYN-CLAIM-000480,SANCTIONED,3,MATCH
SYN-MUT-001479,SYN-PARCEL-001479,PARTITION,2024-04-20,2024-04-23,2024-05-20,2024-05-20,SYN-DOC-001479,SYN-CLAIM-000480,SYN-CLAIM-000481,PENDING_OBJECTION,1,REVIEW_REQUIRED
SYN-MUT-001480,SYN-PARCEL-001480,CONVERSION,2015-05-01,2015-05-04,2015-06-01,2015-06-01,SYN-DOC-001480,SYN-CLAIM-000481,SYN-CLAIM-000482,REJECTED,2,REVIEW_REQUIRED
SYN-MUT-001481,SYN-PARCEL-001481,MORTGAGE_CHARGE,2016-06-02,2016-06-05,2016-07-02,2016-07-02,SYN-DOC-001481,SYN-CLAIM-000482,SYN-CLAIM-000483,SANCTIONED,3,MATCH
SYN-MUT-001482,SYN-PARCEL-001482,RELEASE,2017-07-03,2017-07-06,2017-08-03,2017-08-03,SYN-DOC-001482,SYN-CLAIM-000483,SYN-CLAIM-000484,SANCTIONED,1,MATCH
SYN-MUT-001483,SYN-PARCEL-001483,SALE_TRANSFER,2018-08-04,2018-08-07,2018-09-04,2018-09-04,SYN-DOC-001483,SYN-CLAIM-000484,SYN-CLAIM-000485,SANCTIONED,2,MATCH
SYN-MUT-001484,SYN-PARCEL-001484,INHERITANCE_SUCCESSION,2019-09-05,2019-09-08,2019-10-05,2019-10-05,SYN-DOC-001484,SYN-CLAIM-000485,SYN-CLAIM-000486,PENDING_OBJECTION,3,REVIEW_REQUIRED
SYN-MUT-001485,SYN-PARCEL-001485,PARTITION,2020-10-06,2020-10-09,2020-11-06,2020-11-06,SYN-DOC-001485,SYN-CLAIM-000486,SYN-CLAIM-000487,REJECTED,1,REVIEW_REQUIRED
SYN-MUT-001486,SYN-PARCEL-001486,CONVERSION,2021-11-07,2021-11-10,2021-12-07,2021-12-07,SYN-DOC-001486,SYN-CLAIM-000487,SYN-CLAIM-000488,SANCTIONED,2,MATCH
SYN-MUT-001487,SYN-PARCEL-001487,MORTGAGE_CHARGE,2022-12-08,2022-12-11,2022-12-08,2022-12-08,SYN-DOC-001487,SYN-CLAIM-000488,SYN-CLAIM-000489,SANCTIONED,3,MATCH
SYN-MUT-001488,SYN-PARCEL-001488,RELEASE,2023-01-09,2023-01-12,2023-02-09,2023-02-09,SYN-DOC-001488,SYN-CLAIM-000489,SYN-CLAIM-000490,SANCTIONED,1,MATCH
SYN-MUT-001489,SYN-PARCEL-001489,SALE_TRANSFER,2024-02-10,2024-02-13,2024-03-10,2024-03-10,SYN-DOC-001489,SYN-CLAIM-000490,SYN-CLAIM-000491,PENDING_OBJECTION,2,REVIEW_REQUIRED
SYN-MUT-001490,SYN-PARCEL-001490,INHERITANCE_SUCCESSION,2015-03-11,2015-03-14,2015-04-11,2015-04-11,SYN-DOC-001490,SYN-CLAIM-000491,SYN-CLAIM-000492,REJECTED,3,REVIEW_REQUIRED
SYN-MUT-001491,SYN-PARCEL-001491,PARTITION,2016-04-12,2016-04-15,2016-05-12,2016-05-12,SYN-DOC-001491,SYN-CLAIM-000492,SYN-CLAIM-000493,SANCTIONED,1,MATCH
SYN-MUT-001492,SYN-PARCEL-001492,CONVERSION,2017-05-13,2017-05-16,2017-06-13,2017-06-13,SYN-DOC-001492,SYN-CLAIM-000493,SYN-CLAIM-000494,SANCTIONED,2,MATCH
SYN-MUT-001493,SYN-PARCEL-001493,MORTGAGE_CHARGE,2018-06-14,2018-06-17,2018-07-14,2018-07-14,SYN-DOC-001493,SYN-CLAIM-000494,SYN-CLAIM-000495,SANCTIONED,3,MATCH
SYN-MUT-001494,SYN-PARCEL-001494,RELEASE,2019-07-15,2019-07-18,2019-08-15,2019-08-15,SYN-DOC-001494,SYN-CLAIM-000495,SYN-CLAIM-000496,PENDING_OBJECTION,1,REVIEW_REQUIRED
SYN-MUT-001495,SYN-PARCEL-001495,SALE_TRANSFER,2020-08-16,2020-08-19,2020-09-16,2020-09-16,SYN-DOC-001495,SYN-CLAIM-000496,SYN-CLAIM-000497,REJECTED,2,REVIEW_REQUIRED
SYN-MUT-001496,SYN-PARCEL-001496,INHERITANCE_SUCCESSION,2021-09-17,2021-09-20,2021-10-17,2021-10-17,SYN-DOC-001496,SYN-CLAIM-000497,SYN-CLAIM-000498,SANCTIONED,3,MATCH
SYN-MUT-001497,SYN-PARCEL-001497,PARTITION,2022-10-18,2022-10-21,2022-11-18,2022-11-18,SYN-DOC-001497,SYN-CLAIM-000498,SYN-CLAIM-000499,SANCTIONED,1,MATCH
SYN-MUT-001498,SYN-PARCEL-001498,CONVERSION,2023-11-19,2023-11-22,2023-12-19,2023-12-19,SYN-DOC-001498,SYN-CLAIM-000499,SYN-CLAIM-000500,SANCTIONED,2,MATCH
SYN-MUT-001499,SYN-PARCEL-001499,MORTGAGE_CHARGE,2024-12-20,2024-12-23,2024-12-20,2024-12-20,SYN-DOC-001499,SYN-CLAIM-000500,SYN-CLAIM-000501,PENDING_OBJECTION,3,REVIEW_REQUIRED
SYN-MUT-001500,SYN-PARCEL-001500,RELEASE,2015-01-01,2015-01-04,2014-01-01,2014-01-01,SYN-DOC-001500,SYN-CLAIM-000501,SYN-CLAIM-000502,REJECTED,1,CHRONOLOGY_CONFLICT
SYN-MUT-001501,SYN-PARCEL-001501,SALE_TRANSFER,2016-02-02,2016-02-05,2016-03-02,2016-03-02,SYN-DOC-001501,SYN-CLAIM-000502,SYN-CLAIM-000503,SANCTIONED,2,MATCH
SYN-MUT-001502,SYN-PARCEL-001502,INHERITANCE_SUCCESSION,2017-03-03,2017-03-06,2017-04-03,2017-04-03,SYN-DOC-001502,SYN-CLAIM-000503,SYN-CLAIM-000504,SANCTIONED,3,MATCH
SYN-MUT-001503,SYN-PARCEL-001503,PARTITION,2018-04-04,2018-04-07,2018-05-04,2018-05-04,SYN-DOC-001503,SYN-CLAIM-000504,SYN-CLAIM-000505,SANCTIONED,1,MATCH
SYN-MUT-001504,SYN-PARCEL-001504,CONVERSION,2019-05-05,2019-05-08,2019-06-05,2019-06-05,SYN-DOC-001504,SYN-CLAIM-000505,SYN-CLAIM-000506,PENDING_OBJECTION,2,REVIEW_REQUIRED
SYN-MUT-001505,SYN-PARCEL-001505,MORTGAGE_CHARGE,2020-06-06,2020-06-09,2020-07-06,2020-07-06,SYN-DOC-001505,SYN-CLAIM-000506,SYN-CLAIM-000507,REJECTED,3,REVIEW_REQUIRED
SYN-MUT-001506,SYN-PARCEL-001506,RELEASE,2021-07-07,2021-07-10,2021-08-07,2021-08-07,SYN-DOC-001506,SYN-CLAIM-000507,SYN-CLAIM-000508,SANCTIONED,1,MATCH
SYN-MUT-001507,SYN-PARCEL-001507,SALE_TRANSFER,2022-08-08,2022-08-11,2022-09-08,2022-09-08,SYN-DOC-001507,SYN-CLAIM-000508,SYN-CLAIM-000509,SANCTIONED,2,MATCH
SYN-MUT-001508,SYN-PARCEL-001508,INHERITANCE_SUCCESSION,2023-09-09,2023-09-12,2023-10-09,2023-10-09,SYN-DOC-001508,SYN-CLAIM-000509,SYN-CLAIM-000510,SANCTIONED,3,MATCH
SYN-MUT-001509,SYN-PARCEL-001509,PARTITION,2024-10-10,2024-10-13,2024-11-10,2024-11-10,SYN-DOC-001509,SYN-CLAIM-000510,SYN-CLAIM-000511,PENDING_OBJECTION,1,REVIEW_REQUIRED
SYN-MUT-001510,SYN-PARCEL-001510,CONVERSION,2015-11-11,2015-11-14,2015-12-11,2015-12-11,SYN-DOC-001510,SYN-CLAIM-000511,SYN-CLAIM-000512,REJECTED,2,REVIEW_REQUIRED
SYN-MUT-001511,SYN-PARCEL-001511,MORTGAGE_CHARGE,2016-12-12,2016-12-15,2016-12-12,2016-12-12,SYN-DOC-001511,SYN-CLAIM-000512,SYN-CLAIM-000513,SANCTIONED,3,MATCH
SYN-MUT-001512,SYN-PARCEL-001512,RELEASE,2017-01-13,2017-01-16,2017-02-13,2017-02-13,SYN-DOC-001512,SYN-CLAIM-000513,SYN-CLAIM-000514,SANCTIONED,1,MATCH
SYN-MUT-001513,SYN-PARCEL-001513,SALE_TRANSFER,2018-02-14,2018-02-17,2018-03-14,2018-03-14,SYN-DOC-001513,SYN-CLAIM-000514,SYN-CLAIM-000515,SANCTIONED,2,MATCH
SYN-MUT-001514,SYN-PARCEL-001514,INHERITANCE_SUCCESSION,2019-03-15,2019-03-18,2019-04-15,2019-04-15,SYN-DOC-001514,SYN-CLAIM-000515,SYN-CLAIM-000516,PENDING_OBJECTION,3,REVIEW_REQUIRED
SYN-MUT-001515,SYN-PARCEL-001515,PARTITION,2020-04-16,2020-04-19,2020-05-16,2020-05-16,SYN-DOC-001515,SYN-CLAIM-000516,SYN-CLAIM-000517,REJECTED,1,REVIEW_REQUIRED
SYN-MUT-001516,SYN-PARCEL-001516,CONVERSION,2021-05-17,2021-05-20,2021-06-17,2021-06-17,SYN-DOC-001516,SYN-CLAIM-000517,SYN-CLAIM-000518,SANCTIONED,2,MATCH
SYN-MUT-001517,SYN-PARCEL-001517,MORTGAGE_CHARGE,2022-06-18,2022-06-21,2022-07-18,2022-07-18,SYN-DOC-001517,SYN-CLAIM-000518,SYN-CLAIM-000519,SANCTIONED,3,MATCH
SYN-MUT-001518,SYN-PARCEL-001518,RELEASE,2023-07-19,2023-07-22,2023-08-19,2023-08-19,SYN-DOC-001518,SYN-CLAIM-000519,SYN-CLAIM-000520,SANCTIONED,1,MATCH
SYN-MUT-001519,SYN-PARCEL-001519,SALE_TRANSFER,2024-08-20,2024-08-23,2024-09-20,2024-09-20,SYN-DOC-001519,SYN-CLAIM-000520,SYN-CLAIM-000521,PENDING_OBJECTION,2,REVIEW_REQUIRED
SYN-MUT-001520,SYN-PARCEL-001520,INHERITANCE_SUCCESSION,2015-09-01,2015-09-04,2015-10-01,2015-10-01,SYN-DOC-001520,SYN-CLAIM-000521,SYN-CLAIM-000522,REJECTED,3,REVIEW_REQUIRED
SYN-MUT-001521,SYN-PARCEL-001521,PARTITION,2016-10-02,2016-10-05,2016-11-02,2016-11-02,SYN-DOC-001521,SYN-CLAIM-000522,SYN-CLAIM-000523,SANCTIONED,1,MATCH
SYN-MUT-001522,SYN-PARCEL-001522,CONVERSION,2017-11-03,2017-11-06,2017-12-03,2017-12-03,SYN-DOC-001522,SYN-CLAIM-000523,SYN-CLAIM-000524,SANCTIONED,2,MATCH
SYN-MUT-001523,SYN-PARCEL-001523,MORTGAGE_CHARGE,2018-12-04,2018-12-07,2018-12-04,2018-12-04,SYN-DOC-001523,SYN-CLAIM-000524,SYN-CLAIM-000525,SANCTIONED,3,MATCH
SYN-MUT-001524,SYN-PARCEL-001524,RELEASE,2019-01-05,2019-01-08,2019-02-05,2019-02-05,SYN-DOC-001524,SYN-CLAIM-000525,SYN-CLAIM-000526,PENDING_OBJECTION,1,REVIEW_REQUIRED
SYN-MUT-001525,SYN-PARCEL-001525,SALE_TRANSFER,2020-02-06,2020-02-09,2020-03-06,2020-03-06,SYN-DOC-001525,SYN-CLAIM-000526,SYN-CLAIM-000527,REJECTED,2,REVIEW_REQUIRED
SYN-MUT-001526,SYN-PARCEL-001526,INHERITANCE_SUCCESSION,2021-03-07,2021-03-10,2021-04-07,2021-04-07,SYN-DOC-001526,SYN-CLAIM-000527,SYN-CLAIM-000528,SANCTIONED,3,MATCH
SYN-MUT-001527,SYN-PARCEL-001527,PARTITION,2022-04-08,2022-04-11,2022-05-08,2022-05-08,SYN-DOC-001527,SYN-CLAIM-000528,SYN-CLAIM-000529,SANCTIONED,1,MATCH
SYN-MUT-001528,SYN-PARCEL-001528,CONVERSION,2023-05-09,2023-05-12,2023-06-09,2023-06-09,SYN-DOC-001528,SYN-CLAIM-000529,SYN-CLAIM-000530,SANCTIONED,2,MATCH
SYN-MUT-001529,SYN-PARCEL-001529,MORTGAGE_CHARGE,2024-06-10,2024-06-13,2024-07-10,2024-07-10,SYN-DOC-001529,SYN-CLAIM-000530,SYN-CLAIM-000531,PENDING_OBJECTION,3,REVIEW_REQUIRED
SYN-MUT-001530,SYN-PARCEL-001530,RELEASE,2015-07-11,2015-07-14,2015-08-11,2015-08-11,SYN-DOC-001530,SYN-CLAIM-000531,SYN-CLAIM-000532,REJECTED,1,REVIEW_REQUIRED
SYN-MUT-001531,SYN-PARCEL-001531,SALE_TRANSFER,2016-08-12,2016-08-15,2016-09-12,2016-09-12,SYN-DOC-001531,SYN-CLAIM-000532,SYN-CLAIM-000533,SANCTIONED,2,MATCH
SYN-MUT-001532,SYN-PARCEL-001532,INHERITANCE_SUCCESSION,2017-09-13,2017-09-16,2017-10-13,2017-10-13,SYN-DOC-001532,SYN-CLAIM-000533,SYN-CLAIM-000534,SANCTIONED,3,MATCH
SYN-MUT-001533,SYN-PARCEL-001533,PARTITION,2018-10-14,2018-10-17,2018-11-14,2018-11-14,SYN-DOC-001533,SYN-CLAIM-000534,SYN-CLAIM-000535,SANCTIONED,1,MATCH
SYN-MUT-001534,SYN-PARCEL-001534,CONVERSION,2019-11-15,2019-11-18,2019-12-15,2019-12-15,SYN-DOC-001534,SYN-CLAIM-000535,SYN-CLAIM-000536,PENDING_OBJECTION,2,REVIEW_REQUIRED
SYN-MUT-001535,SYN-PARCEL-001535,MORTGAGE_CHARGE,2020-12-16,2020-12-19,2020-12-16,2020-12-16,SYN-DOC-001535,SYN-CLAIM-000536,SYN-CLAIM-000537,REJECTED,3,REVIEW_REQUIRED
SYN-MUT-001536,SYN-PARCEL-001536,RELEASE,2021-01-17,2021-01-20,2021-02-17,2021-02-17,SYN-DOC-001536,SYN-CLAIM-000537,SYN-CLAIM-000538,SANCTIONED,1,MATCH
SYN-MUT-001537,SYN-PARCEL-001537,SALE_TRANSFER,2022-02-18,2022-02-21,2022-03-18,2022-03-18,SYN-DOC-001537,SYN-CLAIM-000538,SYN-CLAIM-000539,SANCTIONED,2,MATCH
SYN-MUT-001538,SYN-PARCEL-001538,INHERITANCE_SUCCESSION,2023-03-19,2023-03-22,2023-04-19,2023-04-19,SYN-DOC-001538,SYN-CLAIM-000539,SYN-CLAIM-000540,SANCTIONED,3,MATCH
SYN-MUT-001539,SYN-PARCEL-001539,PARTITION,2024-04-20,2024-04-23,2024-05-20,2024-05-20,SYN-DOC-001539,SYN-CLAIM-000540,SYN-CLAIM-000541,PENDING_OBJECTION,1,REVIEW_REQUIRED
SYN-MUT-001540,SYN-PARCEL-001540,CONVERSION,2015-05-01,2015-05-04,2015-06-01,2015-06-01,SYN-DOC-001540,SYN-CLAIM-000541,SYN-CLAIM-000542,REJECTED,2,REVIEW_REQUIRED
SYN-MUT-001541,SYN-PARCEL-001541,MORTGAGE_CHARGE,2016-06-02,2016-06-05,2016-07-02,2016-07-02,SYN-DOC-001541,SYN-CLAIM-000542,SYN-CLAIM-000543,SANCTIONED,3,MATCH
SYN-MUT-001542,SYN-PARCEL-001542,RELEASE,2017-07-03,2017-07-06,2017-08-03,2017-08-03,SYN-DOC-001542,SYN-CLAIM-000543,SYN-CLAIM-000544,SANCTIONED,1,MATCH
SYN-MUT-001543,SYN-PARCEL-001543,SALE_TRANSFER,2018-08-04,2018-08-07,2018-09-04,2018-09-04,SYN-DOC-001543,SYN-CLAIM-000544,SYN-CLAIM-000545,SANCTIONED,2,MATCH
SYN-MUT-001544,SYN-PARCEL-001544,INHERITANCE_SUCCESSION,2019-09-05,2019-09-08,2019-10-05,2019-10-05,SYN-DOC-001544,SYN-CLAIM-000545,SYN-CLAIM-000546,PENDING_OBJECTION,3,REVIEW_REQUIRED
SYN-MUT-001545,SYN-PARCEL-001545,PARTITION,2020-10-06,2020-10-09,2020-11-06,2020-11-06,SYN-DOC-001545,SYN-CLAIM-000546,SYN-CLAIM-000547,REJECTED,1,REVIEW_REQUIRED
SYN-MUT-001546,SYN-PARCEL-001546,CONVERSION,2021-11-07,2021-11-10,2021-12-07,2021-12-07,SYN-DOC-001546,SYN-CLAIM-000547,SYN-CLAIM-000548,SANCTIONED,2,MATCH
SYN-MUT-001547,SYN-PARCEL-001547,MORTGAGE_CHARGE,2022-12-08,2022-12-11,2022-12-08,2022-12-08,SYN-DOC-001547,SYN-CLAIM-000548,SYN-CLAIM-000549,SANCTIONED,3,MATCH
SYN-MUT-001548,SYN-PARCEL-001548,RELEASE,2023-01-09,2023-01-12,2023-02-09,2023-02-09,SYN-DOC-001548,SYN-CLAIM-000549,SYN-CLAIM-000550,SANCTIONED,1,MATCH
SYN-MUT-001549,SYN-PARCEL-001549,SALE_TRANSFER,2024-02-10,2024-02-13,2024-03-10,2024-03-10,SYN-DOC-001549,SYN-CLAIM-000550,SYN-CLAIM-000551,PENDING_OBJECTION,2,REVIEW_REQUIRED
SYN-MUT-001550,SYN-PARCEL-001550,INHERITANCE_SUCCESSION,2015-03-11,2015-03-14,2015-04-11,2015-04-11,SYN-DOC-001550,SYN-CLAIM-000551,SYN-CLAIM-000552,REJECTED,3,REVIEW_REQUIRED
SYN-MUT-001551,SYN-PARCEL-001551,PARTITION,2016-04-12,2016-04-15,2016-05-12,2016-05-12,SYN-DOC-001551,SYN-CLAIM-000552,SYN-CLAIM-000553,SANCTIONED,1,MATCH
SYN-MUT-001552,SYN-PARCEL-001552,CONVERSION,2017-05-13,2017-05-16,2017-06-13,2017-06-13,SYN-DOC-001552,SYN-CLAIM-000553,SYN-CLAIM-000554,SANCTIONED,2,MATCH
SYN-MUT-001553,SYN-PARCEL-001553,MORTGAGE_CHARGE,2018-06-14,2018-06-17,2018-07-14,2018-07-14,SYN-DOC-001553,SYN-CLAIM-000554,SYN-CLAIM-000555,SANCTIONED,3,MATCH
SYN-MUT-001554,SYN-PARCEL-001554,RELEASE,2019-07-15,2019-07-18,2019-08-15,2019-08-15,SYN-DOC-001554,SYN-CLAIM-000555,SYN-CLAIM-000556,PENDING_OBJECTION,1,REVIEW_REQUIRED
SYN-MUT-001555,SYN-PARCEL-001555,SALE_TRANSFER,2020-08-16,2020-08-19,2020-09-16,2020-09-16,SYN-DOC-001555,SYN-CLAIM-000556,SYN-CLAIM-000557,REJECTED,2,REVIEW_REQUIRED
SYN-MUT-001556,SYN-PARCEL-001556,INHERITANCE_SUCCESSION,2021-09-17,2021-09-20,2021-10-17,2021-10-17,SYN-DOC-001556,SYN-CLAIM-000557,SYN-CLAIM-000558,SANCTIONED,3,MATCH
SYN-MUT-001557,SYN-PARCEL-001557,PARTITION,2022-10-18,2022-10-21,2022-11-18,2022-11-18,SYN-DOC-001557,SYN-CLAIM-000558,SYN-CLAIM-000559,SANCTIONED,1,MATCH
SYN-MUT-001558,SYN-PARCEL-001558,CONVERSION,2023-11-19,2023-11-22,2023-12-19,2023-12-19,SYN-DOC-001558,SYN-CLAIM-000559,SYN-CLAIM-000560,SANCTIONED,2,MATCH
SYN-MUT-001559,SYN-PARCEL-001559,MORTGAGE_CHARGE,2024-12-20,2024-12-23,2024-12-20,2024-12-20,SYN-DOC-001559,SYN-CLAIM-000560,SYN-CLAIM-000561,PENDING_OBJECTION,3,REVIEW_REQUIRED
SYN-MUT-001560,SYN-PARCEL-001560,RELEASE,2015-01-01,2015-01-04,2015-02-01,2015-02-01,SYN-DOC-001560,SYN-CLAIM-000561,SYN-CLAIM-000562,REJECTED,1,REVIEW_REQUIRED
SYN-MUT-001561,SYN-PARCEL-001561,SALE_TRANSFER,2016-02-02,2016-02-05,2016-03-02,2016-03-02,SYN-DOC-001561,SYN-CLAIM-000562,SYN-CLAIM-000563,SANCTIONED,2,MATCH
SYN-MUT-001562,SYN-PARCEL-001562,INHERITANCE_SUCCESSION,2017-03-03,2017-03-06,2017-04-03,2017-04-03,SYN-DOC-001562,SYN-CLAIM-000563,SYN-CLAIM-000564,SANCTIONED,3,MATCH
SYN-MUT-001563,SYN-PARCEL-001563,PARTITION,2018-04-04,2018-04-07,2018-05-04,2018-05-04,SYN-DOC-001563,SYN-CLAIM-000564,SYN-CLAIM-000565,SANCTIONED,1,MATCH
SYN-MUT-001564,SYN-PARCEL-001564,CONVERSION,2019-05-05,2019-05-08,2019-06-05,2019-06-05,SYN-DOC-001564,SYN-CLAIM-000565,SYN-CLAIM-000566,PENDING_OBJECTION,2,REVIEW_REQUIRED
SYN-MUT-001565,SYN-PARCEL-001565,MORTGAGE_CHARGE,2020-06-06,2020-06-09,2020-07-06,2020-07-06,SYN-DOC-001565,SYN-CLAIM-000566,SYN-CLAIM-000567,REJECTED,3,REVIEW_REQUIRED
SYN-MUT-001566,SYN-PARCEL-001566,RELEASE,2021-07-07,2021-07-10,2021-08-07,2021-08-07,SYN-DOC-001566,SYN-CLAIM-000567,SYN-CLAIM-000568,SANCTIONED,1,MATCH
SYN-MUT-001567,SYN-PARCEL-001567,SALE_TRANSFER,2022-08-08,2022-08-11,2022-09-08,2022-09-08,SYN-DOC-001567,SYN-CLAIM-000568,SYN-CLAIM-000569,SANCTIONED,2,MATCH
SYN-MUT-001568,SYN-PARCEL-001568,INHERITANCE_SUCCESSION,2023-09-09,2023-09-12,2023-10-09,2023-10-09,SYN-DOC-001568,SYN-CLAIM-000569,SYN-CLAIM-000570,SANCTIONED,3,MATCH
SYN-MUT-001569,SYN-PARCEL-001569,PARTITION,2024-10-10,2024-10-13,2024-11-10,2024-11-10,SYN-DOC-001569,SYN-CLAIM-000570,SYN-CLAIM-000571,PENDING_OBJECTION,1,REVIEW_REQUIRED
SYN-MUT-001570,SYN-PARCEL-001570,CONVERSION,2015-11-11,2015-11-14,2015-12-11,2015-12-11,SYN-DOC-001570,SYN-CLAIM-000571,SYN-CLAIM-000572,REJECTED,2,REVIEW_REQUIRED
SYN-MUT-001571,SYN-PARCEL-001571,MORTGAGE_CHARGE,2016-12-12,2016-12-15,2016-12-12,2016-12-12,SYN-DOC-001571,SYN-CLAIM-000572,SYN-CLAIM-000573,SANCTIONED,3,MATCH
SYN-MUT-001572,SYN-PARCEL-001572,RELEASE,2017-01-13,2017-01-16,2017-02-13,2017-02-13,SYN-DOC-001572,SYN-CLAIM-000573,SYN-CLAIM-000574,SANCTIONED,1,MATCH
SYN-MUT-001573,SYN-PARCEL-001573,SALE_TRANSFER,2018-02-14,2018-02-17,2018-03-14,2018-03-14,SYN-DOC-001573,SYN-CLAIM-000574,SYN-CLAIM-000575,SANCTIONED,2,MATCH
SYN-MUT-001574,SYN-PARCEL-001574,INHERITANCE_SUCCESSION,2019-03-15,2019-03-18,2019-04-15,2019-04-15,SYN-DOC-001574,SYN-CLAIM-000575,SYN-CLAIM-000576,PENDING_OBJECTION,3,REVIEW_REQUIRED
SYN-MUT-001575,SYN-PARCEL-001575,PARTITION,2020-04-16,2020-04-19,2020-05-16,2020-05-16,SYN-DOC-001575,SYN-CLAIM-000576,SYN-CLAIM-000577,REJECTED,1,REVIEW_REQUIRED
SYN-MUT-001576,SYN-PARCEL-001576,CONVERSION,2021-05-17,2021-05-20,2021-06-17,2021-06-17,SYN-DOC-001576,SYN-CLAIM-000577,SYN-CLAIM-000578,SANCTIONED,2,MATCH
SYN-MUT-001577,SYN-PARCEL-001577,MORTGAGE_CHARGE,2022-06-18,2022-06-21,2022-07-18,2022-07-18,SYN-DOC-001577,SYN-CLAIM-000578,SYN-CLAIM-000579,SANCTIONED,3,MATCH
SYN-MUT-001578,SYN-PARCEL-001578,RELEASE,2023-07-19,2023-07-22,2023-08-19,2023-08-19,SYN-DOC-001578,SYN-CLAIM-000579,SYN-CLAIM-000580,SANCTIONED,1,MATCH
SYN-MUT-001579,SYN-PARCEL-001579,SALE_TRANSFER,2024-08-20,2024-08-23,2024-09-20,2024-09-20,SYN-DOC-001579,SYN-CLAIM-000580,SYN-CLAIM-000581,PENDING_OBJECTION,2,REVIEW_REQUIRED
SYN-MUT-001580,SYN-PARCEL-001580,INHERITANCE_SUCCESSION,2015-09-01,2015-09-04,2015-10-01,2015-10-01,SYN-DOC-001580,SYN-CLAIM-000581,SYN-CLAIM-000582,REJECTED,3,REVIEW_REQUIRED
SYN-MUT-001581,SYN-PARCEL-001581,PARTITION,2016-10-02,2016-10-05,2016-11-02,2016-11-02,SYN-DOC-001581,SYN-CLAIM-000582,SYN-CLAIM-000583,SANCTIONED,1,MATCH
SYN-MUT-001582,SYN-PARCEL-001582,CONVERSION,2017-11-03,2017-11-06,2017-12-03,2017-12-03,SYN-DOC-001582,SYN-CLAIM-000583,SYN-CLAIM-000584,SANCTIONED,2,MATCH
SYN-MUT-001583,SYN-PARCEL-001583,MORTGAGE_CHARGE,2018-12-04,2018-12-07,2018-12-04,2018-12-04,SYN-DOC-001583,SYN-CLAIM-000584,SYN-CLAIM-000585,SANCTIONED,3,MATCH
SYN-MUT-001584,SYN-PARCEL-001584,RELEASE,2019-01-05,2019-01-08,2019-02-05,2019-02-05,SYN-DOC-001584,SYN-CLAIM-000585,SYN-CLAIM-000586,PENDING_OBJECTION,1,REVIEW_REQUIRED
SYN-MUT-001585,SYN-PARCEL-001585,SALE_TRANSFER,2020-02-06,2020-02-09,2020-03-06,2020-03-06,SYN-DOC-001585,SYN-CLAIM-000586,SYN-CLAIM-000587,REJECTED,2,REVIEW_REQUIRED
SYN-MUT-001586,SYN-PARCEL-001586,INHERITANCE_SUCCESSION,2021-03-07,2021-03-10,2021-04-07,2021-04-07,SYN-DOC-001586,SYN-CLAIM-000587,SYN-CLAIM-000588,SANCTIONED,3,MATCH
SYN-MUT-001587,SYN-PARCEL-001587,PARTITION,2022-04-08,2022-04-11,2022-05-08,2022-05-08,SYN-DOC-001587,SYN-CLAIM-000588,SYN-CLAIM-000589,SANCTIONED,1,MATCH
SYN-MUT-001588,SYN-PARCEL-001588,CONVERSION,2023-05-09,2023-05-12,2023-06-09,2023-06-09,SYN-DOC-001588,SYN-CLAIM-000589,SYN-CLAIM-000590,SANCTIONED,2,MATCH
SYN-MUT-001589,SYN-PARCEL-001589,MORTGAGE_CHARGE,2024-06-10,2024-06-13,2024-07-10,2024-07-10,SYN-DOC-001589,SYN-CLAIM-000590,SYN-CLAIM-000591,PENDING_OBJECTION,3,REVIEW_REQUIRED
SYN-MUT-001590,SYN-PARCEL-001590,RELEASE,2015-07-11,2015-07-14,2015-08-11,2015-08-11,SYN-DOC-001590,SYN-CLAIM-000591,SYN-CLAIM-000592,REJECTED,1,REVIEW_REQUIRED
SYN-MUT-001591,SYN-PARCEL-001591,SALE_TRANSFER,2016-08-12,2016-08-15,2016-09-12,2016-09-12,SYN-DOC-001591,SYN-CLAIM-000592,SYN-CLAIM-000593,SANCTIONED,2,MATCH
SYN-MUT-001592,SYN-PARCEL-001592,INHERITANCE_SUCCESSION,2017-09-13,2017-09-16,2017-10-13,2017-10-13,SYN-DOC-001592,SYN-CLAIM-000593,SYN-CLAIM-000594,SANCTIONED,3,MATCH
SYN-MUT-001593,SYN-PARCEL-001593,PARTITION,2018-10-14,2018-10-17,2018-11-14,2018-11-14,SYN-DOC-001593,SYN-CLAIM-000594,SYN-CLAIM-000595,SANCTIONED,1,MATCH
SYN-MUT-001594,SYN-PARCEL-001594,CONVERSION,2019-11-15,2019-11-18,2019-12-15,2019-12-15,SYN-DOC-001594,SYN-CLAIM-000595,SYN-CLAIM-000596,PENDING_OBJECTION,2,REVIEW_REQUIRED
SYN-MUT-001595,SYN-PARCEL-001595,MORTGAGE_CHARGE,2020-12-16,2020-12-19,2020-12-16,2020-12-16,SYN-DOC-001595,SYN-CLAIM-000596,SYN-CLAIM-000597,REJECTED,3,REVIEW_REQUIRED
SYN-MUT-001596,SYN-PARCEL-001596,RELEASE,2021-01-17,2021-01-20,2021-02-17,2021-02-17,SYN-DOC-001596,SYN-CLAIM-000597,SYN-CLAIM-000598,SANCTIONED,1,MATCH
SYN-MUT-001597,SYN-PARCEL-001597,SALE_TRANSFER,2022-02-18,2022-02-21,2022-03-18,2022-03-18,SYN-DOC-001597,SYN-CLAIM-000598,SYN-CLAIM-000599,SANCTIONED,2,MATCH
SYN-MUT-001598,SYN-PARCEL-001598,INHERITANCE_SUCCESSION,2023-03-19,2023-03-22,2023-04-19,2023-04-19,SYN-DOC-001598,SYN-CLAIM-000599,SYN-CLAIM-000600,SANCTIONED,3,MATCH
SYN-MUT-001599,SYN-PARCEL-001599,PARTITION,2024-04-20,2024-04-23,2024-05-20,2024-05-20,SYN-DOC-001599,SYN-CLAIM-000600,SYN-CLAIM-000601,PENDING_OBJECTION,1,REVIEW_REQUIRED
SYN-MUT-001600,SYN-PARCEL-001600,CONVERSION,2015-05-01,2015-05-04,2015-06-01,2015-06-01,SYN-DOC-001600,SYN-CLAIM-000601,SYN-CLAIM-000602,REJECTED,2,REVIEW_REQUIRED
SYN-MUT-001601,SYN-PARCEL-001601,MORTGAGE_CHARGE,2016-06-02,2016-06-05,2016-07-02,2016-07-02,SYN-DOC-001601,SYN-CLAIM-000602,SYN-CLAIM-000603,SANCTIONED,3,MATCH
SYN-MUT-001602,SYN-PARCEL-001602,RELEASE,2017-07-03,2017-07-06,2017-08-03,2017-08-03,SYN-DOC-001602,SYN-CLAIM-000603,SYN-CLAIM-000604,SANCTIONED,1,MATCH
SYN-MUT-001603,SYN-PARCEL-001603,SALE_TRANSFER,2018-08-04,2018-08-07,2018-09-04,2018-09-04,SYN-DOC-001603,SYN-CLAIM-000604,SYN-CLAIM-000605,SANCTIONED,2,MATCH
SYN-MUT-001604,SYN-PARCEL-001604,INHERITANCE_SUCCESSION,2019-09-05,2019-09-08,2019-10-05,2019-10-05,SYN-DOC-001604,SYN-CLAIM-000605,SYN-CLAIM-000606,PENDING_OBJECTION,3,REVIEW_REQUIRED
SYN-MUT-001605,SYN-PARCEL-001605,PARTITION,2020-10-06,2020-10-09,2020-11-06,2020-11-06,SYN-DOC-001605,SYN-CLAIM-000606,SYN-CLAIM-000607,REJECTED,1,REVIEW_REQUIRED
SYN-MUT-001606,SYN-PARCEL-001606,CONVERSION,2021-11-07,2021-11-10,2021-12-07,2021-12-07,SYN-DOC-001606,SYN-CLAIM-000607,SYN-CLAIM-000608,SANCTIONED,2,MATCH
SYN-MUT-001607,SYN-PARCEL-001607,MORTGAGE_CHARGE,2022-12-08,2022-12-11,2022-12-08,2022-12-08,SYN-DOC-001607,SYN-CLAIM-000608,SYN-CLAIM-000609,SANCTIONED,3,MATCH
SYN-MUT-001608,SYN-PARCEL-001608,RELEASE,2023-01-09,2023-01-12,2023-02-09,2023-02-09,SYN-DOC-001608,SYN-CLAIM-000609,SYN-CLAIM-000610,SANCTIONED,1,MATCH
SYN-MUT-001609,SYN-PARCEL-001609,SALE_TRANSFER,2024-02-10,2024-02-13,2024-03-10,2024-03-10,SYN-DOC-001609,SYN-CLAIM-000610,SYN-CLAIM-000611,PENDING_OBJECTION,2,REVIEW_REQUIRED
SYN-MUT-001610,SYN-PARCEL-001610,INHERITANCE_SUCCESSION,2015-03-11,2015-03-14,2015-04-11,2015-04-11,SYN-DOC-001610,SYN-CLAIM-000611,SYN-CLAIM-000612,REJECTED,3,REVIEW_REQUIRED
SYN-MUT-001611,SYN-PARCEL-001611,PARTITION,2016-04-12,2016-04-15,2016-05-12,2016-05-12,SYN-DOC-001611,SYN-CLAIM-000612,SYN-CLAIM-000613,SANCTIONED,1,MATCH
SYN-MUT-001612,SYN-PARCEL-001612,CONVERSION,2017-05-13,2017-05-16,2017-06-13,2017-06-13,SYN-DOC-001612,SYN-CLAIM-000613,SYN-CLAIM-000614,SANCTIONED,2,MATCH
SYN-MUT-001613,SYN-PARCEL-001613,MORTGAGE_CHARGE,2018-06-14,2018-06-17,2018-07-14,2018-07-14,SYN-DOC-001613,SYN-CLAIM-000614,SYN-CLAIM-000615,SANCTIONED,3,MATCH
SYN-MUT-001614,SYN-PARCEL-001614,RELEASE,2019-07-15,2019-07-18,2019-08-15,2019-08-15,SYN-DOC-001614,SYN-CLAIM-000615,SYN-CLAIM-000616,PENDING_OBJECTION,1,REVIEW_REQUIRED
SYN-MUT-001615,SYN-PARCEL-001615,SALE_TRANSFER,2020-08-16,2020-08-19,2020-09-16,2020-09-16,SYN-DOC-001615,SYN-CLAIM-000616,SYN-CLAIM-000617,REJECTED,2,REVIEW_REQUIRED
SYN-MUT-001616,SYN-PARCEL-001616,INHERITANCE_SUCCESSION,2021-09-17,2021-09-20,2021-10-17,2021-10-17,SYN-DOC-001616,SYN-CLAIM-000617,SYN-CLAIM-000618,SANCTIONED,3,MATCH
SYN-MUT-001617,SYN-PARCEL-001617,PARTITION,2022-10-18,2022-10-21,2022-11-18,2022-11-18,SYN-DOC-001617,SYN-CLAIM-000618,SYN-CLAIM-000619,SANCTIONED,1,MATCH
SYN-MUT-001618,SYN-PARCEL-001618,CONVERSION,2023-11-19,2023-11-22,2023-12-19,2023-12-19,SYN-DOC-001618,SYN-CLAIM-000619,SYN-CLAIM-000620,SANCTIONED,2,MATCH
SYN-MUT-001619,SYN-PARCEL-001619,MORTGAGE_CHARGE,2024-12-20,2024-12-23,2024-12-20,2024-12-20,SYN-DOC-001619,SYN-CLAIM-000620,SYN-CLAIM-000621,PENDING_OBJECTION,3,REVIEW_REQUIRED
SYN-MUT-001620,SYN-PARCEL-001620,RELEASE,2015-01-01,2015-01-04,2015-02-01,2015-02-01,SYN-DOC-001620,SYN-CLAIM-000621,SYN-CLAIM-000622,REJECTED,1,REVIEW_REQUIRED
SYN-MUT-001621,SYN-PARCEL-001621,SALE_TRANSFER,2016-02-02,2016-02-05,2016-03-02,2016-03-02,SYN-DOC-001621,SYN-CLAIM-000622,SYN-CLAIM-000623,SANCTIONED,2,MATCH
SYN-MUT-001622,SYN-PARCEL-001622,INHERITANCE_SUCCESSION,2017-03-03,2017-03-06,2017-04-03,2017-04-03,SYN-DOC-001622,SYN-CLAIM-000623,SYN-CLAIM-000624,SANCTIONED,3,MATCH
SYN-MUT-001623,SYN-PARCEL-001623,PARTITION,2018-04-04,2018-04-07,2018-05-04,2018-05-04,SYN-DOC-001623,SYN-CLAIM-000624,SYN-CLAIM-000625,SANCTIONED,1,MATCH
SYN-MUT-001624,SYN-PARCEL-001624,CONVERSION,2019-05-05,2019-05-08,2019-06-05,2019-06-05,SYN-DOC-001624,SYN-CLAIM-000625,SYN-CLAIM-000626,PENDING_OBJECTION,2,REVIEW_REQUIRED
SYN-MUT-001625,SYN-PARCEL-001625,MORTGAGE_CHARGE,2020-06-06,2020-06-09,2020-07-06,2020-07-06,SYN-DOC-001625,SYN-CLAIM-000626,SYN-CLAIM-000627,REJECTED,3,REVIEW_REQUIRED
SYN-MUT-001626,SYN-PARCEL-001626,RELEASE,2021-07-07,2021-07-10,2021-08-07,2021-08-07,SYN-DOC-001626,SYN-CLAIM-000627,SYN-CLAIM-000628,SANCTIONED,1,MATCH
SYN-MUT-001627,SYN-PARCEL-001627,SALE_TRANSFER,2022-08-08,2022-08-11,2022-09-08,2022-09-08,SYN-DOC-001627,SYN-CLAIM-000628,SYN-CLAIM-000629,SANCTIONED,2,MATCH
SYN-MUT-001628,SYN-PARCEL-001628,INHERITANCE_SUCCESSION,2023-09-09,2023-09-12,2023-10-09,2023-10-09,SYN-DOC-001628,SYN-CLAIM-000629,SYN-CLAIM-000630,SANCTIONED,3,MATCH
SYN-MUT-001629,SYN-PARCEL-001629,PARTITION,2024-10-10,2024-10-13,2024-11-10,2024-11-10,SYN-DOC-001629,SYN-CLAIM-000630,SYN-CLAIM-000631,PENDING_OBJECTION,1,REVIEW_REQUIRED
SYN-MUT-001630,SYN-PARCEL-001630,CONVERSION,2015-11-11,2015-11-14,2015-12-11,2015-12-11,SYN-DOC-001630,SYN-CLAIM-000631,SYN-CLAIM-000632,REJECTED,2,REVIEW_REQUIRED
SYN-MUT-001631,SYN-PARCEL-001631,MORTGAGE_CHARGE,2016-12-12,2016-12-15,2016-12-12,2016-12-12,SYN-DOC-001631,SYN-CLAIM-000632,SYN-CLAIM-000633,SANCTIONED,3,MATCH
SYN-MUT-001632,SYN-PARCEL-001632,RELEASE,2017-01-13,2017-01-16,2017-02-13,2017-02-13,SYN-DOC-001632,SYN-CLAIM-000633,SYN-CLAIM-000634,SANCTIONED,1,MATCH
SYN-MUT-001633,SYN-PARCEL-001633,SALE_TRANSFER,2018-02-14,2018-02-17,2018-03-14,2018-03-14,SYN-DOC-001633,SYN-CLAIM-000634,SYN-CLAIM-000635,SANCTIONED,2,MATCH
SYN-MUT-001634,SYN-PARCEL-001634,INHERITANCE_SUCCESSION,2019-03-15,2019-03-18,2019-04-15,2019-04-15,SYN-DOC-001634,SYN-CLAIM-000635,SYN-CLAIM-000636,PENDING_OBJECTION,3,REVIEW_REQUIRED
SYN-MUT-001635,SYN-PARCEL-001635,PARTITION,2020-04-16,2020-04-19,2020-05-16,2020-05-16,SYN-DOC-001635,SYN-CLAIM-000636,SYN-CLAIM-000637,REJECTED,1,REVIEW_REQUIRED
SYN-MUT-001636,SYN-PARCEL-001636,CONVERSION,2021-05-17,2021-05-20,2021-06-17,2021-06-17,SYN-DOC-001636,SYN-CLAIM-000637,SYN-CLAIM-000638,SANCTIONED,2,MATCH
SYN-MUT-001637,SYN-PARCEL-001637,MORTGAGE_CHARGE,2022-06-18,2022-06-21,2022-07-18,2022-07-18,SYN-DOC-001637,SYN-CLAIM-000638,SYN-CLAIM-000639,SANCTIONED,3,MATCH
SYN-MUT-001638,SYN-PARCEL-001638,RELEASE,2023-07-19,2023-07-22,2023-08-19,2023-08-19,SYN-DOC-001638,SYN-CLAIM-000639,SYN-CLAIM-000640,SANCTIONED,1,MATCH
SYN-MUT-001639,SYN-PARCEL-001639,SALE_TRANSFER,2024-08-20,2024-08-23,2024-09-20,2024-09-20,SYN-DOC-001639,SYN-CLAIM-000640,SYN-CLAIM-000641,PENDING_OBJECTION,2,REVIEW_REQUIRED
SYN-MUT-001640,SYN-PARCEL-001640,INHERITANCE_SUCCESSION,2015-09-01,2015-09-04,2015-10-01,2015-10-01,SYN-DOC-001640,SYN-CLAIM-000641,SYN-CLAIM-000642,REJECTED,3,REVIEW_REQUIRED
SYN-MUT-001641,SYN-PARCEL-001641,PARTITION,2016-10-02,2016-10-05,2016-11-02,2016-11-02,SYN-DOC-001641,SYN-CLAIM-000642,SYN-CLAIM-000643,SANCTIONED,1,MATCH
SYN-MUT-001642,SYN-PARCEL-001642,CONVERSION,2017-11-03,2017-11-06,2017-12-03,2017-12-03,SYN-DOC-001642,SYN-CLAIM-000643,SYN-CLAIM-000644,SANCTIONED,2,MATCH
SYN-MUT-001643,SYN-PARCEL-001643,MORTGAGE_CHARGE,2018-12-04,2018-12-07,2018-12-04,2018-12-04,SYN-DOC-001643,SYN-CLAIM-000644,SYN-CLAIM-000645,SANCTIONED,3,MATCH
SYN-MUT-001644,SYN-PARCEL-001644,RELEASE,2019-01-05,2019-01-08,2019-02-05,2019-02-05,SYN-DOC-001644,SYN-CLAIM-000645,SYN-CLAIM-000646,PENDING_OBJECTION,1,REVIEW_REQUIRED
SYN-MUT-001645,SYN-PARCEL-001645,SALE_TRANSFER,2020-02-06,2020-02-09,2020-03-06,2020-03-06,SYN-DOC-001645,SYN-CLAIM-000646,SYN-CLAIM-000647,REJECTED,2,REVIEW_REQUIRED
SYN-MUT-001646,SYN-PARCEL-001646,INHERITANCE_SUCCESSION,2021-03-07,2021-03-10,2021-04-07,2021-04-07,SYN-DOC-001646,SYN-CLAIM-000647,SYN-CLAIM-000648,SANCTIONED,3,MATCH
SYN-MUT-001647,SYN-PARCEL-001647,PARTITION,2022-04-08,2022-04-11,2022-05-08,2022-05-08,SYN-DOC-001647,SYN-CLAIM-000648,SYN-CLAIM-000649,SANCTIONED,1,MATCH
SYN-MUT-001648,SYN-PARCEL-001648,CONVERSION,2023-05-09,2023-05-12,2023-06-09,2023-06-09,SYN-DOC-001648,SYN-CLAIM-000649,SYN-CLAIM-000650,SANCTIONED,2,MATCH
SYN-MUT-001649,SYN-PARCEL-001649,MORTGAGE_CHARGE,2024-06-10,2024-06-13,2024-07-10,2024-07-10,SYN-DOC-001649,SYN-CLAIM-000650,SYN-CLAIM-000651,PENDING_OBJECTION,3,REVIEW_REQUIRED
SYN-MUT-001650,SYN-PARCEL-001650,RELEASE,2015-07-11,2015-07-14,2014-07-11,2014-07-11,SYN-DOC-001650,SYN-CLAIM-000651,SYN-CLAIM-000652,REJECTED,1,CHRONOLOGY_CONFLICT
SYN-MUT-001651,SYN-PARCEL-001651,SALE_TRANSFER,2016-08-12,2016-08-15,2016-09-12,2016-09-12,SYN-DOC-001651,SYN-CLAIM-000652,SYN-CLAIM-000653,SANCTIONED,2,MATCH
SYN-MUT-001652,SYN-PARCEL-001652,INHERITANCE_SUCCESSION,2017-09-13,2017-09-16,2017-10-13,2017-10-13,SYN-DOC-001652,SYN-CLAIM-000653,SYN-CLAIM-000654,SANCTIONED,3,MATCH
SYN-MUT-001653,SYN-PARCEL-001653,PARTITION,2018-10-14,2018-10-17,2018-11-14,2018-11-14,SYN-DOC-001653,SYN-CLAIM-000654,SYN-CLAIM-000655,SANCTIONED,1,MATCH
SYN-MUT-001654,SYN-PARCEL-001654,CONVERSION,2019-11-15,2019-11-18,2019-12-15,2019-12-15,SYN-DOC-001654,SYN-CLAIM-000655,SYN-CLAIM-000656,PENDING_OBJECTION,2,REVIEW_REQUIRED
SYN-MUT-001655,SYN-PARCEL-001655,MORTGAGE_CHARGE,2020-12-16,2020-12-19,2020-12-16,2020-12-16,SYN-DOC-001655,SYN-CLAIM-000656,SYN-CLAIM-000657,REJECTED,3,REVIEW_REQUIRED
SYN-MUT-001656,SYN-PARCEL-001656,RELEASE,2021-01-17,2021-01-20,2021-02-17,2021-02-17,SYN-DOC-001656,SYN-CLAIM-000657,SYN-CLAIM-000658,SANCTIONED,1,MATCH
SYN-MUT-001657,SYN-PARCEL-001657,SALE_TRANSFER,2022-02-18,2022-02-21,2022-03-18,2022-03-18,SYN-DOC-001657,SYN-CLAIM-000658,SYN-CLAIM-000659,SANCTIONED,2,MATCH
SYN-MUT-001658,SYN-PARCEL-001658,INHERITANCE_SUCCESSION,2023-03-19,2023-03-22,2023-04-19,2023-04-19,SYN-DOC-001658,SYN-CLAIM-000659,SYN-CLAIM-000660,SANCTIONED,3,MATCH
SYN-MUT-001659,SYN-PARCEL-001659,PARTITION,2024-04-20,2024-04-23,2024-05-20,2024-05-20,SYN-DOC-001659,SYN-CLAIM-000660,SYN-CLAIM-000661,PENDING_OBJECTION,1,REVIEW_REQUIRED
SYN-MUT-001660,SYN-PARCEL-001660,CONVERSION,2015-05-01,2015-05-04,2015-06-01,2015-06-01,SYN-DOC-001660,SYN-CLAIM-000661,SYN-CLAIM-000662,REJECTED,2,REVIEW_REQUIRED
SYN-MUT-001661,SYN-PARCEL-001661,MORTGAGE_CHARGE,2016-06-02,2016-06-05,2016-07-02,2016-07-02,SYN-DOC-001661,SYN-CLAIM-000662,SYN-CLAIM-000663,SANCTIONED,3,MATCH
SYN-MUT-001662,SYN-PARCEL-001662,RELEASE,2017-07-03,2017-07-06,2017-08-03,2017-08-03,SYN-DOC-001662,SYN-CLAIM-000663,SYN-CLAIM-000664,SANCTIONED,1,MATCH
SYN-MUT-001663,SYN-PARCEL-001663,SALE_TRANSFER,2018-08-04,2018-08-07,2018-09-04,2018-09-04,SYN-DOC-001663,SYN-CLAIM-000664,SYN-CLAIM-000665,SANCTIONED,2,MATCH
SYN-MUT-001664,SYN-PARCEL-001664,INHERITANCE_SUCCESSION,2019-09-05,2019-09-08,2019-10-05,2019-10-05,SYN-DOC-001664,SYN-CLAIM-000665,SYN-CLAIM-000666,PENDING_OBJECTION,3,REVIEW_REQUIRED
SYN-MUT-001665,SYN-PARCEL-001665,PARTITION,2020-10-06,2020-10-09,2020-11-06,2020-11-06,SYN-DOC-001665,SYN-CLAIM-000666,SYN-CLAIM-000667,REJECTED,1,REVIEW_REQUIRED
SYN-MUT-001666,SYN-PARCEL-001666,CONVERSION,2021-11-07,2021-11-10,2021-12-07,2021-12-07,SYN-DOC-001666,SYN-CLAIM-000667,SYN-CLAIM-000668,SANCTIONED,2,MATCH
SYN-MUT-001667,SYN-PARCEL-001667,MORTGAGE_CHARGE,2022-12-08,2022-12-11,2022-12-08,2022-12-08,SYN-DOC-001667,SYN-CLAIM-000668,SYN-CLAIM-000669,SANCTIONED,3,MATCH
SYN-MUT-001668,SYN-PARCEL-001668,RELEASE,2023-01-09,2023-01-12,2023-02-09,2023-02-09,SYN-DOC-001668,SYN-CLAIM-000669,SYN-CLAIM-000670,SANCTIONED,1,MATCH
SYN-MUT-001669,SYN-PARCEL-001669,SALE_TRANSFER,2024-02-10,2024-02-13,2024-03-10,2024-03-10,SYN-DOC-001669,SYN-CLAIM-000670,SYN-CLAIM-000671,PENDING_OBJECTION,2,REVIEW_REQUIRED
SYN-MUT-001670,SYN-PARCEL-001670,INHERITANCE_SUCCESSION,2015-03-11,2015-03-14,2015-04-11,2015-04-11,SYN-DOC-001670,SYN-CLAIM-000671,SYN-CLAIM-000672,REJECTED,3,REVIEW_REQUIRED
SYN-MUT-001671,SYN-PARCEL-001671,PARTITION,2016-04-12,2016-04-15,2016-05-12,2016-05-12,SYN-DOC-001671,SYN-CLAIM-000672,SYN-CLAIM-000673,SANCTIONED,1,MATCH
SYN-MUT-001672,SYN-PARCEL-001672,CONVERSION,2017-05-13,2017-05-16,2017-06-13,2017-06-13,SYN-DOC-001672,SYN-CLAIM-000673,SYN-CLAIM-000674,SANCTIONED,2,MATCH
SYN-MUT-001673,SYN-PARCEL-001673,MORTGAGE_CHARGE,2018-06-14,2018-06-17,2018-07-14,2018-07-14,SYN-DOC-001673,SYN-CLAIM-000674,SYN-CLAIM-000675,SANCTIONED,3,MATCH
SYN-MUT-001674,SYN-PARCEL-001674,RELEASE,2019-07-15,2019-07-18,2019-08-15,2019-08-15,SYN-DOC-001674,SYN-CLAIM-000675,SYN-CLAIM-000676,PENDING_OBJECTION,1,REVIEW_REQUIRED
SYN-MUT-001675,SYN-PARCEL-001675,SALE_TRANSFER,2020-08-16,2020-08-19,2020-09-16,2020-09-16,SYN-DOC-001675,SYN-CLAIM-000676,SYN-CLAIM-000677,REJECTED,2,REVIEW_REQUIRED
SYN-MUT-001676,SYN-PARCEL-001676,INHERITANCE_SUCCESSION,2021-09-17,2021-09-20,2021-10-17,2021-10-17,SYN-DOC-001676,SYN-CLAIM-000677,SYN-CLAIM-000678,SANCTIONED,3,MATCH
SYN-MUT-001677,SYN-PARCEL-001677,PARTITION,2022-10-18,2022-10-21,2022-11-18,2022-11-18,SYN-DOC-001677,SYN-CLAIM-000678,SYN-CLAIM-000679,SANCTIONED,1,MATCH
SYN-MUT-001678,SYN-PARCEL-001678,CONVERSION,2023-11-19,2023-11-22,2023-12-19,2023-12-19,SYN-DOC-001678,SYN-CLAIM-000679,SYN-CLAIM-000680,SANCTIONED,2,MATCH
SYN-MUT-001679,SYN-PARCEL-001679,MORTGAGE_CHARGE,2024-12-20,2024-12-23,2024-12-20,2024-12-20,SYN-DOC-001679,SYN-CLAIM-000680,SYN-CLAIM-000681,PENDING_OBJECTION,3,REVIEW_REQUIRED
SYN-MUT-001680,SYN-PARCEL-001680,RELEASE,2015-01-01,2015-01-04,2015-02-01,2015-02-01,SYN-DOC-001680,SYN-CLAIM-000681,SYN-CLAIM-000682,REJECTED,1,REVIEW_REQUIRED
SYN-MUT-001681,SYN-PARCEL-001681,SALE_TRANSFER,2016-02-02,2016-02-05,2016-03-02,2016-03-02,SYN-DOC-001681,SYN-CLAIM-000682,SYN-CLAIM-000683,SANCTIONED,2,MATCH
SYN-MUT-001682,SYN-PARCEL-001682,INHERITANCE_SUCCESSION,2017-03-03,2017-03-06,2017-04-03,2017-04-03,SYN-DOC-001682,SYN-CLAIM-000683,SYN-CLAIM-000684,SANCTIONED,3,MATCH
SYN-MUT-001683,SYN-PARCEL-001683,PARTITION,2018-04-04,2018-04-07,2018-05-04,2018-05-04,SYN-DOC-001683,SYN-CLAIM-000684,SYN-CLAIM-000685,SANCTIONED,1,MATCH
SYN-MUT-001684,SYN-PARCEL-001684,CONVERSION,2019-05-05,2019-05-08,2019-06-05,2019-06-05,SYN-DOC-001684,SYN-CLAIM-000685,SYN-CLAIM-000686,PENDING_OBJECTION,2,REVIEW_REQUIRED
SYN-MUT-001685,SYN-PARCEL-001685,MORTGAGE_CHARGE,2020-06-06,2020-06-09,2020-07-06,2020-07-06,SYN-DOC-001685,SYN-CLAIM-000686,SYN-CLAIM-000687,REJECTED,3,REVIEW_REQUIRED
SYN-MUT-001686,SYN-PARCEL-001686,RELEASE,2021-07-07,2021-07-10,2021-08-07,2021-08-07,SYN-DOC-001686,SYN-CLAIM-000687,SYN-CLAIM-000688,SANCTIONED,1,MATCH
SYN-MUT-001687,SYN-PARCEL-001687,SALE_TRANSFER,2022-08-08,2022-08-11,2022-09-08,2022-09-08,SYN-DOC-001687,SYN-CLAIM-000688,SYN-CLAIM-000689,SANCTIONED,2,MATCH
SYN-MUT-001688,SYN-PARCEL-001688,INHERITANCE_SUCCESSION,2023-09-09,2023-09-12,2023-10-09,2023-10-09,SYN-DOC-001688,SYN-CLAIM-000689,SYN-CLAIM-000690,SANCTIONED,3,MATCH
SYN-MUT-001689,SYN-PARCEL-001689,PARTITION,2024-10-10,2024-10-13,2024-11-10,2024-11-10,SYN-DOC-001689,SYN-CLAIM-000690,SYN-CLAIM-000691,PENDING_OBJECTION,1,REVIEW_REQUIRED
SYN-MUT-001690,SYN-PARCEL-001690,CONVERSION,2015-11-11,2015-11-14,2015-12-11,2015-12-11,SYN-DOC-001690,SYN-CLAIM-000691,SYN-CLAIM-000692,REJECTED,2,REVIEW_REQUIRED
SYN-MUT-001691,SYN-PARCEL-001691,MORTGAGE_CHARGE,2016-12-12,2016-12-15,2016-12-12,2016-12-12,SYN-DOC-001691,SYN-CLAIM-000692,SYN-CLAIM-000693,SANCTIONED,3,MATCH
SYN-MUT-001692,SYN-PARCEL-001692,RELEASE,2017-01-13,2017-01-16,2017-02-13,2017-02-13,SYN-DOC-001692,SYN-CLAIM-000693,SYN-CLAIM-000694,SANCTIONED,1,MATCH
SYN-MUT-001693,SYN-PARCEL-001693,SALE_TRANSFER,2018-02-14,2018-02-17,2018-03-14,2018-03-14,SYN-DOC-001693,SYN-CLAIM-000694,SYN-CLAIM-000695,SANCTIONED,2,MATCH
SYN-MUT-001694,SYN-PARCEL-001694,INHERITANCE_SUCCESSION,2019-03-15,2019-03-18,2019-04-15,2019-04-15,SYN-DOC-001694,SYN-CLAIM-000695,SYN-CLAIM-000696,PENDING_OBJECTION,3,REVIEW_REQUIRED
SYN-MUT-001695,SYN-PARCEL-001695,PARTITION,2020-04-16,2020-04-19,2020-05-16,2020-05-16,SYN-DOC-001695,SYN-CLAIM-000696,SYN-CLAIM-000697,REJECTED,1,REVIEW_REQUIRED
SYN-MUT-001696,SYN-PARCEL-001696,CONVERSION,2021-05-17,2021-05-20,2021-06-17,2021-06-17,SYN-DOC-001696,SYN-CLAIM-000697,SYN-CLAIM-000698,SANCTIONED,2,MATCH
SYN-MUT-001697,SYN-PARCEL-001697,MORTGAGE_CHARGE,2022-06-18,2022-06-21,2022-07-18,2022-07-18,SYN-DOC-001697,SYN-CLAIM-000698,SYN-CLAIM-000699,SANCTIONED,3,MATCH
SYN-MUT-001698,SYN-PARCEL-001698,RELEASE,2023-07-19,2023-07-22,2023-08-19,2023-08-19,SYN-DOC-001698,SYN-CLAIM-000699,SYN-CLAIM-000700,SANCTIONED,1,MATCH
SYN-MUT-001699,SYN-PARCEL-001699,SALE_TRANSFER,2024-08-20,2024-08-23,2024-09-20,2024-09-20,SYN-DOC-001699,SYN-CLAIM-000700,SYN-CLAIM-000701,PENDING_OBJECTION,2,REVIEW_REQUIRED
SYN-MUT-001700,SYN-PARCEL-001700,INHERITANCE_SUCCESSION,2015-09-01,2015-09-04,2015-10-01,2015-10-01,SYN-DOC-001700,SYN-CLAIM-000701,SYN-CLAIM-000702,REJECTED,3,REVIEW_REQUIRED
SYN-MUT-001701,SYN-PARCEL-001701,PARTITION,2016-10-02,2016-10-05,2016-11-02,2016-11-02,SYN-DOC-001701,SYN-CLAIM-000702,SYN-CLAIM-000703,SANCTIONED,1,MATCH
SYN-MUT-001702,SYN-PARCEL-001702,CONVERSION,2017-11-03,2017-11-06,2017-12-03,2017-12-03,SYN-DOC-001702,SYN-CLAIM-000703,SYN-CLAIM-000704,SANCTIONED,2,MATCH
SYN-MUT-001703,SYN-PARCEL-001703,MORTGAGE_CHARGE,2018-12-04,2018-12-07,2018-12-04,2018-12-04,SYN-DOC-001703,SYN-CLAIM-000704,SYN-CLAIM-000705,SANCTIONED,3,MATCH
SYN-MUT-001704,SYN-PARCEL-001704,RELEASE,2019-01-05,2019-01-08,2019-02-05,2019-02-05,SYN-DOC-001704,SYN-CLAIM-000705,SYN-CLAIM-000706,PENDING_OBJECTION,1,REVIEW_REQUIRED
SYN-MUT-001705,SYN-PARCEL-001705,SALE_TRANSFER,2020-02-06,2020-02-09,2020-03-06,2020-03-06,SYN-DOC-001705,SYN-CLAIM-000706,SYN-CLAIM-000707,REJECTED,2,REVIEW_REQUIRED
SYN-MUT-001706,SYN-PARCEL-001706,INHERITANCE_SUCCESSION,2021-03-07,2021-03-10,2021-04-07,2021-04-07,SYN-DOC-001706,SYN-CLAIM-000707,SYN-CLAIM-000708,SANCTIONED,3,MATCH
SYN-MUT-001707,SYN-PARCEL-001707,PARTITION,2022-04-08,2022-04-11,2022-05-08,2022-05-08,SYN-DOC-001707,SYN-CLAIM-000708,SYN-CLAIM-000709,SANCTIONED,1,MATCH
SYN-MUT-001708,SYN-PARCEL-001708,CONVERSION,2023-05-09,2023-05-12,2023-06-09,2023-06-09,SYN-DOC-001708,SYN-CLAIM-000709,SYN-CLAIM-000710,SANCTIONED,2,MATCH
SYN-MUT-001709,SYN-PARCEL-001709,MORTGAGE_CHARGE,2024-06-10,2024-06-13,2024-07-10,2024-07-10,SYN-DOC-001709,SYN-CLAIM-000710,SYN-CLAIM-000711,PENDING_OBJECTION,3,REVIEW_REQUIRED
SYN-MUT-001710,SYN-PARCEL-001710,RELEASE,2015-07-11,2015-07-14,2015-08-11,2015-08-11,SYN-DOC-001710,SYN-CLAIM-000711,SYN-CLAIM-000712,REJECTED,1,REVIEW_REQUIRED
SYN-MUT-001711,SYN-PARCEL-001711,SALE_TRANSFER,2016-08-12,2016-08-15,2016-09-12,2016-09-12,SYN-DOC-001711,SYN-CLAIM-000712,SYN-CLAIM-000713,SANCTIONED,2,MATCH
SYN-MUT-001712,SYN-PARCEL-001712,INHERITANCE_SUCCESSION,2017-09-13,2017-09-16,2017-10-13,2017-10-13,SYN-DOC-001712,SYN-CLAIM-000713,SYN-CLAIM-000714,SANCTIONED,3,MATCH
SYN-MUT-001713,SYN-PARCEL-001713,PARTITION,2018-10-14,2018-10-17,2018-11-14,2018-11-14,SYN-DOC-001713,SYN-CLAIM-000714,SYN-CLAIM-000715,SANCTIONED,1,MATCH
SYN-MUT-001714,SYN-PARCEL-001714,CONVERSION,2019-11-15,2019-11-18,2019-12-15,2019-12-15,SYN-DOC-001714,SYN-CLAIM-000715,SYN-CLAIM-000716,PENDING_OBJECTION,2,REVIEW_REQUIRED
SYN-MUT-001715,SYN-PARCEL-001715,MORTGAGE_CHARGE,2020-12-16,2020-12-19,2020-12-16,2020-12-16,SYN-DOC-001715,SYN-CLAIM-000716,SYN-CLAIM-000717,REJECTED,3,REVIEW_REQUIRED
SYN-MUT-001716,SYN-PARCEL-001716,RELEASE,2021-01-17,2021-01-20,2021-02-17,2021-02-17,SYN-DOC-001716,SYN-CLAIM-000717,SYN-CLAIM-000718,SANCTIONED,1,MATCH
SYN-MUT-001717,SYN-PARCEL-001717,SALE_TRANSFER,2022-02-18,2022-02-21,2022-03-18,2022-03-18,SYN-DOC-001717,SYN-CLAIM-000718,SYN-CLAIM-000719,SANCTIONED,2,MATCH
SYN-MUT-001718,SYN-PARCEL-001718,INHERITANCE_SUCCESSION,2023-03-19,2023-03-22,2023-04-19,2023-04-19,SYN-DOC-001718,SYN-CLAIM-000719,SYN-CLAIM-000720,SANCTIONED,3,MATCH
SYN-MUT-001719,SYN-PARCEL-001719,PARTITION,2024-04-20,2024-04-23,2024-05-20,2024-05-20,SYN-DOC-001719,SYN-CLAIM-000720,SYN-CLAIM-000721,PENDING_OBJECTION,1,REVIEW_REQUIRED
SYN-MUT-001720,SYN-PARCEL-001720,CONVERSION,2015-05-01,2015-05-04,2015-06-01,2015-06-01,SYN-DOC-001720,SYN-CLAIM-000721,SYN-CLAIM-000722,REJECTED,2,REVIEW_REQUIRED
SYN-MUT-001721,SYN-PARCEL-001721,MORTGAGE_CHARGE,2016-06-02,2016-06-05,2016-07-02,2016-07-02,SYN-DOC-001721,SYN-CLAIM-000722,SYN-CLAIM-000723,SANCTIONED,3,MATCH
SYN-MUT-001722,SYN-PARCEL-001722,RELEASE,2017-07-03,2017-07-06,2017-08-03,2017-08-03,SYN-DOC-001722,SYN-CLAIM-000723,SYN-CLAIM-000724,SANCTIONED,1,MATCH
SYN-MUT-001723,SYN-PARCEL-001723,SALE_TRANSFER,2018-08-04,2018-08-07,2018-09-04,2018-09-04,SYN-DOC-001723,SYN-CLAIM-000724,SYN-CLAIM-000725,SANCTIONED,2,MATCH
SYN-MUT-001724,SYN-PARCEL-001724,INHERITANCE_SUCCESSION,2019-09-05,2019-09-08,2019-10-05,2019-10-05,SYN-DOC-001724,SYN-CLAIM-000725,SYN-CLAIM-000726,PENDING_OBJECTION,3,REVIEW_REQUIRED
SYN-MUT-001725,SYN-PARCEL-001725,PARTITION,2020-10-06,2020-10-09,2020-11-06,2020-11-06,SYN-DOC-001725,SYN-CLAIM-000726,SYN-CLAIM-000727,REJECTED,1,REVIEW_REQUIRED
SYN-MUT-001726,SYN-PARCEL-001726,CONVERSION,2021-11-07,2021-11-10,2021-12-07,2021-12-07,SYN-DOC-001726,SYN-CLAIM-000727,SYN-CLAIM-000728,SANCTIONED,2,MATCH
SYN-MUT-001727,SYN-PARCEL-001727,MORTGAGE_CHARGE,2022-12-08,2022-12-11,2022-12-08,2022-12-08,SYN-DOC-001727,SYN-CLAIM-000728,SYN-CLAIM-000729,SANCTIONED,3,MATCH
SYN-MUT-001728,SYN-PARCEL-001728,RELEASE,2023-01-09,2023-01-12,2023-02-09,2023-02-09,SYN-DOC-001728,SYN-CLAIM-000729,SYN-CLAIM-000730,SANCTIONED,1,MATCH
SYN-MUT-001729,SYN-PARCEL-001729,SALE_TRANSFER,2024-02-10,2024-02-13,2024-03-10,2024-03-10,SYN-DOC-001729,SYN-CLAIM-000730,SYN-CLAIM-000731,PENDING_OBJECTION,2,REVIEW_REQUIRED
SYN-MUT-001730,SYN-PARCEL-001730,INHERITANCE_SUCCESSION,2015-03-11,2015-03-14,2015-04-11,2015-04-11,SYN-DOC-001730,SYN-CLAIM-000731,SYN-CLAIM-000732,REJECTED,3,REVIEW_REQUIRED
SYN-MUT-001731,SYN-PARCEL-001731,PARTITION,2016-04-12,2016-04-15,2016-05-12,2016-05-12,SYN-DOC-001731,SYN-CLAIM-000732,SYN-CLAIM-000733,SANCTIONED,1,MATCH
SYN-MUT-001732,SYN-PARCEL-001732,CONVERSION,2017-05-13,2017-05-16,2017-06-13,2017-06-13,SYN-DOC-001732,SYN-CLAIM-000733,SYN-CLAIM-000734,SANCTIONED,2,MATCH
SYN-MUT-001733,SYN-PARCEL-001733,MORTGAGE_CHARGE,2018-06-14,2018-06-17,2018-07-14,2018-07-14,SYN-DOC-001733,SYN-CLAIM-000734,SYN-CLAIM-000735,SANCTIONED,3,MATCH
SYN-MUT-001734,SYN-PARCEL-001734,RELEASE,2019-07-15,2019-07-18,2019-08-15,2019-08-15,SYN-DOC-001734,SYN-CLAIM-000735,SYN-CLAIM-000736,PENDING_OBJECTION,1,REVIEW_REQUIRED
SYN-MUT-001735,SYN-PARCEL-001735,SALE_TRANSFER,2020-08-16,2020-08-19,2020-09-16,2020-09-16,SYN-DOC-001735,SYN-CLAIM-000736,SYN-CLAIM-000737,REJECTED,2,REVIEW_REQUIRED
SYN-MUT-001736,SYN-PARCEL-001736,INHERITANCE_SUCCESSION,2021-09-17,2021-09-20,2021-10-17,2021-10-17,SYN-DOC-001736,SYN-CLAIM-000737,SYN-CLAIM-000738,SANCTIONED,3,MATCH
SYN-MUT-001737,SYN-PARCEL-001737,PARTITION,2022-10-18,2022-10-21,2022-11-18,2022-11-18,SYN-DOC-001737,SYN-CLAIM-000738,SYN-CLAIM-000739,SANCTIONED,1,MATCH
SYN-MUT-001738,SYN-PARCEL-001738,CONVERSION,2023-11-19,2023-11-22,2023-12-19,2023-12-19,SYN-DOC-001738,SYN-CLAIM-000739,SYN-CLAIM-000740,SANCTIONED,2,MATCH
SYN-MUT-001739,SYN-PARCEL-001739,MORTGAGE_CHARGE,2024-12-20,2024-12-23,2024-12-20,2024-12-20,SYN-DOC-001739,SYN-CLAIM-000740,SYN-CLAIM-000741,PENDING_OBJECTION,3,REVIEW_REQUIRED
SYN-MUT-001740,SYN-PARCEL-001740,RELEASE,2015-01-01,2015-01-04,2015-02-01,2015-02-01,SYN-DOC-001740,SYN-CLAIM-000741,SYN-CLAIM-000742,REJECTED,1,REVIEW_REQUIRED
SYN-MUT-001741,SYN-PARCEL-001741,SALE_TRANSFER,2016-02-02,2016-02-05,2016-03-02,2016-03-02,SYN-DOC-001741,SYN-CLAIM-000742,SYN-CLAIM-000743,SANCTIONED,2,MATCH
SYN-MUT-001742,SYN-PARCEL-001742,INHERITANCE_SUCCESSION,2017-03-03,2017-03-06,2017-04-03,2017-04-03,SYN-DOC-001742,SYN-CLAIM-000743,SYN-CLAIM-000744,SANCTIONED,3,MATCH
SYN-MUT-001743,SYN-PARCEL-001743,PARTITION,2018-04-04,2018-04-07,2018-05-04,2018-05-04,SYN-DOC-001743,SYN-CLAIM-000744,SYN-CLAIM-000745,SANCTIONED,1,MATCH
SYN-MUT-001744,SYN-PARCEL-001744,CONVERSION,2019-05-05,2019-05-08,2019-06-05,2019-06-05,SYN-DOC-001744,SYN-CLAIM-000745,SYN-CLAIM-000746,PENDING_OBJECTION,2,REVIEW_REQUIRED
SYN-MUT-001745,SYN-PARCEL-001745,MORTGAGE_CHARGE,2020-06-06,2020-06-09,2020-07-06,2020-07-06,SYN-DOC-001745,SYN-CLAIM-000746,SYN-CLAIM-000747,REJECTED,3,REVIEW_REQUIRED
SYN-MUT-001746,SYN-PARCEL-001746,RELEASE,2021-07-07,2021-07-10,2021-08-07,2021-08-07,SYN-DOC-001746,SYN-CLAIM-000747,SYN-CLAIM-000748,SANCTIONED,1,MATCH
SYN-MUT-001747,SYN-PARCEL-001747,SALE_TRANSFER,2022-08-08,2022-08-11,2022-09-08,2022-09-08,SYN-DOC-001747,SYN-CLAIM-000748,SYN-CLAIM-000749,SANCTIONED,2,MATCH
SYN-MUT-001748,SYN-PARCEL-001748,INHERITANCE_SUCCESSION,2023-09-09,2023-09-12,2023-10-09,2023-10-09,SYN-DOC-001748,SYN-CLAIM-000749,SYN-CLAIM-000750,SANCTIONED,3,MATCH
SYN-MUT-001749,SYN-PARCEL-001749,PARTITION,2024-10-10,2024-10-13,2024-11-10,2024-11-10,SYN-DOC-001749,SYN-CLAIM-000750,SYN-CLAIM-000751,PENDING_OBJECTION,1,REVIEW_REQUIRED
SYN-MUT-001750,SYN-PARCEL-001750,CONVERSION,2015-11-11,2015-11-14,2015-12-11,2015-12-11,SYN-DOC-001750,SYN-CLAIM-000751,SYN-CLAIM-000752,REJECTED,2,REVIEW_REQUIRED
SYN-MUT-001751,SYN-PARCEL-001751,MORTGAGE_CHARGE,2016-12-12,2016-12-15,2016-12-12,2016-12-12,SYN-DOC-001751,SYN-CLAIM-000752,SYN-CLAIM-000753,SANCTIONED,3,MATCH
SYN-MUT-001752,SYN-PARCEL-001752,RELEASE,2017-01-13,2017-01-16,2017-02-13,2017-02-13,SYN-DOC-001752,SYN-CLAIM-000753,SYN-CLAIM-000754,SANCTIONED,1,MATCH
SYN-MUT-001753,SYN-PARCEL-001753,SALE_TRANSFER,2018-02-14,2018-02-17,2018-03-14,2018-03-14,SYN-DOC-001753,SYN-CLAIM-000754,SYN-CLAIM-000755,SANCTIONED,2,MATCH
SYN-MUT-001754,SYN-PARCEL-001754,INHERITANCE_SUCCESSION,2019-03-15,2019-03-18,2019-04-15,2019-04-15,SYN-DOC-001754,SYN-CLAIM-000755,SYN-CLAIM-000756,PENDING_OBJECTION,3,REVIEW_REQUIRED
SYN-MUT-001755,SYN-PARCEL-001755,PARTITION,2020-04-16,2020-04-19,2020-05-16,2020-05-16,SYN-DOC-001755,SYN-CLAIM-000756,SYN-CLAIM-000757,REJECTED,1,REVIEW_REQUIRED
SYN-MUT-001756,SYN-PARCEL-001756,CONVERSION,2021-05-17,2021-05-20,2021-06-17,2021-06-17,SYN-DOC-001756,SYN-CLAIM-000757,SYN-CLAIM-000758,SANCTIONED,2,MATCH
SYN-MUT-001757,SYN-PARCEL-001757,MORTGAGE_CHARGE,2022-06-18,2022-06-21,2022-07-18,2022-07-18,SYN-DOC-001757,SYN-CLAIM-000758,SYN-CLAIM-000759,SANCTIONED,3,MATCH
SYN-MUT-001758,SYN-PARCEL-001758,RELEASE,2023-07-19,2023-07-22,2023-08-19,2023-08-19,SYN-DOC-001758,SYN-CLAIM-000759,SYN-CLAIM-000760,SANCTIONED,1,MATCH
SYN-MUT-001759,SYN-PARCEL-001759,SALE_TRANSFER,2024-08-20,2024-08-23,2024-09-20,2024-09-20,SYN-DOC-001759,SYN-CLAIM-000760,SYN-CLAIM-000761,PENDING_OBJECTION,2,REVIEW_REQUIRED
SYN-MUT-001760,SYN-PARCEL-001760,INHERITANCE_SUCCESSION,2015-09-01,2015-09-04,2015-10-01,2015-10-01,SYN-DOC-001760,SYN-CLAIM-000761,SYN-CLAIM-000762,REJECTED,3,REVIEW_REQUIRED
SYN-MUT-001761,SYN-PARCEL-001761,PARTITION,2016-10-02,2016-10-05,2016-11-02,2016-11-02,SYN-DOC-001761,SYN-CLAIM-000762,SYN-CLAIM-000763,SANCTIONED,1,MATCH
SYN-MUT-001762,SYN-PARCEL-001762,CONVERSION,2017-11-03,2017-11-06,2017-12-03,2017-12-03,SYN-DOC-001762,SYN-CLAIM-000763,SYN-CLAIM-000764,SANCTIONED,2,MATCH
SYN-MUT-001763,SYN-PARCEL-001763,MORTGAGE_CHARGE,2018-12-04,2018-12-07,2018-12-04,2018-12-04,SYN-DOC-001763,SYN-CLAIM-000764,SYN-CLAIM-000765,SANCTIONED,3,MATCH
SYN-MUT-001764,SYN-PARCEL-001764,RELEASE,2019-01-05,2019-01-08,2019-02-05,2019-02-05,SYN-DOC-001764,SYN-CLAIM-000765,SYN-CLAIM-000766,PENDING_OBJECTION,1,REVIEW_REQUIRED
SYN-MUT-001765,SYN-PARCEL-001765,SALE_TRANSFER,2020-02-06,2020-02-09,2020-03-06,2020-03-06,SYN-DOC-001765,SYN-CLAIM-000766,SYN-CLAIM-000767,REJECTED,2,REVIEW_REQUIRED
SYN-MUT-001766,SYN-PARCEL-001766,INHERITANCE_SUCCESSION,2021-03-07,2021-03-10,2021-04-07,2021-04-07,SYN-DOC-001766,SYN-CLAIM-000767,SYN-CLAIM-000768,SANCTIONED,3,MATCH
SYN-MUT-001767,SYN-PARCEL-001767,PARTITION,2022-04-08,2022-04-11,2022-05-08,2022-05-08,SYN-DOC-001767,SYN-CLAIM-000768,SYN-CLAIM-000769,SANCTIONED,1,MATCH
SYN-MUT-001768,SYN-PARCEL-001768,CONVERSION,2023-05-09,2023-05-12,2023-06-09,2023-06-09,SYN-DOC-001768,SYN-CLAIM-000769,SYN-CLAIM-000770,SANCTIONED,2,MATCH
SYN-MUT-001769,SYN-PARCEL-001769,MORTGAGE_CHARGE,2024-06-10,2024-06-13,2024-07-10,2024-07-10,SYN-DOC-001769,SYN-CLAIM-000770,SYN-CLAIM-000771,PENDING_OBJECTION,3,REVIEW_REQUIRED
SYN-MUT-001770,SYN-PARCEL-001770,RELEASE,2015-07-11,2015-07-14,2015-08-11,2015-08-11,SYN-DOC-001770,SYN-CLAIM-000771,SYN-CLAIM-000772,REJECTED,1,REVIEW_REQUIRED
SYN-MUT-001771,SYN-PARCEL-001771,SALE_TRANSFER,2016-08-12,2016-08-15,2016-09-12,2016-09-12,SYN-DOC-001771,SYN-CLAIM-000772,SYN-CLAIM-000773,SANCTIONED,2,MATCH
SYN-MUT-001772,SYN-PARCEL-001772,INHERITANCE_SUCCESSION,2017-09-13,2017-09-16,2017-10-13,2017-10-13,SYN-DOC-001772,SYN-CLAIM-000773,SYN-CLAIM-000774,SANCTIONED,3,MATCH
SYN-MUT-001773,SYN-PARCEL-001773,PARTITION,2018-10-14,2018-10-17,2018-11-14,2018-11-14,SYN-DOC-001773,SYN-CLAIM-000774,SYN-CLAIM-000775,SANCTIONED,1,MATCH
SYN-MUT-001774,SYN-PARCEL-001774,CONVERSION,2019-11-15,2019-11-18,2019-12-15,2019-12-15,SYN-DOC-001774,SYN-CLAIM-000775,SYN-CLAIM-000776,PENDING_OBJECTION,2,REVIEW_REQUIRED
SYN-MUT-001775,SYN-PARCEL-001775,MORTGAGE_CHARGE,2020-12-16,2020-12-19,2020-12-16,2020-12-16,SYN-DOC-001775,SYN-CLAIM-000776,SYN-CLAIM-000777,REJECTED,3,REVIEW_REQUIRED
SYN-MUT-001776,SYN-PARCEL-001776,RELEASE,2021-01-17,2021-01-20,2021-02-17,2021-02-17,SYN-DOC-001776,SYN-CLAIM-000777,SYN-CLAIM-000778,SANCTIONED,1,MATCH
SYN-MUT-001777,SYN-PARCEL-001777,SALE_TRANSFER,2022-02-18,2022-02-21,2022-03-18,2022-03-18,SYN-DOC-001777,SYN-CLAIM-000778,SYN-CLAIM-000779,SANCTIONED,2,MATCH
SYN-MUT-001778,SYN-PARCEL-001778,INHERITANCE_SUCCESSION,2023-03-19,2023-03-22,2023-04-19,2023-04-19,SYN-DOC-001778,SYN-CLAIM-000779,SYN-CLAIM-000780,SANCTIONED,3,MATCH
SYN-MUT-001779,SYN-PARCEL-001779,PARTITION,2024-04-20,2024-04-23,2024-05-20,2024-05-20,SYN-DOC-001779,SYN-CLAIM-000780,SYN-CLAIM-000781,PENDING_OBJECTION,1,REVIEW_REQUIRED
SYN-MUT-001780,SYN-PARCEL-001780,CONVERSION,2015-05-01,2015-05-04,2015-06-01,2015-06-01,SYN-DOC-001780,SYN-CLAIM-000781,SYN-CLAIM-000782,REJECTED,2,REVIEW_REQUIRED
SYN-MUT-001781,SYN-PARCEL-001781,MORTGAGE_CHARGE,2016-06-02,2016-06-05,2016-07-02,2016-07-02,SYN-DOC-001781,SYN-CLAIM-000782,SYN-CLAIM-000783,SANCTIONED,3,MATCH
SYN-MUT-001782,SYN-PARCEL-001782,RELEASE,2017-07-03,2017-07-06,2017-08-03,2017-08-03,SYN-DOC-001782,SYN-CLAIM-000783,SYN-CLAIM-000784,SANCTIONED,1,MATCH
SYN-MUT-001783,SYN-PARCEL-001783,SALE_TRANSFER,2018-08-04,2018-08-07,2018-09-04,2018-09-04,SYN-DOC-001783,SYN-CLAIM-000784,SYN-CLAIM-000785,SANCTIONED,2,MATCH
SYN-MUT-001784,SYN-PARCEL-001784,INHERITANCE_SUCCESSION,2019-09-05,2019-09-08,2019-10-05,2019-10-05,SYN-DOC-001784,SYN-CLAIM-000785,SYN-CLAIM-000786,PENDING_OBJECTION,3,REVIEW_REQUIRED
SYN-MUT-001785,SYN-PARCEL-001785,PARTITION,2020-10-06,2020-10-09,2020-11-06,2020-11-06,SYN-DOC-001785,SYN-CLAIM-000786,SYN-CLAIM-000787,REJECTED,1,REVIEW_REQUIRED
SYN-MUT-001786,SYN-PARCEL-001786,CONVERSION,2021-11-07,2021-11-10,2021-12-07,2021-12-07,SYN-DOC-001786,SYN-CLAIM-000787,SYN-CLAIM-000788,SANCTIONED,2,MATCH
SYN-MUT-001787,SYN-PARCEL-001787,MORTGAGE_CHARGE,2022-12-08,2022-12-11,2022-12-08,2022-12-08,SYN-DOC-001787,SYN-CLAIM-000788,SYN-CLAIM-000789,SANCTIONED,3,MATCH
SYN-MUT-001788,SYN-PARCEL-001788,RELEASE,2023-01-09,2023-01-12,2023-02-09,2023-02-09,SYN-DOC-001788,SYN-CLAIM-000789,SYN-CLAIM-000790,SANCTIONED,1,MATCH
SYN-MUT-001789,SYN-PARCEL-001789,SALE_TRANSFER,2024-02-10,2024-02-13,2024-03-10,2024-03-10,SYN-DOC-001789,SYN-CLAIM-000790,SYN-CLAIM-000791,PENDING_OBJECTION,2,REVIEW_REQUIRED
SYN-MUT-001790,SYN-PARCEL-001790,INHERITANCE_SUCCESSION,2015-03-11,2015-03-14,2015-04-11,2015-04-11,SYN-DOC-001790,SYN-CLAIM-000791,SYN-CLAIM-000792,REJECTED,3,REVIEW_REQUIRED
SYN-MUT-001791,SYN-PARCEL-001791,PARTITION,2016-04-12,2016-04-15,2016-05-12,2016-05-12,SYN-DOC-001791,SYN-CLAIM-000792,SYN-CLAIM-000793,SANCTIONED,1,MATCH
SYN-MUT-001792,SYN-PARCEL-001792,CONVERSION,2017-05-13,2017-05-16,2017-06-13,2017-06-13,SYN-DOC-001792,SYN-CLAIM-000793,SYN-CLAIM-000794,SANCTIONED,2,MATCH
SYN-MUT-001793,SYN-PARCEL-001793,MORTGAGE_CHARGE,2018-06-14,2018-06-17,2018-07-14,2018-07-14,SYN-DOC-001793,SYN-CLAIM-000794,SYN-CLAIM-000795,SANCTIONED,3,MATCH
SYN-MUT-001794,SYN-PARCEL-001794,RELEASE,2019-07-15,2019-07-18,2019-08-15,2019-08-15,SYN-DOC-001794,SYN-CLAIM-000795,SYN-CLAIM-000796,PENDING_OBJECTION,1,REVIEW_REQUIRED
SYN-MUT-001795,SYN-PARCEL-001795,SALE_TRANSFER,2020-08-16,2020-08-19,2020-09-16,2020-09-16,SYN-DOC-001795,SYN-CLAIM-000796,SYN-CLAIM-000797,REJECTED,2,REVIEW_REQUIRED
SYN-MUT-001796,SYN-PARCEL-001796,INHERITANCE_SUCCESSION,2021-09-17,2021-09-20,2021-10-17,2021-10-17,SYN-DOC-001796,SYN-CLAIM-000797,SYN-CLAIM-000798,SANCTIONED,3,MATCH
SYN-MUT-001797,SYN-PARCEL-001797,PARTITION,2022-10-18,2022-10-21,2022-11-18,2022-11-18,SYN-DOC-001797,SYN-CLAIM-000798,SYN-CLAIM-000799,SANCTIONED,1,MATCH
SYN-MUT-001798,SYN-PARCEL-001798,CONVERSION,2023-11-19,2023-11-22,2023-12-19,2023-12-19,SYN-DOC-001798,SYN-CLAIM-000799,SYN-CLAIM-000800,SANCTIONED,2,MATCH
SYN-MUT-001799,SYN-PARCEL-001799,MORTGAGE_CHARGE,2024-12-20,2024-12-23,2024-12-20,2024-12-20,SYN-DOC-001799,SYN-CLAIM-000800,SYN-CLAIM-000801,PENDING_OBJECTION,3,REVIEW_REQUIRED
SYN-MUT-001800,SYN-PARCEL-001800,RELEASE,2015-01-01,2015-01-04,2014-01-01,2014-01-01,SYN-DOC-001800,SYN-CLAIM-000801,SYN-CLAIM-000802,REJECTED,1,CHRONOLOGY_CONFLICT
SYN-MUT-001801,SYN-PARCEL-001801,SALE_TRANSFER,2016-02-02,2016-02-05,2016-03-02,2016-03-02,SYN-DOC-001801,SYN-CLAIM-000802,SYN-CLAIM-000803,SANCTIONED,2,MATCH
SYN-MUT-001802,SYN-PARCEL-001802,INHERITANCE_SUCCESSION,2017-03-03,2017-03-06,2017-04-03,2017-04-03,SYN-DOC-001802,SYN-CLAIM-000803,SYN-CLAIM-000804,SANCTIONED,3,MATCH
SYN-MUT-001803,SYN-PARCEL-001803,PARTITION,2018-04-04,2018-04-07,2018-05-04,2018-05-04,SYN-DOC-001803,SYN-CLAIM-000804,SYN-CLAIM-000805,SANCTIONED,1,MATCH
SYN-MUT-001804,SYN-PARCEL-001804,CONVERSION,2019-05-05,2019-05-08,2019-06-05,2019-06-05,SYN-DOC-001804,SYN-CLAIM-000805,SYN-CLAIM-000806,PENDING_OBJECTION,2,REVIEW_REQUIRED
SYN-MUT-001805,SYN-PARCEL-001805,MORTGAGE_CHARGE,2020-06-06,2020-06-09,2020-07-06,2020-07-06,SYN-DOC-001805,SYN-CLAIM-000806,SYN-CLAIM-000807,REJECTED,3,REVIEW_REQUIRED
SYN-MUT-001806,SYN-PARCEL-001806,RELEASE,2021-07-07,2021-07-10,2021-08-07,2021-08-07,SYN-DOC-001806,SYN-CLAIM-000807,SYN-CLAIM-000808,SANCTIONED,1,MATCH
SYN-MUT-001807,SYN-PARCEL-001807,SALE_TRANSFER,2022-08-08,2022-08-11,2022-09-08,2022-09-08,SYN-DOC-001807,SYN-CLAIM-000808,SYN-CLAIM-000809,SANCTIONED,2,MATCH
SYN-MUT-001808,SYN-PARCEL-001808,INHERITANCE_SUCCESSION,2023-09-09,2023-09-12,2023-10-09,2023-10-09,SYN-DOC-001808,SYN-CLAIM-000809,SYN-CLAIM-000810,SANCTIONED,3,MATCH
SYN-MUT-001809,SYN-PARCEL-001809,PARTITION,2024-10-10,2024-10-13,2024-11-10,2024-11-10,SYN-DOC-001809,SYN-CLAIM-000810,SYN-CLAIM-000811,PENDING_OBJECTION,1,REVIEW_REQUIRED
SYN-MUT-001810,SYN-PARCEL-001810,CONVERSION,2015-11-11,2015-11-14,2015-12-11,2015-12-11,SYN-DOC-001810,SYN-CLAIM-000811,SYN-CLAIM-000812,REJECTED,2,REVIEW_REQUIRED
SYN-MUT-001811,SYN-PARCEL-001811,MORTGAGE_CHARGE,2016-12-12,2016-12-15,2016-12-12,2016-12-12,SYN-DOC-001811,SYN-CLAIM-000812,SYN-CLAIM-000813,SANCTIONED,3,MATCH
SYN-MUT-001812,SYN-PARCEL-001812,RELEASE,2017-01-13,2017-01-16,2017-02-13,2017-02-13,SYN-DOC-001812,SYN-CLAIM-000813,SYN-CLAIM-000814,SANCTIONED,1,MATCH
SYN-MUT-001813,SYN-PARCEL-001813,SALE_TRANSFER,2018-02-14,2018-02-17,2018-03-14,2018-03-14,SYN-DOC-001813,SYN-CLAIM-000814,SYN-CLAIM-000815,SANCTIONED,2,MATCH
SYN-MUT-001814,SYN-PARCEL-001814,INHERITANCE_SUCCESSION,2019-03-15,2019-03-18,2019-04-15,2019-04-15,SYN-DOC-001814,SYN-CLAIM-000815,SYN-CLAIM-000816,PENDING_OBJECTION,3,REVIEW_REQUIRED
SYN-MUT-001815,SYN-PARCEL-001815,PARTITION,2020-04-16,2020-04-19,2020-05-16,2020-05-16,SYN-DOC-001815,SYN-CLAIM-000816,SYN-CLAIM-000817,REJECTED,1,REVIEW_REQUIRED
SYN-MUT-001816,SYN-PARCEL-001816,CONVERSION,2021-05-17,2021-05-20,2021-06-17,2021-06-17,SYN-DOC-001816,SYN-CLAIM-000817,SYN-CLAIM-000818,SANCTIONED,2,MATCH
SYN-MUT-001817,SYN-PARCEL-001817,MORTGAGE_CHARGE,2022-06-18,2022-06-21,2022-07-18,2022-07-18,SYN-DOC-001817,SYN-CLAIM-000818,SYN-CLAIM-000819,SANCTIONED,3,MATCH
SYN-MUT-001818,SYN-PARCEL-001818,RELEASE,2023-07-19,2023-07-22,2023-08-19,2023-08-19,SYN-DOC-001818,SYN-CLAIM-000819,SYN-CLAIM-000820,SANCTIONED,1,MATCH
SYN-MUT-001819,SYN-PARCEL-001819,SALE_TRANSFER,2024-08-20,2024-08-23,2024-09-20,2024-09-20,SYN-DOC-001819,SYN-CLAIM-000820,SYN-CLAIM-000821,PENDING_OBJECTION,2,REVIEW_REQUIRED
SYN-MUT-001820,SYN-PARCEL-001820,INHERITANCE_SUCCESSION,2015-09-01,2015-09-04,2015-10-01,2015-10-01,SYN-DOC-001820,SYN-CLAIM-000821,SYN-CLAIM-000822,REJECTED,3,REVIEW_REQUIRED
SYN-MUT-001821,SYN-PARCEL-001821,PARTITION,2016-10-02,2016-10-05,2016-11-02,2016-11-02,SYN-DOC-001821,SYN-CLAIM-000822,SYN-CLAIM-000823,SANCTIONED,1,MATCH
SYN-MUT-001822,SYN-PARCEL-001822,CONVERSION,2017-11-03,2017-11-06,2017-12-03,2017-12-03,SYN-DOC-001822,SYN-CLAIM-000823,SYN-CLAIM-000824,SANCTIONED,2,MATCH
SYN-MUT-001823,SYN-PARCEL-001823,MORTGAGE_CHARGE,2018-12-04,2018-12-07,2018-12-04,2018-12-04,SYN-DOC-001823,SYN-CLAIM-000824,SYN-CLAIM-000825,SANCTIONED,3,MATCH
SYN-MUT-001824,SYN-PARCEL-001824,RELEASE,2019-01-05,2019-01-08,2019-02-05,2019-02-05,SYN-DOC-001824,SYN-CLAIM-000825,SYN-CLAIM-000826,PENDING_OBJECTION,1,REVIEW_REQUIRED
SYN-MUT-001825,SYN-PARCEL-001825,SALE_TRANSFER,2020-02-06,2020-02-09,2020-03-06,2020-03-06,SYN-DOC-001825,SYN-CLAIM-000826,SYN-CLAIM-000827,REJECTED,2,REVIEW_REQUIRED
SYN-MUT-001826,SYN-PARCEL-001826,INHERITANCE_SUCCESSION,2021-03-07,2021-03-10,2021-04-07,2021-04-07,SYN-DOC-001826,SYN-CLAIM-000827,SYN-CLAIM-000828,SANCTIONED,3,MATCH
SYN-MUT-001827,SYN-PARCEL-001827,PARTITION,2022-04-08,2022-04-11,2022-05-08,2022-05-08,SYN-DOC-001827,SYN-CLAIM-000828,SYN-CLAIM-000829,SANCTIONED,1,MATCH
SYN-MUT-001828,SYN-PARCEL-001828,CONVERSION,2023-05-09,2023-05-12,2023-06-09,2023-06-09,SYN-DOC-001828,SYN-CLAIM-000829,SYN-CLAIM-000830,SANCTIONED,2,MATCH
SYN-MUT-001829,SYN-PARCEL-001829,MORTGAGE_CHARGE,2024-06-10,2024-06-13,2024-07-10,2024-07-10,SYN-DOC-001829,SYN-CLAIM-000830,SYN-CLAIM-000831,PENDING_OBJECTION,3,REVIEW_REQUIRED
SYN-MUT-001830,SYN-PARCEL-001830,RELEASE,2015-07-11,2015-07-14,2015-08-11,2015-08-11,SYN-DOC-001830,SYN-CLAIM-000831,SYN-CLAIM-000832,REJECTED,1,REVIEW_REQUIRED
SYN-MUT-001831,SYN-PARCEL-001831,SALE_TRANSFER,2016-08-12,2016-08-15,2016-09-12,2016-09-12,SYN-DOC-001831,SYN-CLAIM-000832,SYN-CLAIM-000833,SANCTIONED,2,MATCH
SYN-MUT-001832,SYN-PARCEL-001832,INHERITANCE_SUCCESSION,2017-09-13,2017-09-16,2017-10-13,2017-10-13,SYN-DOC-001832,SYN-CLAIM-000833,SYN-CLAIM-000834,SANCTIONED,3,MATCH
SYN-MUT-001833,SYN-PARCEL-001833,PARTITION,2018-10-14,2018-10-17,2018-11-14,2018-11-14,SYN-DOC-001833,SYN-CLAIM-000834,SYN-CLAIM-000835,SANCTIONED,1,MATCH
SYN-MUT-001834,SYN-PARCEL-001834,CONVERSION,2019-11-15,2019-11-18,2019-12-15,2019-12-15,SYN-DOC-001834,SYN-CLAIM-000835,SYN-CLAIM-000836,PENDING_OBJECTION,2,REVIEW_REQUIRED
SYN-MUT-001835,SYN-PARCEL-001835,MORTGAGE_CHARGE,2020-12-16,2020-12-19,2020-12-16,2020-12-16,SYN-DOC-001835,SYN-CLAIM-000836,SYN-CLAIM-000837,REJECTED,3,REVIEW_REQUIRED
SYN-MUT-001836,SYN-PARCEL-001836,RELEASE,2021-01-17,2021-01-20,2021-02-17,2021-02-17,SYN-DOC-001836,SYN-CLAIM-000837,SYN-CLAIM-000838,SANCTIONED,1,MATCH
SYN-MUT-001837,SYN-PARCEL-001837,SALE_TRANSFER,2022-02-18,2022-02-21,2022-03-18,2022-03-18,SYN-DOC-001837,SYN-CLAIM-000838,SYN-CLAIM-000839,SANCTIONED,2,MATCH
SYN-MUT-001838,SYN-PARCEL-001838,INHERITANCE_SUCCESSION,2023-03-19,2023-03-22,2023-04-19,2023-04-19,SYN-DOC-001838,SYN-CLAIM-000839,SYN-CLAIM-000840,SANCTIONED,3,MATCH
SYN-MUT-001839,SYN-PARCEL-001839,PARTITION,2024-04-20,2024-04-23,2024-05-20,2024-05-20,SYN-DOC-001839,SYN-CLAIM-000840,SYN-CLAIM-000841,PENDING_OBJECTION,1,REVIEW_REQUIRED
SYN-MUT-001840,SYN-PARCEL-001840,CONVERSION,2015-05-01,2015-05-04,2015-06-01,2015-06-01,SYN-DOC-001840,SYN-CLAIM-000841,SYN-CLAIM-000842,REJECTED,2,REVIEW_REQUIRED
SYN-MUT-001841,SYN-PARCEL-001841,MORTGAGE_CHARGE,2016-06-02,2016-06-05,2016-07-02,2016-07-02,SYN-DOC-001841,SYN-CLAIM-000842,SYN-CLAIM-000843,SANCTIONED,3,MATCH
SYN-MUT-001842,SYN-PARCEL-001842,RELEASE,2017-07-03,2017-07-06,2017-08-03,2017-08-03,SYN-DOC-001842,SYN-CLAIM-000843,SYN-CLAIM-000844,SANCTIONED,1,MATCH
SYN-MUT-001843,SYN-PARCEL-001843,SALE_TRANSFER,2018-08-04,2018-08-07,2018-09-04,2018-09-04,SYN-DOC-001843,SYN-CLAIM-000844,SYN-CLAIM-000845,SANCTIONED,2,MATCH
SYN-MUT-001844,SYN-PARCEL-001844,INHERITANCE_SUCCESSION,2019-09-05,2019-09-08,2019-10-05,2019-10-05,SYN-DOC-001844,SYN-CLAIM-000845,SYN-CLAIM-000846,PENDING_OBJECTION,3,REVIEW_REQUIRED
SYN-MUT-001845,SYN-PARCEL-001845,PARTITION,2020-10-06,2020-10-09,2020-11-06,2020-11-06,SYN-DOC-001845,SYN-CLAIM-000846,SYN-CLAIM-000847,REJECTED,1,REVIEW_REQUIRED
SYN-MUT-001846,SYN-PARCEL-001846,CONVERSION,2021-11-07,2021-11-10,2021-12-07,2021-12-07,SYN-DOC-001846,SYN-CLAIM-000847,SYN-CLAIM-000848,SANCTIONED,2,MATCH
SYN-MUT-001847,SYN-PARCEL-001847,MORTGAGE_CHARGE,2022-12-08,2022-12-11,2022-12-08,2022-12-08,SYN-DOC-001847,SYN-CLAIM-000848,SYN-CLAIM-000849,SANCTIONED,3,MATCH
SYN-MUT-001848,SYN-PARCEL-001848,RELEASE,2023-01-09,2023-01-12,2023-02-09,2023-02-09,SYN-DOC-001848,SYN-CLAIM-000849,SYN-CLAIM-000850,SANCTIONED,1,MATCH
SYN-MUT-001849,SYN-PARCEL-001849,SALE_TRANSFER,2024-02-10,2024-02-13,2024-03-10,2024-03-10,SYN-DOC-001849,SYN-CLAIM-000850,SYN-CLAIM-000851,PENDING_OBJECTION,2,REVIEW_REQUIRED
SYN-MUT-001850,SYN-PARCEL-001850,INHERITANCE_SUCCESSION,2015-03-11,2015-03-14,2015-04-11,2015-04-11,SYN-DOC-001850,SYN-CLAIM-000851,SYN-CLAIM-000852,REJECTED,3,REVIEW_REQUIRED
SYN-MUT-001851,SYN-PARCEL-001851,PARTITION,2016-04-12,2016-04-15,2016-05-12,2016-05-12,SYN-DOC-001851,SYN-CLAIM-000852,SYN-CLAIM-000853,SANCTIONED,1,MATCH
SYN-MUT-001852,SYN-PARCEL-001852,CONVERSION,2017-05-13,2017-05-16,2017-06-13,2017-06-13,SYN-DOC-001852,SYN-CLAIM-000853,SYN-CLAIM-000854,SANCTIONED,2,MATCH
SYN-MUT-001853,SYN-PARCEL-001853,MORTGAGE_CHARGE,2018-06-14,2018-06-17,2018-07-14,2018-07-14,SYN-DOC-001853,SYN-CLAIM-000854,SYN-CLAIM-000855,SANCTIONED,3,MATCH
SYN-MUT-001854,SYN-PARCEL-001854,RELEASE,2019-07-15,2019-07-18,2019-08-15,2019-08-15,SYN-DOC-001854,SYN-CLAIM-000855,SYN-CLAIM-000856,PENDING_OBJECTION,1,REVIEW_REQUIRED
SYN-MUT-001855,SYN-PARCEL-001855,SALE_TRANSFER,2020-08-16,2020-08-19,2020-09-16,2020-09-16,SYN-DOC-001855,SYN-CLAIM-000856,SYN-CLAIM-000857,REJECTED,2,REVIEW_REQUIRED
SYN-MUT-001856,SYN-PARCEL-001856,INHERITANCE_SUCCESSION,2021-09-17,2021-09-20,2021-10-17,2021-10-17,SYN-DOC-001856,SYN-CLAIM-000857,SYN-CLAIM-000858,SANCTIONED,3,MATCH
SYN-MUT-001857,SYN-PARCEL-001857,PARTITION,2022-10-18,2022-10-21,2022-11-18,2022-11-18,SYN-DOC-001857,SYN-CLAIM-000858,SYN-CLAIM-000859,SANCTIONED,1,MATCH
SYN-MUT-001858,SYN-PARCEL-001858,CONVERSION,2023-11-19,2023-11-22,2023-12-19,2023-12-19,SYN-DOC-001858,SYN-CLAIM-000859,SYN-CLAIM-000860,SANCTIONED,2,MATCH
SYN-MUT-001859,SYN-PARCEL-001859,MORTGAGE_CHARGE,2024-12-20,2024-12-23,2024-12-20,2024-12-20,SYN-DOC-001859,SYN-CLAIM-000860,SYN-CLAIM-000861,PENDING_OBJECTION,3,REVIEW_REQUIRED
SYN-MUT-001860,SYN-PARCEL-001860,RELEASE,2015-01-01,2015-01-04,2015-02-01,2015-02-01,SYN-DOC-001860,SYN-CLAIM-000861,SYN-CLAIM-000862,REJECTED,1,REVIEW_REQUIRED
SYN-MUT-001861,SYN-PARCEL-001861,SALE_TRANSFER,2016-02-02,2016-02-05,2016-03-02,2016-03-02,SYN-DOC-001861,SYN-CLAIM-000862,SYN-CLAIM-000863,SANCTIONED,2,MATCH
SYN-MUT-001862,SYN-PARCEL-001862,INHERITANCE_SUCCESSION,2017-03-03,2017-03-06,2017-04-03,2017-04-03,SYN-DOC-001862,SYN-CLAIM-000863,SYN-CLAIM-000864,SANCTIONED,3,MATCH
SYN-MUT-001863,SYN-PARCEL-001863,PARTITION,2018-04-04,2018-04-07,2018-05-04,2018-05-04,SYN-DOC-001863,SYN-CLAIM-000864,SYN-CLAIM-000865,SANCTIONED,1,MATCH
SYN-MUT-001864,SYN-PARCEL-001864,CONVERSION,2019-05-05,2019-05-08,2019-06-05,2019-06-05,SYN-DOC-001864,SYN-CLAIM-000865,SYN-CLAIM-000866,PENDING_OBJECTION,2,REVIEW_REQUIRED
SYN-MUT-001865,SYN-PARCEL-001865,MORTGAGE_CHARGE,2020-06-06,2020-06-09,2020-07-06,2020-07-06,SYN-DOC-001865,SYN-CLAIM-000866,SYN-CLAIM-000867,REJECTED,3,REVIEW_REQUIRED
SYN-MUT-001866,SYN-PARCEL-001866,RELEASE,2021-07-07,2021-07-10,2021-08-07,2021-08-07,SYN-DOC-001866,SYN-CLAIM-000867,SYN-CLAIM-000868,SANCTIONED,1,MATCH
SYN-MUT-001867,SYN-PARCEL-001867,SALE_TRANSFER,2022-08-08,2022-08-11,2022-09-08,2022-09-08,SYN-DOC-001867,SYN-CLAIM-000868,SYN-CLAIM-000869,SANCTIONED,2,MATCH
SYN-MUT-001868,SYN-PARCEL-001868,INHERITANCE_SUCCESSION,2023-09-09,2023-09-12,2023-10-09,2023-10-09,SYN-DOC-001868,SYN-CLAIM-000869,SYN-CLAIM-000870,SANCTIONED,3,MATCH
SYN-MUT-001869,SYN-PARCEL-001869,PARTITION,2024-10-10,2024-10-13,2024-11-10,2024-11-10,SYN-DOC-001869,SYN-CLAIM-000870,SYN-CLAIM-000871,PENDING_OBJECTION,1,REVIEW_REQUIRED
SYN-MUT-001870,SYN-PARCEL-001870,CONVERSION,2015-11-11,2015-11-14,2015-12-11,2015-12-11,SYN-DOC-001870,SYN-CLAIM-000871,SYN-CLAIM-000872,REJECTED,2,REVIEW_REQUIRED
SYN-MUT-001871,SYN-PARCEL-001871,MORTGAGE_CHARGE,2016-12-12,2016-12-15,2016-12-12,2016-12-12,SYN-DOC-001871,SYN-CLAIM-000872,SYN-CLAIM-000873,SANCTIONED,3,MATCH
SYN-MUT-001872,SYN-PARCEL-001872,RELEASE,2017-01-13,2017-01-16,2017-02-13,2017-02-13,SYN-DOC-001872,SYN-CLAIM-000873,SYN-CLAIM-000874,SANCTIONED,1,MATCH
SYN-MUT-001873,SYN-PARCEL-001873,SALE_TRANSFER,2018-02-14,2018-02-17,2018-03-14,2018-03-14,SYN-DOC-001873,SYN-CLAIM-000874,SYN-CLAIM-000875,SANCTIONED,2,MATCH
SYN-MUT-001874,SYN-PARCEL-001874,INHERITANCE_SUCCESSION,2019-03-15,2019-03-18,2019-04-15,2019-04-15,SYN-DOC-001874,SYN-CLAIM-000875,SYN-CLAIM-000876,PENDING_OBJECTION,3,REVIEW_REQUIRED
SYN-MUT-001875,SYN-PARCEL-001875,PARTITION,2020-04-16,2020-04-19,2020-05-16,2020-05-16,SYN-DOC-001875,SYN-CLAIM-000876,SYN-CLAIM-000877,REJECTED,1,REVIEW_REQUIRED
SYN-MUT-001876,SYN-PARCEL-001876,CONVERSION,2021-05-17,2021-05-20,2021-06-17,2021-06-17,SYN-DOC-001876,SYN-CLAIM-000877,SYN-CLAIM-000878,SANCTIONED,2,MATCH
SYN-MUT-001877,SYN-PARCEL-001877,MORTGAGE_CHARGE,2022-06-18,2022-06-21,2022-07-18,2022-07-18,SYN-DOC-001877,SYN-CLAIM-000878,SYN-CLAIM-000879,SANCTIONED,3,MATCH
SYN-MUT-001878,SYN-PARCEL-001878,RELEASE,2023-07-19,2023-07-22,2023-08-19,2023-08-19,SYN-DOC-001878,SYN-CLAIM-000879,SYN-CLAIM-000880,SANCTIONED,1,MATCH
SYN-MUT-001879,SYN-PARCEL-001879,SALE_TRANSFER,2024-08-20,2024-08-23,2024-09-20,2024-09-20,SYN-DOC-001879,SYN-CLAIM-000880,SYN-CLAIM-000881,PENDING_OBJECTION,2,REVIEW_REQUIRED
SYN-MUT-001880,SYN-PARCEL-001880,INHERITANCE_SUCCESSION,2015-09-01,2015-09-04,2015-10-01,2015-10-01,SYN-DOC-001880,SYN-CLAIM-000881,SYN-CLAIM-000882,REJECTED,3,REVIEW_REQUIRED
SYN-MUT-001881,SYN-PARCEL-001881,PARTITION,2016-10-02,2016-10-05,2016-11-02,2016-11-02,SYN-DOC-001881,SYN-CLAIM-000882,SYN-CLAIM-000883,SANCTIONED,1,MATCH
SYN-MUT-001882,SYN-PARCEL-001882,CONVERSION,2017-11-03,2017-11-06,2017-12-03,2017-12-03,SYN-DOC-001882,SYN-CLAIM-000883,SYN-CLAIM-000884,SANCTIONED,2,MATCH
SYN-MUT-001883,SYN-PARCEL-001883,MORTGAGE_CHARGE,2018-12-04,2018-12-07,2018-12-04,2018-12-04,SYN-DOC-001883,SYN-CLAIM-000884,SYN-CLAIM-000885,SANCTIONED,3,MATCH
SYN-MUT-001884,SYN-PARCEL-001884,RELEASE,2019-01-05,2019-01-08,2019-02-05,2019-02-05,SYN-DOC-001884,SYN-CLAIM-000885,SYN-CLAIM-000886,PENDING_OBJECTION,1,REVIEW_REQUIRED
SYN-MUT-001885,SYN-PARCEL-001885,SALE_TRANSFER,2020-02-06,2020-02-09,2020-03-06,2020-03-06,SYN-DOC-001885,SYN-CLAIM-000886,SYN-CLAIM-000887,REJECTED,2,REVIEW_REQUIRED
SYN-MUT-001886,SYN-PARCEL-001886,INHERITANCE_SUCCESSION,2021-03-07,2021-03-10,2021-04-07,2021-04-07,SYN-DOC-001886,SYN-CLAIM-000887,SYN-CLAIM-000888,SANCTIONED,3,MATCH
SYN-MUT-001887,SYN-PARCEL-001887,PARTITION,2022-04-08,2022-04-11,2022-05-08,2022-05-08,SYN-DOC-001887,SYN-CLAIM-000888,SYN-CLAIM-000889,SANCTIONED,1,MATCH
SYN-MUT-001888,SYN-PARCEL-001888,CONVERSION,2023-05-09,2023-05-12,2023-06-09,2023-06-09,SYN-DOC-001888,SYN-CLAIM-000889,SYN-CLAIM-000890,SANCTIONED,2,MATCH
SYN-MUT-001889,SYN-PARCEL-001889,MORTGAGE_CHARGE,2024-06-10,2024-06-13,2024-07-10,2024-07-10,SYN-DOC-001889,SYN-CLAIM-000890,SYN-CLAIM-000891,PENDING_OBJECTION,3,REVIEW_REQUIRED
SYN-MUT-001890,SYN-PARCEL-001890,RELEASE,2015-07-11,2015-07-14,2015-08-11,2015-08-11,SYN-DOC-001890,SYN-CLAIM-000891,SYN-CLAIM-000892,REJECTED,1,REVIEW_REQUIRED
SYN-MUT-001891,SYN-PARCEL-001891,SALE_TRANSFER,2016-08-12,2016-08-15,2016-09-12,2016-09-12,SYN-DOC-001891,SYN-CLAIM-000892,SYN-CLAIM-000893,SANCTIONED,2,MATCH
SYN-MUT-001892,SYN-PARCEL-001892,INHERITANCE_SUCCESSION,2017-09-13,2017-09-16,2017-10-13,2017-10-13,SYN-DOC-001892,SYN-CLAIM-000893,SYN-CLAIM-000894,SANCTIONED,3,MATCH
SYN-MUT-001893,SYN-PARCEL-001893,PARTITION,2018-10-14,2018-10-17,2018-11-14,2018-11-14,SYN-DOC-001893,SYN-CLAIM-000894,SYN-CLAIM-000895,SANCTIONED,1,MATCH
SYN-MUT-001894,SYN-PARCEL-001894,CONVERSION,2019-11-15,2019-11-18,2019-12-15,2019-12-15,SYN-DOC-001894,SYN-CLAIM-000895,SYN-CLAIM-000896,PENDING_OBJECTION,2,REVIEW_REQUIRED
SYN-MUT-001895,SYN-PARCEL-001895,MORTGAGE_CHARGE,2020-12-16,2020-12-19,2020-12-16,2020-12-16,SYN-DOC-001895,SYN-CLAIM-000896,SYN-CLAIM-000897,REJECTED,3,REVIEW_REQUIRED
SYN-MUT-001896,SYN-PARCEL-001896,RELEASE,2021-01-17,2021-01-20,2021-02-17,2021-02-17,SYN-DOC-001896,SYN-CLAIM-000897,SYN-CLAIM-000898,SANCTIONED,1,MATCH
SYN-MUT-001897,SYN-PARCEL-001897,SALE_TRANSFER,2022-02-18,2022-02-21,2022-03-18,2022-03-18,SYN-DOC-001897,SYN-CLAIM-000898,SYN-CLAIM-000899,SANCTIONED,2,MATCH
SYN-MUT-001898,SYN-PARCEL-001898,INHERITANCE_SUCCESSION,2023-03-19,2023-03-22,2023-04-19,2023-04-19,SYN-DOC-001898,SYN-CLAIM-000899,SYN-CLAIM-000900,SANCTIONED,3,MATCH
SYN-MUT-001899,SYN-PARCEL-001899,PARTITION,2024-04-20,2024-04-23,2024-05-20,2024-05-20,SYN-DOC-001899,SYN-CLAIM-000900,SYN-CLAIM-000901,PENDING_OBJECTION,1,REVIEW_REQUIRED
SYN-MUT-001900,SYN-PARCEL-001900,CONVERSION,2015-05-01,2015-05-04,2015-06-01,2015-06-01,SYN-DOC-001900,SYN-CLAIM-000901,SYN-CLAIM-000902,REJECTED,2,REVIEW_REQUIRED
SYN-MUT-001901,SYN-PARCEL-001901,MORTGAGE_CHARGE,2016-06-02,2016-06-05,2016-07-02,2016-07-02,SYN-DOC-001901,SYN-CLAIM-000902,SYN-CLAIM-000903,SANCTIONED,3,MATCH
SYN-MUT-001902,SYN-PARCEL-001902,RELEASE,2017-07-03,2017-07-06,2017-08-03,2017-08-03,SYN-DOC-001902,SYN-CLAIM-000903,SYN-CLAIM-000904,SANCTIONED,1,MATCH
SYN-MUT-001903,SYN-PARCEL-001903,SALE_TRANSFER,2018-08-04,2018-08-07,2018-09-04,2018-09-04,SYN-DOC-001903,SYN-CLAIM-000904,SYN-CLAIM-000905,SANCTIONED,2,MATCH
SYN-MUT-001904,SYN-PARCEL-001904,INHERITANCE_SUCCESSION,2019-09-05,2019-09-08,2019-10-05,2019-10-05,SYN-DOC-001904,SYN-CLAIM-000905,SYN-CLAIM-000906,PENDING_OBJECTION,3,REVIEW_REQUIRED
SYN-MUT-001905,SYN-PARCEL-001905,PARTITION,2020-10-06,2020-10-09,2020-11-06,2020-11-06,SYN-DOC-001905,SYN-CLAIM-000906,SYN-CLAIM-000907,REJECTED,1,REVIEW_REQUIRED
SYN-MUT-001906,SYN-PARCEL-001906,CONVERSION,2021-11-07,2021-11-10,2021-12-07,2021-12-07,SYN-DOC-001906,SYN-CLAIM-000907,SYN-CLAIM-000908,SANCTIONED,2,MATCH
SYN-MUT-001907,SYN-PARCEL-001907,MORTGAGE_CHARGE,2022-12-08,2022-12-11,2022-12-08,2022-12-08,SYN-DOC-001907,SYN-CLAIM-000908,SYN-CLAIM-000909,SANCTIONED,3,MATCH
SYN-MUT-001908,SYN-PARCEL-001908,RELEASE,2023-01-09,2023-01-12,2023-02-09,2023-02-09,SYN-DOC-001908,SYN-CLAIM-000909,SYN-CLAIM-000910,SANCTIONED,1,MATCH
SYN-MUT-001909,SYN-PARCEL-001909,SALE_TRANSFER,2024-02-10,2024-02-13,2024-03-10,2024-03-10,SYN-DOC-001909,SYN-CLAIM-000910,SYN-CLAIM-000911,PENDING_OBJECTION,2,REVIEW_REQUIRED
SYN-MUT-001910,SYN-PARCEL-001910,INHERITANCE_SUCCESSION,2015-03-11,2015-03-14,2015-04-11,2015-04-11,SYN-DOC-001910,SYN-CLAIM-000911,SYN-CLAIM-000912,REJECTED,3,REVIEW_REQUIRED
SYN-MUT-001911,SYN-PARCEL-001911,PARTITION,2016-04-12,2016-04-15,2016-05-12,2016-05-12,SYN-DOC-001911,SYN-CLAIM-000912,SYN-CLAIM-000913,SANCTIONED,1,MATCH
SYN-MUT-001912,SYN-PARCEL-001912,CONVERSION,2017-05-13,2017-05-16,2017-06-13,2017-06-13,SYN-DOC-001912,SYN-CLAIM-000913,SYN-CLAIM-000914,SANCTIONED,2,MATCH
SYN-MUT-001913,SYN-PARCEL-001913,MORTGAGE_CHARGE,2018-06-14,2018-06-17,2018-07-14,2018-07-14,SYN-DOC-001913,SYN-CLAIM-000914,SYN-CLAIM-000915,SANCTIONED,3,MATCH
SYN-MUT-001914,SYN-PARCEL-001914,RELEASE,2019-07-15,2019-07-18,2019-08-15,2019-08-15,SYN-DOC-001914,SYN-CLAIM-000915,SYN-CLAIM-000916,PENDING_OBJECTION,1,REVIEW_REQUIRED
SYN-MUT-001915,SYN-PARCEL-001915,SALE_TRANSFER,2020-08-16,2020-08-19,2020-09-16,2020-09-16,SYN-DOC-001915,SYN-CLAIM-000916,SYN-CLAIM-000917,REJECTED,2,REVIEW_REQUIRED
SYN-MUT-001916,SYN-PARCEL-001916,INHERITANCE_SUCCESSION,2021-09-17,2021-09-20,2021-10-17,2021-10-17,SYN-DOC-001916,SYN-CLAIM-000917,SYN-CLAIM-000918,SANCTIONED,3,MATCH
SYN-MUT-001917,SYN-PARCEL-001917,PARTITION,2022-10-18,2022-10-21,2022-11-18,2022-11-18,SYN-DOC-001917,SYN-CLAIM-000918,SYN-CLAIM-000919,SANCTIONED,1,MATCH
SYN-MUT-001918,SYN-PARCEL-001918,CONVERSION,2023-11-19,2023-11-22,2023-12-19,2023-12-19,SYN-DOC-001918,SYN-CLAIM-000919,SYN-CLAIM-000920,SANCTIONED,2,MATCH
SYN-MUT-001919,SYN-PARCEL-001919,MORTGAGE_CHARGE,2024-12-20,2024-12-23,2024-12-20,2024-12-20,SYN-DOC-001919,SYN-CLAIM-000920,SYN-CLAIM-000921,PENDING_OBJECTION,3,REVIEW_REQUIRED
SYN-MUT-001920,SYN-PARCEL-001920,RELEASE,2015-01-01,2015-01-04,2015-02-01,2015-02-01,SYN-DOC-001920,SYN-CLAIM-000921,SYN-CLAIM-000922,REJECTED,1,REVIEW_REQUIRED
SYN-MUT-001921,SYN-PARCEL-001921,SALE_TRANSFER,2016-02-02,2016-02-05,2016-03-02,2016-03-02,SYN-DOC-001921,SYN-CLAIM-000922,SYN-CLAIM-000923,SANCTIONED,2,MATCH
SYN-MUT-001922,SYN-PARCEL-001922,INHERITANCE_SUCCESSION,2017-03-03,2017-03-06,2017-04-03,2017-04-03,SYN-DOC-001922,SYN-CLAIM-000923,SYN-CLAIM-000924,SANCTIONED,3,MATCH
SYN-MUT-001923,SYN-PARCEL-001923,PARTITION,2018-04-04,2018-04-07,2018-05-04,2018-05-04,SYN-DOC-001923,SYN-CLAIM-000924,SYN-CLAIM-000925,SANCTIONED,1,MATCH
SYN-MUT-001924,SYN-PARCEL-001924,CONVERSION,2019-05-05,2019-05-08,2019-06-05,2019-06-05,SYN-DOC-001924,SYN-CLAIM-000925,SYN-CLAIM-000926,PENDING_OBJECTION,2,REVIEW_REQUIRED
SYN-MUT-001925,SYN-PARCEL-001925,MORTGAGE_CHARGE,2020-06-06,2020-06-09,2020-07-06,2020-07-06,SYN-DOC-001925,SYN-CLAIM-000926,SYN-CLAIM-000927,REJECTED,3,REVIEW_REQUIRED
SYN-MUT-001926,SYN-PARCEL-001926,RELEASE,2021-07-07,2021-07-10,2021-08-07,2021-08-07,SYN-DOC-001926,SYN-CLAIM-000927,SYN-CLAIM-000928,SANCTIONED,1,MATCH
SYN-MUT-001927,SYN-PARCEL-001927,SALE_TRANSFER,2022-08-08,2022-08-11,2022-09-08,2022-09-08,SYN-DOC-001927,SYN-CLAIM-000928,SYN-CLAIM-000929,SANCTIONED,2,MATCH
SYN-MUT-001928,SYN-PARCEL-001928,INHERITANCE_SUCCESSION,2023-09-09,2023-09-12,2023-10-09,2023-10-09,SYN-DOC-001928,SYN-CLAIM-000929,SYN-CLAIM-000930,SANCTIONED,3,MATCH
SYN-MUT-001929,SYN-PARCEL-001929,PARTITION,2024-10-10,2024-10-13,2024-11-10,2024-11-10,SYN-DOC-001929,SYN-CLAIM-000930,SYN-CLAIM-000931,PENDING_OBJECTION,1,REVIEW_REQUIRED
SYN-MUT-001930,SYN-PARCEL-001930,CONVERSION,2015-11-11,2015-11-14,2015-12-11,2015-12-11,SYN-DOC-001930,SYN-CLAIM-000931,SYN-CLAIM-000932,REJECTED,2,REVIEW_REQUIRED
SYN-MUT-001931,SYN-PARCEL-001931,MORTGAGE_CHARGE,2016-12-12,2016-12-15,2016-12-12,2016-12-12,SYN-DOC-001931,SYN-CLAIM-000932,SYN-CLAIM-000933,SANCTIONED,3,MATCH
SYN-MUT-001932,SYN-PARCEL-001932,RELEASE,2017-01-13,2017-01-16,2017-02-13,2017-02-13,SYN-DOC-001932,SYN-CLAIM-000933,SYN-CLAIM-000934,SANCTIONED,1,MATCH
SYN-MUT-001933,SYN-PARCEL-001933,SALE_TRANSFER,2018-02-14,2018-02-17,2018-03-14,2018-03-14,SYN-DOC-001933,SYN-CLAIM-000934,SYN-CLAIM-000935,SANCTIONED,2,MATCH
SYN-MUT-001934,SYN-PARCEL-001934,INHERITANCE_SUCCESSION,2019-03-15,2019-03-18,2019-04-15,2019-04-15,SYN-DOC-001934,SYN-CLAIM-000935,SYN-CLAIM-000936,PENDING_OBJECTION,3,REVIEW_REQUIRED
SYN-MUT-001935,SYN-PARCEL-001935,PARTITION,2020-04-16,2020-04-19,2020-05-16,2020-05-16,SYN-DOC-001935,SYN-CLAIM-000936,SYN-CLAIM-000937,REJECTED,1,REVIEW_REQUIRED
SYN-MUT-001936,SYN-PARCEL-001936,CONVERSION,2021-05-17,2021-05-20,2021-06-17,2021-06-17,SYN-DOC-001936,SYN-CLAIM-000937,SYN-CLAIM-000938,SANCTIONED,2,MATCH
SYN-MUT-001937,SYN-PARCEL-001937,MORTGAGE_CHARGE,2022-06-18,2022-06-21,2022-07-18,2022-07-18,SYN-DOC-001937,SYN-CLAIM-000938,SYN-CLAIM-000939,SANCTIONED,3,MATCH
SYN-MUT-001938,SYN-PARCEL-001938,RELEASE,2023-07-19,2023-07-22,2023-08-19,2023-08-19,SYN-DOC-001938,SYN-CLAIM-000939,SYN-CLAIM-000940,SANCTIONED,1,MATCH
SYN-MUT-001939,SYN-PARCEL-001939,SALE_TRANSFER,2024-08-20,2024-08-23,2024-09-20,2024-09-20,SYN-DOC-001939,SYN-CLAIM-000940,SYN-CLAIM-000941,PENDING_OBJECTION,2,REVIEW_REQUIRED
SYN-MUT-001940,SYN-PARCEL-001940,INHERITANCE_SUCCESSION,2015-09-01,2015-09-04,2015-10-01,2015-10-01,SYN-DOC-001940,SYN-CLAIM-000941,SYN-CLAIM-000942,REJECTED,3,REVIEW_REQUIRED
SYN-MUT-001941,SYN-PARCEL-001941,PARTITION,2016-10-02,2016-10-05,2016-11-02,2016-11-02,SYN-DOC-001941,SYN-CLAIM-000942,SYN-CLAIM-000943,SANCTIONED,1,MATCH
SYN-MUT-001942,SYN-PARCEL-001942,CONVERSION,2017-11-03,2017-11-06,2017-12-03,2017-12-03,SYN-DOC-001942,SYN-CLAIM-000943,SYN-CLAIM-000944,SANCTIONED,2,MATCH
SYN-MUT-001943,SYN-PARCEL-001943,MORTGAGE_CHARGE,2018-12-04,2018-12-07,2018-12-04,2018-12-04,SYN-DOC-001943,SYN-CLAIM-000944,SYN-CLAIM-000945,SANCTIONED,3,MATCH
SYN-MUT-001944,SYN-PARCEL-001944,RELEASE,2019-01-05,2019-01-08,2019-02-05,2019-02-05,SYN-DOC-001944,SYN-CLAIM-000945,SYN-CLAIM-000946,PENDING_OBJECTION,1,REVIEW_REQUIRED
SYN-MUT-001945,SYN-PARCEL-001945,SALE_TRANSFER,2020-02-06,2020-02-09,2020-03-06,2020-03-06,SYN-DOC-001945,SYN-CLAIM-000946,SYN-CLAIM-000947,REJECTED,2,REVIEW_REQUIRED
SYN-MUT-001946,SYN-PARCEL-001946,INHERITANCE_SUCCESSION,2021-03-07,2021-03-10,2021-04-07,2021-04-07,SYN-DOC-001946,SYN-CLAIM-000947,SYN-CLAIM-000948,SANCTIONED,3,MATCH
SYN-MUT-001947,SYN-PARCEL-001947,PARTITION,2022-04-08,2022-04-11,2022-05-08,2022-05-08,SYN-DOC-001947,SYN-CLAIM-000948,SYN-CLAIM-000949,SANCTIONED,1,MATCH
SYN-MUT-001948,SYN-PARCEL-001948,CONVERSION,2023-05-09,2023-05-12,2023-06-09,2023-06-09,SYN-DOC-001948,SYN-CLAIM-000949,SYN-CLAIM-000950,SANCTIONED,2,MATCH
SYN-MUT-001949,SYN-PARCEL-001949,MORTGAGE_CHARGE,2024-06-10,2024-06-13,2024-07-10,2024-07-10,SYN-DOC-001949,SYN-CLAIM-000950,SYN-CLAIM-000951,PENDING_OBJECTION,3,REVIEW_REQUIRED
SYN-MUT-001950,SYN-PARCEL-001950,RELEASE,2015-07-11,2015-07-14,2014-07-11,2014-07-11,SYN-DOC-001950,SYN-CLAIM-000951,SYN-CLAIM-000952,REJECTED,1,CHRONOLOGY_CONFLICT
SYN-MUT-001951,SYN-PARCEL-001951,SALE_TRANSFER,2016-08-12,2016-08-15,2016-09-12,2016-09-12,SYN-DOC-001951,SYN-CLAIM-000952,SYN-CLAIM-000953,SANCTIONED,2,MATCH
SYN-MUT-001952,SYN-PARCEL-001952,INHERITANCE_SUCCESSION,2017-09-13,2017-09-16,2017-10-13,2017-10-13,SYN-DOC-001952,SYN-CLAIM-000953,SYN-CLAIM-000954,SANCTIONED,3,MATCH
SYN-MUT-001953,SYN-PARCEL-001953,PARTITION,2018-10-14,2018-10-17,2018-11-14,2018-11-14,SYN-DOC-001953,SYN-CLAIM-000954,SYN-CLAIM-000955,SANCTIONED,1,MATCH
SYN-MUT-001954,SYN-PARCEL-001954,CONVERSION,2019-11-15,2019-11-18,2019-12-15,2019-12-15,SYN-DOC-001954,SYN-CLAIM-000955,SYN-CLAIM-000956,PENDING_OBJECTION,2,REVIEW_REQUIRED
SYN-MUT-001955,SYN-PARCEL-001955,MORTGAGE_CHARGE,2020-12-16,2020-12-19,2020-12-16,2020-12-16,SYN-DOC-001955,SYN-CLAIM-000956,SYN-CLAIM-000957,REJECTED,3,REVIEW_REQUIRED
SYN-MUT-001956,SYN-PARCEL-001956,RELEASE,2021-01-17,2021-01-20,2021-02-17,2021-02-17,SYN-DOC-001956,SYN-CLAIM-000957,SYN-CLAIM-000958,SANCTIONED,1,MATCH
SYN-MUT-001957,SYN-PARCEL-001957,SALE_TRANSFER,2022-02-18,2022-02-21,2022-03-18,2022-03-18,SYN-DOC-001957,SYN-CLAIM-000958,SYN-CLAIM-000959,SANCTIONED,2,MATCH
SYN-MUT-001958,SYN-PARCEL-001958,INHERITANCE_SUCCESSION,2023-03-19,2023-03-22,2023-04-19,2023-04-19,SYN-DOC-001958,SYN-CLAIM-000959,SYN-CLAIM-000960,SANCTIONED,3,MATCH
SYN-MUT-001959,SYN-PARCEL-001959,PARTITION,2024-04-20,2024-04-23,2024-05-20,2024-05-20,SYN-DOC-001959,SYN-CLAIM-000960,SYN-CLAIM-000961,PENDING_OBJECTION,1,REVIEW_REQUIRED
SYN-MUT-001960,SYN-PARCEL-001960,CONVERSION,2015-05-01,2015-05-04,2015-06-01,2015-06-01,SYN-DOC-001960,SYN-CLAIM-000961,SYN-CLAIM-000962,REJECTED,2,REVIEW_REQUIRED
SYN-MUT-001961,SYN-PARCEL-001961,MORTGAGE_CHARGE,2016-06-02,2016-06-05,2016-07-02,2016-07-02,SYN-DOC-001961,SYN-CLAIM-000962,SYN-CLAIM-000963,SANCTIONED,3,MATCH
SYN-MUT-001962,SYN-PARCEL-001962,RELEASE,2017-07-03,2017-07-06,2017-08-03,2017-08-03,SYN-DOC-001962,SYN-CLAIM-000963,SYN-CLAIM-000964,SANCTIONED,1,MATCH
SYN-MUT-001963,SYN-PARCEL-001963,SALE_TRANSFER,2018-08-04,2018-08-07,2018-09-04,2018-09-04,SYN-DOC-001963,SYN-CLAIM-000964,SYN-CLAIM-000965,SANCTIONED,2,MATCH
SYN-MUT-001964,SYN-PARCEL-001964,INHERITANCE_SUCCESSION,2019-09-05,2019-09-08,2019-10-05,2019-10-05,SYN-DOC-001964,SYN-CLAIM-000965,SYN-CLAIM-000966,PENDING_OBJECTION,3,REVIEW_REQUIRED
SYN-MUT-001965,SYN-PARCEL-001965,PARTITION,2020-10-06,2020-10-09,2020-11-06,2020-11-06,SYN-DOC-001965,SYN-CLAIM-000966,SYN-CLAIM-000967,REJECTED,1,REVIEW_REQUIRED
SYN-MUT-001966,SYN-PARCEL-001966,CONVERSION,2021-11-07,2021-11-10,2021-12-07,2021-12-07,SYN-DOC-001966,SYN-CLAIM-000967,SYN-CLAIM-000968,SANCTIONED,2,MATCH
SYN-MUT-001967,SYN-PARCEL-001967,MORTGAGE_CHARGE,2022-12-08,2022-12-11,2022-12-08,2022-12-08,SYN-DOC-001967,SYN-CLAIM-000968,SYN-CLAIM-000969,SANCTIONED,3,MATCH
SYN-MUT-001968,SYN-PARCEL-001968,RELEASE,2023-01-09,2023-01-12,2023-02-09,2023-02-09,SYN-DOC-001968,SYN-CLAIM-000969,SYN-CLAIM-000970,SANCTIONED,1,MATCH
SYN-MUT-001969,SYN-PARCEL-001969,SALE_TRANSFER,2024-02-10,2024-02-13,2024-03-10,2024-03-10,SYN-DOC-001969,SYN-CLAIM-000970,SYN-CLAIM-000971,PENDING_OBJECTION,2,REVIEW_REQUIRED
SYN-MUT-001970,SYN-PARCEL-001970,INHERITANCE_SUCCESSION,2015-03-11,2015-03-14,2015-04-11,2015-04-11,SYN-DOC-001970,SYN-CLAIM-000971,SYN-CLAIM-000972,REJECTED,3,REVIEW_REQUIRED
SYN-MUT-001971,SYN-PARCEL-001971,PARTITION,2016-04-12,2016-04-15,2016-05-12,2016-05-12,SYN-DOC-001971,SYN-CLAIM-000972,SYN-CLAIM-000973,SANCTIONED,1,MATCH
SYN-MUT-001972,SYN-PARCEL-001972,CONVERSION,2017-05-13,2017-05-16,2017-06-13,2017-06-13,SYN-DOC-001972,SYN-CLAIM-000973,SYN-CLAIM-000974,SANCTIONED,2,MATCH
SYN-MUT-001973,SYN-PARCEL-001973,MORTGAGE_CHARGE,2018-06-14,2018-06-17,2018-07-14,2018-07-14,SYN-DOC-001973,SYN-CLAIM-000974,SYN-CLAIM-000975,SANCTIONED,3,MATCH
SYN-MUT-001974,SYN-PARCEL-001974,RELEASE,2019-07-15,2019-07-18,2019-08-15,2019-08-15,SYN-DOC-001974,SYN-CLAIM-000975,SYN-CLAIM-000976,PENDING_OBJECTION,1,REVIEW_REQUIRED
SYN-MUT-001975,SYN-PARCEL-001975,SALE_TRANSFER,2020-08-16,2020-08-19,2020-09-16,2020-09-16,SYN-DOC-001975,SYN-CLAIM-000976,SYN-CLAIM-000977,REJECTED,2,REVIEW_REQUIRED
SYN-MUT-001976,SYN-PARCEL-001976,INHERITANCE_SUCCESSION,2021-09-17,2021-09-20,2021-10-17,2021-10-17,SYN-DOC-001976,SYN-CLAIM-000977,SYN-CLAIM-000978,SANCTIONED,3,MATCH
SYN-MUT-001977,SYN-PARCEL-001977,PARTITION,2022-10-18,2022-10-21,2022-11-18,2022-11-18,SYN-DOC-001977,SYN-CLAIM-000978,SYN-CLAIM-000979,SANCTIONED,1,MATCH
SYN-MUT-001978,SYN-PARCEL-001978,CONVERSION,2023-11-19,2023-11-22,2023-12-19,2023-12-19,SYN-DOC-001978,SYN-CLAIM-000979,SYN-CLAIM-000980,SANCTIONED,2,MATCH
SYN-MUT-001979,SYN-PARCEL-001979,MORTGAGE_CHARGE,2024-12-20,2024-12-23,2024-12-20,2024-12-20,SYN-DOC-001979,SYN-CLAIM-000980,SYN-CLAIM-000981,PENDING_OBJECTION,3,REVIEW_REQUIRED
SYN-MUT-001980,SYN-PARCEL-001980,RELEASE,2015-01-01,2015-01-04,2015-02-01,2015-02-01,SYN-DOC-001980,SYN-CLAIM-000981,SYN-CLAIM-000982,REJECTED,1,REVIEW_REQUIRED
SYN-MUT-001981,SYN-PARCEL-001981,SALE_TRANSFER,2016-02-02,2016-02-05,2016-03-02,2016-03-02,SYN-DOC-001981,SYN-CLAIM-000982,SYN-CLAIM-000983,SANCTIONED,2,MATCH
SYN-MUT-001982,SYN-PARCEL-001982,INHERITANCE_SUCCESSION,2017-03-03,2017-03-06,2017-04-03,2017-04-03,SYN-DOC-001982,SYN-CLAIM-000983,SYN-CLAIM-000984,SANCTIONED,3,MATCH
SYN-MUT-001983,SYN-PARCEL-001983,PARTITION,2018-04-04,2018-04-07,2018-05-04,2018-05-04,SYN-DOC-001983,SYN-CLAIM-000984,SYN-CLAIM-000985,SANCTIONED,1,MATCH
SYN-MUT-001984,SYN-PARCEL-001984,CONVERSION,2019-05-05,2019-05-08,2019-06-05,2019-06-05,SYN-DOC-001984,SYN-CLAIM-000985,SYN-CLAIM-000986,PENDING_OBJECTION,2,REVIEW_REQUIRED
SYN-MUT-001985,SYN-PARCEL-001985,MORTGAGE_CHARGE,2020-06-06,2020-06-09,2020-07-06,2020-07-06,SYN-DOC-001985,SYN-CLAIM-000986,SYN-CLAIM-000987,REJECTED,3,REVIEW_REQUIRED
SYN-MUT-001986,SYN-PARCEL-001986,RELEASE,2021-07-07,2021-07-10,2021-08-07,2021-08-07,SYN-DOC-001986,SYN-CLAIM-000987,SYN-CLAIM-000988,SANCTIONED,1,MATCH
SYN-MUT-001987,SYN-PARCEL-001987,SALE_TRANSFER,2022-08-08,2022-08-11,2022-09-08,2022-09-08,SYN-DOC-001987,SYN-CLAIM-000988,SYN-CLAIM-000989,SANCTIONED,2,MATCH
SYN-MUT-001988,SYN-PARCEL-001988,INHERITANCE_SUCCESSION,2023-09-09,2023-09-12,2023-10-09,2023-10-09,SYN-DOC-001988,SYN-CLAIM-000989,SYN-CLAIM-000990,SANCTIONED,3,MATCH
SYN-MUT-001989,SYN-PARCEL-001989,PARTITION,2024-10-10,2024-10-13,2024-11-10,2024-11-10,SYN-DOC-001989,SYN-CLAIM-000990,SYN-CLAIM-000991,PENDING_OBJECTION,1,REVIEW_REQUIRED
SYN-MUT-001990,SYN-PARCEL-001990,CONVERSION,2015-11-11,2015-11-14,2015-12-11,2015-12-11,SYN-DOC-001990,SYN-CLAIM-000991,SYN-CLAIM-000992,REJECTED,2,REVIEW_REQUIRED
SYN-MUT-001991,SYN-PARCEL-001991,MORTGAGE_CHARGE,2016-12-12,2016-12-15,2016-12-12,2016-12-12,SYN-DOC-001991,SYN-CLAIM-000992,SYN-CLAIM-000993,SANCTIONED,3,MATCH
SYN-MUT-001992,SYN-PARCEL-001992,RELEASE,2017-01-13,2017-01-16,2017-02-13,2017-02-13,SYN-DOC-001992,SYN-CLAIM-000993,SYN-CLAIM-000994,SANCTIONED,1,MATCH
SYN-MUT-001993,SYN-PARCEL-001993,SALE_TRANSFER,2018-02-14,2018-02-17,2018-03-14,2018-03-14,SYN-DOC-001993,SYN-CLAIM-000994,SYN-CLAIM-000995,SANCTIONED,2,MATCH
SYN-MUT-001994,SYN-PARCEL-001994,INHERITANCE_SUCCESSION,2019-03-15,2019-03-18,2019-04-15,2019-04-15,SYN-DOC-001994,SYN-CLAIM-000995,SYN-CLAIM-000996,PENDING_OBJECTION,3,REVIEW_REQUIRED
SYN-MUT-001995,SYN-PARCEL-001995,PARTITION,2020-04-16,2020-04-19,2020-05-16,2020-05-16,SYN-DOC-001995,SYN-CLAIM-000996,SYN-CLAIM-000997,REJECTED,1,REVIEW_REQUIRED
SYN-MUT-001996,SYN-PARCEL-001996,CONVERSION,2021-05-17,2021-05-20,2021-06-17,2021-06-17,SYN-DOC-001996,SYN-CLAIM-000997,SYN-CLAIM-000998,SANCTIONED,2,MATCH
SYN-MUT-001997,SYN-PARCEL-001997,MORTGAGE_CHARGE,2022-06-18,2022-06-21,2022-07-18,2022-07-18,SYN-DOC-001997,SYN-CLAIM-000998,SYN-CLAIM-000999,SANCTIONED,3,MATCH
SYN-MUT-001998,SYN-PARCEL-001998,RELEASE,2023-07-19,2023-07-22,2023-08-19,2023-08-19,SYN-DOC-001998,SYN-CLAIM-000999,SYN-CLAIM-001000,SANCTIONED,1,MATCH
SYN-MUT-001999,SYN-PARCEL-001999,SALE_TRANSFER,2024-08-20,2024-08-23,2024-09-20,2024-09-20,SYN-DOC-001999,SYN-CLAIM-001000,SYN-CLAIM-001001,PENDING_OBJECTION,2,REVIEW_REQUIRED
SYN-MUT-002000,SYN-PARCEL-002000,INHERITANCE_SUCCESSION,2015-09-01,2015-09-04,2015-10-01,2015-10-01,SYN-DOC-002000,SYN-CLAIM-000001,SYN-CLAIM-000002,REJECTED,3,REVIEW_REQUIRED
SYN-MUT-002001,SYN-PARCEL-002001,PARTITION,2016-10-02,2016-10-05,2016-11-02,2016-11-02,SYN-DOC-002001,SYN-CLAIM-000002,SYN-CLAIM-000003,SANCTIONED,1,MATCH
SYN-MUT-002002,SYN-PARCEL-002002,CONVERSION,2017-11-03,2017-11-06,2017-12-03,2017-12-03,SYN-DOC-002002,SYN-CLAIM-000003,SYN-CLAIM-000004,SANCTIONED,2,MATCH
SYN-MUT-002003,SYN-PARCEL-002003,MORTGAGE_CHARGE,2018-12-04,2018-12-07,2018-12-04,2018-12-04,SYN-DOC-002003,SYN-CLAIM-000004,SYN-CLAIM-000005,SANCTIONED,3,MATCH
SYN-MUT-002004,SYN-PARCEL-002004,RELEASE,2019-01-05,2019-01-08,2019-02-05,2019-02-05,SYN-DOC-002004,SYN-CLAIM-000005,SYN-CLAIM-000006,PENDING_OBJECTION,1,REVIEW_REQUIRED
SYN-MUT-002005,SYN-PARCEL-002005,SALE_TRANSFER,2020-02-06,2020-02-09,2020-03-06,2020-03-06,SYN-DOC-002005,SYN-CLAIM-000006,SYN-CLAIM-000007,REJECTED,2,REVIEW_REQUIRED
SYN-MUT-002006,SYN-PARCEL-002006,INHERITANCE_SUCCESSION,2021-03-07,2021-03-10,2021-04-07,2021-04-07,SYN-DOC-002006,SYN-CLAIM-000007,SYN-CLAIM-000008,SANCTIONED,3,MATCH
SYN-MUT-002007,SYN-PARCEL-002007,PARTITION,2022-04-08,2022-04-11,2022-05-08,2022-05-08,SYN-DOC-002007,SYN-CLAIM-000008,SYN-CLAIM-000009,SANCTIONED,1,MATCH
SYN-MUT-002008,SYN-PARCEL-002008,CONVERSION,2023-05-09,2023-05-12,2023-06-09,2023-06-09,SYN-DOC-002008,SYN-CLAIM-000009,SYN-CLAIM-000010,SANCTIONED,2,MATCH
SYN-MUT-002009,SYN-PARCEL-002009,MORTGAGE_CHARGE,2024-06-10,2024-06-13,2024-07-10,2024-07-10,SYN-DOC-002009,SYN-CLAIM-000010,SYN-CLAIM-000011,PENDING_OBJECTION,3,REVIEW_REQUIRED
SYN-MUT-002010,SYN-PARCEL-002010,RELEASE,2015-07-11,2015-07-14,2015-08-11,2015-08-11,SYN-DOC-002010,SYN-CLAIM-000011,SYN-CLAIM-000012,REJECTED,1,REVIEW_REQUIRED
SYN-MUT-002011,SYN-PARCEL-002011,SALE_TRANSFER,2016-08-12,2016-08-15,2016-09-12,2016-09-12,SYN-DOC-002011,SYN-CLAIM-000012,SYN-CLAIM-000013,SANCTIONED,2,MATCH
SYN-MUT-002012,SYN-PARCEL-002012,INHERITANCE_SUCCESSION,2017-09-13,2017-09-16,2017-10-13,2017-10-13,SYN-DOC-002012,SYN-CLAIM-000013,SYN-CLAIM-000014,SANCTIONED,3,MATCH
SYN-MUT-002013,SYN-PARCEL-002013,PARTITION,2018-10-14,2018-10-17,2018-11-14,2018-11-14,SYN-DOC-002013,SYN-CLAIM-000014,SYN-CLAIM-000015,SANCTIONED,1,MATCH
SYN-MUT-002014,SYN-PARCEL-002014,CONVERSION,2019-11-15,2019-11-18,2019-12-15,2019-12-15,SYN-DOC-002014,SYN-CLAIM-000015,SYN-CLAIM-000016,PENDING_OBJECTION,2,REVIEW_REQUIRED
SYN-MUT-002015,SYN-PARCEL-002015,MORTGAGE_CHARGE,2020-12-16,2020-12-19,2020-12-16,2020-12-16,SYN-DOC-002015,SYN-CLAIM-000016,SYN-CLAIM-000017,REJECTED,3,REVIEW_REQUIRED
SYN-MUT-002016,SYN-PARCEL-002016,RELEASE,2021-01-17,2021-01-20,2021-02-17,2021-02-17,SYN-DOC-002016,SYN-CLAIM-000017,SYN-CLAIM-000018,SANCTIONED,1,MATCH
SYN-MUT-002017,SYN-PARCEL-002017,SALE_TRANSFER,2022-02-18,2022-02-21,2022-03-18,2022-03-18,SYN-DOC-002017,SYN-CLAIM-000018,SYN-CLAIM-000019,SANCTIONED,2,MATCH
SYN-MUT-002018,SYN-PARCEL-002018,INHERITANCE_SUCCESSION,2023-03-19,2023-03-22,2023-04-19,2023-04-19,SYN-DOC-002018,SYN-CLAIM-000019,SYN-CLAIM-000020,SANCTIONED,3,MATCH
SYN-MUT-002019,SYN-PARCEL-002019,PARTITION,2024-04-20,2024-04-23,2024-05-20,2024-05-20,SYN-DOC-002019,SYN-CLAIM-000020,SYN-CLAIM-000021,PENDING_OBJECTION,1,REVIEW_REQUIRED
SYN-MUT-002020,SYN-PARCEL-002020,CONVERSION,2015-05-01,2015-05-04,2015-06-01,2015-06-01,SYN-DOC-002020,SYN-CLAIM-000021,SYN-CLAIM-000022,REJECTED,2,REVIEW_REQUIRED
SYN-MUT-002021,SYN-PARCEL-002021,MORTGAGE_CHARGE,2016-06-02,2016-06-05,2016-07-02,2016-07-02,SYN-DOC-002021,SYN-CLAIM-000022,SYN-CLAIM-000023,SANCTIONED,3,MATCH
SYN-MUT-002022,SYN-PARCEL-002022,RELEASE,2017-07-03,2017-07-06,2017-08-03,2017-08-03,SYN-DOC-002022,SYN-CLAIM-000023,SYN-CLAIM-000024,SANCTIONED,1,MATCH
SYN-MUT-002023,SYN-PARCEL-002023,SALE_TRANSFER,2018-08-04,2018-08-07,2018-09-04,2018-09-04,SYN-DOC-002023,SYN-CLAIM-000024,SYN-CLAIM-000025,SANCTIONED,2,MATCH
SYN-MUT-002024,SYN-PARCEL-002024,INHERITANCE_SUCCESSION,2019-09-05,2019-09-08,2019-10-05,2019-10-05,SYN-DOC-002024,SYN-CLAIM-000025,SYN-CLAIM-000026,PENDING_OBJECTION,3,REVIEW_REQUIRED
SYN-MUT-002025,SYN-PARCEL-002025,PARTITION,2020-10-06,2020-10-09,2020-11-06,2020-11-06,SYN-DOC-002025,SYN-CLAIM-000026,SYN-CLAIM-000027,REJECTED,1,REVIEW_REQUIRED
SYN-MUT-002026,SYN-PARCEL-002026,CONVERSION,2021-11-07,2021-11-10,2021-12-07,2021-12-07,SYN-DOC-002026,SYN-CLAIM-000027,SYN-CLAIM-000028,SANCTIONED,2,MATCH
SYN-MUT-002027,SYN-PARCEL-002027,MORTGAGE_CHARGE,2022-12-08,2022-12-11,2022-12-08,2022-12-08,SYN-DOC-002027,SYN-CLAIM-000028,SYN-CLAIM-000029,SANCTIONED,3,MATCH
SYN-MUT-002028,SYN-PARCEL-002028,RELEASE,2023-01-09,2023-01-12,2023-02-09,2023-02-09,SYN-DOC-002028,SYN-CLAIM-000029,SYN-CLAIM-000030,SANCTIONED,1,MATCH
SYN-MUT-002029,SYN-PARCEL-002029,SALE_TRANSFER,2024-02-10,2024-02-13,2024-03-10,2024-03-10,SYN-DOC-002029,SYN-CLAIM-000030,SYN-CLAIM-000031,PENDING_OBJECTION,2,REVIEW_REQUIRED
SYN-MUT-002030,SYN-PARCEL-002030,INHERITANCE_SUCCESSION,2015-03-11,2015-03-14,2015-04-11,2015-04-11,SYN-DOC-002030,SYN-CLAIM-000031,SYN-CLAIM-000032,REJECTED,3,REVIEW_REQUIRED
SYN-MUT-002031,SYN-PARCEL-002031,PARTITION,2016-04-12,2016-04-15,2016-05-12,2016-05-12,SYN-DOC-002031,SYN-CLAIM-000032,SYN-CLAIM-000033,SANCTIONED,1,MATCH
SYN-MUT-002032,SYN-PARCEL-002032,CONVERSION,2017-05-13,2017-05-16,2017-06-13,2017-06-13,SYN-DOC-002032,SYN-CLAIM-000033,SYN-CLAIM-000034,SANCTIONED,2,MATCH
SYN-MUT-002033,SYN-PARCEL-002033,MORTGAGE_CHARGE,2018-06-14,2018-06-17,2018-07-14,2018-07-14,SYN-DOC-002033,SYN-CLAIM-000034,SYN-CLAIM-000035,SANCTIONED,3,MATCH
SYN-MUT-002034,SYN-PARCEL-002034,RELEASE,2019-07-15,2019-07-18,2019-08-15,2019-08-15,SYN-DOC-002034,SYN-CLAIM-000035,SYN-CLAIM-000036,PENDING_OBJECTION,1,REVIEW_REQUIRED
SYN-MUT-002035,SYN-PARCEL-002035,SALE_TRANSFER,2020-08-16,2020-08-19,2020-09-16,2020-09-16,SYN-DOC-002035,SYN-CLAIM-000036,SYN-CLAIM-000037,REJECTED,2,REVIEW_REQUIRED
SYN-MUT-002036,SYN-PARCEL-002036,INHERITANCE_SUCCESSION,2021-09-17,2021-09-20,2021-10-17,2021-10-17,SYN-DOC-002036,SYN-CLAIM-000037,SYN-CLAIM-000038,SANCTIONED,3,MATCH
SYN-MUT-002037,SYN-PARCEL-002037,PARTITION,2022-10-18,2022-10-21,2022-11-18,2022-11-18,SYN-DOC-002037,SYN-CLAIM-000038,SYN-CLAIM-000039,SANCTIONED,1,MATCH
SYN-MUT-002038,SYN-PARCEL-002038,CONVERSION,2023-11-19,2023-11-22,2023-12-19,2023-12-19,SYN-DOC-002038,SYN-CLAIM-000039,SYN-CLAIM-000040,SANCTIONED,2,MATCH
SYN-MUT-002039,SYN-PARCEL-002039,MORTGAGE_CHARGE,2024-12-20,2024-12-23,2024-12-20,2024-12-20,SYN-DOC-002039,SYN-CLAIM-000040,SYN-CLAIM-000041,PENDING_OBJECTION,3,REVIEW_REQUIRED
SYN-MUT-002040,SYN-PARCEL-002040,RELEASE,2015-01-01,2015-01-04,2015-02-01,2015-02-01,SYN-DOC-002040,SYN-CLAIM-000041,SYN-CLAIM-000042,REJECTED,1,REVIEW_REQUIRED
SYN-MUT-002041,SYN-PARCEL-002041,SALE_TRANSFER,2016-02-02,2016-02-05,2016-03-02,2016-03-02,SYN-DOC-002041,SYN-CLAIM-000042,SYN-CLAIM-000043,SANCTIONED,2,MATCH
SYN-MUT-002042,SYN-PARCEL-002042,INHERITANCE_SUCCESSION,2017-03-03,2017-03-06,2017-04-03,2017-04-03,SYN-DOC-002042,SYN-CLAIM-000043,SYN-CLAIM-000044,SANCTIONED,3,MATCH
SYN-MUT-002043,SYN-PARCEL-002043,PARTITION,2018-04-04,2018-04-07,2018-05-04,2018-05-04,SYN-DOC-002043,SYN-CLAIM-000044,SYN-CLAIM-000045,SANCTIONED,1,MATCH
SYN-MUT-002044,SYN-PARCEL-002044,CONVERSION,2019-05-05,2019-05-08,2019-06-05,2019-06-05,SYN-DOC-002044,SYN-CLAIM-000045,SYN-CLAIM-000046,PENDING_OBJECTION,2,REVIEW_REQUIRED
SYN-MUT-002045,SYN-PARCEL-002045,MORTGAGE_CHARGE,2020-06-06,2020-06-09,2020-07-06,2020-07-06,SYN-DOC-002045,SYN-CLAIM-000046,SYN-CLAIM-000047,REJECTED,3,REVIEW_REQUIRED
SYN-MUT-002046,SYN-PARCEL-002046,RELEASE,2021-07-07,2021-07-10,2021-08-07,2021-08-07,SYN-DOC-002046,SYN-CLAIM-000047,SYN-CLAIM-000048,SANCTIONED,1,MATCH
SYN-MUT-002047,SYN-PARCEL-002047,SALE_TRANSFER,2022-08-08,2022-08-11,2022-09-08,2022-09-08,SYN-DOC-002047,SYN-CLAIM-000048,SYN-CLAIM-000049,SANCTIONED,2,MATCH
SYN-MUT-002048,SYN-PARCEL-002048,INHERITANCE_SUCCESSION,2023-09-09,2023-09-12,2023-10-09,2023-10-09,SYN-DOC-002048,SYN-CLAIM-000049,SYN-CLAIM-000050,SANCTIONED,3,MATCH
SYN-MUT-002049,SYN-PARCEL-002049,PARTITION,2024-10-10,2024-10-13,2024-11-10,2024-11-10,SYN-DOC-002049,SYN-CLAIM-000050,SYN-CLAIM-000051,PENDING_OBJECTION,1,REVIEW_REQUIRED
SYN-MUT-002050,SYN-PARCEL-002050,CONVERSION,2015-11-11,2015-11-14,2015-12-11,2015-12-11,SYN-DOC-002050,SYN-CLAIM-000051,SYN-CLAIM-000052,REJECTED,2,REVIEW_REQUIRED
SYN-MUT-002051,SYN-PARCEL-002051,MORTGAGE_CHARGE,2016-12-12,2016-12-15,2016-12-12,2016-12-12,SYN-DOC-002051,SYN-CLAIM-000052,SYN-CLAIM-000053,SANCTIONED,3,MATCH
SYN-MUT-002052,SYN-PARCEL-002052,RELEASE,2017-01-13,2017-01-16,2017-02-13,2017-02-13,SYN-DOC-002052,SYN-CLAIM-000053,SYN-CLAIM-000054,SANCTIONED,1,MATCH
SYN-MUT-002053,SYN-PARCEL-002053,SALE_TRANSFER,2018-02-14,2018-02-17,2018-03-14,2018-03-14,SYN-DOC-002053,SYN-CLAIM-000054,SYN-CLAIM-000055,SANCTIONED,2,MATCH
SYN-MUT-002054,SYN-PARCEL-002054,INHERITANCE_SUCCESSION,2019-03-15,2019-03-18,2019-04-15,2019-04-15,SYN-DOC-002054,SYN-CLAIM-000055,SYN-CLAIM-000056,PENDING_OBJECTION,3,REVIEW_REQUIRED
SYN-MUT-002055,SYN-PARCEL-002055,PARTITION,2020-04-16,2020-04-19,2020-05-16,2020-05-16,SYN-DOC-002055,SYN-CLAIM-000056,SYN-CLAIM-000057,REJECTED,1,REVIEW_REQUIRED
SYN-MUT-002056,SYN-PARCEL-002056,CONVERSION,2021-05-17,2021-05-20,2021-06-17,2021-06-17,SYN-DOC-002056,SYN-CLAIM-000057,SYN-CLAIM-000058,SANCTIONED,2,MATCH
SYN-MUT-002057,SYN-PARCEL-002057,MORTGAGE_CHARGE,2022-06-18,2022-06-21,2022-07-18,2022-07-18,SYN-DOC-002057,SYN-CLAIM-000058,SYN-CLAIM-000059,SANCTIONED,3,MATCH
SYN-MUT-002058,SYN-PARCEL-002058,RELEASE,2023-07-19,2023-07-22,2023-08-19,2023-08-19,SYN-DOC-002058,SYN-CLAIM-000059,SYN-CLAIM-000060,SANCTIONED,1,MATCH
SYN-MUT-002059,SYN-PARCEL-002059,SALE_TRANSFER,2024-08-20,2024-08-23,2024-09-20,2024-09-20,SYN-DOC-002059,SYN-CLAIM-000060,SYN-CLAIM-000061,PENDING_OBJECTION,2,REVIEW_REQUIRED
SYN-MUT-002060,SYN-PARCEL-002060,INHERITANCE_SUCCESSION,2015-09-01,2015-09-04,2015-10-01,2015-10-01,SYN-DOC-002060,SYN-CLAIM-000061,SYN-CLAIM-000062,REJECTED,3,REVIEW_REQUIRED
SYN-MUT-002061,SYN-PARCEL-002061,PARTITION,2016-10-02,2016-10-05,2016-11-02,2016-11-02,SYN-DOC-002061,SYN-CLAIM-000062,SYN-CLAIM-000063,SANCTIONED,1,MATCH
SYN-MUT-002062,SYN-PARCEL-002062,CONVERSION,2017-11-03,2017-11-06,2017-12-03,2017-12-03,SYN-DOC-002062,SYN-CLAIM-000063,SYN-CLAIM-000064,SANCTIONED,2,MATCH
SYN-MUT-002063,SYN-PARCEL-002063,MORTGAGE_CHARGE,2018-12-04,2018-12-07,2018-12-04,2018-12-04,SYN-DOC-002063,SYN-CLAIM-000064,SYN-CLAIM-000065,SANCTIONED,3,MATCH
SYN-MUT-002064,SYN-PARCEL-002064,RELEASE,2019-01-05,2019-01-08,2019-02-05,2019-02-05,SYN-DOC-002064,SYN-CLAIM-000065,SYN-CLAIM-000066,PENDING_OBJECTION,1,REVIEW_REQUIRED
SYN-MUT-002065,SYN-PARCEL-002065,SALE_TRANSFER,2020-02-06,2020-02-09,2020-03-06,2020-03-06,SYN-DOC-002065,SYN-CLAIM-000066,SYN-CLAIM-000067,REJECTED,2,REVIEW_REQUIRED
SYN-MUT-002066,SYN-PARCEL-002066,INHERITANCE_SUCCESSION,2021-03-07,2021-03-10,2021-04-07,2021-04-07,SYN-DOC-002066,SYN-CLAIM-000067,SYN-CLAIM-000068,SANCTIONED,3,MATCH
SYN-MUT-002067,SYN-PARCEL-002067,PARTITION,2022-04-08,2022-04-11,2022-05-08,2022-05-08,SYN-DOC-002067,SYN-CLAIM-000068,SYN-CLAIM-000069,SANCTIONED,1,MATCH
SYN-MUT-002068,SYN-PARCEL-002068,CONVERSION,2023-05-09,2023-05-12,2023-06-09,2023-06-09,SYN-DOC-002068,SYN-CLAIM-000069,SYN-CLAIM-000070,SANCTIONED,2,MATCH
SYN-MUT-002069,SYN-PARCEL-002069,MORTGAGE_CHARGE,2024-06-10,2024-06-13,2024-07-10,2024-07-10,SYN-DOC-002069,SYN-CLAIM-000070,SYN-CLAIM-000071,PENDING_OBJECTION,3,REVIEW_REQUIRED
SYN-MUT-002070,SYN-PARCEL-002070,RELEASE,2015-07-11,2015-07-14,2015-08-11,2015-08-11,SYN-DOC-002070,SYN-CLAIM-000071,SYN-CLAIM-000072,REJECTED,1,REVIEW_REQUIRED
SYN-MUT-002071,SYN-PARCEL-002071,SALE_TRANSFER,2016-08-12,2016-08-15,2016-09-12,2016-09-12,SYN-DOC-002071,SYN-CLAIM-000072,SYN-CLAIM-000073,SANCTIONED,2,MATCH
SYN-MUT-002072,SYN-PARCEL-002072,INHERITANCE_SUCCESSION,2017-09-13,2017-09-16,2017-10-13,2017-10-13,SYN-DOC-002072,SYN-CLAIM-000073,SYN-CLAIM-000074,SANCTIONED,3,MATCH
SYN-MUT-002073,SYN-PARCEL-002073,PARTITION,2018-10-14,2018-10-17,2018-11-14,2018-11-14,SYN-DOC-002073,SYN-CLAIM-000074,SYN-CLAIM-000075,SANCTIONED,1,MATCH
SYN-MUT-002074,SYN-PARCEL-002074,CONVERSION,2019-11-15,2019-11-18,2019-12-15,2019-12-15,SYN-DOC-002074,SYN-CLAIM-000075,SYN-CLAIM-000076,PENDING_OBJECTION,2,REVIEW_REQUIRED
SYN-MUT-002075,SYN-PARCEL-002075,MORTGAGE_CHARGE,2020-12-16,2020-12-19,2020-12-16,2020-12-16,SYN-DOC-002075,SYN-CLAIM-000076,SYN-CLAIM-000077,REJECTED,3,REVIEW_REQUIRED
SYN-MUT-002076,SYN-PARCEL-002076,RELEASE,2021-01-17,2021-01-20,2021-02-17,2021-02-17,SYN-DOC-002076,SYN-CLAIM-000077,SYN-CLAIM-000078,SANCTIONED,1,MATCH
SYN-MUT-002077,SYN-PARCEL-002077,SALE_TRANSFER,2022-02-18,2022-02-21,2022-03-18,2022-03-18,SYN-DOC-002077,SYN-CLAIM-000078,SYN-CLAIM-000079,SANCTIONED,2,MATCH
SYN-MUT-002078,SYN-PARCEL-002078,INHERITANCE_SUCCESSION,2023-03-19,2023-03-22,2023-04-19,2023-04-19,SYN-DOC-002078,SYN-CLAIM-000079,SYN-CLAIM-000080,SANCTIONED,3,MATCH
SYN-MUT-002079,SYN-PARCEL-002079,PARTITION,2024-04-20,2024-04-23,2024-05-20,2024-05-20,SYN-DOC-002079,SYN-CLAIM-000080,SYN-CLAIM-000081,PENDING_OBJECTION,1,REVIEW_REQUIRED
SYN-MUT-002080,SYN-PARCEL-002080,CONVERSION,2015-05-01,2015-05-04,2015-06-01,2015-06-01,SYN-DOC-002080,SYN-CLAIM-000081,SYN-CLAIM-000082,REJECTED,2,REVIEW_REQUIRED
SYN-MUT-002081,SYN-PARCEL-002081,MORTGAGE_CHARGE,2016-06-02,2016-06-05,2016-07-02,2016-07-02,SYN-DOC-002081,SYN-CLAIM-000082,SYN-CLAIM-000083,SANCTIONED,3,MATCH
SYN-MUT-002082,SYN-PARCEL-002082,RELEASE,2017-07-03,2017-07-06,2017-08-03,2017-08-03,SYN-DOC-002082,SYN-CLAIM-000083,SYN-CLAIM-000084,SANCTIONED,1,MATCH
SYN-MUT-002083,SYN-PARCEL-002083,SALE_TRANSFER,2018-08-04,2018-08-07,2018-09-04,2018-09-04,SYN-DOC-002083,SYN-CLAIM-000084,SYN-CLAIM-000085,SANCTIONED,2,MATCH
SYN-MUT-002084,SYN-PARCEL-002084,INHERITANCE_SUCCESSION,2019-09-05,2019-09-08,2019-10-05,2019-10-05,SYN-DOC-002084,SYN-CLAIM-000085,SYN-CLAIM-000086,PENDING_OBJECTION,3,REVIEW_REQUIRED
SYN-MUT-002085,SYN-PARCEL-002085,PARTITION,2020-10-06,2020-10-09,2020-11-06,2020-11-06,SYN-DOC-002085,SYN-CLAIM-000086,SYN-CLAIM-000087,REJECTED,1,REVIEW_REQUIRED
SYN-MUT-002086,SYN-PARCEL-002086,CONVERSION,2021-11-07,2021-11-10,2021-12-07,2021-12-07,SYN-DOC-002086,SYN-CLAIM-000087,SYN-CLAIM-000088,SANCTIONED,2,MATCH
SYN-MUT-002087,SYN-PARCEL-002087,MORTGAGE_CHARGE,2022-12-08,2022-12-11,2022-12-08,2022-12-08,SYN-DOC-002087,SYN-CLAIM-000088,SYN-CLAIM-000089,SANCTIONED,3,MATCH
SYN-MUT-002088,SYN-PARCEL-002088,RELEASE,2023-01-09,2023-01-12,2023-02-09,2023-02-09,SYN-DOC-002088,SYN-CLAIM-000089,SYN-CLAIM-000090,SANCTIONED,1,MATCH
SYN-MUT-002089,SYN-PARCEL-002089,SALE_TRANSFER,2024-02-10,2024-02-13,2024-03-10,2024-03-10,SYN-DOC-002089,SYN-CLAIM-000090,SYN-CLAIM-000091,PENDING_OBJECTION,2,REVIEW_REQUIRED
SYN-MUT-002090,SYN-PARCEL-002090,INHERITANCE_SUCCESSION,2015-03-11,2015-03-14,2015-04-11,2015-04-11,SYN-DOC-002090,SYN-CLAIM-000091,SYN-CLAIM-000092,REJECTED,3,REVIEW_REQUIRED
SYN-MUT-002091,SYN-PARCEL-002091,PARTITION,2016-04-12,2016-04-15,2016-05-12,2016-05-12,SYN-DOC-002091,SYN-CLAIM-000092,SYN-CLAIM-000093,SANCTIONED,1,MATCH
SYN-MUT-002092,SYN-PARCEL-002092,CONVERSION,2017-05-13,2017-05-16,2017-06-13,2017-06-13,SYN-DOC-002092,SYN-CLAIM-000093,SYN-CLAIM-000094,SANCTIONED,2,MATCH
SYN-MUT-002093,SYN-PARCEL-002093,MORTGAGE_CHARGE,2018-06-14,2018-06-17,2018-07-14,2018-07-14,SYN-DOC-002093,SYN-CLAIM-000094,SYN-CLAIM-000095,SANCTIONED,3,MATCH
SYN-MUT-002094,SYN-PARCEL-002094,RELEASE,2019-07-15,2019-07-18,2019-08-15,2019-08-15,SYN-DOC-002094,SYN-CLAIM-000095,SYN-CLAIM-000096,PENDING_OBJECTION,1,REVIEW_REQUIRED
SYN-MUT-002095,SYN-PARCEL-002095,SALE_TRANSFER,2020-08-16,2020-08-19,2020-09-16,2020-09-16,SYN-DOC-002095,SYN-CLAIM-000096,SYN-CLAIM-000097,REJECTED,2,REVIEW_REQUIRED
SYN-MUT-002096,SYN-PARCEL-002096,INHERITANCE_SUCCESSION,2021-09-17,2021-09-20,2021-10-17,2021-10-17,SYN-DOC-002096,SYN-CLAIM-000097,SYN-CLAIM-000098,SANCTIONED,3,MATCH
SYN-MUT-002097,SYN-PARCEL-002097,PARTITION,2022-10-18,2022-10-21,2022-11-18,2022-11-18,SYN-DOC-002097,SYN-CLAIM-000098,SYN-CLAIM-000099,SANCTIONED,1,MATCH
SYN-MUT-002098,SYN-PARCEL-002098,CONVERSION,2023-11-19,2023-11-22,2023-12-19,2023-12-19,SYN-DOC-002098,SYN-CLAIM-000099,SYN-CLAIM-000100,SANCTIONED,2,MATCH
SYN-MUT-002099,SYN-PARCEL-002099,MORTGAGE_CHARGE,2024-12-20,2024-12-23,2024-12-20,2024-12-20,SYN-DOC-002099,SYN-CLAIM-000100,SYN-CLAIM-000101,PENDING_OBJECTION,3,REVIEW_REQUIRED
SYN-MUT-002100,SYN-PARCEL-002100,RELEASE,2015-01-01,2015-01-04,2014-01-01,2014-01-01,SYN-DOC-002100,SYN-CLAIM-000101,SYN-CLAIM-000102,REJECTED,1,CHRONOLOGY_CONFLICT
SYN-MUT-002101,SYN-PARCEL-002101,SALE_TRANSFER,2016-02-02,2016-02-05,2016-03-02,2016-03-02,SYN-DOC-002101,SYN-CLAIM-000102,SYN-CLAIM-000103,SANCTIONED,2,MATCH
SYN-MUT-002102,SYN-PARCEL-002102,INHERITANCE_SUCCESSION,2017-03-03,2017-03-06,2017-04-03,2017-04-03,SYN-DOC-002102,SYN-CLAIM-000103,SYN-CLAIM-000104,SANCTIONED,3,MATCH
SYN-MUT-002103,SYN-PARCEL-002103,PARTITION,2018-04-04,2018-04-07,2018-05-04,2018-05-04,SYN-DOC-002103,SYN-CLAIM-000104,SYN-CLAIM-000105,SANCTIONED,1,MATCH
SYN-MUT-002104,SYN-PARCEL-002104,CONVERSION,2019-05-05,2019-05-08,2019-06-05,2019-06-05,SYN-DOC-002104,SYN-CLAIM-000105,SYN-CLAIM-000106,PENDING_OBJECTION,2,REVIEW_REQUIRED
SYN-MUT-002105,SYN-PARCEL-002105,MORTGAGE_CHARGE,2020-06-06,2020-06-09,2020-07-06,2020-07-06,SYN-DOC-002105,SYN-CLAIM-000106,SYN-CLAIM-000107,REJECTED,3,REVIEW_REQUIRED
SYN-MUT-002106,SYN-PARCEL-002106,RELEASE,2021-07-07,2021-07-10,2021-08-07,2021-08-07,SYN-DOC-002106,SYN-CLAIM-000107,SYN-CLAIM-000108,SANCTIONED,1,MATCH
SYN-MUT-002107,SYN-PARCEL-002107,SALE_TRANSFER,2022-08-08,2022-08-11,2022-09-08,2022-09-08,SYN-DOC-002107,SYN-CLAIM-000108,SYN-CLAIM-000109,SANCTIONED,2,MATCH
SYN-MUT-002108,SYN-PARCEL-002108,INHERITANCE_SUCCESSION,2023-09-09,2023-09-12,2023-10-09,2023-10-09,SYN-DOC-002108,SYN-CLAIM-000109,SYN-CLAIM-000110,SANCTIONED,3,MATCH
SYN-MUT-002109,SYN-PARCEL-002109,PARTITION,2024-10-10,2024-10-13,2024-11-10,2024-11-10,SYN-DOC-002109,SYN-CLAIM-000110,SYN-CLAIM-000111,PENDING_OBJECTION,1,REVIEW_REQUIRED
SYN-MUT-002110,SYN-PARCEL-002110,CONVERSION,2015-11-11,2015-11-14,2015-12-11,2015-12-11,SYN-DOC-002110,SYN-CLAIM-000111,SYN-CLAIM-000112,REJECTED,2,REVIEW_REQUIRED
SYN-MUT-002111,SYN-PARCEL-002111,MORTGAGE_CHARGE,2016-12-12,2016-12-15,2016-12-12,2016-12-12,SYN-DOC-002111,SYN-CLAIM-000112,SYN-CLAIM-000113,SANCTIONED,3,MATCH
SYN-MUT-002112,SYN-PARCEL-002112,RELEASE,2017-01-13,2017-01-16,2017-02-13,2017-02-13,SYN-DOC-002112,SYN-CLAIM-000113,SYN-CLAIM-000114,SANCTIONED,1,MATCH
SYN-MUT-002113,SYN-PARCEL-002113,SALE_TRANSFER,2018-02-14,2018-02-17,2018-03-14,2018-03-14,SYN-DOC-002113,SYN-CLAIM-000114,SYN-CLAIM-000115,SANCTIONED,2,MATCH
SYN-MUT-002114,SYN-PARCEL-002114,INHERITANCE_SUCCESSION,2019-03-15,2019-03-18,2019-04-15,2019-04-15,SYN-DOC-002114,SYN-CLAIM-000115,SYN-CLAIM-000116,PENDING_OBJECTION,3,REVIEW_REQUIRED
SYN-MUT-002115,SYN-PARCEL-002115,PARTITION,2020-04-16,2020-04-19,2020-05-16,2020-05-16,SYN-DOC-002115,SYN-CLAIM-000116,SYN-CLAIM-000117,REJECTED,1,REVIEW_REQUIRED
SYN-MUT-002116,SYN-PARCEL-002116,CONVERSION,2021-05-17,2021-05-20,2021-06-17,2021-06-17,SYN-DOC-002116,SYN-CLAIM-000117,SYN-CLAIM-000118,SANCTIONED,2,MATCH
SYN-MUT-002117,SYN-PARCEL-002117,MORTGAGE_CHARGE,2022-06-18,2022-06-21,2022-07-18,2022-07-18,SYN-DOC-002117,SYN-CLAIM-000118,SYN-CLAIM-000119,SANCTIONED,3,MATCH
SYN-MUT-002118,SYN-PARCEL-002118,RELEASE,2023-07-19,2023-07-22,2023-08-19,2023-08-19,SYN-DOC-002118,SYN-CLAIM-000119,SYN-CLAIM-000120,SANCTIONED,1,MATCH
SYN-MUT-002119,SYN-PARCEL-002119,SALE_TRANSFER,2024-08-20,2024-08-23,2024-09-20,2024-09-20,SYN-DOC-002119,SYN-CLAIM-000120,SYN-CLAIM-000121,PENDING_OBJECTION,2,REVIEW_REQUIRED
SYN-MUT-002120,SYN-PARCEL-002120,INHERITANCE_SUCCESSION,2015-09-01,2015-09-04,2015-10-01,2015-10-01,SYN-DOC-002120,SYN-CLAIM-000121,SYN-CLAIM-000122,REJECTED,3,REVIEW_REQUIRED
SYN-MUT-002121,SYN-PARCEL-002121,PARTITION,2016-10-02,2016-10-05,2016-11-02,2016-11-02,SYN-DOC-002121,SYN-CLAIM-000122,SYN-CLAIM-000123,SANCTIONED,1,MATCH
SYN-MUT-002122,SYN-PARCEL-002122,CONVERSION,2017-11-03,2017-11-06,2017-12-03,2017-12-03,SYN-DOC-002122,SYN-CLAIM-000123,SYN-CLAIM-000124,SANCTIONED,2,MATCH
SYN-MUT-002123,SYN-PARCEL-002123,MORTGAGE_CHARGE,2018-12-04,2018-12-07,2018-12-04,2018-12-04,SYN-DOC-002123,SYN-CLAIM-000124,SYN-CLAIM-000125,SANCTIONED,3,MATCH
SYN-MUT-002124,SYN-PARCEL-002124,RELEASE,2019-01-05,2019-01-08,2019-02-05,2019-02-05,SYN-DOC-002124,SYN-CLAIM-000125,SYN-CLAIM-000126,PENDING_OBJECTION,1,REVIEW_REQUIRED
SYN-MUT-002125,SYN-PARCEL-002125,SALE_TRANSFER,2020-02-06,2020-02-09,2020-03-06,2020-03-06,SYN-DOC-002125,SYN-CLAIM-000126,SYN-CLAIM-000127,REJECTED,2,REVIEW_REQUIRED
SYN-MUT-002126,SYN-PARCEL-002126,INHERITANCE_SUCCESSION,2021-03-07,2021-03-10,2021-04-07,2021-04-07,SYN-DOC-002126,SYN-CLAIM-000127,SYN-CLAIM-000128,SANCTIONED,3,MATCH
SYN-MUT-002127,SYN-PARCEL-002127,PARTITION,2022-04-08,2022-04-11,2022-05-08,2022-05-08,SYN-DOC-002127,SYN-CLAIM-000128,SYN-CLAIM-000129,SANCTIONED,1,MATCH
SYN-MUT-002128,SYN-PARCEL-002128,CONVERSION,2023-05-09,2023-05-12,2023-06-09,2023-06-09,SYN-DOC-002128,SYN-CLAIM-000129,SYN-CLAIM-000130,SANCTIONED,2,MATCH
SYN-MUT-002129,SYN-PARCEL-002129,MORTGAGE_CHARGE,2024-06-10,2024-06-13,2024-07-10,2024-07-10,SYN-DOC-002129,SYN-CLAIM-000130,SYN-CLAIM-000131,PENDING_OBJECTION,3,REVIEW_REQUIRED
SYN-MUT-002130,SYN-PARCEL-002130,RELEASE,2015-07-11,2015-07-14,2015-08-11,2015-08-11,SYN-DOC-002130,SYN-CLAIM-000131,SYN-CLAIM-000132,REJECTED,1,REVIEW_REQUIRED
SYN-MUT-002131,SYN-PARCEL-002131,SALE_TRANSFER,2016-08-12,2016-08-15,2016-09-12,2016-09-12,SYN-DOC-002131,SYN-CLAIM-000132,SYN-CLAIM-000133,SANCTIONED,2,MATCH
SYN-MUT-002132,SYN-PARCEL-002132,INHERITANCE_SUCCESSION,2017-09-13,2017-09-16,2017-10-13,2017-10-13,SYN-DOC-002132,SYN-CLAIM-000133,SYN-CLAIM-000134,SANCTIONED,3,MATCH
SYN-MUT-002133,SYN-PARCEL-002133,PARTITION,2018-10-14,2018-10-17,2018-11-14,2018-11-14,SYN-DOC-002133,SYN-CLAIM-000134,SYN-CLAIM-000135,SANCTIONED,1,MATCH
SYN-MUT-002134,SYN-PARCEL-002134,CONVERSION,2019-11-15,2019-11-18,2019-12-15,2019-12-15,SYN-DOC-002134,SYN-CLAIM-000135,SYN-CLAIM-000136,PENDING_OBJECTION,2,REVIEW_REQUIRED
SYN-MUT-002135,SYN-PARCEL-002135,MORTGAGE_CHARGE,2020-12-16,2020-12-19,2020-12-16,2020-12-16,SYN-DOC-002135,SYN-CLAIM-000136,SYN-CLAIM-000137,REJECTED,3,REVIEW_REQUIRED
SYN-MUT-002136,SYN-PARCEL-002136,RELEASE,2021-01-17,2021-01-20,2021-02-17,2021-02-17,SYN-DOC-002136,SYN-CLAIM-000137,SYN-CLAIM-000138,SANCTIONED,1,MATCH
SYN-MUT-002137,SYN-PARCEL-002137,SALE_TRANSFER,2022-02-18,2022-02-21,2022-03-18,2022-03-18,SYN-DOC-002137,SYN-CLAIM-000138,SYN-CLAIM-000139,SANCTIONED,2,MATCH
SYN-MUT-002138,SYN-PARCEL-002138,INHERITANCE_SUCCESSION,2023-03-19,2023-03-22,2023-04-19,2023-04-19,SYN-DOC-002138,SYN-CLAIM-000139,SYN-CLAIM-000140,SANCTIONED,3,MATCH
SYN-MUT-002139,SYN-PARCEL-002139,PARTITION,2024-04-20,2024-04-23,2024-05-20,2024-05-20,SYN-DOC-002139,SYN-CLAIM-000140,SYN-CLAIM-000141,PENDING_OBJECTION,1,REVIEW_REQUIRED
SYN-MUT-002140,SYN-PARCEL-002140,CONVERSION,2015-05-01,2015-05-04,2015-06-01,2015-06-01,SYN-DOC-002140,SYN-CLAIM-000141,SYN-CLAIM-000142,REJECTED,2,REVIEW_REQUIRED
SYN-MUT-002141,SYN-PARCEL-002141,MORTGAGE_CHARGE,2016-06-02,2016-06-05,2016-07-02,2016-07-02,SYN-DOC-002141,SYN-CLAIM-000142,SYN-CLAIM-000143,SANCTIONED,3,MATCH
SYN-MUT-002142,SYN-PARCEL-002142,RELEASE,2017-07-03,2017-07-06,2017-08-03,2017-08-03,SYN-DOC-002142,SYN-CLAIM-000143,SYN-CLAIM-000144,SANCTIONED,1,MATCH
SYN-MUT-002143,SYN-PARCEL-002143,SALE_TRANSFER,2018-08-04,2018-08-07,2018-09-04,2018-09-04,SYN-DOC-002143,SYN-CLAIM-000144,SYN-CLAIM-000145,SANCTIONED,2,MATCH
SYN-MUT-002144,SYN-PARCEL-002144,INHERITANCE_SUCCESSION,2019-09-05,2019-09-08,2019-10-05,2019-10-05,SYN-DOC-002144,SYN-CLAIM-000145,SYN-CLAIM-000146,PENDING_OBJECTION,3,REVIEW_REQUIRED
SYN-MUT-002145,SYN-PARCEL-002145,PARTITION,2020-10-06,2020-10-09,2020-11-06,2020-11-06,SYN-DOC-002145,SYN-CLAIM-000146,SYN-CLAIM-000147,REJECTED,1,REVIEW_REQUIRED
SYN-MUT-002146,SYN-PARCEL-002146,CONVERSION,2021-11-07,2021-11-10,2021-12-07,2021-12-07,SYN-DOC-002146,SYN-CLAIM-000147,SYN-CLAIM-000148,SANCTIONED,2,MATCH
SYN-MUT-002147,SYN-PARCEL-002147,MORTGAGE_CHARGE,2022-12-08,2022-12-11,2022-12-08,2022-12-08,SYN-DOC-002147,SYN-CLAIM-000148,SYN-CLAIM-000149,SANCTIONED,3,MATCH
SYN-MUT-002148,SYN-PARCEL-002148,RELEASE,2023-01-09,2023-01-12,2023-02-09,2023-02-09,SYN-DOC-002148,SYN-CLAIM-000149,SYN-CLAIM-000150,SANCTIONED,1,MATCH
SYN-MUT-002149,SYN-PARCEL-002149,SALE_TRANSFER,2024-02-10,2024-02-13,2024-03-10,2024-03-10,SYN-DOC-002149,SYN-CLAIM-000150,SYN-CLAIM-000151,PENDING_OBJECTION,2,REVIEW_REQUIRED
SYN-MUT-002150,SYN-PARCEL-002150,INHERITANCE_SUCCESSION,2015-03-11,2015-03-14,2015-04-11,2015-04-11,SYN-DOC-002150,SYN-CLAIM-000151,SYN-CLAIM-000152,REJECTED,3,REVIEW_REQUIRED
SYN-MUT-002151,SYN-PARCEL-002151,PARTITION,2016-04-12,2016-04-15,2016-05-12,2016-05-12,SYN-DOC-002151,SYN-CLAIM-000152,SYN-CLAIM-000153,SANCTIONED,1,MATCH
SYN-MUT-002152,SYN-PARCEL-002152,CONVERSION,2017-05-13,2017-05-16,2017-06-13,2017-06-13,SYN-DOC-002152,SYN-CLAIM-000153,SYN-CLAIM-000154,SANCTIONED,2,MATCH
SYN-MUT-002153,SYN-PARCEL-002153,MORTGAGE_CHARGE,2018-06-14,2018-06-17,2018-07-14,2018-07-14,SYN-DOC-002153,SYN-CLAIM-000154,SYN-CLAIM-000155,SANCTIONED,3,MATCH
SYN-MUT-002154,SYN-PARCEL-002154,RELEASE,2019-07-15,2019-07-18,2019-08-15,2019-08-15,SYN-DOC-002154,SYN-CLAIM-000155,SYN-CLAIM-000156,PENDING_OBJECTION,1,REVIEW_REQUIRED
SYN-MUT-002155,SYN-PARCEL-002155,SALE_TRANSFER,2020-08-16,2020-08-19,2020-09-16,2020-09-16,SYN-DOC-002155,SYN-CLAIM-000156,SYN-CLAIM-000157,REJECTED,2,REVIEW_REQUIRED
SYN-MUT-002156,SYN-PARCEL-002156,INHERITANCE_SUCCESSION,2021-09-17,2021-09-20,2021-10-17,2021-10-17,SYN-DOC-002156,SYN-CLAIM-000157,SYN-CLAIM-000158,SANCTIONED,3,MATCH
SYN-MUT-002157,SYN-PARCEL-002157,PARTITION,2022-10-18,2022-10-21,2022-11-18,2022-11-18,SYN-DOC-002157,SYN-CLAIM-000158,SYN-CLAIM-000159,SANCTIONED,1,MATCH
SYN-MUT-002158,SYN-PARCEL-002158,CONVERSION,2023-11-19,2023-11-22,2023-12-19,2023-12-19,SYN-DOC-002158,SYN-CLAIM-000159,SYN-CLAIM-000160,SANCTIONED,2,MATCH
SYN-MUT-002159,SYN-PARCEL-002159,MORTGAGE_CHARGE,2024-12-20,2024-12-23,2024-12-20,2024-12-20,SYN-DOC-002159,SYN-CLAIM-000160,SYN-CLAIM-000161,PENDING_OBJECTION,3,REVIEW_REQUIRED
SYN-MUT-002160,SYN-PARCEL-002160,RELEASE,2015-01-01,2015-01-04,2015-02-01,2015-02-01,SYN-DOC-002160,SYN-CLAIM-000161,SYN-CLAIM-000162,REJECTED,1,REVIEW_REQUIRED
SYN-MUT-002161,SYN-PARCEL-002161,SALE_TRANSFER,2016-02-02,2016-02-05,2016-03-02,2016-03-02,SYN-DOC-002161,SYN-CLAIM-000162,SYN-CLAIM-000163,SANCTIONED,2,MATCH
SYN-MUT-002162,SYN-PARCEL-002162,INHERITANCE_SUCCESSION,2017-03-03,2017-03-06,2017-04-03,2017-04-03,SYN-DOC-002162,SYN-CLAIM-000163,SYN-CLAIM-000164,SANCTIONED,3,MATCH
SYN-MUT-002163,SYN-PARCEL-002163,PARTITION,2018-04-04,2018-04-07,2018-05-04,2018-05-04,SYN-DOC-002163,SYN-CLAIM-000164,SYN-CLAIM-000165,SANCTIONED,1,MATCH
SYN-MUT-002164,SYN-PARCEL-002164,CONVERSION,2019-05-05,2019-05-08,2019-06-05,2019-06-05,SYN-DOC-002164,SYN-CLAIM-000165,SYN-CLAIM-000166,PENDING_OBJECTION,2,REVIEW_REQUIRED
SYN-MUT-002165,SYN-PARCEL-002165,MORTGAGE_CHARGE,2020-06-06,2020-06-09,2020-07-06,2020-07-06,SYN-DOC-002165,SYN-CLAIM-000166,SYN-CLAIM-000167,REJECTED,3,REVIEW_REQUIRED
SYN-MUT-002166,SYN-PARCEL-002166,RELEASE,2021-07-07,2021-07-10,2021-08-07,2021-08-07,SYN-DOC-002166,SYN-CLAIM-000167,SYN-CLAIM-000168,SANCTIONED,1,MATCH
SYN-MUT-002167,SYN-PARCEL-002167,SALE_TRANSFER,2022-08-08,2022-08-11,2022-09-08,2022-09-08,SYN-DOC-002167,SYN-CLAIM-000168,SYN-CLAIM-000169,SANCTIONED,2,MATCH
SYN-MUT-002168,SYN-PARCEL-002168,INHERITANCE_SUCCESSION,2023-09-09,2023-09-12,2023-10-09,2023-10-09,SYN-DOC-002168,SYN-CLAIM-000169,SYN-CLAIM-000170,SANCTIONED,3,MATCH
SYN-MUT-002169,SYN-PARCEL-002169,PARTITION,2024-10-10,2024-10-13,2024-11-10,2024-11-10,SYN-DOC-002169,SYN-CLAIM-000170,SYN-CLAIM-000171,PENDING_OBJECTION,1,REVIEW_REQUIRED
SYN-MUT-002170,SYN-PARCEL-002170,CONVERSION,2015-11-11,2015-11-14,2015-12-11,2015-12-11,SYN-DOC-002170,SYN-CLAIM-000171,SYN-CLAIM-000172,REJECTED,2,REVIEW_REQUIRED
SYN-MUT-002171,SYN-PARCEL-002171,MORTGAGE_CHARGE,2016-12-12,2016-12-15,2016-12-12,2016-12-12,SYN-DOC-002171,SYN-CLAIM-000172,SYN-CLAIM-000173,SANCTIONED,3,MATCH
SYN-MUT-002172,SYN-PARCEL-002172,RELEASE,2017-01-13,2017-01-16,2017-02-13,2017-02-13,SYN-DOC-002172,SYN-CLAIM-000173,SYN-CLAIM-000174,SANCTIONED,1,MATCH
SYN-MUT-002173,SYN-PARCEL-002173,SALE_TRANSFER,2018-02-14,2018-02-17,2018-03-14,2018-03-14,SYN-DOC-002173,SYN-CLAIM-000174,SYN-CLAIM-000175,SANCTIONED,2,MATCH
SYN-MUT-002174,SYN-PARCEL-002174,INHERITANCE_SUCCESSION,2019-03-15,2019-03-18,2019-04-15,2019-04-15,SYN-DOC-002174,SYN-CLAIM-000175,SYN-CLAIM-000176,PENDING_OBJECTION,3,REVIEW_REQUIRED
SYN-MUT-002175,SYN-PARCEL-002175,PARTITION,2020-04-16,2020-04-19,2020-05-16,2020-05-16,SYN-DOC-002175,SYN-CLAIM-000176,SYN-CLAIM-000177,REJECTED,1,REVIEW_REQUIRED
SYN-MUT-002176,SYN-PARCEL-002176,CONVERSION,2021-05-17,2021-05-20,2021-06-17,2021-06-17,SYN-DOC-002176,SYN-CLAIM-000177,SYN-CLAIM-000178,SANCTIONED,2,MATCH
SYN-MUT-002177,SYN-PARCEL-002177,MORTGAGE_CHARGE,2022-06-18,2022-06-21,2022-07-18,2022-07-18,SYN-DOC-002177,SYN-CLAIM-000178,SYN-CLAIM-000179,SANCTIONED,3,MATCH
SYN-MUT-002178,SYN-PARCEL-002178,RELEASE,2023-07-19,2023-07-22,2023-08-19,2023-08-19,SYN-DOC-002178,SYN-CLAIM-000179,SYN-CLAIM-000180,SANCTIONED,1,MATCH
SYN-MUT-002179,SYN-PARCEL-002179,SALE_TRANSFER,2024-08-20,2024-08-23,2024-09-20,2024-09-20,SYN-DOC-002179,SYN-CLAIM-000180,SYN-CLAIM-000181,PENDING_OBJECTION,2,REVIEW_REQUIRED
SYN-MUT-002180,SYN-PARCEL-002180,INHERITANCE_SUCCESSION,2015-09-01,2015-09-04,2015-10-01,2015-10-01,SYN-DOC-002180,SYN-CLAIM-000181,SYN-CLAIM-000182,REJECTED,3,REVIEW_REQUIRED
SYN-MUT-002181,SYN-PARCEL-002181,PARTITION,2016-10-02,2016-10-05,2016-11-02,2016-11-02,SYN-DOC-002181,SYN-CLAIM-000182,SYN-CLAIM-000183,SANCTIONED,1,MATCH
SYN-MUT-002182,SYN-PARCEL-002182,CONVERSION,2017-11-03,2017-11-06,2017-12-03,2017-12-03,SYN-DOC-002182,SYN-CLAIM-000183,SYN-CLAIM-000184,SANCTIONED,2,MATCH
SYN-MUT-002183,SYN-PARCEL-002183,MORTGAGE_CHARGE,2018-12-04,2018-12-07,2018-12-04,2018-12-04,SYN-DOC-002183,SYN-CLAIM-000184,SYN-CLAIM-000185,SANCTIONED,3,MATCH
SYN-MUT-002184,SYN-PARCEL-002184,RELEASE,2019-01-05,2019-01-08,2019-02-05,2019-02-05,SYN-DOC-002184,SYN-CLAIM-000185,SYN-CLAIM-000186,PENDING_OBJECTION,1,REVIEW_REQUIRED
SYN-MUT-002185,SYN-PARCEL-002185,SALE_TRANSFER,2020-02-06,2020-02-09,2020-03-06,2020-03-06,SYN-DOC-002185,SYN-CLAIM-000186,SYN-CLAIM-000187,REJECTED,2,REVIEW_REQUIRED
SYN-MUT-002186,SYN-PARCEL-002186,INHERITANCE_SUCCESSION,2021-03-07,2021-03-10,2021-04-07,2021-04-07,SYN-DOC-002186,SYN-CLAIM-000187,SYN-CLAIM-000188,SANCTIONED,3,MATCH
SYN-MUT-002187,SYN-PARCEL-002187,PARTITION,2022-04-08,2022-04-11,2022-05-08,2022-05-08,SYN-DOC-002187,SYN-CLAIM-000188,SYN-CLAIM-000189,SANCTIONED,1,MATCH
SYN-MUT-002188,SYN-PARCEL-002188,CONVERSION,2023-05-09,2023-05-12,2023-06-09,2023-06-09,SYN-DOC-002188,SYN-CLAIM-000189,SYN-CLAIM-000190,SANCTIONED,2,MATCH
SYN-MUT-002189,SYN-PARCEL-002189,MORTGAGE_CHARGE,2024-06-10,2024-06-13,2024-07-10,2024-07-10,SYN-DOC-002189,SYN-CLAIM-000190,SYN-CLAIM-000191,PENDING_OBJECTION,3,REVIEW_REQUIRED
SYN-MUT-002190,SYN-PARCEL-002190,RELEASE,2015-07-11,2015-07-14,2015-08-11,2015-08-11,SYN-DOC-002190,SYN-CLAIM-000191,SYN-CLAIM-000192,REJECTED,1,REVIEW_REQUIRED
SYN-MUT-002191,SYN-PARCEL-002191,SALE_TRANSFER,2016-08-12,2016-08-15,2016-09-12,2016-09-12,SYN-DOC-002191,SYN-CLAIM-000192,SYN-CLAIM-000193,SANCTIONED,2,MATCH
SYN-MUT-002192,SYN-PARCEL-002192,INHERITANCE_SUCCESSION,2017-09-13,2017-09-16,2017-10-13,2017-10-13,SYN-DOC-002192,SYN-CLAIM-000193,SYN-CLAIM-000194,SANCTIONED,3,MATCH
SYN-MUT-002193,SYN-PARCEL-002193,PARTITION,2018-10-14,2018-10-17,2018-11-14,2018-11-14,SYN-DOC-002193,SYN-CLAIM-000194,SYN-CLAIM-000195,SANCTIONED,1,MATCH
SYN-MUT-002194,SYN-PARCEL-002194,CONVERSION,2019-11-15,2019-11-18,2019-12-15,2019-12-15,SYN-DOC-002194,SYN-CLAIM-000195,SYN-CLAIM-000196,PENDING_OBJECTION,2,REVIEW_REQUIRED
SYN-MUT-002195,SYN-PARCEL-002195,MORTGAGE_CHARGE,2020-12-16,2020-12-19,2020-12-16,2020-12-16,SYN-DOC-002195,SYN-CLAIM-000196,SYN-CLAIM-000197,REJECTED,3,REVIEW_REQUIRED
SYN-MUT-002196,SYN-PARCEL-002196,RELEASE,2021-01-17,2021-01-20,2021-02-17,2021-02-17,SYN-DOC-002196,SYN-CLAIM-000197,SYN-CLAIM-000198,SANCTIONED,1,MATCH
SYN-MUT-002197,SYN-PARCEL-002197,SALE_TRANSFER,2022-02-18,2022-02-21,2022-03-18,2022-03-18,SYN-DOC-002197,SYN-CLAIM-000198,SYN-CLAIM-000199,SANCTIONED,2,MATCH
SYN-MUT-002198,SYN-PARCEL-002198,INHERITANCE_SUCCESSION,2023-03-19,2023-03-22,2023-04-19,2023-04-19,SYN-DOC-002198,SYN-CLAIM-000199,SYN-CLAIM-000200,SANCTIONED,3,MATCH
SYN-MUT-002199,SYN-PARCEL-002199,PARTITION,2024-04-20,2024-04-23,2024-05-20,2024-05-20,SYN-DOC-002199,SYN-CLAIM-000200,SYN-CLAIM-000201,PENDING_OBJECTION,1,REVIEW_REQUIRED
SYN-MUT-002200,SYN-PARCEL-002200,CONVERSION,2015-05-01,2015-05-04,2015-06-01,2015-06-01,SYN-DOC-002200,SYN-CLAIM-000201,SYN-CLAIM-000202,REJECTED,2,REVIEW_REQUIRED
SYN-MUT-002201,SYN-PARCEL-002201,MORTGAGE_CHARGE,2016-06-02,2016-06-05,2016-07-02,2016-07-02,SYN-DOC-002201,SYN-CLAIM-000202,SYN-CLAIM-000203,SANCTIONED,3,MATCH
SYN-MUT-002202,SYN-PARCEL-002202,RELEASE,2017-07-03,2017-07-06,2017-08-03,2017-08-03,SYN-DOC-002202,SYN-CLAIM-000203,SYN-CLAIM-000204,SANCTIONED,1,MATCH
SYN-MUT-002203,SYN-PARCEL-002203,SALE_TRANSFER,2018-08-04,2018-08-07,2018-09-04,2018-09-04,SYN-DOC-002203,SYN-CLAIM-000204,SYN-CLAIM-000205,SANCTIONED,2,MATCH
SYN-MUT-002204,SYN-PARCEL-002204,INHERITANCE_SUCCESSION,2019-09-05,2019-09-08,2019-10-05,2019-10-05,SYN-DOC-002204,SYN-CLAIM-000205,SYN-CLAIM-000206,PENDING_OBJECTION,3,REVIEW_REQUIRED
SYN-MUT-002205,SYN-PARCEL-002205,PARTITION,2020-10-06,2020-10-09,2020-11-06,2020-11-06,SYN-DOC-002205,SYN-CLAIM-000206,SYN-CLAIM-000207,REJECTED,1,REVIEW_REQUIRED
SYN-MUT-002206,SYN-PARCEL-002206,CONVERSION,2021-11-07,2021-11-10,2021-12-07,2021-12-07,SYN-DOC-002206,SYN-CLAIM-000207,SYN-CLAIM-000208,SANCTIONED,2,MATCH
SYN-MUT-002207,SYN-PARCEL-002207,MORTGAGE_CHARGE,2022-12-08,2022-12-11,2022-12-08,2022-12-08,SYN-DOC-002207,SYN-CLAIM-000208,SYN-CLAIM-000209,SANCTIONED,3,MATCH
SYN-MUT-002208,SYN-PARCEL-002208,RELEASE,2023-01-09,2023-01-12,2023-02-09,2023-02-09,SYN-DOC-002208,SYN-CLAIM-000209,SYN-CLAIM-000210,SANCTIONED,1,MATCH
SYN-MUT-002209,SYN-PARCEL-002209,SALE_TRANSFER,2024-02-10,2024-02-13,2024-03-10,2024-03-10,SYN-DOC-002209,SYN-CLAIM-000210,SYN-CLAIM-000211,PENDING_OBJECTION,2,REVIEW_REQUIRED
SYN-MUT-002210,SYN-PARCEL-002210,INHERITANCE_SUCCESSION,2015-03-11,2015-03-14,2015-04-11,2015-04-11,SYN-DOC-002210,SYN-CLAIM-000211,SYN-CLAIM-000212,REJECTED,3,REVIEW_REQUIRED
SYN-MUT-002211,SYN-PARCEL-002211,PARTITION,2016-04-12,2016-04-15,2016-05-12,2016-05-12,SYN-DOC-002211,SYN-CLAIM-000212,SYN-CLAIM-000213,SANCTIONED,1,MATCH
SYN-MUT-002212,SYN-PARCEL-002212,CONVERSION,2017-05-13,2017-05-16,2017-06-13,2017-06-13,SYN-DOC-002212,SYN-CLAIM-000213,SYN-CLAIM-000214,SANCTIONED,2,MATCH
SYN-MUT-002213,SYN-PARCEL-002213,MORTGAGE_CHARGE,2018-06-14,2018-06-17,2018-07-14,2018-07-14,SYN-DOC-002213,SYN-CLAIM-000214,SYN-CLAIM-000215,SANCTIONED,3,MATCH
SYN-MUT-002214,SYN-PARCEL-002214,RELEASE,2019-07-15,2019-07-18,2019-08-15,2019-08-15,SYN-DOC-002214,SYN-CLAIM-000215,SYN-CLAIM-000216,PENDING_OBJECTION,1,REVIEW_REQUIRED
SYN-MUT-002215,SYN-PARCEL-002215,SALE_TRANSFER,2020-08-16,2020-08-19,2020-09-16,2020-09-16,SYN-DOC-002215,SYN-CLAIM-000216,SYN-CLAIM-000217,REJECTED,2,REVIEW_REQUIRED
SYN-MUT-002216,SYN-PARCEL-002216,INHERITANCE_SUCCESSION,2021-09-17,2021-09-20,2021-10-17,2021-10-17,SYN-DOC-002216,SYN-CLAIM-000217,SYN-CLAIM-000218,SANCTIONED,3,MATCH
SYN-MUT-002217,SYN-PARCEL-002217,PARTITION,2022-10-18,2022-10-21,2022-11-18,2022-11-18,SYN-DOC-002217,SYN-CLAIM-000218,SYN-CLAIM-000219,SANCTIONED,1,MATCH
SYN-MUT-002218,SYN-PARCEL-002218,CONVERSION,2023-11-19,2023-11-22,2023-12-19,2023-12-19,SYN-DOC-002218,SYN-CLAIM-000219,SYN-CLAIM-000220,SANCTIONED,2,MATCH
SYN-MUT-002219,SYN-PARCEL-002219,MORTGAGE_CHARGE,2024-12-20,2024-12-23,2024-12-20,2024-12-20,SYN-DOC-002219,SYN-CLAIM-000220,SYN-CLAIM-000221,PENDING_OBJECTION,3,REVIEW_REQUIRED
SYN-MUT-002220,SYN-PARCEL-002220,RELEASE,2015-01-01,2015-01-04,2015-02-01,2015-02-01,SYN-DOC-002220,SYN-CLAIM-000221,SYN-CLAIM-000222,REJECTED,1,REVIEW_REQUIRED
SYN-MUT-002221,SYN-PARCEL-002221,SALE_TRANSFER,2016-02-02,2016-02-05,2016-03-02,2016-03-02,SYN-DOC-002221,SYN-CLAIM-000222,SYN-CLAIM-000223,SANCTIONED,2,MATCH
SYN-MUT-002222,SYN-PARCEL-002222,INHERITANCE_SUCCESSION,2017-03-03,2017-03-06,2017-04-03,2017-04-03,SYN-DOC-002222,SYN-CLAIM-000223,SYN-CLAIM-000224,SANCTIONED,3,MATCH
SYN-MUT-002223,SYN-PARCEL-002223,PARTITION,2018-04-04,2018-04-07,2018-05-04,2018-05-04,SYN-DOC-002223,SYN-CLAIM-000224,SYN-CLAIM-000225,SANCTIONED,1,MATCH
SYN-MUT-002224,SYN-PARCEL-002224,CONVERSION,2019-05-05,2019-05-08,2019-06-05,2019-06-05,SYN-DOC-002224,SYN-CLAIM-000225,SYN-CLAIM-000226,PENDING_OBJECTION,2,REVIEW_REQUIRED
SYN-MUT-002225,SYN-PARCEL-002225,MORTGAGE_CHARGE,2020-06-06,2020-06-09,2020-07-06,2020-07-06,SYN-DOC-002225,SYN-CLAIM-000226,SYN-CLAIM-000227,REJECTED,3,REVIEW_REQUIRED
SYN-MUT-002226,SYN-PARCEL-002226,RELEASE,2021-07-07,2021-07-10,2021-08-07,2021-08-07,SYN-DOC-002226,SYN-CLAIM-000227,SYN-CLAIM-000228,SANCTIONED,1,MATCH
SYN-MUT-002227,SYN-PARCEL-002227,SALE_TRANSFER,2022-08-08,2022-08-11,2022-09-08,2022-09-08,SYN-DOC-002227,SYN-CLAIM-000228,SYN-CLAIM-000229,SANCTIONED,2,MATCH
SYN-MUT-002228,SYN-PARCEL-002228,INHERITANCE_SUCCESSION,2023-09-09,2023-09-12,2023-10-09,2023-10-09,SYN-DOC-002228,SYN-CLAIM-000229,SYN-CLAIM-000230,SANCTIONED,3,MATCH
SYN-MUT-002229,SYN-PARCEL-002229,PARTITION,2024-10-10,2024-10-13,2024-11-10,2024-11-10,SYN-DOC-002229,SYN-CLAIM-000230,SYN-CLAIM-000231,PENDING_OBJECTION,1,REVIEW_REQUIRED
SYN-MUT-002230,SYN-PARCEL-002230,CONVERSION,2015-11-11,2015-11-14,2015-12-11,2015-12-11,SYN-DOC-002230,SYN-CLAIM-000231,SYN-CLAIM-000232,REJECTED,2,REVIEW_REQUIRED
SYN-MUT-002231,SYN-PARCEL-002231,MORTGAGE_CHARGE,2016-12-12,2016-12-15,2016-12-12,2016-12-12,SYN-DOC-002231,SYN-CLAIM-000232,SYN-CLAIM-000233,SANCTIONED,3,MATCH
SYN-MUT-002232,SYN-PARCEL-002232,RELEASE,2017-01-13,2017-01-16,2017-02-13,2017-02-13,SYN-DOC-002232,SYN-CLAIM-000233,SYN-CLAIM-000234,SANCTIONED,1,MATCH
SYN-MUT-002233,SYN-PARCEL-002233,SALE_TRANSFER,2018-02-14,2018-02-17,2018-03-14,2018-03-14,SYN-DOC-002233,SYN-CLAIM-000234,SYN-CLAIM-000235,SANCTIONED,2,MATCH
SYN-MUT-002234,SYN-PARCEL-002234,INHERITANCE_SUCCESSION,2019-03-15,2019-03-18,2019-04-15,2019-04-15,SYN-DOC-002234,SYN-CLAIM-000235,SYN-CLAIM-000236,PENDING_OBJECTION,3,REVIEW_REQUIRED
SYN-MUT-002235,SYN-PARCEL-002235,PARTITION,2020-04-16,2020-04-19,2020-05-16,2020-05-16,SYN-DOC-002235,SYN-CLAIM-000236,SYN-CLAIM-000237,REJECTED,1,REVIEW_REQUIRED
SYN-MUT-002236,SYN-PARCEL-002236,CONVERSION,2021-05-17,2021-05-20,2021-06-17,2021-06-17,SYN-DOC-002236,SYN-CLAIM-000237,SYN-CLAIM-000238,SANCTIONED,2,MATCH
SYN-MUT-002237,SYN-PARCEL-002237,MORTGAGE_CHARGE,2022-06-18,2022-06-21,2022-07-18,2022-07-18,SYN-DOC-002237,SYN-CLAIM-000238,SYN-CLAIM-000239,SANCTIONED,3,MATCH
SYN-MUT-002238,SYN-PARCEL-002238,RELEASE,2023-07-19,2023-07-22,2023-08-19,2023-08-19,SYN-DOC-002238,SYN-CLAIM-000239,SYN-CLAIM-000240,SANCTIONED,1,MATCH
SYN-MUT-002239,SYN-PARCEL-002239,SALE_TRANSFER,2024-08-20,2024-08-23,2024-09-20,2024-09-20,SYN-DOC-002239,SYN-CLAIM-000240,SYN-CLAIM-000241,PENDING_OBJECTION,2,REVIEW_REQUIRED
SYN-MUT-002240,SYN-PARCEL-002240,INHERITANCE_SUCCESSION,2015-09-01,2015-09-04,2015-10-01,2015-10-01,SYN-DOC-002240,SYN-CLAIM-000241,SYN-CLAIM-000242,REJECTED,3,REVIEW_REQUIRED
SYN-MUT-002241,SYN-PARCEL-002241,PARTITION,2016-10-02,2016-10-05,2016-11-02,2016-11-02,SYN-DOC-002241,SYN-CLAIM-000242,SYN-CLAIM-000243,SANCTIONED,1,MATCH
SYN-MUT-002242,SYN-PARCEL-002242,CONVERSION,2017-11-03,2017-11-06,2017-12-03,2017-12-03,SYN-DOC-002242,SYN-CLAIM-000243,SYN-CLAIM-000244,SANCTIONED,2,MATCH
SYN-MUT-002243,SYN-PARCEL-002243,MORTGAGE_CHARGE,2018-12-04,2018-12-07,2018-12-04,2018-12-04,SYN-DOC-002243,SYN-CLAIM-000244,SYN-CLAIM-000245,SANCTIONED,3,MATCH
SYN-MUT-002244,SYN-PARCEL-002244,RELEASE,2019-01-05,2019-01-08,2019-02-05,2019-02-05,SYN-DOC-002244,SYN-CLAIM-000245,SYN-CLAIM-000246,PENDING_OBJECTION,1,REVIEW_REQUIRED
SYN-MUT-002245,SYN-PARCEL-002245,SALE_TRANSFER,2020-02-06,2020-02-09,2020-03-06,2020-03-06,SYN-DOC-002245,SYN-CLAIM-000246,SYN-CLAIM-000247,REJECTED,2,REVIEW_REQUIRED
SYN-MUT-002246,SYN-PARCEL-002246,INHERITANCE_SUCCESSION,2021-03-07,2021-03-10,2021-04-07,2021-04-07,SYN-DOC-002246,SYN-CLAIM-000247,SYN-CLAIM-000248,SANCTIONED,3,MATCH
SYN-MUT-002247,SYN-PARCEL-002247,PARTITION,2022-04-08,2022-04-11,2022-05-08,2022-05-08,SYN-DOC-002247,SYN-CLAIM-000248,SYN-CLAIM-000249,SANCTIONED,1,MATCH
SYN-MUT-002248,SYN-PARCEL-002248,CONVERSION,2023-05-09,2023-05-12,2023-06-09,2023-06-09,SYN-DOC-002248,SYN-CLAIM-000249,SYN-CLAIM-000250,SANCTIONED,2,MATCH
SYN-MUT-002249,SYN-PARCEL-002249,MORTGAGE_CHARGE,2024-06-10,2024-06-13,2024-07-10,2024-07-10,SYN-DOC-002249,SYN-CLAIM-000250,SYN-CLAIM-000251,PENDING_OBJECTION,3,REVIEW_REQUIRED
SYN-MUT-002250,SYN-PARCEL-002250,RELEASE,2015-07-11,2015-07-14,2014-07-11,2014-07-11,SYN-DOC-002250,SYN-CLAIM-000251,SYN-CLAIM-000252,REJECTED,1,CHRONOLOGY_CONFLICT
SYN-MUT-002251,SYN-PARCEL-002251,SALE_TRANSFER,2016-08-12,2016-08-15,2016-09-12,2016-09-12,SYN-DOC-002251,SYN-CLAIM-000252,SYN-CLAIM-000253,SANCTIONED,2,MATCH
SYN-MUT-002252,SYN-PARCEL-002252,INHERITANCE_SUCCESSION,2017-09-13,2017-09-16,2017-10-13,2017-10-13,SYN-DOC-002252,SYN-CLAIM-000253,SYN-CLAIM-000254,SANCTIONED,3,MATCH
SYN-MUT-002253,SYN-PARCEL-002253,PARTITION,2018-10-14,2018-10-17,2018-11-14,2018-11-14,SYN-DOC-002253,SYN-CLAIM-000254,SYN-CLAIM-000255,SANCTIONED,1,MATCH
SYN-MUT-002254,SYN-PARCEL-002254,CONVERSION,2019-11-15,2019-11-18,2019-12-15,2019-12-15,SYN-DOC-002254,SYN-CLAIM-000255,SYN-CLAIM-000256,PENDING_OBJECTION,2,REVIEW_REQUIRED
SYN-MUT-002255,SYN-PARCEL-002255,MORTGAGE_CHARGE,2020-12-16,2020-12-19,2020-12-16,2020-12-16,SYN-DOC-002255,SYN-CLAIM-000256,SYN-CLAIM-000257,REJECTED,3,REVIEW_REQUIRED
SYN-MUT-002256,SYN-PARCEL-002256,RELEASE,2021-01-17,2021-01-20,2021-02-17,2021-02-17,SYN-DOC-002256,SYN-CLAIM-000257,SYN-CLAIM-000258,SANCTIONED,1,MATCH
SYN-MUT-002257,SYN-PARCEL-002257,SALE_TRANSFER,2022-02-18,2022-02-21,2022-03-18,2022-03-18,SYN-DOC-002257,SYN-CLAIM-000258,SYN-CLAIM-000259,SANCTIONED,2,MATCH
SYN-MUT-002258,SYN-PARCEL-002258,INHERITANCE_SUCCESSION,2023-03-19,2023-03-22,2023-04-19,2023-04-19,SYN-DOC-002258,SYN-CLAIM-000259,SYN-CLAIM-000260,SANCTIONED,3,MATCH
SYN-MUT-002259,SYN-PARCEL-002259,PARTITION,2024-04-20,2024-04-23,2024-05-20,2024-05-20,SYN-DOC-002259,SYN-CLAIM-000260,SYN-CLAIM-000261,PENDING_OBJECTION,1,REVIEW_REQUIRED
SYN-MUT-002260,SYN-PARCEL-002260,CONVERSION,2015-05-01,2015-05-04,2015-06-01,2015-06-01,SYN-DOC-002260,SYN-CLAIM-000261,SYN-CLAIM-000262,REJECTED,2,REVIEW_REQUIRED
SYN-MUT-002261,SYN-PARCEL-002261,MORTGAGE_CHARGE,2016-06-02,2016-06-05,2016-07-02,2016-07-02,SYN-DOC-002261,SYN-CLAIM-000262,SYN-CLAIM-000263,SANCTIONED,3,MATCH
SYN-MUT-002262,SYN-PARCEL-002262,RELEASE,2017-07-03,2017-07-06,2017-08-03,2017-08-03,SYN-DOC-002262,SYN-CLAIM-000263,SYN-CLAIM-000264,SANCTIONED,1,MATCH
SYN-MUT-002263,SYN-PARCEL-002263,SALE_TRANSFER,2018-08-04,2018-08-07,2018-09-04,2018-09-04,SYN-DOC-002263,SYN-CLAIM-000264,SYN-CLAIM-000265,SANCTIONED,2,MATCH
SYN-MUT-002264,SYN-PARCEL-002264,INHERITANCE_SUCCESSION,2019-09-05,2019-09-08,2019-10-05,2019-10-05,SYN-DOC-002264,SYN-CLAIM-000265,SYN-CLAIM-000266,PENDING_OBJECTION,3,REVIEW_REQUIRED
SYN-MUT-002265,SYN-PARCEL-002265,PARTITION,2020-10-06,2020-10-09,2020-11-06,2020-11-06,SYN-DOC-002265,SYN-CLAIM-000266,SYN-CLAIM-000267,REJECTED,1,REVIEW_REQUIRED
SYN-MUT-002266,SYN-PARCEL-002266,CONVERSION,2021-11-07,2021-11-10,2021-12-07,2021-12-07,SYN-DOC-002266,SYN-CLAIM-000267,SYN-CLAIM-000268,SANCTIONED,2,MATCH
SYN-MUT-002267,SYN-PARCEL-002267,MORTGAGE_CHARGE,2022-12-08,2022-12-11,2022-12-08,2022-12-08,SYN-DOC-002267,SYN-CLAIM-000268,SYN-CLAIM-000269,SANCTIONED,3,MATCH
SYN-MUT-002268,SYN-PARCEL-002268,RELEASE,2023-01-09,2023-01-12,2023-02-09,2023-02-09,SYN-DOC-002268,SYN-CLAIM-000269,SYN-CLAIM-000270,SANCTIONED,1,MATCH
SYN-MUT-002269,SYN-PARCEL-002269,SALE_TRANSFER,2024-02-10,2024-02-13,2024-03-10,2024-03-10,SYN-DOC-002269,SYN-CLAIM-000270,SYN-CLAIM-000271,PENDING_OBJECTION,2,REVIEW_REQUIRED
SYN-MUT-002270,SYN-PARCEL-002270,INHERITANCE_SUCCESSION,2015-03-11,2015-03-14,2015-04-11,2015-04-11,SYN-DOC-002270,SYN-CLAIM-000271,SYN-CLAIM-000272,REJECTED,3,REVIEW_REQUIRED
SYN-MUT-002271,SYN-PARCEL-002271,PARTITION,2016-04-12,2016-04-15,2016-05-12,2016-05-12,SYN-DOC-002271,SYN-CLAIM-000272,SYN-CLAIM-000273,SANCTIONED,1,MATCH
SYN-MUT-002272,SYN-PARCEL-002272,CONVERSION,2017-05-13,2017-05-16,2017-06-13,2017-06-13,SYN-DOC-002272,SYN-CLAIM-000273,SYN-CLAIM-000274,SANCTIONED,2,MATCH
SYN-MUT-002273,SYN-PARCEL-002273,MORTGAGE_CHARGE,2018-06-14,2018-06-17,2018-07-14,2018-07-14,SYN-DOC-002273,SYN-CLAIM-000274,SYN-CLAIM-000275,SANCTIONED,3,MATCH
SYN-MUT-002274,SYN-PARCEL-002274,RELEASE,2019-07-15,2019-07-18,2019-08-15,2019-08-15,SYN-DOC-002274,SYN-CLAIM-000275,SYN-CLAIM-000276,PENDING_OBJECTION,1,REVIEW_REQUIRED
SYN-MUT-002275,SYN-PARCEL-002275,SALE_TRANSFER,2020-08-16,2020-08-19,2020-09-16,2020-09-16,SYN-DOC-002275,SYN-CLAIM-000276,SYN-CLAIM-000277,REJECTED,2,REVIEW_REQUIRED
SYN-MUT-002276,SYN-PARCEL-002276,INHERITANCE_SUCCESSION,2021-09-17,2021-09-20,2021-10-17,2021-10-17,SYN-DOC-002276,SYN-CLAIM-000277,SYN-CLAIM-000278,SANCTIONED,3,MATCH
SYN-MUT-002277,SYN-PARCEL-002277,PARTITION,2022-10-18,2022-10-21,2022-11-18,2022-11-18,SYN-DOC-002277,SYN-CLAIM-000278,SYN-CLAIM-000279,SANCTIONED,1,MATCH
SYN-MUT-002278,SYN-PARCEL-002278,CONVERSION,2023-11-19,2023-11-22,2023-12-19,2023-12-19,SYN-DOC-002278,SYN-CLAIM-000279,SYN-CLAIM-000280,SANCTIONED,2,MATCH
SYN-MUT-002279,SYN-PARCEL-002279,MORTGAGE_CHARGE,2024-12-20,2024-12-23,2024-12-20,2024-12-20,SYN-DOC-002279,SYN-CLAIM-000280,SYN-CLAIM-000281,PENDING_OBJECTION,3,REVIEW_REQUIRED
SYN-MUT-002280,SYN-PARCEL-002280,RELEASE,2015-01-01,2015-01-04,2015-02-01,2015-02-01,SYN-DOC-002280,SYN-CLAIM-000281,SYN-CLAIM-000282,REJECTED,1,REVIEW_REQUIRED
SYN-MUT-002281,SYN-PARCEL-002281,SALE_TRANSFER,2016-02-02,2016-02-05,2016-03-02,2016-03-02,SYN-DOC-002281,SYN-CLAIM-000282,SYN-CLAIM-000283,SANCTIONED,2,MATCH
SYN-MUT-002282,SYN-PARCEL-002282,INHERITANCE_SUCCESSION,2017-03-03,2017-03-06,2017-04-03,2017-04-03,SYN-DOC-002282,SYN-CLAIM-000283,SYN-CLAIM-000284,SANCTIONED,3,MATCH
SYN-MUT-002283,SYN-PARCEL-002283,PARTITION,2018-04-04,2018-04-07,2018-05-04,2018-05-04,SYN-DOC-002283,SYN-CLAIM-000284,SYN-CLAIM-000285,SANCTIONED,1,MATCH
SYN-MUT-002284,SYN-PARCEL-002284,CONVERSION,2019-05-05,2019-05-08,2019-06-05,2019-06-05,SYN-DOC-002284,SYN-CLAIM-000285,SYN-CLAIM-000286,PENDING_OBJECTION,2,REVIEW_REQUIRED
SYN-MUT-002285,SYN-PARCEL-002285,MORTGAGE_CHARGE,2020-06-06,2020-06-09,2020-07-06,2020-07-06,SYN-DOC-002285,SYN-CLAIM-000286,SYN-CLAIM-000287,REJECTED,3,REVIEW_REQUIRED
SYN-MUT-002286,SYN-PARCEL-002286,RELEASE,2021-07-07,2021-07-10,2021-08-07,2021-08-07,SYN-DOC-002286,SYN-CLAIM-000287,SYN-CLAIM-000288,SANCTIONED,1,MATCH
SYN-MUT-002287,SYN-PARCEL-002287,SALE_TRANSFER,2022-08-08,2022-08-11,2022-09-08,2022-09-08,SYN-DOC-002287,SYN-CLAIM-000288,SYN-CLAIM-000289,SANCTIONED,2,MATCH
SYN-MUT-002288,SYN-PARCEL-002288,INHERITANCE_SUCCESSION,2023-09-09,2023-09-12,2023-10-09,2023-10-09,SYN-DOC-002288,SYN-CLAIM-000289,SYN-CLAIM-000290,SANCTIONED,3,MATCH
SYN-MUT-002289,SYN-PARCEL-002289,PARTITION,2024-10-10,2024-10-13,2024-11-10,2024-11-10,SYN-DOC-002289,SYN-CLAIM-000290,SYN-CLAIM-000291,PENDING_OBJECTION,1,REVIEW_REQUIRED
SYN-MUT-002290,SYN-PARCEL-002290,CONVERSION,2015-11-11,2015-11-14,2015-12-11,2015-12-11,SYN-DOC-002290,SYN-CLAIM-000291,SYN-CLAIM-000292,REJECTED,2,REVIEW_REQUIRED
SYN-MUT-002291,SYN-PARCEL-002291,MORTGAGE_CHARGE,2016-12-12,2016-12-15,2016-12-12,2016-12-12,SYN-DOC-002291,SYN-CLAIM-000292,SYN-CLAIM-000293,SANCTIONED,3,MATCH
SYN-MUT-002292,SYN-PARCEL-002292,RELEASE,2017-01-13,2017-01-16,2017-02-13,2017-02-13,SYN-DOC-002292,SYN-CLAIM-000293,SYN-CLAIM-000294,SANCTIONED,1,MATCH
SYN-MUT-002293,SYN-PARCEL-002293,SALE_TRANSFER,2018-02-14,2018-02-17,2018-03-14,2018-03-14,SYN-DOC-002293,SYN-CLAIM-000294,SYN-CLAIM-000295,SANCTIONED,2,MATCH
SYN-MUT-002294,SYN-PARCEL-002294,INHERITANCE_SUCCESSION,2019-03-15,2019-03-18,2019-04-15,2019-04-15,SYN-DOC-002294,SYN-CLAIM-000295,SYN-CLAIM-000296,PENDING_OBJECTION,3,REVIEW_REQUIRED
SYN-MUT-002295,SYN-PARCEL-002295,PARTITION,2020-04-16,2020-04-19,2020-05-16,2020-05-16,SYN-DOC-002295,SYN-CLAIM-000296,SYN-CLAIM-000297,REJECTED,1,REVIEW_REQUIRED
SYN-MUT-002296,SYN-PARCEL-002296,CONVERSION,2021-05-17,2021-05-20,2021-06-17,2021-06-17,SYN-DOC-002296,SYN-CLAIM-000297,SYN-CLAIM-000298,SANCTIONED,2,MATCH
SYN-MUT-002297,SYN-PARCEL-002297,MORTGAGE_CHARGE,2022-06-18,2022-06-21,2022-07-18,2022-07-18,SYN-DOC-002297,SYN-CLAIM-000298,SYN-CLAIM-000299,SANCTIONED,3,MATCH
SYN-MUT-002298,SYN-PARCEL-002298,RELEASE,2023-07-19,2023-07-22,2023-08-19,2023-08-19,SYN-DOC-002298,SYN-CLAIM-000299,SYN-CLAIM-000300,SANCTIONED,1,MATCH
SYN-MUT-002299,SYN-PARCEL-002299,SALE_TRANSFER,2024-08-20,2024-08-23,2024-09-20,2024-09-20,SYN-DOC-002299,SYN-CLAIM-000300,SYN-CLAIM-000301,PENDING_OBJECTION,2,REVIEW_REQUIRED
SYN-MUT-002300,SYN-PARCEL-002300,INHERITANCE_SUCCESSION,2015-09-01,2015-09-04,2015-10-01,2015-10-01,SYN-DOC-002300,SYN-CLAIM-000301,SYN-CLAIM-000302,REJECTED,3,REVIEW_REQUIRED
SYN-MUT-002301,SYN-PARCEL-002301,PARTITION,2016-10-02,2016-10-05,2016-11-02,2016-11-02,SYN-DOC-002301,SYN-CLAIM-000302,SYN-CLAIM-000303,SANCTIONED,1,MATCH
SYN-MUT-002302,SYN-PARCEL-002302,CONVERSION,2017-11-03,2017-11-06,2017-12-03,2017-12-03,SYN-DOC-002302,SYN-CLAIM-000303,SYN-CLAIM-000304,SANCTIONED,2,MATCH
SYN-MUT-002303,SYN-PARCEL-002303,MORTGAGE_CHARGE,2018-12-04,2018-12-07,2018-12-04,2018-12-04,SYN-DOC-002303,SYN-CLAIM-000304,SYN-CLAIM-000305,SANCTIONED,3,MATCH
SYN-MUT-002304,SYN-PARCEL-002304,RELEASE,2019-01-05,2019-01-08,2019-02-05,2019-02-05,SYN-DOC-002304,SYN-CLAIM-000305,SYN-CLAIM-000306,PENDING_OBJECTION,1,REVIEW_REQUIRED
SYN-MUT-002305,SYN-PARCEL-002305,SALE_TRANSFER,2020-02-06,2020-02-09,2020-03-06,2020-03-06,SYN-DOC-002305,SYN-CLAIM-000306,SYN-CLAIM-000307,REJECTED,2,REVIEW_REQUIRED
SYN-MUT-002306,SYN-PARCEL-002306,INHERITANCE_SUCCESSION,2021-03-07,2021-03-10,2021-04-07,2021-04-07,SYN-DOC-002306,SYN-CLAIM-000307,SYN-CLAIM-000308,SANCTIONED,3,MATCH
SYN-MUT-002307,SYN-PARCEL-002307,PARTITION,2022-04-08,2022-04-11,2022-05-08,2022-05-08,SYN-DOC-002307,SYN-CLAIM-000308,SYN-CLAIM-000309,SANCTIONED,1,MATCH
SYN-MUT-002308,SYN-PARCEL-002308,CONVERSION,2023-05-09,2023-05-12,2023-06-09,2023-06-09,SYN-DOC-002308,SYN-CLAIM-000309,SYN-CLAIM-000310,SANCTIONED,2,MATCH
SYN-MUT-002309,SYN-PARCEL-002309,MORTGAGE_CHARGE,2024-06-10,2024-06-13,2024-07-10,2024-07-10,SYN-DOC-002309,SYN-CLAIM-000310,SYN-CLAIM-000311,PENDING_OBJECTION,3,REVIEW_REQUIRED
SYN-MUT-002310,SYN-PARCEL-002310,RELEASE,2015-07-11,2015-07-14,2015-08-11,2015-08-11,SYN-DOC-002310,SYN-CLAIM-000311,SYN-CLAIM-000312,REJECTED,1,REVIEW_REQUIRED
SYN-MUT-002311,SYN-PARCEL-002311,SALE_TRANSFER,2016-08-12,2016-08-15,2016-09-12,2016-09-12,SYN-DOC-002311,SYN-CLAIM-000312,SYN-CLAIM-000313,SANCTIONED,2,MATCH
SYN-MUT-002312,SYN-PARCEL-002312,INHERITANCE_SUCCESSION,2017-09-13,2017-09-16,2017-10-13,2017-10-13,SYN-DOC-002312,SYN-CLAIM-000313,SYN-CLAIM-000314,SANCTIONED,3,MATCH
SYN-MUT-002313,SYN-PARCEL-002313,PARTITION,2018-10-14,2018-10-17,2018-11-14,2018-11-14,SYN-DOC-002313,SYN-CLAIM-000314,SYN-CLAIM-000315,SANCTIONED,1,MATCH
SYN-MUT-002314,SYN-PARCEL-002314,CONVERSION,2019-11-15,2019-11-18,2019-12-15,2019-12-15,SYN-DOC-002314,SYN-CLAIM-000315,SYN-CLAIM-000316,PENDING_OBJECTION,2,REVIEW_REQUIRED
SYN-MUT-002315,SYN-PARCEL-002315,MORTGAGE_CHARGE,2020-12-16,2020-12-19,2020-12-16,2020-12-16,SYN-DOC-002315,SYN-CLAIM-000316,SYN-CLAIM-000317,REJECTED,3,REVIEW_REQUIRED
SYN-MUT-002316,SYN-PARCEL-002316,RELEASE,2021-01-17,2021-01-20,2021-02-17,2021-02-17,SYN-DOC-002316,SYN-CLAIM-000317,SYN-CLAIM-000318,SANCTIONED,1,MATCH
SYN-MUT-002317,SYN-PARCEL-002317,SALE_TRANSFER,2022-02-18,2022-02-21,2022-03-18,2022-03-18,SYN-DOC-002317,SYN-CLAIM-000318,SYN-CLAIM-000319,SANCTIONED,2,MATCH
SYN-MUT-002318,SYN-PARCEL-002318,INHERITANCE_SUCCESSION,2023-03-19,2023-03-22,2023-04-19,2023-04-19,SYN-DOC-002318,SYN-CLAIM-000319,SYN-CLAIM-000320,SANCTIONED,3,MATCH
SYN-MUT-002319,SYN-PARCEL-002319,PARTITION,2024-04-20,2024-04-23,2024-05-20,2024-05-20,SYN-DOC-002319,SYN-CLAIM-000320,SYN-CLAIM-000321,PENDING_OBJECTION,1,REVIEW_REQUIRED
SYN-MUT-002320,SYN-PARCEL-002320,CONVERSION,2015-05-01,2015-05-04,2015-06-01,2015-06-01,SYN-DOC-002320,SYN-CLAIM-000321,SYN-CLAIM-000322,REJECTED,2,REVIEW_REQUIRED
SYN-MUT-002321,SYN-PARCEL-002321,MORTGAGE_CHARGE,2016-06-02,2016-06-05,2016-07-02,2016-07-02,SYN-DOC-002321,SYN-CLAIM-000322,SYN-CLAIM-000323,SANCTIONED,3,MATCH
SYN-MUT-002322,SYN-PARCEL-002322,RELEASE,2017-07-03,2017-07-06,2017-08-03,2017-08-03,SYN-DOC-002322,SYN-CLAIM-000323,SYN-CLAIM-000324,SANCTIONED,1,MATCH
SYN-MUT-002323,SYN-PARCEL-002323,SALE_TRANSFER,2018-08-04,2018-08-07,2018-09-04,2018-09-04,SYN-DOC-002323,SYN-CLAIM-000324,SYN-CLAIM-000325,SANCTIONED,2,MATCH
SYN-MUT-002324,SYN-PARCEL-002324,INHERITANCE_SUCCESSION,2019-09-05,2019-09-08,2019-10-05,2019-10-05,SYN-DOC-002324,SYN-CLAIM-000325,SYN-CLAIM-000326,PENDING_OBJECTION,3,REVIEW_REQUIRED
SYN-MUT-002325,SYN-PARCEL-002325,PARTITION,2020-10-06,2020-10-09,2020-11-06,2020-11-06,SYN-DOC-002325,SYN-CLAIM-000326,SYN-CLAIM-000327,REJECTED,1,REVIEW_REQUIRED
SYN-MUT-002326,SYN-PARCEL-002326,CONVERSION,2021-11-07,2021-11-10,2021-12-07,2021-12-07,SYN-DOC-002326,SYN-CLAIM-000327,SYN-CLAIM-000328,SANCTIONED,2,MATCH
SYN-MUT-002327,SYN-PARCEL-002327,MORTGAGE_CHARGE,2022-12-08,2022-12-11,2022-12-08,2022-12-08,SYN-DOC-002327,SYN-CLAIM-000328,SYN-CLAIM-000329,SANCTIONED,3,MATCH
SYN-MUT-002328,SYN-PARCEL-002328,RELEASE,2023-01-09,2023-01-12,2023-02-09,2023-02-09,SYN-DOC-002328,SYN-CLAIM-000329,SYN-CLAIM-000330,SANCTIONED,1,MATCH
SYN-MUT-002329,SYN-PARCEL-002329,SALE_TRANSFER,2024-02-10,2024-02-13,2024-03-10,2024-03-10,SYN-DOC-002329,SYN-CLAIM-000330,SYN-CLAIM-000331,PENDING_OBJECTION,2,REVIEW_REQUIRED
SYN-MUT-002330,SYN-PARCEL-002330,INHERITANCE_SUCCESSION,2015-03-11,2015-03-14,2015-04-11,2015-04-11,SYN-DOC-002330,SYN-CLAIM-000331,SYN-CLAIM-000332,REJECTED,3,REVIEW_REQUIRED
SYN-MUT-002331,SYN-PARCEL-002331,PARTITION,2016-04-12,2016-04-15,2016-05-12,2016-05-12,SYN-DOC-002331,SYN-CLAIM-000332,SYN-CLAIM-000333,SANCTIONED,1,MATCH
SYN-MUT-002332,SYN-PARCEL-002332,CONVERSION,2017-05-13,2017-05-16,2017-06-13,2017-06-13,SYN-DOC-002332,SYN-CLAIM-000333,SYN-CLAIM-000334,SANCTIONED,2,MATCH
SYN-MUT-002333,SYN-PARCEL-002333,MORTGAGE_CHARGE,2018-06-14,2018-06-17,2018-07-14,2018-07-14,SYN-DOC-002333,SYN-CLAIM-000334,SYN-CLAIM-000335,SANCTIONED,3,MATCH
SYN-MUT-002334,SYN-PARCEL-002334,RELEASE,2019-07-15,2019-07-18,2019-08-15,2019-08-15,SYN-DOC-002334,SYN-CLAIM-000335,SYN-CLAIM-000336,PENDING_OBJECTION,1,REVIEW_REQUIRED
SYN-MUT-002335,SYN-PARCEL-002335,SALE_TRANSFER,2020-08-16,2020-08-19,2020-09-16,2020-09-16,SYN-DOC-002335,SYN-CLAIM-000336,SYN-CLAIM-000337,REJECTED,2,REVIEW_REQUIRED
SYN-MUT-002336,SYN-PARCEL-002336,INHERITANCE_SUCCESSION,2021-09-17,2021-09-20,2021-10-17,2021-10-17,SYN-DOC-002336,SYN-CLAIM-000337,SYN-CLAIM-000338,SANCTIONED,3,MATCH
SYN-MUT-002337,SYN-PARCEL-002337,PARTITION,2022-10-18,2022-10-21,2022-11-18,2022-11-18,SYN-DOC-002337,SYN-CLAIM-000338,SYN-CLAIM-000339,SANCTIONED,1,MATCH
SYN-MUT-002338,SYN-PARCEL-002338,CONVERSION,2023-11-19,2023-11-22,2023-12-19,2023-12-19,SYN-DOC-002338,SYN-CLAIM-000339,SYN-CLAIM-000340,SANCTIONED,2,MATCH
SYN-MUT-002339,SYN-PARCEL-002339,MORTGAGE_CHARGE,2024-12-20,2024-12-23,2024-12-20,2024-12-20,SYN-DOC-002339,SYN-CLAIM-000340,SYN-CLAIM-000341,PENDING_OBJECTION,3,REVIEW_REQUIRED
SYN-MUT-002340,SYN-PARCEL-002340,RELEASE,2015-01-01,2015-01-04,2015-02-01,2015-02-01,SYN-DOC-002340,SYN-CLAIM-000341,SYN-CLAIM-000342,REJECTED,1,REVIEW_REQUIRED
SYN-MUT-002341,SYN-PARCEL-002341,SALE_TRANSFER,2016-02-02,2016-02-05,2016-03-02,2016-03-02,SYN-DOC-002341,SYN-CLAIM-000342,SYN-CLAIM-000343,SANCTIONED,2,MATCH
SYN-MUT-002342,SYN-PARCEL-002342,INHERITANCE_SUCCESSION,2017-03-03,2017-03-06,2017-04-03,2017-04-03,SYN-DOC-002342,SYN-CLAIM-000343,SYN-CLAIM-000344,SANCTIONED,3,MATCH
SYN-MUT-002343,SYN-PARCEL-002343,PARTITION,2018-04-04,2018-04-07,2018-05-04,2018-05-04,SYN-DOC-002343,SYN-CLAIM-000344,SYN-CLAIM-000345,SANCTIONED,1,MATCH
SYN-MUT-002344,SYN-PARCEL-002344,CONVERSION,2019-05-05,2019-05-08,2019-06-05,2019-06-05,SYN-DOC-002344,SYN-CLAIM-000345,SYN-CLAIM-000346,PENDING_OBJECTION,2,REVIEW_REQUIRED
SYN-MUT-002345,SYN-PARCEL-002345,MORTGAGE_CHARGE,2020-06-06,2020-06-09,2020-07-06,2020-07-06,SYN-DOC-002345,SYN-CLAIM-000346,SYN-CLAIM-000347,REJECTED,3,REVIEW_REQUIRED
SYN-MUT-002346,SYN-PARCEL-002346,RELEASE,2021-07-07,2021-07-10,2021-08-07,2021-08-07,SYN-DOC-002346,SYN-CLAIM-000347,SYN-CLAIM-000348,SANCTIONED,1,MATCH
SYN-MUT-002347,SYN-PARCEL-002347,SALE_TRANSFER,2022-08-08,2022-08-11,2022-09-08,2022-09-08,SYN-DOC-002347,SYN-CLAIM-000348,SYN-CLAIM-000349,SANCTIONED,2,MATCH
SYN-MUT-002348,SYN-PARCEL-002348,INHERITANCE_SUCCESSION,2023-09-09,2023-09-12,2023-10-09,2023-10-09,SYN-DOC-002348,SYN-CLAIM-000349,SYN-CLAIM-000350,SANCTIONED,3,MATCH
SYN-MUT-002349,SYN-PARCEL-002349,PARTITION,2024-10-10,2024-10-13,2024-11-10,2024-11-10,SYN-DOC-002349,SYN-CLAIM-000350,SYN-CLAIM-000351,PENDING_OBJECTION,1,REVIEW_REQUIRED
SYN-MUT-002350,SYN-PARCEL-002350,CONVERSION,2015-11-11,2015-11-14,2015-12-11,2015-12-11,SYN-DOC-002350,SYN-CLAIM-000351,SYN-CLAIM-000352,REJECTED,2,REVIEW_REQUIRED
SYN-MUT-002351,SYN-PARCEL-002351,MORTGAGE_CHARGE,2016-12-12,2016-12-15,2016-12-12,2016-12-12,SYN-DOC-002351,SYN-CLAIM-000352,SYN-CLAIM-000353,SANCTIONED,3,MATCH
SYN-MUT-002352,SYN-PARCEL-002352,RELEASE,2017-01-13,2017-01-16,2017-02-13,2017-02-13,SYN-DOC-002352,SYN-CLAIM-000353,SYN-CLAIM-000354,SANCTIONED,1,MATCH
SYN-MUT-002353,SYN-PARCEL-002353,SALE_TRANSFER,2018-02-14,2018-02-17,2018-03-14,2018-03-14,SYN-DOC-002353,SYN-CLAIM-000354,SYN-CLAIM-000355,SANCTIONED,2,MATCH
SYN-MUT-002354,SYN-PARCEL-002354,INHERITANCE_SUCCESSION,2019-03-15,2019-03-18,2019-04-15,2019-04-15,SYN-DOC-002354,SYN-CLAIM-000355,SYN-CLAIM-000356,PENDING_OBJECTION,3,REVIEW_REQUIRED
SYN-MUT-002355,SYN-PARCEL-002355,PARTITION,2020-04-16,2020-04-19,2020-05-16,2020-05-16,SYN-DOC-002355,SYN-CLAIM-000356,SYN-CLAIM-000357,REJECTED,1,REVIEW_REQUIRED
SYN-MUT-002356,SYN-PARCEL-002356,CONVERSION,2021-05-17,2021-05-20,2021-06-17,2021-06-17,SYN-DOC-002356,SYN-CLAIM-000357,SYN-CLAIM-000358,SANCTIONED,2,MATCH
SYN-MUT-002357,SYN-PARCEL-002357,MORTGAGE_CHARGE,2022-06-18,2022-06-21,2022-07-18,2022-07-18,SYN-DOC-002357,SYN-CLAIM-000358,SYN-CLAIM-000359,SANCTIONED,3,MATCH
SYN-MUT-002358,SYN-PARCEL-002358,RELEASE,2023-07-19,2023-07-22,2023-08-19,2023-08-19,SYN-DOC-002358,SYN-CLAIM-000359,SYN-CLAIM-000360,SANCTIONED,1,MATCH
SYN-MUT-002359,SYN-PARCEL-002359,SALE_TRANSFER,2024-08-20,2024-08-23,2024-09-20,2024-09-20,SYN-DOC-002359,SYN-CLAIM-000360,SYN-CLAIM-000361,PENDING_OBJECTION,2,REVIEW_REQUIRED
SYN-MUT-002360,SYN-PARCEL-002360,INHERITANCE_SUCCESSION,2015-09-01,2015-09-04,2015-10-01,2015-10-01,SYN-DOC-002360,SYN-CLAIM-000361,SYN-CLAIM-000362,REJECTED,3,REVIEW_REQUIRED
SYN-MUT-002361,SYN-PARCEL-002361,PARTITION,2016-10-02,2016-10-05,2016-11-02,2016-11-02,SYN-DOC-002361,SYN-CLAIM-000362,SYN-CLAIM-000363,SANCTIONED,1,MATCH
SYN-MUT-002362,SYN-PARCEL-002362,CONVERSION,2017-11-03,2017-11-06,2017-12-03,2017-12-03,SYN-DOC-002362,SYN-CLAIM-000363,SYN-CLAIM-000364,SANCTIONED,2,MATCH
SYN-MUT-002363,SYN-PARCEL-002363,MORTGAGE_CHARGE,2018-12-04,2018-12-07,2018-12-04,2018-12-04,SYN-DOC-002363,SYN-CLAIM-000364,SYN-CLAIM-000365,SANCTIONED,3,MATCH
SYN-MUT-002364,SYN-PARCEL-002364,RELEASE,2019-01-05,2019-01-08,2019-02-05,2019-02-05,SYN-DOC-002364,SYN-CLAIM-000365,SYN-CLAIM-000366,PENDING_OBJECTION,1,REVIEW_REQUIRED
SYN-MUT-002365,SYN-PARCEL-002365,SALE_TRANSFER,2020-02-06,2020-02-09,2020-03-06,2020-03-06,SYN-DOC-002365,SYN-CLAIM-000366,SYN-CLAIM-000367,REJECTED,2,REVIEW_REQUIRED
SYN-MUT-002366,SYN-PARCEL-002366,INHERITANCE_SUCCESSION,2021-03-07,2021-03-10,2021-04-07,2021-04-07,SYN-DOC-002366,SYN-CLAIM-000367,SYN-CLAIM-000368,SANCTIONED,3,MATCH
SYN-MUT-002367,SYN-PARCEL-002367,PARTITION,2022-04-08,2022-04-11,2022-05-08,2022-05-08,SYN-DOC-002367,SYN-CLAIM-000368,SYN-CLAIM-000369,SANCTIONED,1,MATCH
SYN-MUT-002368,SYN-PARCEL-002368,CONVERSION,2023-05-09,2023-05-12,2023-06-09,2023-06-09,SYN-DOC-002368,SYN-CLAIM-000369,SYN-CLAIM-000370,SANCTIONED,2,MATCH
SYN-MUT-002369,SYN-PARCEL-002369,MORTGAGE_CHARGE,2024-06-10,2024-06-13,2024-07-10,2024-07-10,SYN-DOC-002369,SYN-CLAIM-000370,SYN-CLAIM-000371,PENDING_OBJECTION,3,REVIEW_REQUIRED
SYN-MUT-002370,SYN-PARCEL-002370,RELEASE,2015-07-11,2015-07-14,2015-08-11,2015-08-11,SYN-DOC-002370,SYN-CLAIM-000371,SYN-CLAIM-000372,REJECTED,1,REVIEW_REQUIRED
SYN-MUT-002371,SYN-PARCEL-002371,SALE_TRANSFER,2016-08-12,2016-08-15,2016-09-12,2016-09-12,SYN-DOC-002371,SYN-CLAIM-000372,SYN-CLAIM-000373,SANCTIONED,2,MATCH
SYN-MUT-002372,SYN-PARCEL-002372,INHERITANCE_SUCCESSION,2017-09-13,2017-09-16,2017-10-13,2017-10-13,SYN-DOC-002372,SYN-CLAIM-000373,SYN-CLAIM-000374,SANCTIONED,3,MATCH
SYN-MUT-002373,SYN-PARCEL-002373,PARTITION,2018-10-14,2018-10-17,2018-11-14,2018-11-14,SYN-DOC-002373,SYN-CLAIM-000374,SYN-CLAIM-000375,SANCTIONED,1,MATCH
SYN-MUT-002374,SYN-PARCEL-002374,CONVERSION,2019-11-15,2019-11-18,2019-12-15,2019-12-15,SYN-DOC-002374,SYN-CLAIM-000375,SYN-CLAIM-000376,PENDING_OBJECTION,2,REVIEW_REQUIRED
SYN-MUT-002375,SYN-PARCEL-002375,MORTGAGE_CHARGE,2020-12-16,2020-12-19,2020-12-16,2020-12-16,SYN-DOC-002375,SYN-CLAIM-000376,SYN-CLAIM-000377,REJECTED,3,REVIEW_REQUIRED
SYN-MUT-002376,SYN-PARCEL-002376,RELEASE,2021-01-17,2021-01-20,2021-02-17,2021-02-17,SYN-DOC-002376,SYN-CLAIM-000377,SYN-CLAIM-000378,SANCTIONED,1,MATCH
SYN-MUT-002377,SYN-PARCEL-002377,SALE_TRANSFER,2022-02-18,2022-02-21,2022-03-18,2022-03-18,SYN-DOC-002377,SYN-CLAIM-000378,SYN-CLAIM-000379,SANCTIONED,2,MATCH
SYN-MUT-002378,SYN-PARCEL-002378,INHERITANCE_SUCCESSION,2023-03-19,2023-03-22,2023-04-19,2023-04-19,SYN-DOC-002378,SYN-CLAIM-000379,SYN-CLAIM-000380,SANCTIONED,3,MATCH
SYN-MUT-002379,SYN-PARCEL-002379,PARTITION,2024-04-20,2024-04-23,2024-05-20,2024-05-20,SYN-DOC-002379,SYN-CLAIM-000380,SYN-CLAIM-000381,PENDING_OBJECTION,1,REVIEW_REQUIRED
SYN-MUT-002380,SYN-PARCEL-002380,CONVERSION,2015-05-01,2015-05-04,2015-06-01,2015-06-01,SYN-DOC-002380,SYN-CLAIM-000381,SYN-CLAIM-000382,REJECTED,2,REVIEW_REQUIRED
SYN-MUT-002381,SYN-PARCEL-002381,MORTGAGE_CHARGE,2016-06-02,2016-06-05,2016-07-02,2016-07-02,SYN-DOC-002381,SYN-CLAIM-000382,SYN-CLAIM-000383,SANCTIONED,3,MATCH
SYN-MUT-002382,SYN-PARCEL-002382,RELEASE,2017-07-03,2017-07-06,2017-08-03,2017-08-03,SYN-DOC-002382,SYN-CLAIM-000383,SYN-CLAIM-000384,SANCTIONED,1,MATCH
SYN-MUT-002383,SYN-PARCEL-002383,SALE_TRANSFER,2018-08-04,2018-08-07,2018-09-04,2018-09-04,SYN-DOC-002383,SYN-CLAIM-000384,SYN-CLAIM-000385,SANCTIONED,2,MATCH
SYN-MUT-002384,SYN-PARCEL-002384,INHERITANCE_SUCCESSION,2019-09-05,2019-09-08,2019-10-05,2019-10-05,SYN-DOC-002384,SYN-CLAIM-000385,SYN-CLAIM-000386,PENDING_OBJECTION,3,REVIEW_REQUIRED
SYN-MUT-002385,SYN-PARCEL-002385,PARTITION,2020-10-06,2020-10-09,2020-11-06,2020-11-06,SYN-DOC-002385,SYN-CLAIM-000386,SYN-CLAIM-000387,REJECTED,1,REVIEW_REQUIRED
SYN-MUT-002386,SYN-PARCEL-002386,CONVERSION,2021-11-07,2021-11-10,2021-12-07,2021-12-07,SYN-DOC-002386,SYN-CLAIM-000387,SYN-CLAIM-000388,SANCTIONED,2,MATCH
SYN-MUT-002387,SYN-PARCEL-002387,MORTGAGE_CHARGE,2022-12-08,2022-12-11,2022-12-08,2022-12-08,SYN-DOC-002387,SYN-CLAIM-000388,SYN-CLAIM-000389,SANCTIONED,3,MATCH
SYN-MUT-002388,SYN-PARCEL-002388,RELEASE,2023-01-09,2023-01-12,2023-02-09,2023-02-09,SYN-DOC-002388,SYN-CLAIM-000389,SYN-CLAIM-000390,SANCTIONED,1,MATCH
SYN-MUT-002389,SYN-PARCEL-002389,SALE_TRANSFER,2024-02-10,2024-02-13,2024-03-10,2024-03-10,SYN-DOC-002389,SYN-CLAIM-000390,SYN-CLAIM-000391,PENDING_OBJECTION,2,REVIEW_REQUIRED
SYN-MUT-002390,SYN-PARCEL-002390,INHERITANCE_SUCCESSION,2015-03-11,2015-03-14,2015-04-11,2015-04-11,SYN-DOC-002390,SYN-CLAIM-000391,SYN-CLAIM-000392,REJECTED,3,REVIEW_REQUIRED
SYN-MUT-002391,SYN-PARCEL-002391,PARTITION,2016-04-12,2016-04-15,2016-05-12,2016-05-12,SYN-DOC-002391,SYN-CLAIM-000392,SYN-CLAIM-000393,SANCTIONED,1,MATCH
SYN-MUT-002392,SYN-PARCEL-002392,CONVERSION,2017-05-13,2017-05-16,2017-06-13,2017-06-13,SYN-DOC-002392,SYN-CLAIM-000393,SYN-CLAIM-000394,SANCTIONED,2,MATCH
SYN-MUT-002393,SYN-PARCEL-002393,MORTGAGE_CHARGE,2018-06-14,2018-06-17,2018-07-14,2018-07-14,SYN-DOC-002393,SYN-CLAIM-000394,SYN-CLAIM-000395,SANCTIONED,3,MATCH
SYN-MUT-002394,SYN-PARCEL-002394,RELEASE,2019-07-15,2019-07-18,2019-08-15,2019-08-15,SYN-DOC-002394,SYN-CLAIM-000395,SYN-CLAIM-000396,PENDING_OBJECTION,1,REVIEW_REQUIRED
SYN-MUT-002395,SYN-PARCEL-002395,SALE_TRANSFER,2020-08-16,2020-08-19,2020-09-16,2020-09-16,SYN-DOC-002395,SYN-CLAIM-000396,SYN-CLAIM-000397,REJECTED,2,REVIEW_REQUIRED
SYN-MUT-002396,SYN-PARCEL-002396,INHERITANCE_SUCCESSION,2021-09-17,2021-09-20,2021-10-17,2021-10-17,SYN-DOC-002396,SYN-CLAIM-000397,SYN-CLAIM-000398,SANCTIONED,3,MATCH
SYN-MUT-002397,SYN-PARCEL-002397,PARTITION,2022-10-18,2022-10-21,2022-11-18,2022-11-18,SYN-DOC-002397,SYN-CLAIM-000398,SYN-CLAIM-000399,SANCTIONED,1,MATCH
SYN-MUT-002398,SYN-PARCEL-002398,CONVERSION,2023-11-19,2023-11-22,2023-12-19,2023-12-19,SYN-DOC-002398,SYN-CLAIM-000399,SYN-CLAIM-000400,SANCTIONED,2,MATCH
SYN-MUT-002399,SYN-PARCEL-002399,MORTGAGE_CHARGE,2024-12-20,2024-12-23,2024-12-20,2024-12-20,SYN-DOC-002399,SYN-CLAIM-000400,SYN-CLAIM-000401,PENDING_OBJECTION,3,REVIEW_REQUIRED
SYN-MUT-002400,SYN-PARCEL-002400,RELEASE,2015-01-01,2015-01-04,2014-01-01,2014-01-01,SYN-DOC-002400,SYN-CLAIM-000401,SYN-CLAIM-000402,REJECTED,1,CHRONOLOGY_CONFLICT
SYN-MUT-002401,SYN-PARCEL-002401,SALE_TRANSFER,2016-02-02,2016-02-05,2016-03-02,2016-03-02,SYN-DOC-002401,SYN-CLAIM-000402,SYN-CLAIM-000403,SANCTIONED,2,MATCH
SYN-MUT-002402,SYN-PARCEL-002402,INHERITANCE_SUCCESSION,2017-03-03,2017-03-06,2017-04-03,2017-04-03,SYN-DOC-002402,SYN-CLAIM-000403,SYN-CLAIM-000404,SANCTIONED,3,MATCH
SYN-MUT-002403,SYN-PARCEL-002403,PARTITION,2018-04-04,2018-04-07,2018-05-04,2018-05-04,SYN-DOC-002403,SYN-CLAIM-000404,SYN-CLAIM-000405,SANCTIONED,1,MATCH
SYN-MUT-002404,SYN-PARCEL-002404,CONVERSION,2019-05-05,2019-05-08,2019-06-05,2019-06-05,SYN-DOC-002404,SYN-CLAIM-000405,SYN-CLAIM-000406,PENDING_OBJECTION,2,REVIEW_REQUIRED
SYN-MUT-002405,SYN-PARCEL-002405,MORTGAGE_CHARGE,2020-06-06,2020-06-09,2020-07-06,2020-07-06,SYN-DOC-002405,SYN-CLAIM-000406,SYN-CLAIM-000407,REJECTED,3,REVIEW_REQUIRED
SYN-MUT-002406,SYN-PARCEL-002406,RELEASE,2021-07-07,2021-07-10,2021-08-07,2021-08-07,SYN-DOC-002406,SYN-CLAIM-000407,SYN-CLAIM-000408,SANCTIONED,1,MATCH
SYN-MUT-002407,SYN-PARCEL-002407,SALE_TRANSFER,2022-08-08,2022-08-11,2022-09-08,2022-09-08,SYN-DOC-002407,SYN-CLAIM-000408,SYN-CLAIM-000409,SANCTIONED,2,MATCH
SYN-MUT-002408,SYN-PARCEL-002408,INHERITANCE_SUCCESSION,2023-09-09,2023-09-12,2023-10-09,2023-10-09,SYN-DOC-002408,SYN-CLAIM-000409,SYN-CLAIM-000410,SANCTIONED,3,MATCH
SYN-MUT-002409,SYN-PARCEL-002409,PARTITION,2024-10-10,2024-10-13,2024-11-10,2024-11-10,SYN-DOC-002409,SYN-CLAIM-000410,SYN-CLAIM-000411,PENDING_OBJECTION,1,REVIEW_REQUIRED
SYN-MUT-002410,SYN-PARCEL-002410,CONVERSION,2015-11-11,2015-11-14,2015-12-11,2015-12-11,SYN-DOC-002410,SYN-CLAIM-000411,SYN-CLAIM-000412,REJECTED,2,REVIEW_REQUIRED
SYN-MUT-002411,SYN-PARCEL-002411,MORTGAGE_CHARGE,2016-12-12,2016-12-15,2016-12-12,2016-12-12,SYN-DOC-002411,SYN-CLAIM-000412,SYN-CLAIM-000413,SANCTIONED,3,MATCH
SYN-MUT-002412,SYN-PARCEL-002412,RELEASE,2017-01-13,2017-01-16,2017-02-13,2017-02-13,SYN-DOC-002412,SYN-CLAIM-000413,SYN-CLAIM-000414,SANCTIONED,1,MATCH
SYN-MUT-002413,SYN-PARCEL-002413,SALE_TRANSFER,2018-02-14,2018-02-17,2018-03-14,2018-03-14,SYN-DOC-002413,SYN-CLAIM-000414,SYN-CLAIM-000415,SANCTIONED,2,MATCH
SYN-MUT-002414,SYN-PARCEL-002414,INHERITANCE_SUCCESSION,2019-03-15,2019-03-18,2019-04-15,2019-04-15,SYN-DOC-002414,SYN-CLAIM-000415,SYN-CLAIM-000416,PENDING_OBJECTION,3,REVIEW_REQUIRED
SYN-MUT-002415,SYN-PARCEL-002415,PARTITION,2020-04-16,2020-04-19,2020-05-16,2020-05-16,SYN-DOC-002415,SYN-CLAIM-000416,SYN-CLAIM-000417,REJECTED,1,REVIEW_REQUIRED
SYN-MUT-002416,SYN-PARCEL-002416,CONVERSION,2021-05-17,2021-05-20,2021-06-17,2021-06-17,SYN-DOC-002416,SYN-CLAIM-000417,SYN-CLAIM-000418,SANCTIONED,2,MATCH
SYN-MUT-002417,SYN-PARCEL-002417,MORTGAGE_CHARGE,2022-06-18,2022-06-21,2022-07-18,2022-07-18,SYN-DOC-002417,SYN-CLAIM-000418,SYN-CLAIM-000419,SANCTIONED,3,MATCH
SYN-MUT-002418,SYN-PARCEL-002418,RELEASE,2023-07-19,2023-07-22,2023-08-19,2023-08-19,SYN-DOC-002418,SYN-CLAIM-000419,SYN-CLAIM-000420,SANCTIONED,1,MATCH
SYN-MUT-002419,SYN-PARCEL-002419,SALE_TRANSFER,2024-08-20,2024-08-23,2024-09-20,2024-09-20,SYN-DOC-002419,SYN-CLAIM-000420,SYN-CLAIM-000421,PENDING_OBJECTION,2,REVIEW_REQUIRED
SYN-MUT-002420,SYN-PARCEL-002420,INHERITANCE_SUCCESSION,2015-09-01,2015-09-04,2015-10-01,2015-10-01,SYN-DOC-002420,SYN-CLAIM-000421,SYN-CLAIM-000422,REJECTED,3,REVIEW_REQUIRED
SYN-MUT-002421,SYN-PARCEL-002421,PARTITION,2016-10-02,2016-10-05,2016-11-02,2016-11-02,SYN-DOC-002421,SYN-CLAIM-000422,SYN-CLAIM-000423,SANCTIONED,1,MATCH
SYN-MUT-002422,SYN-PARCEL-002422,CONVERSION,2017-11-03,2017-11-06,2017-12-03,2017-12-03,SYN-DOC-002422,SYN-CLAIM-000423,SYN-CLAIM-000424,SANCTIONED,2,MATCH
SYN-MUT-002423,SYN-PARCEL-002423,MORTGAGE_CHARGE,2018-12-04,2018-12-07,2018-12-04,2018-12-04,SYN-DOC-002423,SYN-CLAIM-000424,SYN-CLAIM-000425,SANCTIONED,3,MATCH
SYN-MUT-002424,SYN-PARCEL-002424,RELEASE,2019-01-05,2019-01-08,2019-02-05,2019-02-05,SYN-DOC-002424,SYN-CLAIM-000425,SYN-CLAIM-000426,PENDING_OBJECTION,1,REVIEW_REQUIRED
SYN-MUT-002425,SYN-PARCEL-002425,SALE_TRANSFER,2020-02-06,2020-02-09,2020-03-06,2020-03-06,SYN-DOC-002425,SYN-CLAIM-000426,SYN-CLAIM-000427,REJECTED,2,REVIEW_REQUIRED
SYN-MUT-002426,SYN-PARCEL-002426,INHERITANCE_SUCCESSION,2021-03-07,2021-03-10,2021-04-07,2021-04-07,SYN-DOC-002426,SYN-CLAIM-000427,SYN-CLAIM-000428,SANCTIONED,3,MATCH
SYN-MUT-002427,SYN-PARCEL-002427,PARTITION,2022-04-08,2022-04-11,2022-05-08,2022-05-08,SYN-DOC-002427,SYN-CLAIM-000428,SYN-CLAIM-000429,SANCTIONED,1,MATCH
SYN-MUT-002428,SYN-PARCEL-002428,CONVERSION,2023-05-09,2023-05-12,2023-06-09,2023-06-09,SYN-DOC-002428,SYN-CLAIM-000429,SYN-CLAIM-000430,SANCTIONED,2,MATCH
SYN-MUT-002429,SYN-PARCEL-002429,MORTGAGE_CHARGE,2024-06-10,2024-06-13,2024-07-10,2024-07-10,SYN-DOC-002429,SYN-CLAIM-000430,SYN-CLAIM-000431,PENDING_OBJECTION,3,REVIEW_REQUIRED
SYN-MUT-002430,SYN-PARCEL-002430,RELEASE,2015-07-11,2015-07-14,2015-08-11,2015-08-11,SYN-DOC-002430,SYN-CLAIM-000431,SYN-CLAIM-000432,REJECTED,1,REVIEW_REQUIRED
SYN-MUT-002431,SYN-PARCEL-002431,SALE_TRANSFER,2016-08-12,2016-08-15,2016-09-12,2016-09-12,SYN-DOC-002431,SYN-CLAIM-000432,SYN-CLAIM-000433,SANCTIONED,2,MATCH
SYN-MUT-002432,SYN-PARCEL-002432,INHERITANCE_SUCCESSION,2017-09-13,2017-09-16,2017-10-13,2017-10-13,SYN-DOC-002432,SYN-CLAIM-000433,SYN-CLAIM-000434,SANCTIONED,3,MATCH
SYN-MUT-002433,SYN-PARCEL-002433,PARTITION,2018-10-14,2018-10-17,2018-11-14,2018-11-14,SYN-DOC-002433,SYN-CLAIM-000434,SYN-CLAIM-000435,SANCTIONED,1,MATCH
SYN-MUT-002434,SYN-PARCEL-002434,CONVERSION,2019-11-15,2019-11-18,2019-12-15,2019-12-15,SYN-DOC-002434,SYN-CLAIM-000435,SYN-CLAIM-000436,PENDING_OBJECTION,2,REVIEW_REQUIRED
SYN-MUT-002435,SYN-PARCEL-002435,MORTGAGE_CHARGE,2020-12-16,2020-12-19,2020-12-16,2020-12-16,SYN-DOC-002435,SYN-CLAIM-000436,SYN-CLAIM-000437,REJECTED,3,REVIEW_REQUIRED
SYN-MUT-002436,SYN-PARCEL-002436,RELEASE,2021-01-17,2021-01-20,2021-02-17,2021-02-17,SYN-DOC-002436,SYN-CLAIM-000437,SYN-CLAIM-000438,SANCTIONED,1,MATCH
SYN-MUT-002437,SYN-PARCEL-002437,SALE_TRANSFER,2022-02-18,2022-02-21,2022-03-18,2022-03-18,SYN-DOC-002437,SYN-CLAIM-000438,SYN-CLAIM-000439,SANCTIONED,2,MATCH
SYN-MUT-002438,SYN-PARCEL-002438,INHERITANCE_SUCCESSION,2023-03-19,2023-03-22,2023-04-19,2023-04-19,SYN-DOC-002438,SYN-CLAIM-000439,SYN-CLAIM-000440,SANCTIONED,3,MATCH
SYN-MUT-002439,SYN-PARCEL-002439,PARTITION,2024-04-20,2024-04-23,2024-05-20,2024-05-20,SYN-DOC-002439,SYN-CLAIM-000440,SYN-CLAIM-000441,PENDING_OBJECTION,1,REVIEW_REQUIRED
SYN-MUT-002440,SYN-PARCEL-002440,CONVERSION,2015-05-01,2015-05-04,2015-06-01,2015-06-01,SYN-DOC-002440,SYN-CLAIM-000441,SYN-CLAIM-000442,REJECTED,2,REVIEW_REQUIRED
SYN-MUT-002441,SYN-PARCEL-002441,MORTGAGE_CHARGE,2016-06-02,2016-06-05,2016-07-02,2016-07-02,SYN-DOC-002441,SYN-CLAIM-000442,SYN-CLAIM-000443,SANCTIONED,3,MATCH
SYN-MUT-002442,SYN-PARCEL-002442,RELEASE,2017-07-03,2017-07-06,2017-08-03,2017-08-03,SYN-DOC-002442,SYN-CLAIM-000443,SYN-CLAIM-000444,SANCTIONED,1,MATCH
SYN-MUT-002443,SYN-PARCEL-002443,SALE_TRANSFER,2018-08-04,2018-08-07,2018-09-04,2018-09-04,SYN-DOC-002443,SYN-CLAIM-000444,SYN-CLAIM-000445,SANCTIONED,2,MATCH
SYN-MUT-002444,SYN-PARCEL-002444,INHERITANCE_SUCCESSION,2019-09-05,2019-09-08,2019-10-05,2019-10-05,SYN-DOC-002444,SYN-CLAIM-000445,SYN-CLAIM-000446,PENDING_OBJECTION,3,REVIEW_REQUIRED
SYN-MUT-002445,SYN-PARCEL-002445,PARTITION,2020-10-06,2020-10-09,2020-11-06,2020-11-06,SYN-DOC-002445,SYN-CLAIM-000446,SYN-CLAIM-000447,REJECTED,1,REVIEW_REQUIRED
SYN-MUT-002446,SYN-PARCEL-002446,CONVERSION,2021-11-07,2021-11-10,2021-12-07,2021-12-07,SYN-DOC-002446,SYN-CLAIM-000447,SYN-CLAIM-000448,SANCTIONED,2,MATCH
SYN-MUT-002447,SYN-PARCEL-002447,MORTGAGE_CHARGE,2022-12-08,2022-12-11,2022-12-08,2022-12-08,SYN-DOC-002447,SYN-CLAIM-000448,SYN-CLAIM-000449,SANCTIONED,3,MATCH
SYN-MUT-002448,SYN-PARCEL-002448,RELEASE,2023-01-09,2023-01-12,2023-02-09,2023-02-09,SYN-DOC-002448,SYN-CLAIM-000449,SYN-CLAIM-000450,SANCTIONED,1,MATCH
SYN-MUT-002449,SYN-PARCEL-002449,SALE_TRANSFER,2024-02-10,2024-02-13,2024-03-10,2024-03-10,SYN-DOC-002449,SYN-CLAIM-000450,SYN-CLAIM-000451,PENDING_OBJECTION,2,REVIEW_REQUIRED
SYN-MUT-002450,SYN-PARCEL-002450,INHERITANCE_SUCCESSION,2015-03-11,2015-03-14,2015-04-11,2015-04-11,SYN-DOC-002450,SYN-CLAIM-000451,SYN-CLAIM-000452,REJECTED,3,REVIEW_REQUIRED
SYN-MUT-002451,SYN-PARCEL-002451,PARTITION,2016-04-12,2016-04-15,2016-05-12,2016-05-12,SYN-DOC-002451,SYN-CLAIM-000452,SYN-CLAIM-000453,SANCTIONED,1,MATCH
SYN-MUT-002452,SYN-PARCEL-002452,CONVERSION,2017-05-13,2017-05-16,2017-06-13,2017-06-13,SYN-DOC-002452,SYN-CLAIM-000453,SYN-CLAIM-000454,SANCTIONED,2,MATCH
SYN-MUT-002453,SYN-PARCEL-002453,MORTGAGE_CHARGE,2018-06-14,2018-06-17,2018-07-14,2018-07-14,SYN-DOC-002453,SYN-CLAIM-000454,SYN-CLAIM-000455,SANCTIONED,3,MATCH
SYN-MUT-002454,SYN-PARCEL-002454,RELEASE,2019-07-15,2019-07-18,2019-08-15,2019-08-15,SYN-DOC-002454,SYN-CLAIM-000455,SYN-CLAIM-000456,PENDING_OBJECTION,1,REVIEW_REQUIRED
SYN-MUT-002455,SYN-PARCEL-002455,SALE_TRANSFER,2020-08-16,2020-08-19,2020-09-16,2020-09-16,SYN-DOC-002455,SYN-CLAIM-000456,SYN-CLAIM-000457,REJECTED,2,REVIEW_REQUIRED
SYN-MUT-002456,SYN-PARCEL-002456,INHERITANCE_SUCCESSION,2021-09-17,2021-09-20,2021-10-17,2021-10-17,SYN-DOC-002456,SYN-CLAIM-000457,SYN-CLAIM-000458,SANCTIONED,3,MATCH
SYN-MUT-002457,SYN-PARCEL-002457,PARTITION,2022-10-18,2022-10-21,2022-11-18,2022-11-18,SYN-DOC-002457,SYN-CLAIM-000458,SYN-CLAIM-000459,SANCTIONED,1,MATCH
SYN-MUT-002458,SYN-PARCEL-002458,CONVERSION,2023-11-19,2023-11-22,2023-12-19,2023-12-19,SYN-DOC-002458,SYN-CLAIM-000459,SYN-CLAIM-000460,SANCTIONED,2,MATCH
SYN-MUT-002459,SYN-PARCEL-002459,MORTGAGE_CHARGE,2024-12-20,2024-12-23,2024-12-20,2024-12-20,SYN-DOC-002459,SYN-CLAIM-000460,SYN-CLAIM-000461,PENDING_OBJECTION,3,REVIEW_REQUIRED
SYN-MUT-002460,SYN-PARCEL-002460,RELEASE,2015-01-01,2015-01-04,2015-02-01,2015-02-01,SYN-DOC-002460,SYN-CLAIM-000461,SYN-CLAIM-000462,REJECTED,1,REVIEW_REQUIRED
SYN-MUT-002461,SYN-PARCEL-002461,SALE_TRANSFER,2016-02-02,2016-02-05,2016-03-02,2016-03-02,SYN-DOC-002461,SYN-CLAIM-000462,SYN-CLAIM-000463,SANCTIONED,2,MATCH
SYN-MUT-002462,SYN-PARCEL-002462,INHERITANCE_SUCCESSION,2017-03-03,2017-03-06,2017-04-03,2017-04-03,SYN-DOC-002462,SYN-CLAIM-000463,SYN-CLAIM-000464,SANCTIONED,3,MATCH
SYN-MUT-002463,SYN-PARCEL-002463,PARTITION,2018-04-04,2018-04-07,2018-05-04,2018-05-04,SYN-DOC-002463,SYN-CLAIM-000464,SYN-CLAIM-000465,SANCTIONED,1,MATCH
SYN-MUT-002464,SYN-PARCEL-002464,CONVERSION,2019-05-05,2019-05-08,2019-06-05,2019-06-05,SYN-DOC-002464,SYN-CLAIM-000465,SYN-CLAIM-000466,PENDING_OBJECTION,2,REVIEW_REQUIRED
SYN-MUT-002465,SYN-PARCEL-002465,MORTGAGE_CHARGE,2020-06-06,2020-06-09,2020-07-06,2020-07-06,SYN-DOC-002465,SYN-CLAIM-000466,SYN-CLAIM-000467,REJECTED,3,REVIEW_REQUIRED
SYN-MUT-002466,SYN-PARCEL-002466,RELEASE,2021-07-07,2021-07-10,2021-08-07,2021-08-07,SYN-DOC-002466,SYN-CLAIM-000467,SYN-CLAIM-000468,SANCTIONED,1,MATCH
SYN-MUT-002467,SYN-PARCEL-002467,SALE_TRANSFER,2022-08-08,2022-08-11,2022-09-08,2022-09-08,SYN-DOC-002467,SYN-CLAIM-000468,SYN-CLAIM-000469,SANCTIONED,2,MATCH
SYN-MUT-002468,SYN-PARCEL-002468,INHERITANCE_SUCCESSION,2023-09-09,2023-09-12,2023-10-09,2023-10-09,SYN-DOC-002468,SYN-CLAIM-000469,SYN-CLAIM-000470,SANCTIONED,3,MATCH
SYN-MUT-002469,SYN-PARCEL-002469,PARTITION,2024-10-10,2024-10-13,2024-11-10,2024-11-10,SYN-DOC-002469,SYN-CLAIM-000470,SYN-CLAIM-000471,PENDING_OBJECTION,1,REVIEW_REQUIRED
SYN-MUT-002470,SYN-PARCEL-002470,CONVERSION,2015-11-11,2015-11-14,2015-12-11,2015-12-11,SYN-DOC-002470,SYN-CLAIM-000471,SYN-CLAIM-000472,REJECTED,2,REVIEW_REQUIRED
SYN-MUT-002471,SYN-PARCEL-002471,MORTGAGE_CHARGE,2016-12-12,2016-12-15,2016-12-12,2016-12-12,SYN-DOC-002471,SYN-CLAIM-000472,SYN-CLAIM-000473,SANCTIONED,3,MATCH
SYN-MUT-002472,SYN-PARCEL-002472,RELEASE,2017-01-13,2017-01-16,2017-02-13,2017-02-13,SYN-DOC-002472,SYN-CLAIM-000473,SYN-CLAIM-000474,SANCTIONED,1,MATCH
SYN-MUT-002473,SYN-PARCEL-002473,SALE_TRANSFER,2018-02-14,2018-02-17,2018-03-14,2018-03-14,SYN-DOC-002473,SYN-CLAIM-000474,SYN-CLAIM-000475,SANCTIONED,2,MATCH
SYN-MUT-002474,SYN-PARCEL-002474,INHERITANCE_SUCCESSION,2019-03-15,2019-03-18,2019-04-15,2019-04-15,SYN-DOC-002474,SYN-CLAIM-000475,SYN-CLAIM-000476,PENDING_OBJECTION,3,REVIEW_REQUIRED
SYN-MUT-002475,SYN-PARCEL-002475,PARTITION,2020-04-16,2020-04-19,2020-05-16,2020-05-16,SYN-DOC-002475,SYN-CLAIM-000476,SYN-CLAIM-000477,REJECTED,1,REVIEW_REQUIRED
SYN-MUT-002476,SYN-PARCEL-002476,CONVERSION,2021-05-17,2021-05-20,2021-06-17,2021-06-17,SYN-DOC-002476,SYN-CLAIM-000477,SYN-CLAIM-000478,SANCTIONED,2,MATCH
SYN-MUT-002477,SYN-PARCEL-002477,MORTGAGE_CHARGE,2022-06-18,2022-06-21,2022-07-18,2022-07-18,SYN-DOC-002477,SYN-CLAIM-000478,SYN-CLAIM-000479,SANCTIONED,3,MATCH
SYN-MUT-002478,SYN-PARCEL-002478,RELEASE,2023-07-19,2023-07-22,2023-08-19,2023-08-19,SYN-DOC-002478,SYN-CLAIM-000479,SYN-CLAIM-000480,SANCTIONED,1,MATCH
SYN-MUT-002479,SYN-PARCEL-002479,SALE_TRANSFER,2024-08-20,2024-08-23,2024-09-20,2024-09-20,SYN-DOC-002479,SYN-CLAIM-000480,SYN-CLAIM-000481,PENDING_OBJECTION,2,REVIEW_REQUIRED
SYN-MUT-002480,SYN-PARCEL-002480,INHERITANCE_SUCCESSION,2015-09-01,2015-09-04,2015-10-01,2015-10-01,SYN-DOC-002480,SYN-CLAIM-000481,SYN-CLAIM-000482,REJECTED,3,REVIEW_REQUIRED
SYN-MUT-002481,SYN-PARCEL-002481,PARTITION,2016-10-02,2016-10-05,2016-11-02,2016-11-02,SYN-DOC-002481,SYN-CLAIM-000482,SYN-CLAIM-000483,SANCTIONED,1,MATCH
SYN-MUT-002482,SYN-PARCEL-002482,CONVERSION,2017-11-03,2017-11-06,2017-12-03,2017-12-03,SYN-DOC-002482,SYN-CLAIM-000483,SYN-CLAIM-000484,SANCTIONED,2,MATCH
SYN-MUT-002483,SYN-PARCEL-002483,MORTGAGE_CHARGE,2018-12-04,2018-12-07,2018-12-04,2018-12-04,SYN-DOC-002483,SYN-CLAIM-000484,SYN-CLAIM-000485,SANCTIONED,3,MATCH
SYN-MUT-002484,SYN-PARCEL-002484,RELEASE,2019-01-05,2019-01-08,2019-02-05,2019-02-05,SYN-DOC-002484,SYN-CLAIM-000485,SYN-CLAIM-000486,PENDING_OBJECTION,1,REVIEW_REQUIRED
SYN-MUT-002485,SYN-PARCEL-002485,SALE_TRANSFER,2020-02-06,2020-02-09,2020-03-06,2020-03-06,SYN-DOC-002485,SYN-CLAIM-000486,SYN-CLAIM-000487,REJECTED,2,REVIEW_REQUIRED
SYN-MUT-002486,SYN-PARCEL-002486,INHERITANCE_SUCCESSION,2021-03-07,2021-03-10,2021-04-07,2021-04-07,SYN-DOC-002486,SYN-CLAIM-000487,SYN-CLAIM-000488,SANCTIONED,3,MATCH
SYN-MUT-002487,SYN-PARCEL-002487,PARTITION,2022-04-08,2022-04-11,2022-05-08,2022-05-08,SYN-DOC-002487,SYN-CLAIM-000488,SYN-CLAIM-000489,SANCTIONED,1,MATCH
SYN-MUT-002488,SYN-PARCEL-002488,CONVERSION,2023-05-09,2023-05-12,2023-06-09,2023-06-09,SYN-DOC-002488,SYN-CLAIM-000489,SYN-CLAIM-000490,SANCTIONED,2,MATCH
SYN-MUT-002489,SYN-PARCEL-002489,MORTGAGE_CHARGE,2024-06-10,2024-06-13,2024-07-10,2024-07-10,SYN-DOC-002489,SYN-CLAIM-000490,SYN-CLAIM-000491,PENDING_OBJECTION,3,REVIEW_REQUIRED
SYN-MUT-002490,SYN-PARCEL-002490,RELEASE,2015-07-11,2015-07-14,2015-08-11,2015-08-11,SYN-DOC-002490,SYN-CLAIM-000491,SYN-CLAIM-000492,REJECTED,1,REVIEW_REQUIRED
SYN-MUT-002491,SYN-PARCEL-002491,SALE_TRANSFER,2016-08-12,2016-08-15,2016-09-12,2016-09-12,SYN-DOC-002491,SYN-CLAIM-000492,SYN-CLAIM-000493,SANCTIONED,2,MATCH
SYN-MUT-002492,SYN-PARCEL-002492,INHERITANCE_SUCCESSION,2017-09-13,2017-09-16,2017-10-13,2017-10-13,SYN-DOC-002492,SYN-CLAIM-000493,SYN-CLAIM-000494,SANCTIONED,3,MATCH
SYN-MUT-002493,SYN-PARCEL-002493,PARTITION,2018-10-14,2018-10-17,2018-11-14,2018-11-14,SYN-DOC-002493,SYN-CLAIM-000494,SYN-CLAIM-000495,SANCTIONED,1,MATCH
SYN-MUT-002494,SYN-PARCEL-002494,CONVERSION,2019-11-15,2019-11-18,2019-12-15,2019-12-15,SYN-DOC-002494,SYN-CLAIM-000495,SYN-CLAIM-000496,PENDING_OBJECTION,2,REVIEW_REQUIRED
SYN-MUT-002495,SYN-PARCEL-002495,MORTGAGE_CHARGE,2020-12-16,2020-12-19,2020-12-16,2020-12-16,SYN-DOC-002495,SYN-CLAIM-000496,SYN-CLAIM-000497,REJECTED,3,REVIEW_REQUIRED
SYN-MUT-002496,SYN-PARCEL-002496,RELEASE,2021-01-17,2021-01-20,2021-02-17,2021-02-17,SYN-DOC-002496,SYN-CLAIM-000497,SYN-CLAIM-000498,SANCTIONED,1,MATCH
SYN-MUT-002497,SYN-PARCEL-002497,SALE_TRANSFER,2022-02-18,2022-02-21,2022-03-18,2022-03-18,SYN-DOC-002497,SYN-CLAIM-000498,SYN-CLAIM-000499,SANCTIONED,2,MATCH
SYN-MUT-002498,SYN-PARCEL-002498,INHERITANCE_SUCCESSION,2023-03-19,2023-03-22,2023-04-19,2023-04-19,SYN-DOC-002498,SYN-CLAIM-000499,SYN-CLAIM-000500,SANCTIONED,3,MATCH
SYN-MUT-002499,SYN-PARCEL-002499,PARTITION,2024-04-20,2024-04-23,2024-05-20,2024-05-20,SYN-DOC-002499,SYN-CLAIM-000500,SYN-CLAIM-000501,PENDING_OBJECTION,1,REVIEW_REQUIRED
SYN-MUT-002500,SYN-PARCEL-002500,CONVERSION,2015-05-01,2015-05-04,2015-06-01,2015-06-01,SYN-DOC-002500,SYN-CLAIM-000501,SYN-CLAIM-000502,REJECTED,2,REVIEW_REQUIRED
SYN-MUT-002501,SYN-PARCEL-002501,MORTGAGE_CHARGE,2016-06-02,2016-06-05,2016-07-02,2016-07-02,SYN-DOC-002501,SYN-CLAIM-000502,SYN-CLAIM-000503,SANCTIONED,3,MATCH
SYN-MUT-002502,SYN-PARCEL-002502,RELEASE,2017-07-03,2017-07-06,2017-08-03,2017-08-03,SYN-DOC-002502,SYN-CLAIM-000503,SYN-CLAIM-000504,SANCTIONED,1,MATCH
SYN-MUT-002503,SYN-PARCEL-002503,SALE_TRANSFER,2018-08-04,2018-08-07,2018-09-04,2018-09-04,SYN-DOC-002503,SYN-CLAIM-000504,SYN-CLAIM-000505,SANCTIONED,2,MATCH
SYN-MUT-002504,SYN-PARCEL-002504,INHERITANCE_SUCCESSION,2019-09-05,2019-09-08,2019-10-05,2019-10-05,SYN-DOC-002504,SYN-CLAIM-000505,SYN-CLAIM-000506,PENDING_OBJECTION,3,REVIEW_REQUIRED
SYN-MUT-002505,SYN-PARCEL-002505,PARTITION,2020-10-06,2020-10-09,2020-11-06,2020-11-06,SYN-DOC-002505,SYN-CLAIM-000506,SYN-CLAIM-000507,REJECTED,1,REVIEW_REQUIRED
SYN-MUT-002506,SYN-PARCEL-002506,CONVERSION,2021-11-07,2021-11-10,2021-12-07,2021-12-07,SYN-DOC-002506,SYN-CLAIM-000507,SYN-CLAIM-000508,SANCTIONED,2,MATCH
SYN-MUT-002507,SYN-PARCEL-002507,MORTGAGE_CHARGE,2022-12-08,2022-12-11,2022-12-08,2022-12-08,SYN-DOC-002507,SYN-CLAIM-000508,SYN-CLAIM-000509,SANCTIONED,3,MATCH
SYN-MUT-002508,SYN-PARCEL-002508,RELEASE,2023-01-09,2023-01-12,2023-02-09,2023-02-09,SYN-DOC-002508,SYN-CLAIM-000509,SYN-CLAIM-000510,SANCTIONED,1,MATCH
SYN-MUT-002509,SYN-PARCEL-002509,SALE_TRANSFER,2024-02-10,2024-02-13,2024-03-10,2024-03-10,SYN-DOC-002509,SYN-CLAIM-000510,SYN-CLAIM-000511,PENDING_OBJECTION,2,REVIEW_REQUIRED
SYN-MUT-002510,SYN-PARCEL-002510,INHERITANCE_SUCCESSION,2015-03-11,2015-03-14,2015-04-11,2015-04-11,SYN-DOC-002510,SYN-CLAIM-000511,SYN-CLAIM-000512,REJECTED,3,REVIEW_REQUIRED
SYN-MUT-002511,SYN-PARCEL-002511,PARTITION,2016-04-12,2016-04-15,2016-05-12,2016-05-12,SYN-DOC-002511,SYN-CLAIM-000512,SYN-CLAIM-000513,SANCTIONED,1,MATCH
SYN-MUT-002512,SYN-PARCEL-002512,CONVERSION,2017-05-13,2017-05-16,2017-06-13,2017-06-13,SYN-DOC-002512,SYN-CLAIM-000513,SYN-CLAIM-000514,SANCTIONED,2,MATCH
SYN-MUT-002513,SYN-PARCEL-002513,MORTGAGE_CHARGE,2018-06-14,2018-06-17,2018-07-14,2018-07-14,SYN-DOC-002513,SYN-CLAIM-000514,SYN-CLAIM-000515,SANCTIONED,3,MATCH
SYN-MUT-002514,SYN-PARCEL-002514,RELEASE,2019-07-15,2019-07-18,2019-08-15,2019-08-15,SYN-DOC-002514,SYN-CLAIM-000515,SYN-CLAIM-000516,PENDING_OBJECTION,1,REVIEW_REQUIRED
SYN-MUT-002515,SYN-PARCEL-002515,SALE_TRANSFER,2020-08-16,2020-08-19,2020-09-16,2020-09-16,SYN-DOC-002515,SYN-CLAIM-000516,SYN-CLAIM-000517,REJECTED,2,REVIEW_REQUIRED
SYN-MUT-002516,SYN-PARCEL-002516,INHERITANCE_SUCCESSION,2021-09-17,2021-09-20,2021-10-17,2021-10-17,SYN-DOC-002516,SYN-CLAIM-000517,SYN-CLAIM-000518,SANCTIONED,3,MATCH
SYN-MUT-002517,SYN-PARCEL-002517,PARTITION,2022-10-18,2022-10-21,2022-11-18,2022-11-18,SYN-DOC-002517,SYN-CLAIM-000518,SYN-CLAIM-000519,SANCTIONED,1,MATCH
SYN-MUT-002518,SYN-PARCEL-002518,CONVERSION,2023-11-19,2023-11-22,2023-12-19,2023-12-19,SYN-DOC-002518,SYN-CLAIM-000519,SYN-CLAIM-000520,SANCTIONED,2,MATCH
SYN-MUT-002519,SYN-PARCEL-002519,MORTGAGE_CHARGE,2024-12-20,2024-12-23,2024-12-20,2024-12-20,SYN-DOC-002519,SYN-CLAIM-000520,SYN-CLAIM-000521,PENDING_OBJECTION,3,REVIEW_REQUIRED
SYN-MUT-002520,SYN-PARCEL-002520,RELEASE,2015-01-01,2015-01-04,2015-02-01,2015-02-01,SYN-DOC-002520,SYN-CLAIM-000521,SYN-CLAIM-000522,REJECTED,1,REVIEW_REQUIRED
SYN-MUT-002521,SYN-PARCEL-002521,SALE_TRANSFER,2016-02-02,2016-02-05,2016-03-02,2016-03-02,SYN-DOC-002521,SYN-CLAIM-000522,SYN-CLAIM-000523,SANCTIONED,2,MATCH
SYN-MUT-002522,SYN-PARCEL-002522,INHERITANCE_SUCCESSION,2017-03-03,2017-03-06,2017-04-03,2017-04-03,SYN-DOC-002522,SYN-CLAIM-000523,SYN-CLAIM-000524,SANCTIONED,3,MATCH
SYN-MUT-002523,SYN-PARCEL-002523,PARTITION,2018-04-04,2018-04-07,2018-05-04,2018-05-04,SYN-DOC-002523,SYN-CLAIM-000524,SYN-CLAIM-000525,SANCTIONED,1,MATCH
SYN-MUT-002524,SYN-PARCEL-002524,CONVERSION,2019-05-05,2019-05-08,2019-06-05,2019-06-05,SYN-DOC-002524,SYN-CLAIM-000525,SYN-CLAIM-000526,PENDING_OBJECTION,2,REVIEW_REQUIRED
SYN-MUT-002525,SYN-PARCEL-002525,MORTGAGE_CHARGE,2020-06-06,2020-06-09,2020-07-06,2020-07-06,SYN-DOC-002525,SYN-CLAIM-000526,SYN-CLAIM-000527,REJECTED,3,REVIEW_REQUIRED
SYN-MUT-002526,SYN-PARCEL-002526,RELEASE,2021-07-07,2021-07-10,2021-08-07,2021-08-07,SYN-DOC-002526,SYN-CLAIM-000527,SYN-CLAIM-000528,SANCTIONED,1,MATCH
SYN-MUT-002527,SYN-PARCEL-002527,SALE_TRANSFER,2022-08-08,2022-08-11,2022-09-08,2022-09-08,SYN-DOC-002527,SYN-CLAIM-000528,SYN-CLAIM-000529,SANCTIONED,2,MATCH
SYN-MUT-002528,SYN-PARCEL-002528,INHERITANCE_SUCCESSION,2023-09-09,2023-09-12,2023-10-09,2023-10-09,SYN-DOC-002528,SYN-CLAIM-000529,SYN-CLAIM-000530,SANCTIONED,3,MATCH
SYN-MUT-002529,SYN-PARCEL-002529,PARTITION,2024-10-10,2024-10-13,2024-11-10,2024-11-10,SYN-DOC-002529,SYN-CLAIM-000530,SYN-CLAIM-000531,PENDING_OBJECTION,1,REVIEW_REQUIRED
SYN-MUT-002530,SYN-PARCEL-002530,CONVERSION,2015-11-11,2015-11-14,2015-12-11,2015-12-11,SYN-DOC-002530,SYN-CLAIM-000531,SYN-CLAIM-000532,REJECTED,2,REVIEW_REQUIRED
SYN-MUT-002531,SYN-PARCEL-002531,MORTGAGE_CHARGE,2016-12-12,2016-12-15,2016-12-12,2016-12-12,SYN-DOC-002531,SYN-CLAIM-000532,SYN-CLAIM-000533,SANCTIONED,3,MATCH
SYN-MUT-002532,SYN-PARCEL-002532,RELEASE,2017-01-13,2017-01-16,2017-02-13,2017-02-13,SYN-DOC-002532,SYN-CLAIM-000533,SYN-CLAIM-000534,SANCTIONED,1,MATCH
SYN-MUT-002533,SYN-PARCEL-002533,SALE_TRANSFER,2018-02-14,2018-02-17,2018-03-14,2018-03-14,SYN-DOC-002533,SYN-CLAIM-000534,SYN-CLAIM-000535,SANCTIONED,2,MATCH
SYN-MUT-002534,SYN-PARCEL-002534,INHERITANCE_SUCCESSION,2019-03-15,2019-03-18,2019-04-15,2019-04-15,SYN-DOC-002534,SYN-CLAIM-000535,SYN-CLAIM-000536,PENDING_OBJECTION,3,REVIEW_REQUIRED
SYN-MUT-002535,SYN-PARCEL-002535,PARTITION,2020-04-16,2020-04-19,2020-05-16,2020-05-16,SYN-DOC-002535,SYN-CLAIM-000536,SYN-CLAIM-000537,REJECTED,1,REVIEW_REQUIRED
SYN-MUT-002536,SYN-PARCEL-002536,CONVERSION,2021-05-17,2021-05-20,2021-06-17,2021-06-17,SYN-DOC-002536,SYN-CLAIM-000537,SYN-CLAIM-000538,SANCTIONED,2,MATCH
SYN-MUT-002537,SYN-PARCEL-002537,MORTGAGE_CHARGE,2022-06-18,2022-06-21,2022-07-18,2022-07-18,SYN-DOC-002537,SYN-CLAIM-000538,SYN-CLAIM-000539,SANCTIONED,3,MATCH
SYN-MUT-002538,SYN-PARCEL-002538,RELEASE,2023-07-19,2023-07-22,2023-08-19,2023-08-19,SYN-DOC-002538,SYN-CLAIM-000539,SYN-CLAIM-000540,SANCTIONED,1,MATCH
SYN-MUT-002539,SYN-PARCEL-002539,SALE_TRANSFER,2024-08-20,2024-08-23,2024-09-20,2024-09-20,SYN-DOC-002539,SYN-CLAIM-000540,SYN-CLAIM-000541,PENDING_OBJECTION,2,REVIEW_REQUIRED
SYN-MUT-002540,SYN-PARCEL-002540,INHERITANCE_SUCCESSION,2015-09-01,2015-09-04,2015-10-01,2015-10-01,SYN-DOC-002540,SYN-CLAIM-000541,SYN-CLAIM-000542,REJECTED,3,REVIEW_REQUIRED
SYN-MUT-002541,SYN-PARCEL-002541,PARTITION,2016-10-02,2016-10-05,2016-11-02,2016-11-02,SYN-DOC-002541,SYN-CLAIM-000542,SYN-CLAIM-000543,SANCTIONED,1,MATCH
SYN-MUT-002542,SYN-PARCEL-002542,CONVERSION,2017-11-03,2017-11-06,2017-12-03,2017-12-03,SYN-DOC-002542,SYN-CLAIM-000543,SYN-CLAIM-000544,SANCTIONED,2,MATCH
SYN-MUT-002543,SYN-PARCEL-002543,MORTGAGE_CHARGE,2018-12-04,2018-12-07,2018-12-04,2018-12-04,SYN-DOC-002543,SYN-CLAIM-000544,SYN-CLAIM-000545,SANCTIONED,3,MATCH
SYN-MUT-002544,SYN-PARCEL-002544,RELEASE,2019-01-05,2019-01-08,2019-02-05,2019-02-05,SYN-DOC-002544,SYN-CLAIM-000545,SYN-CLAIM-000546,PENDING_OBJECTION,1,REVIEW_REQUIRED
SYN-MUT-002545,SYN-PARCEL-002545,SALE_TRANSFER,2020-02-06,2020-02-09,2020-03-06,2020-03-06,SYN-DOC-002545,SYN-CLAIM-000546,SYN-CLAIM-000547,REJECTED,2,REVIEW_REQUIRED
SYN-MUT-002546,SYN-PARCEL-002546,INHERITANCE_SUCCESSION,2021-03-07,2021-03-10,2021-04-07,2021-04-07,SYN-DOC-002546,SYN-CLAIM-000547,SYN-CLAIM-000548,SANCTIONED,3,MATCH
SYN-MUT-002547,SYN-PARCEL-002547,PARTITION,2022-04-08,2022-04-11,2022-05-08,2022-05-08,SYN-DOC-002547,SYN-CLAIM-000548,SYN-CLAIM-000549,SANCTIONED,1,MATCH
SYN-MUT-002548,SYN-PARCEL-002548,CONVERSION,2023-05-09,2023-05-12,2023-06-09,2023-06-09,SYN-DOC-002548,SYN-CLAIM-000549,SYN-CLAIM-000550,SANCTIONED,2,MATCH
SYN-MUT-002549,SYN-PARCEL-002549,MORTGAGE_CHARGE,2024-06-10,2024-06-13,2024-07-10,2024-07-10,SYN-DOC-002549,SYN-CLAIM-000550,SYN-CLAIM-000551,PENDING_OBJECTION,3,REVIEW_REQUIRED
SYN-MUT-002550,SYN-PARCEL-002550,RELEASE,2015-07-11,2015-07-14,2014-07-11,2014-07-11,SYN-DOC-002550,SYN-CLAIM-000551,SYN-CLAIM-000552,REJECTED,1,CHRONOLOGY_CONFLICT
SYN-MUT-002551,SYN-PARCEL-002551,SALE_TRANSFER,2016-08-12,2016-08-15,2016-09-12,2016-09-12,SYN-DOC-002551,SYN-CLAIM-000552,SYN-CLAIM-000553,SANCTIONED,2,MATCH
SYN-MUT-002552,SYN-PARCEL-002552,INHERITANCE_SUCCESSION,2017-09-13,2017-09-16,2017-10-13,2017-10-13,SYN-DOC-002552,SYN-CLAIM-000553,SYN-CLAIM-000554,SANCTIONED,3,MATCH
SYN-MUT-002553,SYN-PARCEL-002553,PARTITION,2018-10-14,2018-10-17,2018-11-14,2018-11-14,SYN-DOC-002553,SYN-CLAIM-000554,SYN-CLAIM-000555,SANCTIONED,1,MATCH
SYN-MUT-002554,SYN-PARCEL-002554,CONVERSION,2019-11-15,2019-11-18,2019-12-15,2019-12-15,SYN-DOC-002554,SYN-CLAIM-000555,SYN-CLAIM-000556,PENDING_OBJECTION,2,REVIEW_REQUIRED
SYN-MUT-002555,SYN-PARCEL-002555,MORTGAGE_CHARGE,2020-12-16,2020-12-19,2020-12-16,2020-12-16,SYN-DOC-002555,SYN-CLAIM-000556,SYN-CLAIM-000557,REJECTED,3,REVIEW_REQUIRED
SYN-MUT-002556,SYN-PARCEL-002556,RELEASE,2021-01-17,2021-01-20,2021-02-17,2021-02-17,SYN-DOC-002556,SYN-CLAIM-000557,SYN-CLAIM-000558,SANCTIONED,1,MATCH
SYN-MUT-002557,SYN-PARCEL-002557,SALE_TRANSFER,2022-02-18,2022-02-21,2022-03-18,2022-03-18,SYN-DOC-002557,SYN-CLAIM-000558,SYN-CLAIM-000559,SANCTIONED,2,MATCH
SYN-MUT-002558,SYN-PARCEL-002558,INHERITANCE_SUCCESSION,2023-03-19,2023-03-22,2023-04-19,2023-04-19,SYN-DOC-002558,SYN-CLAIM-000559,SYN-CLAIM-000560,SANCTIONED,3,MATCH
SYN-MUT-002559,SYN-PARCEL-002559,PARTITION,2024-04-20,2024-04-23,2024-05-20,2024-05-20,SYN-DOC-002559,SYN-CLAIM-000560,SYN-CLAIM-000561,PENDING_OBJECTION,1,REVIEW_REQUIRED
SYN-MUT-002560,SYN-PARCEL-002560,CONVERSION,2015-05-01,2015-05-04,2015-06-01,2015-06-01,SYN-DOC-002560,SYN-CLAIM-000561,SYN-CLAIM-000562,REJECTED,2,REVIEW_REQUIRED
SYN-MUT-002561,SYN-PARCEL-002561,MORTGAGE_CHARGE,2016-06-02,2016-06-05,2016-07-02,2016-07-02,SYN-DOC-002561,SYN-CLAIM-000562,SYN-CLAIM-000563,SANCTIONED,3,MATCH
SYN-MUT-002562,SYN-PARCEL-002562,RELEASE,2017-07-03,2017-07-06,2017-08-03,2017-08-03,SYN-DOC-002562,SYN-CLAIM-000563,SYN-CLAIM-000564,SANCTIONED,1,MATCH
SYN-MUT-002563,SYN-PARCEL-002563,SALE_TRANSFER,2018-08-04,2018-08-07,2018-09-04,2018-09-04,SYN-DOC-002563,SYN-CLAIM-000564,SYN-CLAIM-000565,SANCTIONED,2,MATCH
SYN-MUT-002564,SYN-PARCEL-002564,INHERITANCE_SUCCESSION,2019-09-05,2019-09-08,2019-10-05,2019-10-05,SYN-DOC-002564,SYN-CLAIM-000565,SYN-CLAIM-000566,PENDING_OBJECTION,3,REVIEW_REQUIRED
SYN-MUT-002565,SYN-PARCEL-002565,PARTITION,2020-10-06,2020-10-09,2020-11-06,2020-11-06,SYN-DOC-002565,SYN-CLAIM-000566,SYN-CLAIM-000567,REJECTED,1,REVIEW_REQUIRED
SYN-MUT-002566,SYN-PARCEL-002566,CONVERSION,2021-11-07,2021-11-10,2021-12-07,2021-12-07,SYN-DOC-002566,SYN-CLAIM-000567,SYN-CLAIM-000568,SANCTIONED,2,MATCH
SYN-MUT-002567,SYN-PARCEL-002567,MORTGAGE_CHARGE,2022-12-08,2022-12-11,2022-12-08,2022-12-08,SYN-DOC-002567,SYN-CLAIM-000568,SYN-CLAIM-000569,SANCTIONED,3,MATCH
SYN-MUT-002568,SYN-PARCEL-002568,RELEASE,2023-01-09,2023-01-12,2023-02-09,2023-02-09,SYN-DOC-002568,SYN-CLAIM-000569,SYN-CLAIM-000570,SANCTIONED,1,MATCH
SYN-MUT-002569,SYN-PARCEL-002569,SALE_TRANSFER,2024-02-10,2024-02-13,2024-03-10,2024-03-10,SYN-DOC-002569,SYN-CLAIM-000570,SYN-CLAIM-000571,PENDING_OBJECTION,2,REVIEW_REQUIRED
SYN-MUT-002570,SYN-PARCEL-002570,INHERITANCE_SUCCESSION,2015-03-11,2015-03-14,2015-04-11,2015-04-11,SYN-DOC-002570,SYN-CLAIM-000571,SYN-CLAIM-000572,REJECTED,3,REVIEW_REQUIRED
SYN-MUT-002571,SYN-PARCEL-002571,PARTITION,2016-04-12,2016-04-15,2016-05-12,2016-05-12,SYN-DOC-002571,SYN-CLAIM-000572,SYN-CLAIM-000573,SANCTIONED,1,MATCH
SYN-MUT-002572,SYN-PARCEL-002572,CONVERSION,2017-05-13,2017-05-16,2017-06-13,2017-06-13,SYN-DOC-002572,SYN-CLAIM-000573,SYN-CLAIM-000574,SANCTIONED,2,MATCH
SYN-MUT-002573,SYN-PARCEL-002573,MORTGAGE_CHARGE,2018-06-14,2018-06-17,2018-07-14,2018-07-14,SYN-DOC-002573,SYN-CLAIM-000574,SYN-CLAIM-000575,SANCTIONED,3,MATCH
SYN-MUT-002574,SYN-PARCEL-002574,RELEASE,2019-07-15,2019-07-18,2019-08-15,2019-08-15,SYN-DOC-002574,SYN-CLAIM-000575,SYN-CLAIM-000576,PENDING_OBJECTION,1,REVIEW_REQUIRED
SYN-MUT-002575,SYN-PARCEL-002575,SALE_TRANSFER,2020-08-16,2020-08-19,2020-09-16,2020-09-16,SYN-DOC-002575,SYN-CLAIM-000576,SYN-CLAIM-000577,REJECTED,2,REVIEW_REQUIRED
SYN-MUT-002576,SYN-PARCEL-002576,INHERITANCE_SUCCESSION,2021-09-17,2021-09-20,2021-10-17,2021-10-17,SYN-DOC-002576,SYN-CLAIM-000577,SYN-CLAIM-000578,SANCTIONED,3,MATCH
SYN-MUT-002577,SYN-PARCEL-002577,PARTITION,2022-10-18,2022-10-21,2022-11-18,2022-11-18,SYN-DOC-002577,SYN-CLAIM-000578,SYN-CLAIM-000579,SANCTIONED,1,MATCH
SYN-MUT-002578,SYN-PARCEL-002578,CONVERSION,2023-11-19,2023-11-22,2023-12-19,2023-12-19,SYN-DOC-002578,SYN-CLAIM-000579,SYN-CLAIM-000580,SANCTIONED,2,MATCH
SYN-MUT-002579,SYN-PARCEL-002579,MORTGAGE_CHARGE,2024-12-20,2024-12-23,2024-12-20,2024-12-20,SYN-DOC-002579,SYN-CLAIM-000580,SYN-CLAIM-000581,PENDING_OBJECTION,3,REVIEW_REQUIRED
SYN-MUT-002580,SYN-PARCEL-002580,RELEASE,2015-01-01,2015-01-04,2015-02-01,2015-02-01,SYN-DOC-002580,SYN-CLAIM-000581,SYN-CLAIM-000582,REJECTED,1,REVIEW_REQUIRED
SYN-MUT-002581,SYN-PARCEL-002581,SALE_TRANSFER,2016-02-02,2016-02-05,2016-03-02,2016-03-02,SYN-DOC-002581,SYN-CLAIM-000582,SYN-CLAIM-000583,SANCTIONED,2,MATCH
SYN-MUT-002582,SYN-PARCEL-002582,INHERITANCE_SUCCESSION,2017-03-03,2017-03-06,2017-04-03,2017-04-03,SYN-DOC-002582,SYN-CLAIM-000583,SYN-CLAIM-000584,SANCTIONED,3,MATCH
SYN-MUT-002583,SYN-PARCEL-002583,PARTITION,2018-04-04,2018-04-07,2018-05-04,2018-05-04,SYN-DOC-002583,SYN-CLAIM-000584,SYN-CLAIM-000585,SANCTIONED,1,MATCH
SYN-MUT-002584,SYN-PARCEL-002584,CONVERSION,2019-05-05,2019-05-08,2019-06-05,2019-06-05,SYN-DOC-002584,SYN-CLAIM-000585,SYN-CLAIM-000586,PENDING_OBJECTION,2,REVIEW_REQUIRED
SYN-MUT-002585,SYN-PARCEL-002585,MORTGAGE_CHARGE,2020-06-06,2020-06-09,2020-07-06,2020-07-06,SYN-DOC-002585,SYN-CLAIM-000586,SYN-CLAIM-000587,REJECTED,3,REVIEW_REQUIRED
SYN-MUT-002586,SYN-PARCEL-002586,RELEASE,2021-07-07,2021-07-10,2021-08-07,2021-08-07,SYN-DOC-002586,SYN-CLAIM-000587,SYN-CLAIM-000588,SANCTIONED,1,MATCH
SYN-MUT-002587,SYN-PARCEL-002587,SALE_TRANSFER,2022-08-08,2022-08-11,2022-09-08,2022-09-08,SYN-DOC-002587,SYN-CLAIM-000588,SYN-CLAIM-000589,SANCTIONED,2,MATCH
SYN-MUT-002588,SYN-PARCEL-002588,INHERITANCE_SUCCESSION,2023-09-09,2023-09-12,2023-10-09,2023-10-09,SYN-DOC-002588,SYN-CLAIM-000589,SYN-CLAIM-000590,SANCTIONED,3,MATCH
SYN-MUT-002589,SYN-PARCEL-002589,PARTITION,2024-10-10,2024-10-13,2024-11-10,2024-11-10,SYN-DOC-002589,SYN-CLAIM-000590,SYN-CLAIM-000591,PENDING_OBJECTION,1,REVIEW_REQUIRED
SYN-MUT-002590,SYN-PARCEL-002590,CONVERSION,2015-11-11,2015-11-14,2015-12-11,2015-12-11,SYN-DOC-002590,SYN-CLAIM-000591,SYN-CLAIM-000592,REJECTED,2,REVIEW_REQUIRED
SYN-MUT-002591,SYN-PARCEL-002591,MORTGAGE_CHARGE,2016-12-12,2016-12-15,2016-12-12,2016-12-12,SYN-DOC-002591,SYN-CLAIM-000592,SYN-CLAIM-000593,SANCTIONED,3,MATCH
SYN-MUT-002592,SYN-PARCEL-002592,RELEASE,2017-01-13,2017-01-16,2017-02-13,2017-02-13,SYN-DOC-002592,SYN-CLAIM-000593,SYN-CLAIM-000594,SANCTIONED,1,MATCH
SYN-MUT-002593,SYN-PARCEL-002593,SALE_TRANSFER,2018-02-14,2018-02-17,2018-03-14,2018-03-14,SYN-DOC-002593,SYN-CLAIM-000594,SYN-CLAIM-000595,SANCTIONED,2,MATCH
SYN-MUT-002594,SYN-PARCEL-002594,INHERITANCE_SUCCESSION,2019-03-15,2019-03-18,2019-04-15,2019-04-15,SYN-DOC-002594,SYN-CLAIM-000595,SYN-CLAIM-000596,PENDING_OBJECTION,3,REVIEW_REQUIRED
SYN-MUT-002595,SYN-PARCEL-002595,PARTITION,2020-04-16,2020-04-19,2020-05-16,2020-05-16,SYN-DOC-002595,SYN-CLAIM-000596,SYN-CLAIM-000597,REJECTED,1,REVIEW_REQUIRED
SYN-MUT-002596,SYN-PARCEL-002596,CONVERSION,2021-05-17,2021-05-20,2021-06-17,2021-06-17,SYN-DOC-002596,SYN-CLAIM-000597,SYN-CLAIM-000598,SANCTIONED,2,MATCH
SYN-MUT-002597,SYN-PARCEL-002597,MORTGAGE_CHARGE,2022-06-18,2022-06-21,2022-07-18,2022-07-18,SYN-DOC-002597,SYN-CLAIM-000598,SYN-CLAIM-000599,SANCTIONED,3,MATCH
SYN-MUT-002598,SYN-PARCEL-002598,RELEASE,2023-07-19,2023-07-22,2023-08-19,2023-08-19,SYN-DOC-002598,SYN-CLAIM-000599,SYN-CLAIM-000600,SANCTIONED,1,MATCH
SYN-MUT-002599,SYN-PARCEL-002599,SALE_TRANSFER,2024-08-20,2024-08-23,2024-09-20,2024-09-20,SYN-DOC-002599,SYN-CLAIM-000600,SYN-CLAIM-000601,PENDING_OBJECTION,2,REVIEW_REQUIRED
SYN-MUT-002600,SYN-PARCEL-002600,INHERITANCE_SUCCESSION,2015-09-01,2015-09-04,2015-10-01,2015-10-01,SYN-DOC-002600,SYN-CLAIM-000601,SYN-CLAIM-000602,REJECTED,3,REVIEW_REQUIRED
SYN-MUT-002601,SYN-PARCEL-002601,PARTITION,2016-10-02,2016-10-05,2016-11-02,2016-11-02,SYN-DOC-002601,SYN-CLAIM-000602,SYN-CLAIM-000603,SANCTIONED,1,MATCH
SYN-MUT-002602,SYN-PARCEL-002602,CONVERSION,2017-11-03,2017-11-06,2017-12-03,2017-12-03,SYN-DOC-002602,SYN-CLAIM-000603,SYN-CLAIM-000604,SANCTIONED,2,MATCH
SYN-MUT-002603,SYN-PARCEL-002603,MORTGAGE_CHARGE,2018-12-04,2018-12-07,2018-12-04,2018-12-04,SYN-DOC-002603,SYN-CLAIM-000604,SYN-CLAIM-000605,SANCTIONED,3,MATCH
SYN-MUT-002604,SYN-PARCEL-002604,RELEASE,2019-01-05,2019-01-08,2019-02-05,2019-02-05,SYN-DOC-002604,SYN-CLAIM-000605,SYN-CLAIM-000606,PENDING_OBJECTION,1,REVIEW_REQUIRED
SYN-MUT-002605,SYN-PARCEL-002605,SALE_TRANSFER,2020-02-06,2020-02-09,2020-03-06,2020-03-06,SYN-DOC-002605,SYN-CLAIM-000606,SYN-CLAIM-000607,REJECTED,2,REVIEW_REQUIRED
SYN-MUT-002606,SYN-PARCEL-002606,INHERITANCE_SUCCESSION,2021-03-07,2021-03-10,2021-04-07,2021-04-07,SYN-DOC-002606,SYN-CLAIM-000607,SYN-CLAIM-000608,SANCTIONED,3,MATCH
SYN-MUT-002607,SYN-PARCEL-002607,PARTITION,2022-04-08,2022-04-11,2022-05-08,2022-05-08,SYN-DOC-002607,SYN-CLAIM-000608,SYN-CLAIM-000609,SANCTIONED,1,MATCH
SYN-MUT-002608,SYN-PARCEL-002608,CONVERSION,2023-05-09,2023-05-12,2023-06-09,2023-06-09,SYN-DOC-002608,SYN-CLAIM-000609,SYN-CLAIM-000610,SANCTIONED,2,MATCH
SYN-MUT-002609,SYN-PARCEL-002609,MORTGAGE_CHARGE,2024-06-10,2024-06-13,2024-07-10,2024-07-10,SYN-DOC-002609,SYN-CLAIM-000610,SYN-CLAIM-000611,PENDING_OBJECTION,3,REVIEW_REQUIRED
SYN-MUT-002610,SYN-PARCEL-002610,RELEASE,2015-07-11,2015-07-14,2015-08-11,2015-08-11,SYN-DOC-002610,SYN-CLAIM-000611,SYN-CLAIM-000612,REJECTED,1,REVIEW_REQUIRED
SYN-MUT-002611,SYN-PARCEL-002611,SALE_TRANSFER,2016-08-12,2016-08-15,2016-09-12,2016-09-12,SYN-DOC-002611,SYN-CLAIM-000612,SYN-CLAIM-000613,SANCTIONED,2,MATCH
SYN-MUT-002612,SYN-PARCEL-002612,INHERITANCE_SUCCESSION,2017-09-13,2017-09-16,2017-10-13,2017-10-13,SYN-DOC-002612,SYN-CLAIM-000613,SYN-CLAIM-000614,SANCTIONED,3,MATCH
SYN-MUT-002613,SYN-PARCEL-002613,PARTITION,2018-10-14,2018-10-17,2018-11-14,2018-11-14,SYN-DOC-002613,SYN-CLAIM-000614,SYN-CLAIM-000615,SANCTIONED,1,MATCH
SYN-MUT-002614,SYN-PARCEL-002614,CONVERSION,2019-11-15,2019-11-18,2019-12-15,2019-12-15,SYN-DOC-002614,SYN-CLAIM-000615,SYN-CLAIM-000616,PENDING_OBJECTION,2,REVIEW_REQUIRED
SYN-MUT-002615,SYN-PARCEL-002615,MORTGAGE_CHARGE,2020-12-16,2020-12-19,2020-12-16,2020-12-16,SYN-DOC-002615,SYN-CLAIM-000616,SYN-CLAIM-000617,REJECTED,3,REVIEW_REQUIRED
SYN-MUT-002616,SYN-PARCEL-002616,RELEASE,2021-01-17,2021-01-20,2021-02-17,2021-02-17,SYN-DOC-002616,SYN-CLAIM-000617,SYN-CLAIM-000618,SANCTIONED,1,MATCH
SYN-MUT-002617,SYN-PARCEL-002617,SALE_TRANSFER,2022-02-18,2022-02-21,2022-03-18,2022-03-18,SYN-DOC-002617,SYN-CLAIM-000618,SYN-CLAIM-000619,SANCTIONED,2,MATCH
SYN-MUT-002618,SYN-PARCEL-002618,INHERITANCE_SUCCESSION,2023-03-19,2023-03-22,2023-04-19,2023-04-19,SYN-DOC-002618,SYN-CLAIM-000619,SYN-CLAIM-000620,SANCTIONED,3,MATCH
SYN-MUT-002619,SYN-PARCEL-002619,PARTITION,2024-04-20,2024-04-23,2024-05-20,2024-05-20,SYN-DOC-002619,SYN-CLAIM-000620,SYN-CLAIM-000621,PENDING_OBJECTION,1,REVIEW_REQUIRED
SYN-MUT-002620,SYN-PARCEL-002620,CONVERSION,2015-05-01,2015-05-04,2015-06-01,2015-06-01,SYN-DOC-002620,SYN-CLAIM-000621,SYN-CLAIM-000622,REJECTED,2,REVIEW_REQUIRED
SYN-MUT-002621,SYN-PARCEL-002621,MORTGAGE_CHARGE,2016-06-02,2016-06-05,2016-07-02,2016-07-02,SYN-DOC-002621,SYN-CLAIM-000622,SYN-CLAIM-000623,SANCTIONED,3,MATCH
SYN-MUT-002622,SYN-PARCEL-002622,RELEASE,2017-07-03,2017-07-06,2017-08-03,2017-08-03,SYN-DOC-002622,SYN-CLAIM-000623,SYN-CLAIM-000624,SANCTIONED,1,MATCH
SYN-MUT-002623,SYN-PARCEL-002623,SALE_TRANSFER,2018-08-04,2018-08-07,2018-09-04,2018-09-04,SYN-DOC-002623,SYN-CLAIM-000624,SYN-CLAIM-000625,SANCTIONED,2,MATCH
SYN-MUT-002624,SYN-PARCEL-002624,INHERITANCE_SUCCESSION,2019-09-05,2019-09-08,2019-10-05,2019-10-05,SYN-DOC-002624,SYN-CLAIM-000625,SYN-CLAIM-000626,PENDING_OBJECTION,3,REVIEW_REQUIRED
SYN-MUT-002625,SYN-PARCEL-002625,PARTITION,2020-10-06,2020-10-09,2020-11-06,2020-11-06,SYN-DOC-002625,SYN-CLAIM-000626,SYN-CLAIM-000627,REJECTED,1,REVIEW_REQUIRED
SYN-MUT-002626,SYN-PARCEL-002626,CONVERSION,2021-11-07,2021-11-10,2021-12-07,2021-12-07,SYN-DOC-002626,SYN-CLAIM-000627,SYN-CLAIM-000628,SANCTIONED,2,MATCH
SYN-MUT-002627,SYN-PARCEL-002627,MORTGAGE_CHARGE,2022-12-08,2022-12-11,2022-12-08,2022-12-08,SYN-DOC-002627,SYN-CLAIM-000628,SYN-CLAIM-000629,SANCTIONED,3,MATCH
SYN-MUT-002628,SYN-PARCEL-002628,RELEASE,2023-01-09,2023-01-12,2023-02-09,2023-02-09,SYN-DOC-002628,SYN-CLAIM-000629,SYN-CLAIM-000630,SANCTIONED,1,MATCH
SYN-MUT-002629,SYN-PARCEL-002629,SALE_TRANSFER,2024-02-10,2024-02-13,2024-03-10,2024-03-10,SYN-DOC-002629,SYN-CLAIM-000630,SYN-CLAIM-000631,PENDING_OBJECTION,2,REVIEW_REQUIRED
SYN-MUT-002630,SYN-PARCEL-002630,INHERITANCE_SUCCESSION,2015-03-11,2015-03-14,2015-04-11,2015-04-11,SYN-DOC-002630,SYN-CLAIM-000631,SYN-CLAIM-000632,REJECTED,3,REVIEW_REQUIRED
SYN-MUT-002631,SYN-PARCEL-002631,PARTITION,2016-04-12,2016-04-15,2016-05-12,2016-05-12,SYN-DOC-002631,SYN-CLAIM-000632,SYN-CLAIM-000633,SANCTIONED,1,MATCH
SYN-MUT-002632,SYN-PARCEL-002632,CONVERSION,2017-05-13,2017-05-16,2017-06-13,2017-06-13,SYN-DOC-002632,SYN-CLAIM-000633,SYN-CLAIM-000634,SANCTIONED,2,MATCH
SYN-MUT-002633,SYN-PARCEL-002633,MORTGAGE_CHARGE,2018-06-14,2018-06-17,2018-07-14,2018-07-14,SYN-DOC-002633,SYN-CLAIM-000634,SYN-CLAIM-000635,SANCTIONED,3,MATCH
SYN-MUT-002634,SYN-PARCEL-002634,RELEASE,2019-07-15,2019-07-18,2019-08-15,2019-08-15,SYN-DOC-002634,SYN-CLAIM-000635,SYN-CLAIM-000636,PENDING_OBJECTION,1,REVIEW_REQUIRED
SYN-MUT-002635,SYN-PARCEL-002635,SALE_TRANSFER,2020-08-16,2020-08-19,2020-09-16,2020-09-16,SYN-DOC-002635,SYN-CLAIM-000636,SYN-CLAIM-000637,REJECTED,2,REVIEW_REQUIRED
SYN-MUT-002636,SYN-PARCEL-002636,INHERITANCE_SUCCESSION,2021-09-17,2021-09-20,2021-10-17,2021-10-17,SYN-DOC-002636,SYN-CLAIM-000637,SYN-CLAIM-000638,SANCTIONED,3,MATCH
SYN-MUT-002637,SYN-PARCEL-002637,PARTITION,2022-10-18,2022-10-21,2022-11-18,2022-11-18,SYN-DOC-002637,SYN-CLAIM-000638,SYN-CLAIM-000639,SANCTIONED,1,MATCH
SYN-MUT-002638,SYN-PARCEL-002638,CONVERSION,2023-11-19,2023-11-22,2023-12-19,2023-12-19,SYN-DOC-002638,SYN-CLAIM-000639,SYN-CLAIM-000640,SANCTIONED,2,MATCH
SYN-MUT-002639,SYN-PARCEL-002639,MORTGAGE_CHARGE,2024-12-20,2024-12-23,2024-12-20,2024-12-20,SYN-DOC-002639,SYN-CLAIM-000640,SYN-CLAIM-000641,PENDING_OBJECTION,3,REVIEW_REQUIRED
SYN-MUT-002640,SYN-PARCEL-002640,RELEASE,2015-01-01,2015-01-04,2015-02-01,2015-02-01,SYN-DOC-002640,SYN-CLAIM-000641,SYN-CLAIM-000642,REJECTED,1,REVIEW_REQUIRED
SYN-MUT-002641,SYN-PARCEL-002641,SALE_TRANSFER,2016-02-02,2016-02-05,2016-03-02,2016-03-02,SYN-DOC-002641,SYN-CLAIM-000642,SYN-CLAIM-000643,SANCTIONED,2,MATCH
SYN-MUT-002642,SYN-PARCEL-002642,INHERITANCE_SUCCESSION,2017-03-03,2017-03-06,2017-04-03,2017-04-03,SYN-DOC-002642,SYN-CLAIM-000643,SYN-CLAIM-000644,SANCTIONED,3,MATCH
SYN-MUT-002643,SYN-PARCEL-002643,PARTITION,2018-04-04,2018-04-07,2018-05-04,2018-05-04,SYN-DOC-002643,SYN-CLAIM-000644,SYN-CLAIM-000645,SANCTIONED,1,MATCH
SYN-MUT-002644,SYN-PARCEL-002644,CONVERSION,2019-05-05,2019-05-08,2019-06-05,2019-06-05,SYN-DOC-002644,SYN-CLAIM-000645,SYN-CLAIM-000646,PENDING_OBJECTION,2,REVIEW_REQUIRED
SYN-MUT-002645,SYN-PARCEL-002645,MORTGAGE_CHARGE,2020-06-06,2020-06-09,2020-07-06,2020-07-06,SYN-DOC-002645,SYN-CLAIM-000646,SYN-CLAIM-000647,REJECTED,3,REVIEW_REQUIRED
SYN-MUT-002646,SYN-PARCEL-002646,RELEASE,2021-07-07,2021-07-10,2021-08-07,2021-08-07,SYN-DOC-002646,SYN-CLAIM-000647,SYN-CLAIM-000648,SANCTIONED,1,MATCH
SYN-MUT-002647,SYN-PARCEL-002647,SALE_TRANSFER,2022-08-08,2022-08-11,2022-09-08,2022-09-08,SYN-DOC-002647,SYN-CLAIM-000648,SYN-CLAIM-000649,SANCTIONED,2,MATCH
SYN-MUT-002648,SYN-PARCEL-002648,INHERITANCE_SUCCESSION,2023-09-09,2023-09-12,2023-10-09,2023-10-09,SYN-DOC-002648,SYN-CLAIM-000649,SYN-CLAIM-000650,SANCTIONED,3,MATCH
SYN-MUT-002649,SYN-PARCEL-002649,PARTITION,2024-10-10,2024-10-13,2024-11-10,2024-11-10,SYN-DOC-002649,SYN-CLAIM-000650,SYN-CLAIM-000651,PENDING_OBJECTION,1,REVIEW_REQUIRED
SYN-MUT-002650,SYN-PARCEL-002650,CONVERSION,2015-11-11,2015-11-14,2015-12-11,2015-12-11,SYN-DOC-002650,SYN-CLAIM-000651,SYN-CLAIM-000652,REJECTED,2,REVIEW_REQUIRED
SYN-MUT-002651,SYN-PARCEL-002651,MORTGAGE_CHARGE,2016-12-12,2016-12-15,2016-12-12,2016-12-12,SYN-DOC-002651,SYN-CLAIM-000652,SYN-CLAIM-000653,SANCTIONED,3,MATCH
SYN-MUT-002652,SYN-PARCEL-002652,RELEASE,2017-01-13,2017-01-16,2017-02-13,2017-02-13,SYN-DOC-002652,SYN-CLAIM-000653,SYN-CLAIM-000654,SANCTIONED,1,MATCH
SYN-MUT-002653,SYN-PARCEL-002653,SALE_TRANSFER,2018-02-14,2018-02-17,2018-03-14,2018-03-14,SYN-DOC-002653,SYN-CLAIM-000654,SYN-CLAIM-000655,SANCTIONED,2,MATCH
SYN-MUT-002654,SYN-PARCEL-002654,INHERITANCE_SUCCESSION,2019-03-15,2019-03-18,2019-04-15,2019-04-15,SYN-DOC-002654,SYN-CLAIM-000655,SYN-CLAIM-000656,PENDING_OBJECTION,3,REVIEW_REQUIRED
SYN-MUT-002655,SYN-PARCEL-002655,PARTITION,2020-04-16,2020-04-19,2020-05-16,2020-05-16,SYN-DOC-002655,SYN-CLAIM-000656,SYN-CLAIM-000657,REJECTED,1,REVIEW_REQUIRED
SYN-MUT-002656,SYN-PARCEL-002656,CONVERSION,2021-05-17,2021-05-20,2021-06-17,2021-06-17,SYN-DOC-002656,SYN-CLAIM-000657,SYN-CLAIM-000658,SANCTIONED,2,MATCH
SYN-MUT-002657,SYN-PARCEL-002657,MORTGAGE_CHARGE,2022-06-18,2022-06-21,2022-07-18,2022-07-18,SYN-DOC-002657,SYN-CLAIM-000658,SYN-CLAIM-000659,SANCTIONED,3,MATCH
SYN-MUT-002658,SYN-PARCEL-002658,RELEASE,2023-07-19,2023-07-22,2023-08-19,2023-08-19,SYN-DOC-002658,SYN-CLAIM-000659,SYN-CLAIM-000660,SANCTIONED,1,MATCH
SYN-MUT-002659,SYN-PARCEL-002659,SALE_TRANSFER,2024-08-20,2024-08-23,2024-09-20,2024-09-20,SYN-DOC-002659,SYN-CLAIM-000660,SYN-CLAIM-000661,PENDING_OBJECTION,2,REVIEW_REQUIRED
SYN-MUT-002660,SYN-PARCEL-002660,INHERITANCE_SUCCESSION,2015-09-01,2015-09-04,2015-10-01,2015-10-01,SYN-DOC-002660,SYN-CLAIM-000661,SYN-CLAIM-000662,REJECTED,3,REVIEW_REQUIRED
SYN-MUT-002661,SYN-PARCEL-002661,PARTITION,2016-10-02,2016-10-05,2016-11-02,2016-11-02,SYN-DOC-002661,SYN-CLAIM-000662,SYN-CLAIM-000663,SANCTIONED,1,MATCH
SYN-MUT-002662,SYN-PARCEL-002662,CONVERSION,2017-11-03,2017-11-06,2017-12-03,2017-12-03,SYN-DOC-002662,SYN-CLAIM-000663,SYN-CLAIM-000664,SANCTIONED,2,MATCH
SYN-MUT-002663,SYN-PARCEL-002663,MORTGAGE_CHARGE,2018-12-04,2018-12-07,2018-12-04,2018-12-04,SYN-DOC-002663,SYN-CLAIM-000664,SYN-CLAIM-000665,SANCTIONED,3,MATCH
SYN-MUT-002664,SYN-PARCEL-002664,RELEASE,2019-01-05,2019-01-08,2019-02-05,2019-02-05,SYN-DOC-002664,SYN-CLAIM-000665,SYN-CLAIM-000666,PENDING_OBJECTION,1,REVIEW_REQUIRED
SYN-MUT-002665,SYN-PARCEL-002665,SALE_TRANSFER,2020-02-06,2020-02-09,2020-03-06,2020-03-06,SYN-DOC-002665,SYN-CLAIM-000666,SYN-CLAIM-000667,REJECTED,2,REVIEW_REQUIRED
SYN-MUT-002666,SYN-PARCEL-002666,INHERITANCE_SUCCESSION,2021-03-07,2021-03-10,2021-04-07,2021-04-07,SYN-DOC-002666,SYN-CLAIM-000667,SYN-CLAIM-000668,SANCTIONED,3,MATCH
SYN-MUT-002667,SYN-PARCEL-002667,PARTITION,2022-04-08,2022-04-11,2022-05-08,2022-05-08,SYN-DOC-002667,SYN-CLAIM-000668,SYN-CLAIM-000669,SANCTIONED,1,MATCH
SYN-MUT-002668,SYN-PARCEL-002668,CONVERSION,2023-05-09,2023-05-12,2023-06-09,2023-06-09,SYN-DOC-002668,SYN-CLAIM-000669,SYN-CLAIM-000670,SANCTIONED,2,MATCH
SYN-MUT-002669,SYN-PARCEL-002669,MORTGAGE_CHARGE,2024-06-10,2024-06-13,2024-07-10,2024-07-10,SYN-DOC-002669,SYN-CLAIM-000670,SYN-CLAIM-000671,PENDING_OBJECTION,3,REVIEW_REQUIRED
SYN-MUT-002670,SYN-PARCEL-002670,RELEASE,2015-07-11,2015-07-14,2015-08-11,2015-08-11,SYN-DOC-002670,SYN-CLAIM-000671,SYN-CLAIM-000672,REJECTED,1,REVIEW_REQUIRED
SYN-MUT-002671,SYN-PARCEL-002671,SALE_TRANSFER,2016-08-12,2016-08-15,2016-09-12,2016-09-12,SYN-DOC-002671,SYN-CLAIM-000672,SYN-CLAIM-000673,SANCTIONED,2,MATCH
SYN-MUT-002672,SYN-PARCEL-002672,INHERITANCE_SUCCESSION,2017-09-13,2017-09-16,2017-10-13,2017-10-13,SYN-DOC-002672,SYN-CLAIM-000673,SYN-CLAIM-000674,SANCTIONED,3,MATCH
SYN-MUT-002673,SYN-PARCEL-002673,PARTITION,2018-10-14,2018-10-17,2018-11-14,2018-11-14,SYN-DOC-002673,SYN-CLAIM-000674,SYN-CLAIM-000675,SANCTIONED,1,MATCH
SYN-MUT-002674,SYN-PARCEL-002674,CONVERSION,2019-11-15,2019-11-18,2019-12-15,2019-12-15,SYN-DOC-002674,SYN-CLAIM-000675,SYN-CLAIM-000676,PENDING_OBJECTION,2,REVIEW_REQUIRED
SYN-MUT-002675,SYN-PARCEL-002675,MORTGAGE_CHARGE,2020-12-16,2020-12-19,2020-12-16,2020-12-16,SYN-DOC-002675,SYN-CLAIM-000676,SYN-CLAIM-000677,REJECTED,3,REVIEW_REQUIRED
SYN-MUT-002676,SYN-PARCEL-002676,RELEASE,2021-01-17,2021-01-20,2021-02-17,2021-02-17,SYN-DOC-002676,SYN-CLAIM-000677,SYN-CLAIM-000678,SANCTIONED,1,MATCH
SYN-MUT-002677,SYN-PARCEL-002677,SALE_TRANSFER,2022-02-18,2022-02-21,2022-03-18,2022-03-18,SYN-DOC-002677,SYN-CLAIM-000678,SYN-CLAIM-000679,SANCTIONED,2,MATCH
SYN-MUT-002678,SYN-PARCEL-002678,INHERITANCE_SUCCESSION,2023-03-19,2023-03-22,2023-04-19,2023-04-19,SYN-DOC-002678,SYN-CLAIM-000679,SYN-CLAIM-000680,SANCTIONED,3,MATCH
SYN-MUT-002679,SYN-PARCEL-002679,PARTITION,2024-04-20,2024-04-23,2024-05-20,2024-05-20,SYN-DOC-002679,SYN-CLAIM-000680,SYN-CLAIM-000681,PENDING_OBJECTION,1,REVIEW_REQUIRED
SYN-MUT-002680,SYN-PARCEL-002680,CONVERSION,2015-05-01,2015-05-04,2015-06-01,2015-06-01,SYN-DOC-002680,SYN-CLAIM-000681,SYN-CLAIM-000682,REJECTED,2,REVIEW_REQUIRED
SYN-MUT-002681,SYN-PARCEL-002681,MORTGAGE_CHARGE,2016-06-02,2016-06-05,2016-07-02,2016-07-02,SYN-DOC-002681,SYN-CLAIM-000682,SYN-CLAIM-000683,SANCTIONED,3,MATCH
SYN-MUT-002682,SYN-PARCEL-002682,RELEASE,2017-07-03,2017-07-06,2017-08-03,2017-08-03,SYN-DOC-002682,SYN-CLAIM-000683,SYN-CLAIM-000684,SANCTIONED,1,MATCH
SYN-MUT-002683,SYN-PARCEL-002683,SALE_TRANSFER,2018-08-04,2018-08-07,2018-09-04,2018-09-04,SYN-DOC-002683,SYN-CLAIM-000684,SYN-CLAIM-000685,SANCTIONED,2,MATCH
SYN-MUT-002684,SYN-PARCEL-002684,INHERITANCE_SUCCESSION,2019-09-05,2019-09-08,2019-10-05,2019-10-05,SYN-DOC-002684,SYN-CLAIM-000685,SYN-CLAIM-000686,PENDING_OBJECTION,3,REVIEW_REQUIRED
SYN-MUT-002685,SYN-PARCEL-002685,PARTITION,2020-10-06,2020-10-09,2020-11-06,2020-11-06,SYN-DOC-002685,SYN-CLAIM-000686,SYN-CLAIM-000687,REJECTED,1,REVIEW_REQUIRED
SYN-MUT-002686,SYN-PARCEL-002686,CONVERSION,2021-11-07,2021-11-10,2021-12-07,2021-12-07,SYN-DOC-002686,SYN-CLAIM-000687,SYN-CLAIM-000688,SANCTIONED,2,MATCH
SYN-MUT-002687,SYN-PARCEL-002687,MORTGAGE_CHARGE,2022-12-08,2022-12-11,2022-12-08,2022-12-08,SYN-DOC-002687,SYN-CLAIM-000688,SYN-CLAIM-000689,SANCTIONED,3,MATCH
SYN-MUT-002688,SYN-PARCEL-002688,RELEASE,2023-01-09,2023-01-12,2023-02-09,2023-02-09,SYN-DOC-002688,SYN-CLAIM-000689,SYN-CLAIM-000690,SANCTIONED,1,MATCH
SYN-MUT-002689,SYN-PARCEL-002689,SALE_TRANSFER,2024-02-10,2024-02-13,2024-03-10,2024-03-10,SYN-DOC-002689,SYN-CLAIM-000690,SYN-CLAIM-000691,PENDING_OBJECTION,2,REVIEW_REQUIRED
SYN-MUT-002690,SYN-PARCEL-002690,INHERITANCE_SUCCESSION,2015-03-11,2015-03-14,2015-04-11,2015-04-11,SYN-DOC-002690,SYN-CLAIM-000691,SYN-CLAIM-000692,REJECTED,3,REVIEW_REQUIRED
SYN-MUT-002691,SYN-PARCEL-002691,PARTITION,2016-04-12,2016-04-15,2016-05-12,2016-05-12,SYN-DOC-002691,SYN-CLAIM-000692,SYN-CLAIM-000693,SANCTIONED,1,MATCH
SYN-MUT-002692,SYN-PARCEL-002692,CONVERSION,2017-05-13,2017-05-16,2017-06-13,2017-06-13,SYN-DOC-002692,SYN-CLAIM-000693,SYN-CLAIM-000694,SANCTIONED,2,MATCH
SYN-MUT-002693,SYN-PARCEL-002693,MORTGAGE_CHARGE,2018-06-14,2018-06-17,2018-07-14,2018-07-14,SYN-DOC-002693,SYN-CLAIM-000694,SYN-CLAIM-000695,SANCTIONED,3,MATCH
SYN-MUT-002694,SYN-PARCEL-002694,RELEASE,2019-07-15,2019-07-18,2019-08-15,2019-08-15,SYN-DOC-002694,SYN-CLAIM-000695,SYN-CLAIM-000696,PENDING_OBJECTION,1,REVIEW_REQUIRED
SYN-MUT-002695,SYN-PARCEL-002695,SALE_TRANSFER,2020-08-16,2020-08-19,2020-09-16,2020-09-16,SYN-DOC-002695,SYN-CLAIM-000696,SYN-CLAIM-000697,REJECTED,2,REVIEW_REQUIRED
SYN-MUT-002696,SYN-PARCEL-002696,INHERITANCE_SUCCESSION,2021-09-17,2021-09-20,2021-10-17,2021-10-17,SYN-DOC-002696,SYN-CLAIM-000697,SYN-CLAIM-000698,SANCTIONED,3,MATCH
SYN-MUT-002697,SYN-PARCEL-002697,PARTITION,2022-10-18,2022-10-21,2022-11-18,2022-11-18,SYN-DOC-002697,SYN-CLAIM-000698,SYN-CLAIM-000699,SANCTIONED,1,MATCH
SYN-MUT-002698,SYN-PARCEL-002698,CONVERSION,2023-11-19,2023-11-22,2023-12-19,2023-12-19,SYN-DOC-002698,SYN-CLAIM-000699,SYN-CLAIM-000700,SANCTIONED,2,MATCH
SYN-MUT-002699,SYN-PARCEL-002699,MORTGAGE_CHARGE,2024-12-20,2024-12-23,2024-12-20,2024-12-20,SYN-DOC-002699,SYN-CLAIM-000700,SYN-CLAIM-000701,PENDING_OBJECTION,3,REVIEW_REQUIRED
SYN-MUT-002700,SYN-PARCEL-002700,RELEASE,2015-01-01,2015-01-04,2014-01-01,2014-01-01,SYN-DOC-002700,SYN-CLAIM-000701,SYN-CLAIM-000702,REJECTED,1,CHRONOLOGY_CONFLICT
SYN-MUT-002701,SYN-PARCEL-002701,SALE_TRANSFER,2016-02-02,2016-02-05,2016-03-02,2016-03-02,SYN-DOC-002701,SYN-CLAIM-000702,SYN-CLAIM-000703,SANCTIONED,2,MATCH
SYN-MUT-002702,SYN-PARCEL-002702,INHERITANCE_SUCCESSION,2017-03-03,2017-03-06,2017-04-03,2017-04-03,SYN-DOC-002702,SYN-CLAIM-000703,SYN-CLAIM-000704,SANCTIONED,3,MATCH
SYN-MUT-002703,SYN-PARCEL-002703,PARTITION,2018-04-04,2018-04-07,2018-05-04,2018-05-04,SYN-DOC-002703,SYN-CLAIM-000704,SYN-CLAIM-000705,SANCTIONED,1,MATCH
SYN-MUT-002704,SYN-PARCEL-002704,CONVERSION,2019-05-05,2019-05-08,2019-06-05,2019-06-05,SYN-DOC-002704,SYN-CLAIM-000705,SYN-CLAIM-000706,PENDING_OBJECTION,2,REVIEW_REQUIRED
SYN-MUT-002705,SYN-PARCEL-002705,MORTGAGE_CHARGE,2020-06-06,2020-06-09,2020-07-06,2020-07-06,SYN-DOC-002705,SYN-CLAIM-000706,SYN-CLAIM-000707,REJECTED,3,REVIEW_REQUIRED
SYN-MUT-002706,SYN-PARCEL-002706,RELEASE,2021-07-07,2021-07-10,2021-08-07,2021-08-07,SYN-DOC-002706,SYN-CLAIM-000707,SYN-CLAIM-000708,SANCTIONED,1,MATCH
SYN-MUT-002707,SYN-PARCEL-002707,SALE_TRANSFER,2022-08-08,2022-08-11,2022-09-08,2022-09-08,SYN-DOC-002707,SYN-CLAIM-000708,SYN-CLAIM-000709,SANCTIONED,2,MATCH
SYN-MUT-002708,SYN-PARCEL-002708,INHERITANCE_SUCCESSION,2023-09-09,2023-09-12,2023-10-09,2023-10-09,SYN-DOC-002708,SYN-CLAIM-000709,SYN-CLAIM-000710,SANCTIONED,3,MATCH
SYN-MUT-002709,SYN-PARCEL-002709,PARTITION,2024-10-10,2024-10-13,2024-11-10,2024-11-10,SYN-DOC-002709,SYN-CLAIM-000710,SYN-CLAIM-000711,PENDING_OBJECTION,1,REVIEW_REQUIRED
SYN-MUT-002710,SYN-PARCEL-002710,CONVERSION,2015-11-11,2015-11-14,2015-12-11,2015-12-11,SYN-DOC-002710,SYN-CLAIM-000711,SYN-CLAIM-000712,REJECTED,2,REVIEW_REQUIRED
SYN-MUT-002711,SYN-PARCEL-002711,MORTGAGE_CHARGE,2016-12-12,2016-12-15,2016-12-12,2016-12-12,SYN-DOC-002711,SYN-CLAIM-000712,SYN-CLAIM-000713,SANCTIONED,3,MATCH
SYN-MUT-002712,SYN-PARCEL-002712,RELEASE,2017-01-13,2017-01-16,2017-02-13,2017-02-13,SYN-DOC-002712,SYN-CLAIM-000713,SYN-CLAIM-000714,SANCTIONED,1,MATCH
SYN-MUT-002713,SYN-PARCEL-002713,SALE_TRANSFER,2018-02-14,2018-02-17,2018-03-14,2018-03-14,SYN-DOC-002713,SYN-CLAIM-000714,SYN-CLAIM-000715,SANCTIONED,2,MATCH
SYN-MUT-002714,SYN-PARCEL-002714,INHERITANCE_SUCCESSION,2019-03-15,2019-03-18,2019-04-15,2019-04-15,SYN-DOC-002714,SYN-CLAIM-000715,SYN-CLAIM-000716,PENDING_OBJECTION,3,REVIEW_REQUIRED
SYN-MUT-002715,SYN-PARCEL-002715,PARTITION,2020-04-16,2020-04-19,2020-05-16,2020-05-16,SYN-DOC-002715,SYN-CLAIM-000716,SYN-CLAIM-000717,REJECTED,1,REVIEW_REQUIRED
SYN-MUT-002716,SYN-PARCEL-002716,CONVERSION,2021-05-17,2021-05-20,2021-06-17,2021-06-17,SYN-DOC-002716,SYN-CLAIM-000717,SYN-CLAIM-000718,SANCTIONED,2,MATCH
SYN-MUT-002717,SYN-PARCEL-002717,MORTGAGE_CHARGE,2022-06-18,2022-06-21,2022-07-18,2022-07-18,SYN-DOC-002717,SYN-CLAIM-000718,SYN-CLAIM-000719,SANCTIONED,3,MATCH
SYN-MUT-002718,SYN-PARCEL-002718,RELEASE,2023-07-19,2023-07-22,2023-08-19,2023-08-19,SYN-DOC-002718,SYN-CLAIM-000719,SYN-CLAIM-000720,SANCTIONED,1,MATCH
SYN-MUT-002719,SYN-PARCEL-002719,SALE_TRANSFER,2024-08-20,2024-08-23,2024-09-20,2024-09-20,SYN-DOC-002719,SYN-CLAIM-000720,SYN-CLAIM-000721,PENDING_OBJECTION,2,REVIEW_REQUIRED
SYN-MUT-002720,SYN-PARCEL-002720,INHERITANCE_SUCCESSION,2015-09-01,2015-09-04,2015-10-01,2015-10-01,SYN-DOC-002720,SYN-CLAIM-000721,SYN-CLAIM-000722,REJECTED,3,REVIEW_REQUIRED
SYN-MUT-002721,SYN-PARCEL-002721,PARTITION,2016-10-02,2016-10-05,2016-11-02,2016-11-02,SYN-DOC-002721,SYN-CLAIM-000722,SYN-CLAIM-000723,SANCTIONED,1,MATCH
SYN-MUT-002722,SYN-PARCEL-002722,CONVERSION,2017-11-03,2017-11-06,2017-12-03,2017-12-03,SYN-DOC-002722,SYN-CLAIM-000723,SYN-CLAIM-000724,SANCTIONED,2,MATCH
SYN-MUT-002723,SYN-PARCEL-002723,MORTGAGE_CHARGE,2018-12-04,2018-12-07,2018-12-04,2018-12-04,SYN-DOC-002723,SYN-CLAIM-000724,SYN-CLAIM-000725,SANCTIONED,3,MATCH
SYN-MUT-002724,SYN-PARCEL-002724,RELEASE,2019-01-05,2019-01-08,2019-02-05,2019-02-05,SYN-DOC-002724,SYN-CLAIM-000725,SYN-CLAIM-000726,PENDING_OBJECTION,1,REVIEW_REQUIRED
SYN-MUT-002725,SYN-PARCEL-002725,SALE_TRANSFER,2020-02-06,2020-02-09,2020-03-06,2020-03-06,SYN-DOC-002725,SYN-CLAIM-000726,SYN-CLAIM-000727,REJECTED,2,REVIEW_REQUIRED
SYN-MUT-002726,SYN-PARCEL-002726,INHERITANCE_SUCCESSION,2021-03-07,2021-03-10,2021-04-07,2021-04-07,SYN-DOC-002726,SYN-CLAIM-000727,SYN-CLAIM-000728,SANCTIONED,3,MATCH
SYN-MUT-002727,SYN-PARCEL-002727,PARTITION,2022-04-08,2022-04-11,2022-05-08,2022-05-08,SYN-DOC-002727,SYN-CLAIM-000728,SYN-CLAIM-000729,SANCTIONED,1,MATCH
SYN-MUT-002728,SYN-PARCEL-002728,CONVERSION,2023-05-09,2023-05-12,2023-06-09,2023-06-09,SYN-DOC-002728,SYN-CLAIM-000729,SYN-CLAIM-000730,SANCTIONED,2,MATCH
SYN-MUT-002729,SYN-PARCEL-002729,MORTGAGE_CHARGE,2024-06-10,2024-06-13,2024-07-10,2024-07-10,SYN-DOC-002729,SYN-CLAIM-000730,SYN-CLAIM-000731,PENDING_OBJECTION,3,REVIEW_REQUIRED
SYN-MUT-002730,SYN-PARCEL-002730,RELEASE,2015-07-11,2015-07-14,2015-08-11,2015-08-11,SYN-DOC-002730,SYN-CLAIM-000731,SYN-CLAIM-000732,REJECTED,1,REVIEW_REQUIRED
SYN-MUT-002731,SYN-PARCEL-002731,SALE_TRANSFER,2016-08-12,2016-08-15,2016-09-12,2016-09-12,SYN-DOC-002731,SYN-CLAIM-000732,SYN-CLAIM-000733,SANCTIONED,2,MATCH
SYN-MUT-002732,SYN-PARCEL-002732,INHERITANCE_SUCCESSION,2017-09-13,2017-09-16,2017-10-13,2017-10-13,SYN-DOC-002732,SYN-CLAIM-000733,SYN-CLAIM-000734,SANCTIONED,3,MATCH
SYN-MUT-002733,SYN-PARCEL-002733,PARTITION,2018-10-14,2018-10-17,2018-11-14,2018-11-14,SYN-DOC-002733,SYN-CLAIM-000734,SYN-CLAIM-000735,SANCTIONED,1,MATCH
SYN-MUT-002734,SYN-PARCEL-002734,CONVERSION,2019-11-15,2019-11-18,2019-12-15,2019-12-15,SYN-DOC-002734,SYN-CLAIM-000735,SYN-CLAIM-000736,PENDING_OBJECTION,2,REVIEW_REQUIRED
SYN-MUT-002735,SYN-PARCEL-002735,MORTGAGE_CHARGE,2020-12-16,2020-12-19,2020-12-16,2020-12-16,SYN-DOC-002735,SYN-CLAIM-000736,SYN-CLAIM-000737,REJECTED,3,REVIEW_REQUIRED
SYN-MUT-002736,SYN-PARCEL-002736,RELEASE,2021-01-17,2021-01-20,2021-02-17,2021-02-17,SYN-DOC-002736,SYN-CLAIM-000737,SYN-CLAIM-000738,SANCTIONED,1,MATCH
SYN-MUT-002737,SYN-PARCEL-002737,SALE_TRANSFER,2022-02-18,2022-02-21,2022-03-18,2022-03-18,SYN-DOC-002737,SYN-CLAIM-000738,SYN-CLAIM-000739,SANCTIONED,2,MATCH
SYN-MUT-002738,SYN-PARCEL-002738,INHERITANCE_SUCCESSION,2023-03-19,2023-03-22,2023-04-19,2023-04-19,SYN-DOC-002738,SYN-CLAIM-000739,SYN-CLAIM-000740,SANCTIONED,3,MATCH
SYN-MUT-002739,SYN-PARCEL-002739,PARTITION,2024-04-20,2024-04-23,2024-05-20,2024-05-20,SYN-DOC-002739,SYN-CLAIM-000740,SYN-CLAIM-000741,PENDING_OBJECTION,1,REVIEW_REQUIRED
SYN-MUT-002740,SYN-PARCEL-002740,CONVERSION,2015-05-01,2015-05-04,2015-06-01,2015-06-01,SYN-DOC-002740,SYN-CLAIM-000741,SYN-CLAIM-000742,REJECTED,2,REVIEW_REQUIRED
SYN-MUT-002741,SYN-PARCEL-002741,MORTGAGE_CHARGE,2016-06-02,2016-06-05,2016-07-02,2016-07-02,SYN-DOC-002741,SYN-CLAIM-000742,SYN-CLAIM-000743,SANCTIONED,3,MATCH
SYN-MUT-002742,SYN-PARCEL-002742,RELEASE,2017-07-03,2017-07-06,2017-08-03,2017-08-03,SYN-DOC-002742,SYN-CLAIM-000743,SYN-CLAIM-000744,SANCTIONED,1,MATCH
SYN-MUT-002743,SYN-PARCEL-002743,SALE_TRANSFER,2018-08-04,2018-08-07,2018-09-04,2018-09-04,SYN-DOC-002743,SYN-CLAIM-000744,SYN-CLAIM-000745,SANCTIONED,2,MATCH
SYN-MUT-002744,SYN-PARCEL-002744,INHERITANCE_SUCCESSION,2019-09-05,2019-09-08,2019-10-05,2019-10-05,SYN-DOC-002744,SYN-CLAIM-000745,SYN-CLAIM-000746,PENDING_OBJECTION,3,REVIEW_REQUIRED
SYN-MUT-002745,SYN-PARCEL-002745,PARTITION,2020-10-06,2020-10-09,2020-11-06,2020-11-06,SYN-DOC-002745,SYN-CLAIM-000746,SYN-CLAIM-000747,REJECTED,1,REVIEW_REQUIRED
SYN-MUT-002746,SYN-PARCEL-002746,CONVERSION,2021-11-07,2021-11-10,2021-12-07,2021-12-07,SYN-DOC-002746,SYN-CLAIM-000747,SYN-CLAIM-000748,SANCTIONED,2,MATCH
SYN-MUT-002747,SYN-PARCEL-002747,MORTGAGE_CHARGE,2022-12-08,2022-12-11,2022-12-08,2022-12-08,SYN-DOC-002747,SYN-CLAIM-000748,SYN-CLAIM-000749,SANCTIONED,3,MATCH
SYN-MUT-002748,SYN-PARCEL-002748,RELEASE,2023-01-09,2023-01-12,2023-02-09,2023-02-09,SYN-DOC-002748,SYN-CLAIM-000749,SYN-CLAIM-000750,SANCTIONED,1,MATCH
SYN-MUT-002749,SYN-PARCEL-002749,SALE_TRANSFER,2024-02-10,2024-02-13,2024-03-10,2024-03-10,SYN-DOC-002749,SYN-CLAIM-000750,SYN-CLAIM-000751,PENDING_OBJECTION,2,REVIEW_REQUIRED
SYN-MUT-002750,SYN-PARCEL-002750,INHERITANCE_SUCCESSION,2015-03-11,2015-03-14,2015-04-11,2015-04-11,SYN-DOC-002750,SYN-CLAIM-000751,SYN-CLAIM-000752,REJECTED,3,REVIEW_REQUIRED
SYN-MUT-002751,SYN-PARCEL-002751,PARTITION,2016-04-12,2016-04-15,2016-05-12,2016-05-12,SYN-DOC-002751,SYN-CLAIM-000752,SYN-CLAIM-000753,SANCTIONED,1,MATCH
SYN-MUT-002752,SYN-PARCEL-002752,CONVERSION,2017-05-13,2017-05-16,2017-06-13,2017-06-13,SYN-DOC-002752,SYN-CLAIM-000753,SYN-CLAIM-000754,SANCTIONED,2,MATCH
SYN-MUT-002753,SYN-PARCEL-002753,MORTGAGE_CHARGE,2018-06-14,2018-06-17,2018-07-14,2018-07-14,SYN-DOC-002753,SYN-CLAIM-000754,SYN-CLAIM-000755,SANCTIONED,3,MATCH
SYN-MUT-002754,SYN-PARCEL-002754,RELEASE,2019-07-15,2019-07-18,2019-08-15,2019-08-15,SYN-DOC-002754,SYN-CLAIM-000755,SYN-CLAIM-000756,PENDING_OBJECTION,1,REVIEW_REQUIRED
SYN-MUT-002755,SYN-PARCEL-002755,SALE_TRANSFER,2020-08-16,2020-08-19,2020-09-16,2020-09-16,SYN-DOC-002755,SYN-CLAIM-000756,SYN-CLAIM-000757,REJECTED,2,REVIEW_REQUIRED
SYN-MUT-002756,SYN-PARCEL-002756,INHERITANCE_SUCCESSION,2021-09-17,2021-09-20,2021-10-17,2021-10-17,SYN-DOC-002756,SYN-CLAIM-000757,SYN-CLAIM-000758,SANCTIONED,3,MATCH
SYN-MUT-002757,SYN-PARCEL-002757,PARTITION,2022-10-18,2022-10-21,2022-11-18,2022-11-18,SYN-DOC-002757,SYN-CLAIM-000758,SYN-CLAIM-000759,SANCTIONED,1,MATCH
SYN-MUT-002758,SYN-PARCEL-002758,CONVERSION,2023-11-19,2023-11-22,2023-12-19,2023-12-19,SYN-DOC-002758,SYN-CLAIM-000759,SYN-CLAIM-000760,SANCTIONED,2,MATCH
SYN-MUT-002759,SYN-PARCEL-002759,MORTGAGE_CHARGE,2024-12-20,2024-12-23,2024-12-20,2024-12-20,SYN-DOC-002759,SYN-CLAIM-000760,SYN-CLAIM-000761,PENDING_OBJECTION,3,REVIEW_REQUIRED
SYN-MUT-002760,SYN-PARCEL-002760,RELEASE,2015-01-01,2015-01-04,2015-02-01,2015-02-01,SYN-DOC-002760,SYN-CLAIM-000761,SYN-CLAIM-000762,REJECTED,1,REVIEW_REQUIRED
SYN-MUT-002761,SYN-PARCEL-002761,SALE_TRANSFER,2016-02-02,2016-02-05,2016-03-02,2016-03-02,SYN-DOC-002761,SYN-CLAIM-000762,SYN-CLAIM-000763,SANCTIONED,2,MATCH
SYN-MUT-002762,SYN-PARCEL-002762,INHERITANCE_SUCCESSION,2017-03-03,2017-03-06,2017-04-03,2017-04-03,SYN-DOC-002762,SYN-CLAIM-000763,SYN-CLAIM-000764,SANCTIONED,3,MATCH
SYN-MUT-002763,SYN-PARCEL-002763,PARTITION,2018-04-04,2018-04-07,2018-05-04,2018-05-04,SYN-DOC-002763,SYN-CLAIM-000764,SYN-CLAIM-000765,SANCTIONED,1,MATCH
SYN-MUT-002764,SYN-PARCEL-002764,CONVERSION,2019-05-05,2019-05-08,2019-06-05,2019-06-05,SYN-DOC-002764,SYN-CLAIM-000765,SYN-CLAIM-000766,PENDING_OBJECTION,2,REVIEW_REQUIRED
SYN-MUT-002765,SYN-PARCEL-002765,MORTGAGE_CHARGE,2020-06-06,2020-06-09,2020-07-06,2020-07-06,SYN-DOC-002765,SYN-CLAIM-000766,SYN-CLAIM-000767,REJECTED,3,REVIEW_REQUIRED
SYN-MUT-002766,SYN-PARCEL-002766,RELEASE,2021-07-07,2021-07-10,2021-08-07,2021-08-07,SYN-DOC-002766,SYN-CLAIM-000767,SYN-CLAIM-000768,SANCTIONED,1,MATCH
SYN-MUT-002767,SYN-PARCEL-002767,SALE_TRANSFER,2022-08-08,2022-08-11,2022-09-08,2022-09-08,SYN-DOC-002767,SYN-CLAIM-000768,SYN-CLAIM-000769,SANCTIONED,2,MATCH
SYN-MUT-002768,SYN-PARCEL-002768,INHERITANCE_SUCCESSION,2023-09-09,2023-09-12,2023-10-09,2023-10-09,SYN-DOC-002768,SYN-CLAIM-000769,SYN-CLAIM-000770,SANCTIONED,3,MATCH
SYN-MUT-002769,SYN-PARCEL-002769,PARTITION,2024-10-10,2024-10-13,2024-11-10,2024-11-10,SYN-DOC-002769,SYN-CLAIM-000770,SYN-CLAIM-000771,PENDING_OBJECTION,1,REVIEW_REQUIRED
SYN-MUT-002770,SYN-PARCEL-002770,CONVERSION,2015-11-11,2015-11-14,2015-12-11,2015-12-11,SYN-DOC-002770,SYN-CLAIM-000771,SYN-CLAIM-000772,REJECTED,2,REVIEW_REQUIRED
SYN-MUT-002771,SYN-PARCEL-002771,MORTGAGE_CHARGE,2016-12-12,2016-12-15,2016-12-12,2016-12-12,SYN-DOC-002771,SYN-CLAIM-000772,SYN-CLAIM-000773,SANCTIONED,3,MATCH
SYN-MUT-002772,SYN-PARCEL-002772,RELEASE,2017-01-13,2017-01-16,2017-02-13,2017-02-13,SYN-DOC-002772,SYN-CLAIM-000773,SYN-CLAIM-000774,SANCTIONED,1,MATCH
SYN-MUT-002773,SYN-PARCEL-002773,SALE_TRANSFER,2018-02-14,2018-02-17,2018-03-14,2018-03-14,SYN-DOC-002773,SYN-CLAIM-000774,SYN-CLAIM-000775,SANCTIONED,2,MATCH
SYN-MUT-002774,SYN-PARCEL-002774,INHERITANCE_SUCCESSION,2019-03-15,2019-03-18,2019-04-15,2019-04-15,SYN-DOC-002774,SYN-CLAIM-000775,SYN-CLAIM-000776,PENDING_OBJECTION,3,REVIEW_REQUIRED
SYN-MUT-002775,SYN-PARCEL-002775,PARTITION,2020-04-16,2020-04-19,2020-05-16,2020-05-16,SYN-DOC-002775,SYN-CLAIM-000776,SYN-CLAIM-000777,REJECTED,1,REVIEW_REQUIRED
SYN-MUT-002776,SYN-PARCEL-002776,CONVERSION,2021-05-17,2021-05-20,2021-06-17,2021-06-17,SYN-DOC-002776,SYN-CLAIM-000777,SYN-CLAIM-000778,SANCTIONED,2,MATCH
SYN-MUT-002777,SYN-PARCEL-002777,MORTGAGE_CHARGE,2022-06-18,2022-06-21,2022-07-18,2022-07-18,SYN-DOC-002777,SYN-CLAIM-000778,SYN-CLAIM-000779,SANCTIONED,3,MATCH
SYN-MUT-002778,SYN-PARCEL-002778,RELEASE,2023-07-19,2023-07-22,2023-08-19,2023-08-19,SYN-DOC-002778,SYN-CLAIM-000779,SYN-CLAIM-000780,SANCTIONED,1,MATCH
SYN-MUT-002779,SYN-PARCEL-002779,SALE_TRANSFER,2024-08-20,2024-08-23,2024-09-20,2024-09-20,SYN-DOC-002779,SYN-CLAIM-000780,SYN-CLAIM-000781,PENDING_OBJECTION,2,REVIEW_REQUIRED
SYN-MUT-002780,SYN-PARCEL-002780,INHERITANCE_SUCCESSION,2015-09-01,2015-09-04,2015-10-01,2015-10-01,SYN-DOC-002780,SYN-CLAIM-000781,SYN-CLAIM-000782,REJECTED,3,REVIEW_REQUIRED
SYN-MUT-002781,SYN-PARCEL-002781,PARTITION,2016-10-02,2016-10-05,2016-11-02,2016-11-02,SYN-DOC-002781,SYN-CLAIM-000782,SYN-CLAIM-000783,SANCTIONED,1,MATCH
SYN-MUT-002782,SYN-PARCEL-002782,CONVERSION,2017-11-03,2017-11-06,2017-12-03,2017-12-03,SYN-DOC-002782,SYN-CLAIM-000783,SYN-CLAIM-000784,SANCTIONED,2,MATCH
SYN-MUT-002783,SYN-PARCEL-002783,MORTGAGE_CHARGE,2018-12-04,2018-12-07,2018-12-04,2018-12-04,SYN-DOC-002783,SYN-CLAIM-000784,SYN-CLAIM-000785,SANCTIONED,3,MATCH
SYN-MUT-002784,SYN-PARCEL-002784,RELEASE,2019-01-05,2019-01-08,2019-02-05,2019-02-05,SYN-DOC-002784,SYN-CLAIM-000785,SYN-CLAIM-000786,PENDING_OBJECTION,1,REVIEW_REQUIRED
SYN-MUT-002785,SYN-PARCEL-002785,SALE_TRANSFER,2020-02-06,2020-02-09,2020-03-06,2020-03-06,SYN-DOC-002785,SYN-CLAIM-000786,SYN-CLAIM-000787,REJECTED,2,REVIEW_REQUIRED
SYN-MUT-002786,SYN-PARCEL-002786,INHERITANCE_SUCCESSION,2021-03-07,2021-03-10,2021-04-07,2021-04-07,SYN-DOC-002786,SYN-CLAIM-000787,SYN-CLAIM-000788,SANCTIONED,3,MATCH
SYN-MUT-002787,SYN-PARCEL-002787,PARTITION,2022-04-08,2022-04-11,2022-05-08,2022-05-08,SYN-DOC-002787,SYN-CLAIM-000788,SYN-CLAIM-000789,SANCTIONED,1,MATCH
SYN-MUT-002788,SYN-PARCEL-002788,CONVERSION,2023-05-09,2023-05-12,2023-06-09,2023-06-09,SYN-DOC-002788,SYN-CLAIM-000789,SYN-CLAIM-000790,SANCTIONED,2,MATCH
SYN-MUT-002789,SYN-PARCEL-002789,MORTGAGE_CHARGE,2024-06-10,2024-06-13,2024-07-10,2024-07-10,SYN-DOC-002789,SYN-CLAIM-000790,SYN-CLAIM-000791,PENDING_OBJECTION,3,REVIEW_REQUIRED
SYN-MUT-002790,SYN-PARCEL-002790,RELEASE,2015-07-11,2015-07-14,2015-08-11,2015-08-11,SYN-DOC-002790,SYN-CLAIM-000791,SYN-CLAIM-000792,REJECTED,1,REVIEW_REQUIRED
SYN-MUT-002791,SYN-PARCEL-002791,SALE_TRANSFER,2016-08-12,2016-08-15,2016-09-12,2016-09-12,SYN-DOC-002791,SYN-CLAIM-000792,SYN-CLAIM-000793,SANCTIONED,2,MATCH
SYN-MUT-002792,SYN-PARCEL-002792,INHERITANCE_SUCCESSION,2017-09-13,2017-09-16,2017-10-13,2017-10-13,SYN-DOC-002792,SYN-CLAIM-000793,SYN-CLAIM-000794,SANCTIONED,3,MATCH
SYN-MUT-002793,SYN-PARCEL-002793,PARTITION,2018-10-14,2018-10-17,2018-11-14,2018-11-14,SYN-DOC-002793,SYN-CLAIM-000794,SYN-CLAIM-000795,SANCTIONED,1,MATCH
SYN-MUT-002794,SYN-PARCEL-002794,CONVERSION,2019-11-15,2019-11-18,2019-12-15,2019-12-15,SYN-DOC-002794,SYN-CLAIM-000795,SYN-CLAIM-000796,PENDING_OBJECTION,2,REVIEW_REQUIRED
SYN-MUT-002795,SYN-PARCEL-002795,MORTGAGE_CHARGE,2020-12-16,2020-12-19,2020-12-16,2020-12-16,SYN-DOC-002795,SYN-CLAIM-000796,SYN-CLAIM-000797,REJECTED,3,REVIEW_REQUIRED
SYN-MUT-002796,SYN-PARCEL-002796,RELEASE,2021-01-17,2021-01-20,2021-02-17,2021-02-17,SYN-DOC-002796,SYN-CLAIM-000797,SYN-CLAIM-000798,SANCTIONED,1,MATCH
SYN-MUT-002797,SYN-PARCEL-002797,SALE_TRANSFER,2022-02-18,2022-02-21,2022-03-18,2022-03-18,SYN-DOC-002797,SYN-CLAIM-000798,SYN-CLAIM-000799,SANCTIONED,2,MATCH
SYN-MUT-002798,SYN-PARCEL-002798,INHERITANCE_SUCCESSION,2023-03-19,2023-03-22,2023-04-19,2023-04-19,SYN-DOC-002798,SYN-CLAIM-000799,SYN-CLAIM-000800,SANCTIONED,3,MATCH
SYN-MUT-002799,SYN-PARCEL-002799,PARTITION,2024-04-20,2024-04-23,2024-05-20,2024-05-20,SYN-DOC-002799,SYN-CLAIM-000800,SYN-CLAIM-000801,PENDING_OBJECTION,1,REVIEW_REQUIRED
SYN-MUT-002800,SYN-PARCEL-002800,CONVERSION,2015-05-01,2015-05-04,2015-06-01,2015-06-01,SYN-DOC-002800,SYN-CLAIM-000801,SYN-CLAIM-000802,REJECTED,2,REVIEW_REQUIRED
SYN-MUT-002801,SYN-PARCEL-002801,MORTGAGE_CHARGE,2016-06-02,2016-06-05,2016-07-02,2016-07-02,SYN-DOC-002801,SYN-CLAIM-000802,SYN-CLAIM-000803,SANCTIONED,3,MATCH
SYN-MUT-002802,SYN-PARCEL-002802,RELEASE,2017-07-03,2017-07-06,2017-08-03,2017-08-03,SYN-DOC-002802,SYN-CLAIM-000803,SYN-CLAIM-000804,SANCTIONED,1,MATCH
SYN-MUT-002803,SYN-PARCEL-002803,SALE_TRANSFER,2018-08-04,2018-08-07,2018-09-04,2018-09-04,SYN-DOC-002803,SYN-CLAIM-000804,SYN-CLAIM-000805,SANCTIONED,2,MATCH
SYN-MUT-002804,SYN-PARCEL-002804,INHERITANCE_SUCCESSION,2019-09-05,2019-09-08,2019-10-05,2019-10-05,SYN-DOC-002804,SYN-CLAIM-000805,SYN-CLAIM-000806,PENDING_OBJECTION,3,REVIEW_REQUIRED
SYN-MUT-002805,SYN-PARCEL-002805,PARTITION,2020-10-06,2020-10-09,2020-11-06,2020-11-06,SYN-DOC-002805,SYN-CLAIM-000806,SYN-CLAIM-000807,REJECTED,1,REVIEW_REQUIRED
SYN-MUT-002806,SYN-PARCEL-002806,CONVERSION,2021-11-07,2021-11-10,2021-12-07,2021-12-07,SYN-DOC-002806,SYN-CLAIM-000807,SYN-CLAIM-000808,SANCTIONED,2,MATCH
SYN-MUT-002807,SYN-PARCEL-002807,MORTGAGE_CHARGE,2022-12-08,2022-12-11,2022-12-08,2022-12-08,SYN-DOC-002807,SYN-CLAIM-000808,SYN-CLAIM-000809,SANCTIONED,3,MATCH
SYN-MUT-002808,SYN-PARCEL-002808,RELEASE,2023-01-09,2023-01-12,2023-02-09,2023-02-09,SYN-DOC-002808,SYN-CLAIM-000809,SYN-CLAIM-000810,SANCTIONED,1,MATCH
SYN-MUT-002809,SYN-PARCEL-002809,SALE_TRANSFER,2024-02-10,2024-02-13,2024-03-10,2024-03-10,SYN-DOC-002809,SYN-CLAIM-000810,SYN-CLAIM-000811,PENDING_OBJECTION,2,REVIEW_REQUIRED
SYN-MUT-002810,SYN-PARCEL-002810,INHERITANCE_SUCCESSION,2015-03-11,2015-03-14,2015-04-11,2015-04-11,SYN-DOC-002810,SYN-CLAIM-000811,SYN-CLAIM-000812,REJECTED,3,REVIEW_REQUIRED
SYN-MUT-002811,SYN-PARCEL-002811,PARTITION,2016-04-12,2016-04-15,2016-05-12,2016-05-12,SYN-DOC-002811,SYN-CLAIM-000812,SYN-CLAIM-000813,SANCTIONED,1,MATCH
SYN-MUT-002812,SYN-PARCEL-002812,CONVERSION,2017-05-13,2017-05-16,2017-06-13,2017-06-13,SYN-DOC-002812,SYN-CLAIM-000813,SYN-CLAIM-000814,SANCTIONED,2,MATCH
SYN-MUT-002813,SYN-PARCEL-002813,MORTGAGE_CHARGE,2018-06-14,2018-06-17,2018-07-14,2018-07-14,SYN-DOC-002813,SYN-CLAIM-000814,SYN-CLAIM-000815,SANCTIONED,3,MATCH
SYN-MUT-002814,SYN-PARCEL-002814,RELEASE,2019-07-15,2019-07-18,2019-08-15,2019-08-15,SYN-DOC-002814,SYN-CLAIM-000815,SYN-CLAIM-000816,PENDING_OBJECTION,1,REVIEW_REQUIRED
SYN-MUT-002815,SYN-PARCEL-002815,SALE_TRANSFER,2020-08-16,2020-08-19,2020-09-16,2020-09-16,SYN-DOC-002815,SYN-CLAIM-000816,SYN-CLAIM-000817,REJECTED,2,REVIEW_REQUIRED
SYN-MUT-002816,SYN-PARCEL-002816,INHERITANCE_SUCCESSION,2021-09-17,2021-09-20,2021-10-17,2021-10-17,SYN-DOC-002816,SYN-CLAIM-000817,SYN-CLAIM-000818,SANCTIONED,3,MATCH
SYN-MUT-002817,SYN-PARCEL-002817,PARTITION,2022-10-18,2022-10-21,2022-11-18,2022-11-18,SYN-DOC-002817,SYN-CLAIM-000818,SYN-CLAIM-000819,SANCTIONED,1,MATCH
SYN-MUT-002818,SYN-PARCEL-002818,CONVERSION,2023-11-19,2023-11-22,2023-12-19,2023-12-19,SYN-DOC-002818,SYN-CLAIM-000819,SYN-CLAIM-000820,SANCTIONED,2,MATCH
SYN-MUT-002819,SYN-PARCEL-002819,MORTGAGE_CHARGE,2024-12-20,2024-12-23,2024-12-20,2024-12-20,SYN-DOC-002819,SYN-CLAIM-000820,SYN-CLAIM-000821,PENDING_OBJECTION,3,REVIEW_REQUIRED
SYN-MUT-002820,SYN-PARCEL-002820,RELEASE,2015-01-01,2015-01-04,2015-02-01,2015-02-01,SYN-DOC-002820,SYN-CLAIM-000821,SYN-CLAIM-000822,REJECTED,1,REVIEW_REQUIRED
SYN-MUT-002821,SYN-PARCEL-002821,SALE_TRANSFER,2016-02-02,2016-02-05,2016-03-02,2016-03-02,SYN-DOC-002821,SYN-CLAIM-000822,SYN-CLAIM-000823,SANCTIONED,2,MATCH
SYN-MUT-002822,SYN-PARCEL-002822,INHERITANCE_SUCCESSION,2017-03-03,2017-03-06,2017-04-03,2017-04-03,SYN-DOC-002822,SYN-CLAIM-000823,SYN-CLAIM-000824,SANCTIONED,3,MATCH
SYN-MUT-002823,SYN-PARCEL-002823,PARTITION,2018-04-04,2018-04-07,2018-05-04,2018-05-04,SYN-DOC-002823,SYN-CLAIM-000824,SYN-CLAIM-000825,SANCTIONED,1,MATCH
SYN-MUT-002824,SYN-PARCEL-002824,CONVERSION,2019-05-05,2019-05-08,2019-06-05,2019-06-05,SYN-DOC-002824,SYN-CLAIM-000825,SYN-CLAIM-000826,PENDING_OBJECTION,2,REVIEW_REQUIRED
SYN-MUT-002825,SYN-PARCEL-002825,MORTGAGE_CHARGE,2020-06-06,2020-06-09,2020-07-06,2020-07-06,SYN-DOC-002825,SYN-CLAIM-000826,SYN-CLAIM-000827,REJECTED,3,REVIEW_REQUIRED
SYN-MUT-002826,SYN-PARCEL-002826,RELEASE,2021-07-07,2021-07-10,2021-08-07,2021-08-07,SYN-DOC-002826,SYN-CLAIM-000827,SYN-CLAIM-000828,SANCTIONED,1,MATCH
SYN-MUT-002827,SYN-PARCEL-002827,SALE_TRANSFER,2022-08-08,2022-08-11,2022-09-08,2022-09-08,SYN-DOC-002827,SYN-CLAIM-000828,SYN-CLAIM-000829,SANCTIONED,2,MATCH
SYN-MUT-002828,SYN-PARCEL-002828,INHERITANCE_SUCCESSION,2023-09-09,2023-09-12,2023-10-09,2023-10-09,SYN-DOC-002828,SYN-CLAIM-000829,SYN-CLAIM-000830,SANCTIONED,3,MATCH
SYN-MUT-002829,SYN-PARCEL-002829,PARTITION,2024-10-10,2024-10-13,2024-11-10,2024-11-10,SYN-DOC-002829,SYN-CLAIM-000830,SYN-CLAIM-000831,PENDING_OBJECTION,1,REVIEW_REQUIRED
SYN-MUT-002830,SYN-PARCEL-002830,CONVERSION,2015-11-11,2015-11-14,2015-12-11,2015-12-11,SYN-DOC-002830,SYN-CLAIM-000831,SYN-CLAIM-000832,REJECTED,2,REVIEW_REQUIRED
SYN-MUT-002831,SYN-PARCEL-002831,MORTGAGE_CHARGE,2016-12-12,2016-12-15,2016-12-12,2016-12-12,SYN-DOC-002831,SYN-CLAIM-000832,SYN-CLAIM-000833,SANCTIONED,3,MATCH
SYN-MUT-002832,SYN-PARCEL-002832,RELEASE,2017-01-13,2017-01-16,2017-02-13,2017-02-13,SYN-DOC-002832,SYN-CLAIM-000833,SYN-CLAIM-000834,SANCTIONED,1,MATCH
SYN-MUT-002833,SYN-PARCEL-002833,SALE_TRANSFER,2018-02-14,2018-02-17,2018-03-14,2018-03-14,SYN-DOC-002833,SYN-CLAIM-000834,SYN-CLAIM-000835,SANCTIONED,2,MATCH
SYN-MUT-002834,SYN-PARCEL-002834,INHERITANCE_SUCCESSION,2019-03-15,2019-03-18,2019-04-15,2019-04-15,SYN-DOC-002834,SYN-CLAIM-000835,SYN-CLAIM-000836,PENDING_OBJECTION,3,REVIEW_REQUIRED
SYN-MUT-002835,SYN-PARCEL-002835,PARTITION,2020-04-16,2020-04-19,2020-05-16,2020-05-16,SYN-DOC-002835,SYN-CLAIM-000836,SYN-CLAIM-000837,REJECTED,1,REVIEW_REQUIRED
SYN-MUT-002836,SYN-PARCEL-002836,CONVERSION,2021-05-17,2021-05-20,2021-06-17,2021-06-17,SYN-DOC-002836,SYN-CLAIM-000837,SYN-CLAIM-000838,SANCTIONED,2,MATCH
SYN-MUT-002837,SYN-PARCEL-002837,MORTGAGE_CHARGE,2022-06-18,2022-06-21,2022-07-18,2022-07-18,SYN-DOC-002837,SYN-CLAIM-000838,SYN-CLAIM-000839,SANCTIONED,3,MATCH
SYN-MUT-002838,SYN-PARCEL-002838,RELEASE,2023-07-19,2023-07-22,2023-08-19,2023-08-19,SYN-DOC-002838,SYN-CLAIM-000839,SYN-CLAIM-000840,SANCTIONED,1,MATCH
SYN-MUT-002839,SYN-PARCEL-002839,SALE_TRANSFER,2024-08-20,2024-08-23,2024-09-20,2024-09-20,SYN-DOC-002839,SYN-CLAIM-000840,SYN-CLAIM-000841,PENDING_OBJECTION,2,REVIEW_REQUIRED
SYN-MUT-002840,SYN-PARCEL-002840,INHERITANCE_SUCCESSION,2015-09-01,2015-09-04,2015-10-01,2015-10-01,SYN-DOC-002840,SYN-CLAIM-000841,SYN-CLAIM-000842,REJECTED,3,REVIEW_REQUIRED
SYN-MUT-002841,SYN-PARCEL-002841,PARTITION,2016-10-02,2016-10-05,2016-11-02,2016-11-02,SYN-DOC-002841,SYN-CLAIM-000842,SYN-CLAIM-000843,SANCTIONED,1,MATCH
SYN-MUT-002842,SYN-PARCEL-002842,CONVERSION,2017-11-03,2017-11-06,2017-12-03,2017-12-03,SYN-DOC-002842,SYN-CLAIM-000843,SYN-CLAIM-000844,SANCTIONED,2,MATCH
SYN-MUT-002843,SYN-PARCEL-002843,MORTGAGE_CHARGE,2018-12-04,2018-12-07,2018-12-04,2018-12-04,SYN-DOC-002843,SYN-CLAIM-000844,SYN-CLAIM-000845,SANCTIONED,3,MATCH
SYN-MUT-002844,SYN-PARCEL-002844,RELEASE,2019-01-05,2019-01-08,2019-02-05,2019-02-05,SYN-DOC-002844,SYN-CLAIM-000845,SYN-CLAIM-000846,PENDING_OBJECTION,1,REVIEW_REQUIRED
SYN-MUT-002845,SYN-PARCEL-002845,SALE_TRANSFER,2020-02-06,2020-02-09,2020-03-06,2020-03-06,SYN-DOC-002845,SYN-CLAIM-000846,SYN-CLAIM-000847,REJECTED,2,REVIEW_REQUIRED
SYN-MUT-002846,SYN-PARCEL-002846,INHERITANCE_SUCCESSION,2021-03-07,2021-03-10,2021-04-07,2021-04-07,SYN-DOC-002846,SYN-CLAIM-000847,SYN-CLAIM-000848,SANCTIONED,3,MATCH
SYN-MUT-002847,SYN-PARCEL-002847,PARTITION,2022-04-08,2022-04-11,2022-05-08,2022-05-08,SYN-DOC-002847,SYN-CLAIM-000848,SYN-CLAIM-000849,SANCTIONED,1,MATCH
SYN-MUT-002848,SYN-PARCEL-002848,CONVERSION,2023-05-09,2023-05-12,2023-06-09,2023-06-09,SYN-DOC-002848,SYN-CLAIM-000849,SYN-CLAIM-000850,SANCTIONED,2,MATCH
SYN-MUT-002849,SYN-PARCEL-002849,MORTGAGE_CHARGE,2024-06-10,2024-06-13,2024-07-10,2024-07-10,SYN-DOC-002849,SYN-CLAIM-000850,SYN-CLAIM-000851,PENDING_OBJECTION,3,REVIEW_REQUIRED
SYN-MUT-002850,SYN-PARCEL-002850,RELEASE,2015-07-11,2015-07-14,2014-07-11,2014-07-11,SYN-DOC-002850,SYN-CLAIM-000851,SYN-CLAIM-000852,REJECTED,1,CHRONOLOGY_CONFLICT
SYN-MUT-002851,SYN-PARCEL-002851,SALE_TRANSFER,2016-08-12,2016-08-15,2016-09-12,2016-09-12,SYN-DOC-002851,SYN-CLAIM-000852,SYN-CLAIM-000853,SANCTIONED,2,MATCH
SYN-MUT-002852,SYN-PARCEL-002852,INHERITANCE_SUCCESSION,2017-09-13,2017-09-16,2017-10-13,2017-10-13,SYN-DOC-002852,SYN-CLAIM-000853,SYN-CLAIM-000854,SANCTIONED,3,MATCH
SYN-MUT-002853,SYN-PARCEL-002853,PARTITION,2018-10-14,2018-10-17,2018-11-14,2018-11-14,SYN-DOC-002853,SYN-CLAIM-000854,SYN-CLAIM-000855,SANCTIONED,1,MATCH
SYN-MUT-002854,SYN-PARCEL-002854,CONVERSION,2019-11-15,2019-11-18,2019-12-15,2019-12-15,SYN-DOC-002854,SYN-CLAIM-000855,SYN-CLAIM-000856,PENDING_OBJECTION,2,REVIEW_REQUIRED
SYN-MUT-002855,SYN-PARCEL-002855,MORTGAGE_CHARGE,2020-12-16,2020-12-19,2020-12-16,2020-12-16,SYN-DOC-002855,SYN-CLAIM-000856,SYN-CLAIM-000857,REJECTED,3,REVIEW_REQUIRED
SYN-MUT-002856,SYN-PARCEL-002856,RELEASE,2021-01-17,2021-01-20,2021-02-17,2021-02-17,SYN-DOC-002856,SYN-CLAIM-000857,SYN-CLAIM-000858,SANCTIONED,1,MATCH
SYN-MUT-002857,SYN-PARCEL-002857,SALE_TRANSFER,2022-02-18,2022-02-21,2022-03-18,2022-03-18,SYN-DOC-002857,SYN-CLAIM-000858,SYN-CLAIM-000859,SANCTIONED,2,MATCH
SYN-MUT-002858,SYN-PARCEL-002858,INHERITANCE_SUCCESSION,2023-03-19,2023-03-22,2023-04-19,2023-04-19,SYN-DOC-002858,SYN-CLAIM-000859,SYN-CLAIM-000860,SANCTIONED,3,MATCH
SYN-MUT-002859,SYN-PARCEL-002859,PARTITION,2024-04-20,2024-04-23,2024-05-20,2024-05-20,SYN-DOC-002859,SYN-CLAIM-000860,SYN-CLAIM-000861,PENDING_OBJECTION,1,REVIEW_REQUIRED
SYN-MUT-002860,SYN-PARCEL-002860,CONVERSION,2015-05-01,2015-05-04,2015-06-01,2015-06-01,SYN-DOC-002860,SYN-CLAIM-000861,SYN-CLAIM-000862,REJECTED,2,REVIEW_REQUIRED
SYN-MUT-002861,SYN-PARCEL-002861,MORTGAGE_CHARGE,2016-06-02,2016-06-05,2016-07-02,2016-07-02,SYN-DOC-002861,SYN-CLAIM-000862,SYN-CLAIM-000863,SANCTIONED,3,MATCH
SYN-MUT-002862,SYN-PARCEL-002862,RELEASE,2017-07-03,2017-07-06,2017-08-03,2017-08-03,SYN-DOC-002862,SYN-CLAIM-000863,SYN-CLAIM-000864,SANCTIONED,1,MATCH
SYN-MUT-002863,SYN-PARCEL-002863,SALE_TRANSFER,2018-08-04,2018-08-07,2018-09-04,2018-09-04,SYN-DOC-002863,SYN-CLAIM-000864,SYN-CLAIM-000865,SANCTIONED,2,MATCH
SYN-MUT-002864,SYN-PARCEL-002864,INHERITANCE_SUCCESSION,2019-09-05,2019-09-08,2019-10-05,2019-10-05,SYN-DOC-002864,SYN-CLAIM-000865,SYN-CLAIM-000866,PENDING_OBJECTION,3,REVIEW_REQUIRED
SYN-MUT-002865,SYN-PARCEL-002865,PARTITION,2020-10-06,2020-10-09,2020-11-06,2020-11-06,SYN-DOC-002865,SYN-CLAIM-000866,SYN-CLAIM-000867,REJECTED,1,REVIEW_REQUIRED
SYN-MUT-002866,SYN-PARCEL-002866,CONVERSION,2021-11-07,2021-11-10,2021-12-07,2021-12-07,SYN-DOC-002866,SYN-CLAIM-000867,SYN-CLAIM-000868,SANCTIONED,2,MATCH
SYN-MUT-002867,SYN-PARCEL-002867,MORTGAGE_CHARGE,2022-12-08,2022-12-11,2022-12-08,2022-12-08,SYN-DOC-002867,SYN-CLAIM-000868,SYN-CLAIM-000869,SANCTIONED,3,MATCH
SYN-MUT-002868,SYN-PARCEL-002868,RELEASE,2023-01-09,2023-01-12,2023-02-09,2023-02-09,SYN-DOC-002868,SYN-CLAIM-000869,SYN-CLAIM-000870,SANCTIONED,1,MATCH
SYN-MUT-002869,SYN-PARCEL-002869,SALE_TRANSFER,2024-02-10,2024-02-13,2024-03-10,2024-03-10,SYN-DOC-002869,SYN-CLAIM-000870,SYN-CLAIM-000871,PENDING_OBJECTION,2,REVIEW_REQUIRED
SYN-MUT-002870,SYN-PARCEL-002870,INHERITANCE_SUCCESSION,2015-03-11,2015-03-14,2015-04-11,2015-04-11,SYN-DOC-002870,SYN-CLAIM-000871,SYN-CLAIM-000872,REJECTED,3,REVIEW_REQUIRED
SYN-MUT-002871,SYN-PARCEL-002871,PARTITION,2016-04-12,2016-04-15,2016-05-12,2016-05-12,SYN-DOC-002871,SYN-CLAIM-000872,SYN-CLAIM-000873,SANCTIONED,1,MATCH
SYN-MUT-002872,SYN-PARCEL-002872,CONVERSION,2017-05-13,2017-05-16,2017-06-13,2017-06-13,SYN-DOC-002872,SYN-CLAIM-000873,SYN-CLAIM-000874,SANCTIONED,2,MATCH
SYN-MUT-002873,SYN-PARCEL-002873,MORTGAGE_CHARGE,2018-06-14,2018-06-17,2018-07-14,2018-07-14,SYN-DOC-002873,SYN-CLAIM-000874,SYN-CLAIM-000875,SANCTIONED,3,MATCH
SYN-MUT-002874,SYN-PARCEL-002874,RELEASE,2019-07-15,2019-07-18,2019-08-15,2019-08-15,SYN-DOC-002874,SYN-CLAIM-000875,SYN-CLAIM-000876,PENDING_OBJECTION,1,REVIEW_REQUIRED
SYN-MUT-002875,SYN-PARCEL-002875,SALE_TRANSFER,2020-08-16,2020-08-19,2020-09-16,2020-09-16,SYN-DOC-002875,SYN-CLAIM-000876,SYN-CLAIM-000877,REJECTED,2,REVIEW_REQUIRED
SYN-MUT-002876,SYN-PARCEL-002876,INHERITANCE_SUCCESSION,2021-09-17,2021-09-20,2021-10-17,2021-10-17,SYN-DOC-002876,SYN-CLAIM-000877,SYN-CLAIM-000878,SANCTIONED,3,MATCH
SYN-MUT-002877,SYN-PARCEL-002877,PARTITION,2022-10-18,2022-10-21,2022-11-18,2022-11-18,SYN-DOC-002877,SYN-CLAIM-000878,SYN-CLAIM-000879,SANCTIONED,1,MATCH
SYN-MUT-002878,SYN-PARCEL-002878,CONVERSION,2023-11-19,2023-11-22,2023-12-19,2023-12-19,SYN-DOC-002878,SYN-CLAIM-000879,SYN-CLAIM-000880,SANCTIONED,2,MATCH
SYN-MUT-002879,SYN-PARCEL-002879,MORTGAGE_CHARGE,2024-12-20,2024-12-23,2024-12-20,2024-12-20,SYN-DOC-002879,SYN-CLAIM-000880,SYN-CLAIM-000881,PENDING_OBJECTION,3,REVIEW_REQUIRED
SYN-MUT-002880,SYN-PARCEL-002880,RELEASE,2015-01-01,2015-01-04,2015-02-01,2015-02-01,SYN-DOC-002880,SYN-CLAIM-000881,SYN-CLAIM-000882,REJECTED,1,REVIEW_REQUIRED
SYN-MUT-002881,SYN-PARCEL-002881,SALE_TRANSFER,2016-02-02,2016-02-05,2016-03-02,2016-03-02,SYN-DOC-002881,SYN-CLAIM-000882,SYN-CLAIM-000883,SANCTIONED,2,MATCH
SYN-MUT-002882,SYN-PARCEL-002882,INHERITANCE_SUCCESSION,2017-03-03,2017-03-06,2017-04-03,2017-04-03,SYN-DOC-002882,SYN-CLAIM-000883,SYN-CLAIM-000884,SANCTIONED,3,MATCH
SYN-MUT-002883,SYN-PARCEL-002883,PARTITION,2018-04-04,2018-04-07,2018-05-04,2018-05-04,SYN-DOC-002883,SYN-CLAIM-000884,SYN-CLAIM-000885,SANCTIONED,1,MATCH
SYN-MUT-002884,SYN-PARCEL-002884,CONVERSION,2019-05-05,2019-05-08,2019-06-05,2019-06-05,SYN-DOC-002884,SYN-CLAIM-000885,SYN-CLAIM-000886,PENDING_OBJECTION,2,REVIEW_REQUIRED
SYN-MUT-002885,SYN-PARCEL-002885,MORTGAGE_CHARGE,2020-06-06,2020-06-09,2020-07-06,2020-07-06,SYN-DOC-002885,SYN-CLAIM-000886,SYN-CLAIM-000887,REJECTED,3,REVIEW_REQUIRED
SYN-MUT-002886,SYN-PARCEL-002886,RELEASE,2021-07-07,2021-07-10,2021-08-07,2021-08-07,SYN-DOC-002886,SYN-CLAIM-000887,SYN-CLAIM-000888,SANCTIONED,1,MATCH
SYN-MUT-002887,SYN-PARCEL-002887,SALE_TRANSFER,2022-08-08,2022-08-11,2022-09-08,2022-09-08,SYN-DOC-002887,SYN-CLAIM-000888,SYN-CLAIM-000889,SANCTIONED,2,MATCH
SYN-MUT-002888,SYN-PARCEL-002888,INHERITANCE_SUCCESSION,2023-09-09,2023-09-12,2023-10-09,2023-10-09,SYN-DOC-002888,SYN-CLAIM-000889,SYN-CLAIM-000890,SANCTIONED,3,MATCH
SYN-MUT-002889,SYN-PARCEL-002889,PARTITION,2024-10-10,2024-10-13,2024-11-10,2024-11-10,SYN-DOC-002889,SYN-CLAIM-000890,SYN-CLAIM-000891,PENDING_OBJECTION,1,REVIEW_REQUIRED
SYN-MUT-002890,SYN-PARCEL-002890,CONVERSION,2015-11-11,2015-11-14,2015-12-11,2015-12-11,SYN-DOC-002890,SYN-CLAIM-000891,SYN-CLAIM-000892,REJECTED,2,REVIEW_REQUIRED
SYN-MUT-002891,SYN-PARCEL-002891,MORTGAGE_CHARGE,2016-12-12,2016-12-15,2016-12-12,2016-12-12,SYN-DOC-002891,SYN-CLAIM-000892,SYN-CLAIM-000893,SANCTIONED,3,MATCH
SYN-MUT-002892,SYN-PARCEL-002892,RELEASE,2017-01-13,2017-01-16,2017-02-13,2017-02-13,SYN-DOC-002892,SYN-CLAIM-000893,SYN-CLAIM-000894,SANCTIONED,1,MATCH
SYN-MUT-002893,SYN-PARCEL-002893,SALE_TRANSFER,2018-02-14,2018-02-17,2018-03-14,2018-03-14,SYN-DOC-002893,SYN-CLAIM-000894,SYN-CLAIM-000895,SANCTIONED,2,MATCH
SYN-MUT-002894,SYN-PARCEL-002894,INHERITANCE_SUCCESSION,2019-03-15,2019-03-18,2019-04-15,2019-04-15,SYN-DOC-002894,SYN-CLAIM-000895,SYN-CLAIM-000896,PENDING_OBJECTION,3,REVIEW_REQUIRED
SYN-MUT-002895,SYN-PARCEL-002895,PARTITION,2020-04-16,2020-04-19,2020-05-16,2020-05-16,SYN-DOC-002895,SYN-CLAIM-000896,SYN-CLAIM-000897,REJECTED,1,REVIEW_REQUIRED
SYN-MUT-002896,SYN-PARCEL-002896,CONVERSION,2021-05-17,2021-05-20,2021-06-17,2021-06-17,SYN-DOC-002896,SYN-CLAIM-000897,SYN-CLAIM-000898,SANCTIONED,2,MATCH
SYN-MUT-002897,SYN-PARCEL-002897,MORTGAGE_CHARGE,2022-06-18,2022-06-21,2022-07-18,2022-07-18,SYN-DOC-002897,SYN-CLAIM-000898,SYN-CLAIM-000899,SANCTIONED,3,MATCH
SYN-MUT-002898,SYN-PARCEL-002898,RELEASE,2023-07-19,2023-07-22,2023-08-19,2023-08-19,SYN-DOC-002898,SYN-CLAIM-000899,SYN-CLAIM-000900,SANCTIONED,1,MATCH
SYN-MUT-002899,SYN-PARCEL-002899,SALE_TRANSFER,2024-08-20,2024-08-23,2024-09-20,2024-09-20,SYN-DOC-002899,SYN-CLAIM-000900,SYN-CLAIM-000901,PENDING_OBJECTION,2,REVIEW_REQUIRED
SYN-MUT-002900,SYN-PARCEL-002900,INHERITANCE_SUCCESSION,2015-09-01,2015-09-04,2015-10-01,2015-10-01,SYN-DOC-002900,SYN-CLAIM-000901,SYN-CLAIM-000902,REJECTED,3,REVIEW_REQUIRED
SYN-MUT-002901,SYN-PARCEL-002901,PARTITION,2016-10-02,2016-10-05,2016-11-02,2016-11-02,SYN-DOC-002901,SYN-CLAIM-000902,SYN-CLAIM-000903,SANCTIONED,1,MATCH
SYN-MUT-002902,SYN-PARCEL-002902,CONVERSION,2017-11-03,2017-11-06,2017-12-03,2017-12-03,SYN-DOC-002902,SYN-CLAIM-000903,SYN-CLAIM-000904,SANCTIONED,2,MATCH
SYN-MUT-002903,SYN-PARCEL-002903,MORTGAGE_CHARGE,2018-12-04,2018-12-07,2018-12-04,2018-12-04,SYN-DOC-002903,SYN-CLAIM-000904,SYN-CLAIM-000905,SANCTIONED,3,MATCH
SYN-MUT-002904,SYN-PARCEL-002904,RELEASE,2019-01-05,2019-01-08,2019-02-05,2019-02-05,SYN-DOC-002904,SYN-CLAIM-000905,SYN-CLAIM-000906,PENDING_OBJECTION,1,REVIEW_REQUIRED
SYN-MUT-002905,SYN-PARCEL-002905,SALE_TRANSFER,2020-02-06,2020-02-09,2020-03-06,2020-03-06,SYN-DOC-002905,SYN-CLAIM-000906,SYN-CLAIM-000907,REJECTED,2,REVIEW_REQUIRED
SYN-MUT-002906,SYN-PARCEL-002906,INHERITANCE_SUCCESSION,2021-03-07,2021-03-10,2021-04-07,2021-04-07,SYN-DOC-002906,SYN-CLAIM-000907,SYN-CLAIM-000908,SANCTIONED,3,MATCH
SYN-MUT-002907,SYN-PARCEL-002907,PARTITION,2022-04-08,2022-04-11,2022-05-08,2022-05-08,SYN-DOC-002907,SYN-CLAIM-000908,SYN-CLAIM-000909,SANCTIONED,1,MATCH
SYN-MUT-002908,SYN-PARCEL-002908,CONVERSION,2023-05-09,2023-05-12,2023-06-09,2023-06-09,SYN-DOC-002908,SYN-CLAIM-000909,SYN-CLAIM-000910,SANCTIONED,2,MATCH
SYN-MUT-002909,SYN-PARCEL-002909,MORTGAGE_CHARGE,2024-06-10,2024-06-13,2024-07-10,2024-07-10,SYN-DOC-002909,SYN-CLAIM-000910,SYN-CLAIM-000911,PENDING_OBJECTION,3,REVIEW_REQUIRED
SYN-MUT-002910,SYN-PARCEL-002910,RELEASE,2015-07-11,2015-07-14,2015-08-11,2015-08-11,SYN-DOC-002910,SYN-CLAIM-000911,SYN-CLAIM-000912,REJECTED,1,REVIEW_REQUIRED
SYN-MUT-002911,SYN-PARCEL-002911,SALE_TRANSFER,2016-08-12,2016-08-15,2016-09-12,2016-09-12,SYN-DOC-002911,SYN-CLAIM-000912,SYN-CLAIM-000913,SANCTIONED,2,MATCH
SYN-MUT-002912,SYN-PARCEL-002912,INHERITANCE_SUCCESSION,2017-09-13,2017-09-16,2017-10-13,2017-10-13,SYN-DOC-002912,SYN-CLAIM-000913,SYN-CLAIM-000914,SANCTIONED,3,MATCH
SYN-MUT-002913,SYN-PARCEL-002913,PARTITION,2018-10-14,2018-10-17,2018-11-14,2018-11-14,SYN-DOC-002913,SYN-CLAIM-000914,SYN-CLAIM-000915,SANCTIONED,1,MATCH
SYN-MUT-002914,SYN-PARCEL-002914,CONVERSION,2019-11-15,2019-11-18,2019-12-15,2019-12-15,SYN-DOC-002914,SYN-CLAIM-000915,SYN-CLAIM-000916,PENDING_OBJECTION,2,REVIEW_REQUIRED
SYN-MUT-002915,SYN-PARCEL-002915,MORTGAGE_CHARGE,2020-12-16,2020-12-19,2020-12-16,2020-12-16,SYN-DOC-002915,SYN-CLAIM-000916,SYN-CLAIM-000917,REJECTED,3,REVIEW_REQUIRED
SYN-MUT-002916,SYN-PARCEL-002916,RELEASE,2021-01-17,2021-01-20,2021-02-17,2021-02-17,SYN-DOC-002916,SYN-CLAIM-000917,SYN-CLAIM-000918,SANCTIONED,1,MATCH
SYN-MUT-002917,SYN-PARCEL-002917,SALE_TRANSFER,2022-02-18,2022-02-21,2022-03-18,2022-03-18,SYN-DOC-002917,SYN-CLAIM-000918,SYN-CLAIM-000919,SANCTIONED,2,MATCH
SYN-MUT-002918,SYN-PARCEL-002918,INHERITANCE_SUCCESSION,2023-03-19,2023-03-22,2023-04-19,2023-04-19,SYN-DOC-002918,SYN-CLAIM-000919,SYN-CLAIM-000920,SANCTIONED,3,MATCH
SYN-MUT-002919,SYN-PARCEL-002919,PARTITION,2024-04-20,2024-04-23,2024-05-20,2024-05-20,SYN-DOC-002919,SYN-CLAIM-000920,SYN-CLAIM-000921,PENDING_OBJECTION,1,REVIEW_REQUIRED
SYN-MUT-002920,SYN-PARCEL-002920,CONVERSION,2015-05-01,2015-05-04,2015-06-01,2015-06-01,SYN-DOC-002920,SYN-CLAIM-000921,SYN-CLAIM-000922,REJECTED,2,REVIEW_REQUIRED
SYN-MUT-002921,SYN-PARCEL-002921,MORTGAGE_CHARGE,2016-06-02,2016-06-05,2016-07-02,2016-07-02,SYN-DOC-002921,SYN-CLAIM-000922,SYN-CLAIM-000923,SANCTIONED,3,MATCH
SYN-MUT-002922,SYN-PARCEL-002922,RELEASE,2017-07-03,2017-07-06,2017-08-03,2017-08-03,SYN-DOC-002922,SYN-CLAIM-000923,SYN-CLAIM-000924,SANCTIONED,1,MATCH
SYN-MUT-002923,SYN-PARCEL-002923,SALE_TRANSFER,2018-08-04,2018-08-07,2018-09-04,2018-09-04,SYN-DOC-002923,SYN-CLAIM-000924,SYN-CLAIM-000925,SANCTIONED,2,MATCH
SYN-MUT-002924,SYN-PARCEL-002924,INHERITANCE_SUCCESSION,2019-09-05,2019-09-08,2019-10-05,2019-10-05,SYN-DOC-002924,SYN-CLAIM-000925,SYN-CLAIM-000926,PENDING_OBJECTION,3,REVIEW_REQUIRED
SYN-MUT-002925,SYN-PARCEL-002925,PARTITION,2020-10-06,2020-10-09,2020-11-06,2020-11-06,SYN-DOC-002925,SYN-CLAIM-000926,SYN-CLAIM-000927,REJECTED,1,REVIEW_REQUIRED
SYN-MUT-002926,SYN-PARCEL-002926,CONVERSION,2021-11-07,2021-11-10,2021-12-07,2021-12-07,SYN-DOC-002926,SYN-CLAIM-000927,SYN-CLAIM-000928,SANCTIONED,2,MATCH
SYN-MUT-002927,SYN-PARCEL-002927,MORTGAGE_CHARGE,2022-12-08,2022-12-11,2022-12-08,2022-12-08,SYN-DOC-002927,SYN-CLAIM-000928,SYN-CLAIM-000929,SANCTIONED,3,MATCH
SYN-MUT-002928,SYN-PARCEL-002928,RELEASE,2023-01-09,2023-01-12,2023-02-09,2023-02-09,SYN-DOC-002928,SYN-CLAIM-000929,SYN-CLAIM-000930,SANCTIONED,1,MATCH
SYN-MUT-002929,SYN-PARCEL-002929,SALE_TRANSFER,2024-02-10,2024-02-13,2024-03-10,2024-03-10,SYN-DOC-002929,SYN-CLAIM-000930,SYN-CLAIM-000931,PENDING_OBJECTION,2,REVIEW_REQUIRED
SYN-MUT-002930,SYN-PARCEL-002930,INHERITANCE_SUCCESSION,2015-03-11,2015-03-14,2015-04-11,2015-04-11,SYN-DOC-002930,SYN-CLAIM-000931,SYN-CLAIM-000932,REJECTED,3,REVIEW_REQUIRED
SYN-MUT-002931,SYN-PARCEL-002931,PARTITION,2016-04-12,2016-04-15,2016-05-12,2016-05-12,SYN-DOC-002931,SYN-CLAIM-000932,SYN-CLAIM-000933,SANCTIONED,1,MATCH
SYN-MUT-002932,SYN-PARCEL-002932,CONVERSION,2017-05-13,2017-05-16,2017-06-13,2017-06-13,SYN-DOC-002932,SYN-CLAIM-000933,SYN-CLAIM-000934,SANCTIONED,2,MATCH
SYN-MUT-002933,SYN-PARCEL-002933,MORTGAGE_CHARGE,2018-06-14,2018-06-17,2018-07-14,2018-07-14,SYN-DOC-002933,SYN-CLAIM-000934,SYN-CLAIM-000935,SANCTIONED,3,MATCH
SYN-MUT-002934,SYN-PARCEL-002934,RELEASE,2019-07-15,2019-07-18,2019-08-15,2019-08-15,SYN-DOC-002934,SYN-CLAIM-000935,SYN-CLAIM-000936,PENDING_OBJECTION,1,REVIEW_REQUIRED
SYN-MUT-002935,SYN-PARCEL-002935,SALE_TRANSFER,2020-08-16,2020-08-19,2020-09-16,2020-09-16,SYN-DOC-002935,SYN-CLAIM-000936,SYN-CLAIM-000937,REJECTED,2,REVIEW_REQUIRED
SYN-MUT-002936,SYN-PARCEL-002936,INHERITANCE_SUCCESSION,2021-09-17,2021-09-20,2021-10-17,2021-10-17,SYN-DOC-002936,SYN-CLAIM-000937,SYN-CLAIM-000938,SANCTIONED,3,MATCH
SYN-MUT-002937,SYN-PARCEL-002937,PARTITION,2022-10-18,2022-10-21,2022-11-18,2022-11-18,SYN-DOC-002937,SYN-CLAIM-000938,SYN-CLAIM-000939,SANCTIONED,1,MATCH
SYN-MUT-002938,SYN-PARCEL-002938,CONVERSION,2023-11-19,2023-11-22,2023-12-19,2023-12-19,SYN-DOC-002938,SYN-CLAIM-000939,SYN-CLAIM-000940,SANCTIONED,2,MATCH
SYN-MUT-002939,SYN-PARCEL-002939,MORTGAGE_CHARGE,2024-12-20,2024-12-23,2024-12-20,2024-12-20,SYN-DOC-002939,SYN-CLAIM-000940,SYN-CLAIM-000941,PENDING_OBJECTION,3,REVIEW_REQUIRED
SYN-MUT-002940,SYN-PARCEL-002940,RELEASE,2015-01-01,2015-01-04,2015-02-01,2015-02-01,SYN-DOC-002940,SYN-CLAIM-000941,SYN-CLAIM-000942,REJECTED,1,REVIEW_REQUIRED
SYN-MUT-002941,SYN-PARCEL-002941,SALE_TRANSFER,2016-02-02,2016-02-05,2016-03-02,2016-03-02,SYN-DOC-002941,SYN-CLAIM-000942,SYN-CLAIM-000943,SANCTIONED,2,MATCH
SYN-MUT-002942,SYN-PARCEL-002942,INHERITANCE_SUCCESSION,2017-03-03,2017-03-06,2017-04-03,2017-04-03,SYN-DOC-002942,SYN-CLAIM-000943,SYN-CLAIM-000944,SANCTIONED,3,MATCH
SYN-MUT-002943,SYN-PARCEL-002943,PARTITION,2018-04-04,2018-04-07,2018-05-04,2018-05-04,SYN-DOC-002943,SYN-CLAIM-000944,SYN-CLAIM-000945,SANCTIONED,1,MATCH
SYN-MUT-002944,SYN-PARCEL-002944,CONVERSION,2019-05-05,2019-05-08,2019-06-05,2019-06-05,SYN-DOC-002944,SYN-CLAIM-000945,SYN-CLAIM-000946,PENDING_OBJECTION,2,REVIEW_REQUIRED
SYN-MUT-002945,SYN-PARCEL-002945,MORTGAGE_CHARGE,2020-06-06,2020-06-09,2020-07-06,2020-07-06,SYN-DOC-002945,SYN-CLAIM-000946,SYN-CLAIM-000947,REJECTED,3,REVIEW_REQUIRED
SYN-MUT-002946,SYN-PARCEL-002946,RELEASE,2021-07-07,2021-07-10,2021-08-07,2021-08-07,SYN-DOC-002946,SYN-CLAIM-000947,SYN-CLAIM-000948,SANCTIONED,1,MATCH
SYN-MUT-002947,SYN-PARCEL-002947,SALE_TRANSFER,2022-08-08,2022-08-11,2022-09-08,2022-09-08,SYN-DOC-002947,SYN-CLAIM-000948,SYN-CLAIM-000949,SANCTIONED,2,MATCH
SYN-MUT-002948,SYN-PARCEL-002948,INHERITANCE_SUCCESSION,2023-09-09,2023-09-12,2023-10-09,2023-10-09,SYN-DOC-002948,SYN-CLAIM-000949,SYN-CLAIM-000950,SANCTIONED,3,MATCH
SYN-MUT-002949,SYN-PARCEL-002949,PARTITION,2024-10-10,2024-10-13,2024-11-10,2024-11-10,SYN-DOC-002949,SYN-CLAIM-000950,SYN-CLAIM-000951,PENDING_OBJECTION,1,REVIEW_REQUIRED
SYN-MUT-002950,SYN-PARCEL-002950,CONVERSION,2015-11-11,2015-11-14,2015-12-11,2015-12-11,SYN-DOC-002950,SYN-CLAIM-000951,SYN-CLAIM-000952,REJECTED,2,REVIEW_REQUIRED
SYN-MUT-002951,SYN-PARCEL-002951,MORTGAGE_CHARGE,2016-12-12,2016-12-15,2016-12-12,2016-12-12,SYN-DOC-002951,SYN-CLAIM-000952,SYN-CLAIM-000953,SANCTIONED,3,MATCH
SYN-MUT-002952,SYN-PARCEL-002952,RELEASE,2017-01-13,2017-01-16,2017-02-13,2017-02-13,SYN-DOC-002952,SYN-CLAIM-000953,SYN-CLAIM-000954,SANCTIONED,1,MATCH
SYN-MUT-002953,SYN-PARCEL-002953,SALE_TRANSFER,2018-02-14,2018-02-17,2018-03-14,2018-03-14,SYN-DOC-002953,SYN-CLAIM-000954,SYN-CLAIM-000955,SANCTIONED,2,MATCH
SYN-MUT-002954,SYN-PARCEL-002954,INHERITANCE_SUCCESSION,2019-03-15,2019-03-18,2019-04-15,2019-04-15,SYN-DOC-002954,SYN-CLAIM-000955,SYN-CLAIM-000956,PENDING_OBJECTION,3,REVIEW_REQUIRED
SYN-MUT-002955,SYN-PARCEL-002955,PARTITION,2020-04-16,2020-04-19,2020-05-16,2020-05-16,SYN-DOC-002955,SYN-CLAIM-000956,SYN-CLAIM-000957,REJECTED,1,REVIEW_REQUIRED
SYN-MUT-002956,SYN-PARCEL-002956,CONVERSION,2021-05-17,2021-05-20,2021-06-17,2021-06-17,SYN-DOC-002956,SYN-CLAIM-000957,SYN-CLAIM-000958,SANCTIONED,2,MATCH
SYN-MUT-002957,SYN-PARCEL-002957,MORTGAGE_CHARGE,2022-06-18,2022-06-21,2022-07-18,2022-07-18,SYN-DOC-002957,SYN-CLAIM-000958,SYN-CLAIM-000959,SANCTIONED,3,MATCH
SYN-MUT-002958,SYN-PARCEL-002958,RELEASE,2023-07-19,2023-07-22,2023-08-19,2023-08-19,SYN-DOC-002958,SYN-CLAIM-000959,SYN-CLAIM-000960,SANCTIONED,1,MATCH
SYN-MUT-002959,SYN-PARCEL-002959,SALE_TRANSFER,2024-08-20,2024-08-23,2024-09-20,2024-09-20,SYN-DOC-002959,SYN-CLAIM-000960,SYN-CLAIM-000961,PENDING_OBJECTION,2,REVIEW_REQUIRED
SYN-MUT-002960,SYN-PARCEL-002960,INHERITANCE_SUCCESSION,2015-09-01,2015-09-04,2015-10-01,2015-10-01,SYN-DOC-002960,SYN-CLAIM-000961,SYN-CLAIM-000962,REJECTED,3,REVIEW_REQUIRED
SYN-MUT-002961,SYN-PARCEL-002961,PARTITION,2016-10-02,2016-10-05,2016-11-02,2016-11-02,SYN-DOC-002961,SYN-CLAIM-000962,SYN-CLAIM-000963,SANCTIONED,1,MATCH
SYN-MUT-002962,SYN-PARCEL-002962,CONVERSION,2017-11-03,2017-11-06,2017-12-03,2017-12-03,SYN-DOC-002962,SYN-CLAIM-000963,SYN-CLAIM-000964,SANCTIONED,2,MATCH
SYN-MUT-002963,SYN-PARCEL-002963,MORTGAGE_CHARGE,2018-12-04,2018-12-07,2018-12-04,2018-12-04,SYN-DOC-002963,SYN-CLAIM-000964,SYN-CLAIM-000965,SANCTIONED,3,MATCH
SYN-MUT-002964,SYN-PARCEL-002964,RELEASE,2019-01-05,2019-01-08,2019-02-05,2019-02-05,SYN-DOC-002964,SYN-CLAIM-000965,SYN-CLAIM-000966,PENDING_OBJECTION,1,REVIEW_REQUIRED
SYN-MUT-002965,SYN-PARCEL-002965,SALE_TRANSFER,2020-02-06,2020-02-09,2020-03-06,2020-03-06,SYN-DOC-002965,SYN-CLAIM-000966,SYN-CLAIM-000967,REJECTED,2,REVIEW_REQUIRED
SYN-MUT-002966,SYN-PARCEL-002966,INHERITANCE_SUCCESSION,2021-03-07,2021-03-10,2021-04-07,2021-04-07,SYN-DOC-002966,SYN-CLAIM-000967,SYN-CLAIM-000968,SANCTIONED,3,MATCH
SYN-MUT-002967,SYN-PARCEL-002967,PARTITION,2022-04-08,2022-04-11,2022-05-08,2022-05-08,SYN-DOC-002967,SYN-CLAIM-000968,SYN-CLAIM-000969,SANCTIONED,1,MATCH
SYN-MUT-002968,SYN-PARCEL-002968,CONVERSION,2023-05-09,2023-05-12,2023-06-09,2023-06-09,SYN-DOC-002968,SYN-CLAIM-000969,SYN-CLAIM-000970,SANCTIONED,2,MATCH
SYN-MUT-002969,SYN-PARCEL-002969,MORTGAGE_CHARGE,2024-06-10,2024-06-13,2024-07-10,2024-07-10,SYN-DOC-002969,SYN-CLAIM-000970,SYN-CLAIM-000971,PENDING_OBJECTION,3,REVIEW_REQUIRED
SYN-MUT-002970,SYN-PARCEL-002970,RELEASE,2015-07-11,2015-07-14,2015-08-11,2015-08-11,SYN-DOC-002970,SYN-CLAIM-000971,SYN-CLAIM-000972,REJECTED,1,REVIEW_REQUIRED
SYN-MUT-002971,SYN-PARCEL-002971,SALE_TRANSFER,2016-08-12,2016-08-15,2016-09-12,2016-09-12,SYN-DOC-002971,SYN-CLAIM-000972,SYN-CLAIM-000973,SANCTIONED,2,MATCH
SYN-MUT-002972,SYN-PARCEL-002972,INHERITANCE_SUCCESSION,2017-09-13,2017-09-16,2017-10-13,2017-10-13,SYN-DOC-002972,SYN-CLAIM-000973,SYN-CLAIM-000974,SANCTIONED,3,MATCH
SYN-MUT-002973,SYN-PARCEL-002973,PARTITION,2018-10-14,2018-10-17,2018-11-14,2018-11-14,SYN-DOC-002973,SYN-CLAIM-000974,SYN-CLAIM-000975,SANCTIONED,1,MATCH
SYN-MUT-002974,SYN-PARCEL-002974,CONVERSION,2019-11-15,2019-11-18,2019-12-15,2019-12-15,SYN-DOC-002974,SYN-CLAIM-000975,SYN-CLAIM-000976,PENDING_OBJECTION,2,REVIEW_REQUIRED
SYN-MUT-002975,SYN-PARCEL-002975,MORTGAGE_CHARGE,2020-12-16,2020-12-19,2020-12-16,2020-12-16,SYN-DOC-002975,SYN-CLAIM-000976,SYN-CLAIM-000977,REJECTED,3,REVIEW_REQUIRED
SYN-MUT-002976,SYN-PARCEL-002976,RELEASE,2021-01-17,2021-01-20,2021-02-17,2021-02-17,SYN-DOC-002976,SYN-CLAIM-000977,SYN-CLAIM-000978,SANCTIONED,1,MATCH
SYN-MUT-002977,SYN-PARCEL-002977,SALE_TRANSFER,2022-02-18,2022-02-21,2022-03-18,2022-03-18,SYN-DOC-002977,SYN-CLAIM-000978,SYN-CLAIM-000979,SANCTIONED,2,MATCH
SYN-MUT-002978,SYN-PARCEL-002978,INHERITANCE_SUCCESSION,2023-03-19,2023-03-22,2023-04-19,2023-04-19,SYN-DOC-002978,SYN-CLAIM-000979,SYN-CLAIM-000980,SANCTIONED,3,MATCH
SYN-MUT-002979,SYN-PARCEL-002979,PARTITION,2024-04-20,2024-04-23,2024-05-20,2024-05-20,SYN-DOC-002979,SYN-CLAIM-000980,SYN-CLAIM-000981,PENDING_OBJECTION,1,REVIEW_REQUIRED
SYN-MUT-002980,SYN-PARCEL-002980,CONVERSION,2015-05-01,2015-05-04,2015-06-01,2015-06-01,SYN-DOC-002980,SYN-CLAIM-000981,SYN-CLAIM-000982,REJECTED,2,REVIEW_REQUIRED
SYN-MUT-002981,SYN-PARCEL-002981,MORTGAGE_CHARGE,2016-06-02,2016-06-05,2016-07-02,2016-07-02,SYN-DOC-002981,SYN-CLAIM-000982,SYN-CLAIM-000983,SANCTIONED,3,MATCH
SYN-MUT-002982,SYN-PARCEL-002982,RELEASE,2017-07-03,2017-07-06,2017-08-03,2017-08-03,SYN-DOC-002982,SYN-CLAIM-000983,SYN-CLAIM-000984,SANCTIONED,1,MATCH
SYN-MUT-002983,SYN-PARCEL-002983,SALE_TRANSFER,2018-08-04,2018-08-07,2018-09-04,2018-09-04,SYN-DOC-002983,SYN-CLAIM-000984,SYN-CLAIM-000985,SANCTIONED,2,MATCH
SYN-MUT-002984,SYN-PARCEL-002984,INHERITANCE_SUCCESSION,2019-09-05,2019-09-08,2019-10-05,2019-10-05,SYN-DOC-002984,SYN-CLAIM-000985,SYN-CLAIM-000986,PENDING_OBJECTION,3,REVIEW_REQUIRED
SYN-MUT-002985,SYN-PARCEL-002985,PARTITION,2020-10-06,2020-10-09,2020-11-06,2020-11-06,SYN-DOC-002985,SYN-CLAIM-000986,SYN-CLAIM-000987,REJECTED,1,REVIEW_REQUIRED
SYN-MUT-002986,SYN-PARCEL-002986,CONVERSION,2021-11-07,2021-11-10,2021-12-07,2021-12-07,SYN-DOC-002986,SYN-CLAIM-000987,SYN-CLAIM-000988,SANCTIONED,2,MATCH
SYN-MUT-002987,SYN-PARCEL-002987,MORTGAGE_CHARGE,2022-12-08,2022-12-11,2022-12-08,2022-12-08,SYN-DOC-002987,SYN-CLAIM-000988,SYN-CLAIM-000989,SANCTIONED,3,MATCH
SYN-MUT-002988,SYN-PARCEL-002988,RELEASE,2023-01-09,2023-01-12,2023-02-09,2023-02-09,SYN-DOC-002988,SYN-CLAIM-000989,SYN-CLAIM-000990,SANCTIONED,1,MATCH
SYN-MUT-002989,SYN-PARCEL-002989,SALE_TRANSFER,2024-02-10,2024-02-13,2024-03-10,2024-03-10,SYN-DOC-002989,SYN-CLAIM-000990,SYN-CLAIM-000991,PENDING_OBJECTION,2,REVIEW_REQUIRED
SYN-MUT-002990,SYN-PARCEL-002990,INHERITANCE_SUCCESSION,2015-03-11,2015-03-14,2015-04-11,2015-04-11,SYN-DOC-002990,SYN-CLAIM-000991,SYN-CLAIM-000992,REJECTED,3,REVIEW_REQUIRED
SYN-MUT-002991,SYN-PARCEL-002991,PARTITION,2016-04-12,2016-04-15,2016-05-12,2016-05-12,SYN-DOC-002991,SYN-CLAIM-000992,SYN-CLAIM-000993,SANCTIONED,1,MATCH
SYN-MUT-002992,SYN-PARCEL-002992,CONVERSION,2017-05-13,2017-05-16,2017-06-13,2017-06-13,SYN-DOC-002992,SYN-CLAIM-000993,SYN-CLAIM-000994,SANCTIONED,2,MATCH
SYN-MUT-002993,SYN-PARCEL-002993,MORTGAGE_CHARGE,2018-06-14,2018-06-17,2018-07-14,2018-07-14,SYN-DOC-002993,SYN-CLAIM-000994,SYN-CLAIM-000995,SANCTIONED,3,MATCH
SYN-MUT-002994,SYN-PARCEL-002994,RELEASE,2019-07-15,2019-07-18,2019-08-15,2019-08-15,SYN-DOC-002994,SYN-CLAIM-000995,SYN-CLAIM-000996,PENDING_OBJECTION,1,REVIEW_REQUIRED
SYN-MUT-002995,SYN-PARCEL-002995,SALE_TRANSFER,2020-08-16,2020-08-19,2020-09-16,2020-09-16,SYN-DOC-002995,SYN-CLAIM-000996,SYN-CLAIM-000997,REJECTED,2,REVIEW_REQUIRED
SYN-MUT-002996,SYN-PARCEL-002996,INHERITANCE_SUCCESSION,2021-09-17,2021-09-20,2021-10-17,2021-10-17,SYN-DOC-002996,SYN-CLAIM-000997,SYN-CLAIM-000998,SANCTIONED,3,MATCH
SYN-MUT-002997,SYN-PARCEL-002997,PARTITION,2022-10-18,2022-10-21,2022-11-18,2022-11-18,SYN-DOC-002997,SYN-CLAIM-000998,SYN-CLAIM-000999,SANCTIONED,1,MATCH
SYN-MUT-002998,SYN-PARCEL-002998,CONVERSION,2023-11-19,2023-11-22,2023-12-19,2023-12-19,SYN-DOC-002998,SYN-CLAIM-000999,SYN-CLAIM-001000,SANCTIONED,2,MATCH
SYN-MUT-002999,SYN-PARCEL-002999,MORTGAGE_CHARGE,2024-12-20,2024-12-23,2024-12-20,2024-12-20,SYN-DOC-002999,SYN-CLAIM-001000,SYN-CLAIM-001001,PENDING_OBJECTION,3,REVIEW_REQUIRED
SYN-MUT-003000,SYN-PARCEL-003000,RELEASE,2015-01-01,2015-01-04,2014-01-01,2014-01-01,SYN-DOC-003000,SYN-CLAIM-000001,SYN-CLAIM-000002,REJECTED,1,CHRONOLOGY_CONFLICT
SYN-MUT-003001,SYN-PARCEL-003001,SALE_TRANSFER,2016-02-02,2016-02-05,2016-03-02,2016-03-02,SYN-DOC-003001,SYN-CLAIM-000002,SYN-CLAIM-000003,SANCTIONED,2,MATCH
SYN-MUT-003002,SYN-PARCEL-003002,INHERITANCE_SUCCESSION,2017-03-03,2017-03-06,2017-04-03,2017-04-03,SYN-DOC-003002,SYN-CLAIM-000003,SYN-CLAIM-000004,SANCTIONED,3,MATCH
SYN-MUT-003003,SYN-PARCEL-003003,PARTITION,2018-04-04,2018-04-07,2018-05-04,2018-05-04,SYN-DOC-003003,SYN-CLAIM-000004,SYN-CLAIM-000005,SANCTIONED,1,MATCH
SYN-MUT-003004,SYN-PARCEL-003004,CONVERSION,2019-05-05,2019-05-08,2019-06-05,2019-06-05,SYN-DOC-003004,SYN-CLAIM-000005,SYN-CLAIM-000006,PENDING_OBJECTION,2,REVIEW_REQUIRED
SYN-MUT-003005,SYN-PARCEL-003005,MORTGAGE_CHARGE,2020-06-06,2020-06-09,2020-07-06,2020-07-06,SYN-DOC-003005,SYN-CLAIM-000006,SYN-CLAIM-000007,REJECTED,3,REVIEW_REQUIRED
SYN-MUT-003006,SYN-PARCEL-003006,RELEASE,2021-07-07,2021-07-10,2021-08-07,2021-08-07,SYN-DOC-003006,SYN-CLAIM-000007,SYN-CLAIM-000008,SANCTIONED,1,MATCH
SYN-MUT-003007,SYN-PARCEL-003007,SALE_TRANSFER,2022-08-08,2022-08-11,2022-09-08,2022-09-08,SYN-DOC-003007,SYN-CLAIM-000008,SYN-CLAIM-000009,SANCTIONED,2,MATCH
SYN-MUT-003008,SYN-PARCEL-003008,INHERITANCE_SUCCESSION,2023-09-09,2023-09-12,2023-10-09,2023-10-09,SYN-DOC-003008,SYN-CLAIM-000009,SYN-CLAIM-000010,SANCTIONED,3,MATCH
SYN-MUT-003009,SYN-PARCEL-003009,PARTITION,2024-10-10,2024-10-13,2024-11-10,2024-11-10,SYN-DOC-003009,SYN-CLAIM-000010,SYN-CLAIM-000011,PENDING_OBJECTION,1,REVIEW_REQUIRED
SYN-MUT-003010,SYN-PARCEL-003010,CONVERSION,2015-11-11,2015-11-14,2015-12-11,2015-12-11,SYN-DOC-003010,SYN-CLAIM-000011,SYN-CLAIM-000012,REJECTED,2,REVIEW_REQUIRED
SYN-MUT-003011,SYN-PARCEL-003011,MORTGAGE_CHARGE,2016-12-12,2016-12-15,2016-12-12,2016-12-12,SYN-DOC-003011,SYN-CLAIM-000012,SYN-CLAIM-000013,SANCTIONED,3,MATCH
SYN-MUT-003012,SYN-PARCEL-003012,RELEASE,2017-01-13,2017-01-16,2017-02-13,2017-02-13,SYN-DOC-003012,SYN-CLAIM-000013,SYN-CLAIM-000014,SANCTIONED,1,MATCH
SYN-MUT-003013,SYN-PARCEL-003013,SALE_TRANSFER,2018-02-14,2018-02-17,2018-03-14,2018-03-14,SYN-DOC-003013,SYN-CLAIM-000014,SYN-CLAIM-000015,SANCTIONED,2,MATCH
SYN-MUT-003014,SYN-PARCEL-003014,INHERITANCE_SUCCESSION,2019-03-15,2019-03-18,2019-04-15,2019-04-15,SYN-DOC-003014,SYN-CLAIM-000015,SYN-CLAIM-000016,PENDING_OBJECTION,3,REVIEW_REQUIRED
SYN-MUT-003015,SYN-PARCEL-003015,PARTITION,2020-04-16,2020-04-19,2020-05-16,2020-05-16,SYN-DOC-003015,SYN-CLAIM-000016,SYN-CLAIM-000017,REJECTED,1,REVIEW_REQUIRED
SYN-MUT-003016,SYN-PARCEL-003016,CONVERSION,2021-05-17,2021-05-20,2021-06-17,2021-06-17,SYN-DOC-003016,SYN-CLAIM-000017,SYN-CLAIM-000018,SANCTIONED,2,MATCH
SYN-MUT-003017,SYN-PARCEL-003017,MORTGAGE_CHARGE,2022-06-18,2022-06-21,2022-07-18,2022-07-18,SYN-DOC-003017,SYN-CLAIM-000018,SYN-CLAIM-000019,SANCTIONED,3,MATCH
SYN-MUT-003018,SYN-PARCEL-003018,RELEASE,2023-07-19,2023-07-22,2023-08-19,2023-08-19,SYN-DOC-003018,SYN-CLAIM-000019,SYN-CLAIM-000020,SANCTIONED,1,MATCH
SYN-MUT-003019,SYN-PARCEL-003019,SALE_TRANSFER,2024-08-20,2024-08-23,2024-09-20,2024-09-20,SYN-DOC-003019,SYN-CLAIM-000020,SYN-CLAIM-000021,PENDING_OBJECTION,2,REVIEW_REQUIRED
SYN-MUT-003020,SYN-PARCEL-003020,INHERITANCE_SUCCESSION,2015-09-01,2015-09-04,2015-10-01,2015-10-01,SYN-DOC-003020,SYN-CLAIM-000021,SYN-CLAIM-000022,REJECTED,3,REVIEW_REQUIRED
SYN-MUT-003021,SYN-PARCEL-003021,PARTITION,2016-10-02,2016-10-05,2016-11-02,2016-11-02,SYN-DOC-003021,SYN-CLAIM-000022,SYN-CLAIM-000023,SANCTIONED,1,MATCH
SYN-MUT-003022,SYN-PARCEL-003022,CONVERSION,2017-11-03,2017-11-06,2017-12-03,2017-12-03,SYN-DOC-003022,SYN-CLAIM-000023,SYN-CLAIM-000024,SANCTIONED,2,MATCH
SYN-MUT-003023,SYN-PARCEL-003023,MORTGAGE_CHARGE,2018-12-04,2018-12-07,2018-12-04,2018-12-04,SYN-DOC-003023,SYN-CLAIM-000024,SYN-CLAIM-000025,SANCTIONED,3,MATCH
SYN-MUT-003024,SYN-PARCEL-003024,RELEASE,2019-01-05,2019-01-08,2019-02-05,2019-02-05,SYN-DOC-003024,SYN-CLAIM-000025,SYN-CLAIM-000026,PENDING_OBJECTION,1,REVIEW_REQUIRED
SYN-MUT-003025,SYN-PARCEL-003025,SALE_TRANSFER,2020-02-06,2020-02-09,2020-03-06,2020-03-06,SYN-DOC-003025,SYN-CLAIM-000026,SYN-CLAIM-000027,REJECTED,2,REVIEW_REQUIRED
SYN-MUT-003026,SYN-PARCEL-003026,INHERITANCE_SUCCESSION,2021-03-07,2021-03-10,2021-04-07,2021-04-07,SYN-DOC-003026,SYN-CLAIM-000027,SYN-CLAIM-000028,SANCTIONED,3,MATCH
SYN-MUT-003027,SYN-PARCEL-003027,PARTITION,2022-04-08,2022-04-11,2022-05-08,2022-05-08,SYN-DOC-003027,SYN-CLAIM-000028,SYN-CLAIM-000029,SANCTIONED,1,MATCH
SYN-MUT-003028,SYN-PARCEL-003028,CONVERSION,2023-05-09,2023-05-12,2023-06-09,2023-06-09,SYN-DOC-003028,SYN-CLAIM-000029,SYN-CLAIM-000030,SANCTIONED,2,MATCH
SYN-MUT-003029,SYN-PARCEL-003029,MORTGAGE_CHARGE,2024-06-10,2024-06-13,2024-07-10,2024-07-10,SYN-DOC-003029,SYN-CLAIM-000030,SYN-CLAIM-000031,PENDING_OBJECTION,3,REVIEW_REQUIRED
SYN-MUT-003030,SYN-PARCEL-003030,RELEASE,2015-07-11,2015-07-14,2015-08-11,2015-08-11,SYN-DOC-003030,SYN-CLAIM-000031,SYN-CLAIM-000032,REJECTED,1,REVIEW_REQUIRED
SYN-MUT-003031,SYN-PARCEL-003031,SALE_TRANSFER,2016-08-12,2016-08-15,2016-09-12,2016-09-12,SYN-DOC-003031,SYN-CLAIM-000032,SYN-CLAIM-000033,SANCTIONED,2,MATCH
SYN-MUT-003032,SYN-PARCEL-003032,INHERITANCE_SUCCESSION,2017-09-13,2017-09-16,2017-10-13,2017-10-13,SYN-DOC-003032,SYN-CLAIM-000033,SYN-CLAIM-000034,SANCTIONED,3,MATCH
SYN-MUT-003033,SYN-PARCEL-003033,PARTITION,2018-10-14,2018-10-17,2018-11-14,2018-11-14,SYN-DOC-003033,SYN-CLAIM-000034,SYN-CLAIM-000035,SANCTIONED,1,MATCH
SYN-MUT-003034,SYN-PARCEL-003034,CONVERSION,2019-11-15,2019-11-18,2019-12-15,2019-12-15,SYN-DOC-003034,SYN-CLAIM-000035,SYN-CLAIM-000036,PENDING_OBJECTION,2,REVIEW_REQUIRED
SYN-MUT-003035,SYN-PARCEL-003035,MORTGAGE_CHARGE,2020-12-16,2020-12-19,2020-12-16,2020-12-16,SYN-DOC-003035,SYN-CLAIM-000036,SYN-CLAIM-000037,REJECTED,3,REVIEW_REQUIRED
SYN-MUT-003036,SYN-PARCEL-003036,RELEASE,2021-01-17,2021-01-20,2021-02-17,2021-02-17,SYN-DOC-003036,SYN-CLAIM-000037,SYN-CLAIM-000038,SANCTIONED,1,MATCH
SYN-MUT-003037,SYN-PARCEL-003037,SALE_TRANSFER,2022-02-18,2022-02-21,2022-03-18,2022-03-18,SYN-DOC-003037,SYN-CLAIM-000038,SYN-CLAIM-000039,SANCTIONED,2,MATCH
SYN-MUT-003038,SYN-PARCEL-003038,INHERITANCE_SUCCESSION,2023-03-19,2023-03-22,2023-04-19,2023-04-19,SYN-DOC-003038,SYN-CLAIM-000039,SYN-CLAIM-000040,SANCTIONED,3,MATCH
SYN-MUT-003039,SYN-PARCEL-003039,PARTITION,2024-04-20,2024-04-23,2024-05-20,2024-05-20,SYN-DOC-003039,SYN-CLAIM-000040,SYN-CLAIM-000041,PENDING_OBJECTION,1,REVIEW_REQUIRED
SYN-MUT-003040,SYN-PARCEL-003040,CONVERSION,2015-05-01,2015-05-04,2015-06-01,2015-06-01,SYN-DOC-003040,SYN-CLAIM-000041,SYN-CLAIM-000042,REJECTED,2,REVIEW_REQUIRED
SYN-MUT-003041,SYN-PARCEL-003041,MORTGAGE_CHARGE,2016-06-02,2016-06-05,2016-07-02,2016-07-02,SYN-DOC-003041,SYN-CLAIM-000042,SYN-CLAIM-000043,SANCTIONED,3,MATCH
SYN-MUT-003042,SYN-PARCEL-003042,RELEASE,2017-07-03,2017-07-06,2017-08-03,2017-08-03,SYN-DOC-003042,SYN-CLAIM-000043,SYN-CLAIM-000044,SANCTIONED,1,MATCH
SYN-MUT-003043,SYN-PARCEL-003043,SALE_TRANSFER,2018-08-04,2018-08-07,2018-09-04,2018-09-04,SYN-DOC-003043,SYN-CLAIM-000044,SYN-CLAIM-000045,SANCTIONED,2,MATCH
SYN-MUT-003044,SYN-PARCEL-003044,INHERITANCE_SUCCESSION,2019-09-05,2019-09-08,2019-10-05,2019-10-05,SYN-DOC-003044,SYN-CLAIM-000045,SYN-CLAIM-000046,PENDING_OBJECTION,3,REVIEW_REQUIRED
SYN-MUT-003045,SYN-PARCEL-003045,PARTITION,2020-10-06,2020-10-09,2020-11-06,2020-11-06,SYN-DOC-003045,SYN-CLAIM-000046,SYN-CLAIM-000047,REJECTED,1,REVIEW_REQUIRED
SYN-MUT-003046,SYN-PARCEL-003046,CONVERSION,2021-11-07,2021-11-10,2021-12-07,2021-12-07,SYN-DOC-003046,SYN-CLAIM-000047,SYN-CLAIM-000048,SANCTIONED,2,MATCH
SYN-MUT-003047,SYN-PARCEL-003047,MORTGAGE_CHARGE,2022-12-08,2022-12-11,2022-12-08,2022-12-08,SYN-DOC-003047,SYN-CLAIM-000048,SYN-CLAIM-000049,SANCTIONED,3,MATCH
SYN-MUT-003048,SYN-PARCEL-003048,RELEASE,2023-01-09,2023-01-12,2023-02-09,2023-02-09,SYN-DOC-003048,SYN-CLAIM-000049,SYN-CLAIM-000050,SANCTIONED,1,MATCH
SYN-MUT-003049,SYN-PARCEL-003049,SALE_TRANSFER,2024-02-10,2024-02-13,2024-03-10,2024-03-10,SYN-DOC-003049,SYN-CLAIM-000050,SYN-CLAIM-000051,PENDING_OBJECTION,2,REVIEW_REQUIRED
SYN-MUT-003050,SYN-PARCEL-003050,INHERITANCE_SUCCESSION,2015-03-11,2015-03-14,2015-04-11,2015-04-11,SYN-DOC-003050,SYN-CLAIM-000051,SYN-CLAIM-000052,REJECTED,3,REVIEW_REQUIRED
SYN-MUT-003051,SYN-PARCEL-003051,PARTITION,2016-04-12,2016-04-15,2016-05-12,2016-05-12,SYN-DOC-003051,SYN-CLAIM-000052,SYN-CLAIM-000053,SANCTIONED,1,MATCH
SYN-MUT-003052,SYN-PARCEL-003052,CONVERSION,2017-05-13,2017-05-16,2017-06-13,2017-06-13,SYN-DOC-003052,SYN-CLAIM-000053,SYN-CLAIM-000054,SANCTIONED,2,MATCH
SYN-MUT-003053,SYN-PARCEL-003053,MORTGAGE_CHARGE,2018-06-14,2018-06-17,2018-07-14,2018-07-14,SYN-DOC-003053,SYN-CLAIM-000054,SYN-CLAIM-000055,SANCTIONED,3,MATCH
SYN-MUT-003054,SYN-PARCEL-003054,RELEASE,2019-07-15,2019-07-18,2019-08-15,2019-08-15,SYN-DOC-003054,SYN-CLAIM-000055,SYN-CLAIM-000056,PENDING_OBJECTION,1,REVIEW_REQUIRED
SYN-MUT-003055,SYN-PARCEL-003055,SALE_TRANSFER,2020-08-16,2020-08-19,2020-09-16,2020-09-16,SYN-DOC-003055,SYN-CLAIM-000056,SYN-CLAIM-000057,REJECTED,2,REVIEW_REQUIRED
SYN-MUT-003056,SYN-PARCEL-003056,INHERITANCE_SUCCESSION,2021-09-17,2021-09-20,2021-10-17,2021-10-17,SYN-DOC-003056,SYN-CLAIM-000057,SYN-CLAIM-000058,SANCTIONED,3,MATCH
SYN-MUT-003057,SYN-PARCEL-003057,PARTITION,2022-10-18,2022-10-21,2022-11-18,2022-11-18,SYN-DOC-003057,SYN-CLAIM-000058,SYN-CLAIM-000059,SANCTIONED,1,MATCH
SYN-MUT-003058,SYN-PARCEL-003058,CONVERSION,2023-11-19,2023-11-22,2023-12-19,2023-12-19,SYN-DOC-003058,SYN-CLAIM-000059,SYN-CLAIM-000060,SANCTIONED,2,MATCH
SYN-MUT-003059,SYN-PARCEL-003059,MORTGAGE_CHARGE,2024-12-20,2024-12-23,2024-12-20,2024-12-20,SYN-DOC-003059,SYN-CLAIM-000060,SYN-CLAIM-000061,PENDING_OBJECTION,3,REVIEW_REQUIRED
SYN-MUT-003060,SYN-PARCEL-003060,RELEASE,2015-01-01,2015-01-04,2015-02-01,2015-02-01,SYN-DOC-003060,SYN-CLAIM-000061,SYN-CLAIM-000062,REJECTED,1,REVIEW_REQUIRED
SYN-MUT-003061,SYN-PARCEL-003061,SALE_TRANSFER,2016-02-02,2016-02-05,2016-03-02,2016-03-02,SYN-DOC-003061,SYN-CLAIM-000062,SYN-CLAIM-000063,SANCTIONED,2,MATCH
SYN-MUT-003062,SYN-PARCEL-003062,INHERITANCE_SUCCESSION,2017-03-03,2017-03-06,2017-04-03,2017-04-03,SYN-DOC-003062,SYN-CLAIM-000063,SYN-CLAIM-000064,SANCTIONED,3,MATCH
SYN-MUT-003063,SYN-PARCEL-003063,PARTITION,2018-04-04,2018-04-07,2018-05-04,2018-05-04,SYN-DOC-003063,SYN-CLAIM-000064,SYN-CLAIM-000065,SANCTIONED,1,MATCH
SYN-MUT-003064,SYN-PARCEL-003064,CONVERSION,2019-05-05,2019-05-08,2019-06-05,2019-06-05,SYN-DOC-003064,SYN-CLAIM-000065,SYN-CLAIM-000066,PENDING_OBJECTION,2,REVIEW_REQUIRED
SYN-MUT-003065,SYN-PARCEL-003065,MORTGAGE_CHARGE,2020-06-06,2020-06-09,2020-07-06,2020-07-06,SYN-DOC-003065,SYN-CLAIM-000066,SYN-CLAIM-000067,REJECTED,3,REVIEW_REQUIRED
SYN-MUT-003066,SYN-PARCEL-003066,RELEASE,2021-07-07,2021-07-10,2021-08-07,2021-08-07,SYN-DOC-003066,SYN-CLAIM-000067,SYN-CLAIM-000068,SANCTIONED,1,MATCH
SYN-MUT-003067,SYN-PARCEL-003067,SALE_TRANSFER,2022-08-08,2022-08-11,2022-09-08,2022-09-08,SYN-DOC-003067,SYN-CLAIM-000068,SYN-CLAIM-000069,SANCTIONED,2,MATCH
SYN-MUT-003068,SYN-PARCEL-003068,INHERITANCE_SUCCESSION,2023-09-09,2023-09-12,2023-10-09,2023-10-09,SYN-DOC-003068,SYN-CLAIM-000069,SYN-CLAIM-000070,SANCTIONED,3,MATCH
SYN-MUT-003069,SYN-PARCEL-003069,PARTITION,2024-10-10,2024-10-13,2024-11-10,2024-11-10,SYN-DOC-003069,SYN-CLAIM-000070,SYN-CLAIM-000071,PENDING_OBJECTION,1,REVIEW_REQUIRED
SYN-MUT-003070,SYN-PARCEL-003070,CONVERSION,2015-11-11,2015-11-14,2015-12-11,2015-12-11,SYN-DOC-003070,SYN-CLAIM-000071,SYN-CLAIM-000072,REJECTED,2,REVIEW_REQUIRED
SYN-MUT-003071,SYN-PARCEL-003071,MORTGAGE_CHARGE,2016-12-12,2016-12-15,2016-12-12,2016-12-12,SYN-DOC-003071,SYN-CLAIM-000072,SYN-CLAIM-000073,SANCTIONED,3,MATCH
SYN-MUT-003072,SYN-PARCEL-003072,RELEASE,2017-01-13,2017-01-16,2017-02-13,2017-02-13,SYN-DOC-003072,SYN-CLAIM-000073,SYN-CLAIM-000074,SANCTIONED,1,MATCH
SYN-MUT-003073,SYN-PARCEL-003073,SALE_TRANSFER,2018-02-14,2018-02-17,2018-03-14,2018-03-14,SYN-DOC-003073,SYN-CLAIM-000074,SYN-CLAIM-000075,SANCTIONED,2,MATCH
SYN-MUT-003074,SYN-PARCEL-003074,INHERITANCE_SUCCESSION,2019-03-15,2019-03-18,2019-04-15,2019-04-15,SYN-DOC-003074,SYN-CLAIM-000075,SYN-CLAIM-000076,PENDING_OBJECTION,3,REVIEW_REQUIRED
SYN-MUT-003075,SYN-PARCEL-003075,PARTITION,2020-04-16,2020-04-19,2020-05-16,2020-05-16,SYN-DOC-003075,SYN-CLAIM-000076,SYN-CLAIM-000077,REJECTED,1,REVIEW_REQUIRED
SYN-MUT-003076,SYN-PARCEL-003076,CONVERSION,2021-05-17,2021-05-20,2021-06-17,2021-06-17,SYN-DOC-003076,SYN-CLAIM-000077,SYN-CLAIM-000078,SANCTIONED,2,MATCH
SYN-MUT-003077,SYN-PARCEL-003077,MORTGAGE_CHARGE,2022-06-18,2022-06-21,2022-07-18,2022-07-18,SYN-DOC-003077,SYN-CLAIM-000078,SYN-CLAIM-000079,SANCTIONED,3,MATCH
SYN-MUT-003078,SYN-PARCEL-003078,RELEASE,2023-07-19,2023-07-22,2023-08-19,2023-08-19,SYN-DOC-003078,SYN-CLAIM-000079,SYN-CLAIM-000080,SANCTIONED,1,MATCH
SYN-MUT-003079,SYN-PARCEL-003079,SALE_TRANSFER,2024-08-20,2024-08-23,2024-09-20,2024-09-20,SYN-DOC-003079,SYN-CLAIM-000080,SYN-CLAIM-000081,PENDING_OBJECTION,2,REVIEW_REQUIRED
SYN-MUT-003080,SYN-PARCEL-003080,INHERITANCE_SUCCESSION,2015-09-01,2015-09-04,2015-10-01,2015-10-01,SYN-DOC-003080,SYN-CLAIM-000081,SYN-CLAIM-000082,REJECTED,3,REVIEW_REQUIRED
SYN-MUT-003081,SYN-PARCEL-003081,PARTITION,2016-10-02,2016-10-05,2016-11-02,2016-11-02,SYN-DOC-003081,SYN-CLAIM-000082,SYN-CLAIM-000083,SANCTIONED,1,MATCH
SYN-MUT-003082,SYN-PARCEL-003082,CONVERSION,2017-11-03,2017-11-06,2017-12-03,2017-12-03,SYN-DOC-003082,SYN-CLAIM-000083,SYN-CLAIM-000084,SANCTIONED,2,MATCH
SYN-MUT-003083,SYN-PARCEL-003083,MORTGAGE_CHARGE,2018-12-04,2018-12-07,2018-12-04,2018-12-04,SYN-DOC-003083,SYN-CLAIM-000084,SYN-CLAIM-000085,SANCTIONED,3,MATCH
SYN-MUT-003084,SYN-PARCEL-003084,RELEASE,2019-01-05,2019-01-08,2019-02-05,2019-02-05,SYN-DOC-003084,SYN-CLAIM-000085,SYN-CLAIM-000086,PENDING_OBJECTION,1,REVIEW_REQUIRED
SYN-MUT-003085,SYN-PARCEL-003085,SALE_TRANSFER,2020-02-06,2020-02-09,2020-03-06,2020-03-06,SYN-DOC-003085,SYN-CLAIM-000086,SYN-CLAIM-000087,REJECTED,2,REVIEW_REQUIRED
SYN-MUT-003086,SYN-PARCEL-003086,INHERITANCE_SUCCESSION,2021-03-07,2021-03-10,2021-04-07,2021-04-07,SYN-DOC-003086,SYN-CLAIM-000087,SYN-CLAIM-000088,SANCTIONED,3,MATCH
SYN-MUT-003087,SYN-PARCEL-003087,PARTITION,2022-04-08,2022-04-11,2022-05-08,2022-05-08,SYN-DOC-003087,SYN-CLAIM-000088,SYN-CLAIM-000089,SANCTIONED,1,MATCH
SYN-MUT-003088,SYN-PARCEL-003088,CONVERSION,2023-05-09,2023-05-12,2023-06-09,2023-06-09,SYN-DOC-003088,SYN-CLAIM-000089,SYN-CLAIM-000090,SANCTIONED,2,MATCH
SYN-MUT-003089,SYN-PARCEL-003089,MORTGAGE_CHARGE,2024-06-10,2024-06-13,2024-07-10,2024-07-10,SYN-DOC-003089,SYN-CLAIM-000090,SYN-CLAIM-000091,PENDING_OBJECTION,3,REVIEW_REQUIRED
SYN-MUT-003090,SYN-PARCEL-003090,RELEASE,2015-07-11,2015-07-14,2015-08-11,2015-08-11,SYN-DOC-003090,SYN-CLAIM-000091,SYN-CLAIM-000092,REJECTED,1,REVIEW_REQUIRED
SYN-MUT-003091,SYN-PARCEL-003091,SALE_TRANSFER,2016-08-12,2016-08-15,2016-09-12,2016-09-12,SYN-DOC-003091,SYN-CLAIM-000092,SYN-CLAIM-000093,SANCTIONED,2,MATCH
SYN-MUT-003092,SYN-PARCEL-003092,INHERITANCE_SUCCESSION,2017-09-13,2017-09-16,2017-10-13,2017-10-13,SYN-DOC-003092,SYN-CLAIM-000093,SYN-CLAIM-000094,SANCTIONED,3,MATCH
SYN-MUT-003093,SYN-PARCEL-003093,PARTITION,2018-10-14,2018-10-17,2018-11-14,2018-11-14,SYN-DOC-003093,SYN-CLAIM-000094,SYN-CLAIM-000095,SANCTIONED,1,MATCH
SYN-MUT-003094,SYN-PARCEL-003094,CONVERSION,2019-11-15,2019-11-18,2019-12-15,2019-12-15,SYN-DOC-003094,SYN-CLAIM-000095,SYN-CLAIM-000096,PENDING_OBJECTION,2,REVIEW_REQUIRED
SYN-MUT-003095,SYN-PARCEL-003095,MORTGAGE_CHARGE,2020-12-16,2020-12-19,2020-12-16,2020-12-16,SYN-DOC-003095,SYN-CLAIM-000096,SYN-CLAIM-000097,REJECTED,3,REVIEW_REQUIRED
SYN-MUT-003096,SYN-PARCEL-003096,RELEASE,2021-01-17,2021-01-20,2021-02-17,2021-02-17,SYN-DOC-003096,SYN-CLAIM-000097,SYN-CLAIM-000098,SANCTIONED,1,MATCH
SYN-MUT-003097,SYN-PARCEL-003097,SALE_TRANSFER,2022-02-18,2022-02-21,2022-03-18,2022-03-18,SYN-DOC-003097,SYN-CLAIM-000098,SYN-CLAIM-000099,SANCTIONED,2,MATCH
SYN-MUT-003098,SYN-PARCEL-003098,INHERITANCE_SUCCESSION,2023-03-19,2023-03-22,2023-04-19,2023-04-19,SYN-DOC-003098,SYN-CLAIM-000099,SYN-CLAIM-000100,SANCTIONED,3,MATCH
SYN-MUT-003099,SYN-PARCEL-003099,PARTITION,2024-04-20,2024-04-23,2024-05-20,2024-05-20,SYN-DOC-003099,SYN-CLAIM-000100,SYN-CLAIM-000101,PENDING_OBJECTION,1,REVIEW_REQUIRED
SYN-MUT-003100,SYN-PARCEL-003100,CONVERSION,2015-05-01,2015-05-04,2015-06-01,2015-06-01,SYN-DOC-003100,SYN-CLAIM-000101,SYN-CLAIM-000102,REJECTED,2,REVIEW_REQUIRED
SYN-MUT-003101,SYN-PARCEL-003101,MORTGAGE_CHARGE,2016-06-02,2016-06-05,2016-07-02,2016-07-02,SYN-DOC-003101,SYN-CLAIM-000102,SYN-CLAIM-000103,SANCTIONED,3,MATCH
SYN-MUT-003102,SYN-PARCEL-003102,RELEASE,2017-07-03,2017-07-06,2017-08-03,2017-08-03,SYN-DOC-003102,SYN-CLAIM-000103,SYN-CLAIM-000104,SANCTIONED,1,MATCH
SYN-MUT-003103,SYN-PARCEL-003103,SALE_TRANSFER,2018-08-04,2018-08-07,2018-09-04,2018-09-04,SYN-DOC-003103,SYN-CLAIM-000104,SYN-CLAIM-000105,SANCTIONED,2,MATCH
SYN-MUT-003104,SYN-PARCEL-003104,INHERITANCE_SUCCESSION,2019-09-05,2019-09-08,2019-10-05,2019-10-05,SYN-DOC-003104,SYN-CLAIM-000105,SYN-CLAIM-000106,PENDING_OBJECTION,3,REVIEW_REQUIRED
SYN-MUT-003105,SYN-PARCEL-003105,PARTITION,2020-10-06,2020-10-09,2020-11-06,2020-11-06,SYN-DOC-003105,SYN-CLAIM-000106,SYN-CLAIM-000107,REJECTED,1,REVIEW_REQUIRED
SYN-MUT-003106,SYN-PARCEL-003106,CONVERSION,2021-11-07,2021-11-10,2021-12-07,2021-12-07,SYN-DOC-003106,SYN-CLAIM-000107,SYN-CLAIM-000108,SANCTIONED,2,MATCH
SYN-MUT-003107,SYN-PARCEL-003107,MORTGAGE_CHARGE,2022-12-08,2022-12-11,2022-12-08,2022-12-08,SYN-DOC-003107,SYN-CLAIM-000108,SYN-CLAIM-000109,SANCTIONED,3,MATCH
SYN-MUT-003108,SYN-PARCEL-003108,RELEASE,2023-01-09,2023-01-12,2023-02-09,2023-02-09,SYN-DOC-003108,SYN-CLAIM-000109,SYN-CLAIM-000110,SANCTIONED,1,MATCH
SYN-MUT-003109,SYN-PARCEL-003109,SALE_TRANSFER,2024-02-10,2024-02-13,2024-03-10,2024-03-10,SYN-DOC-003109,SYN-CLAIM-000110,SYN-CLAIM-000111,PENDING_OBJECTION,2,REVIEW_REQUIRED
SYN-MUT-003110,SYN-PARCEL-003110,INHERITANCE_SUCCESSION,2015-03-11,2015-03-14,2015-04-11,2015-04-11,SYN-DOC-003110,SYN-CLAIM-000111,SYN-CLAIM-000112,REJECTED,3,REVIEW_REQUIRED
SYN-MUT-003111,SYN-PARCEL-003111,PARTITION,2016-04-12,2016-04-15,2016-05-12,2016-05-12,SYN-DOC-003111,SYN-CLAIM-000112,SYN-CLAIM-000113,SANCTIONED,1,MATCH
SYN-MUT-003112,SYN-PARCEL-003112,CONVERSION,2017-05-13,2017-05-16,2017-06-13,2017-06-13,SYN-DOC-003112,SYN-CLAIM-000113,SYN-CLAIM-000114,SANCTIONED,2,MATCH
SYN-MUT-003113,SYN-PARCEL-003113,MORTGAGE_CHARGE,2018-06-14,2018-06-17,2018-07-14,2018-07-14,SYN-DOC-003113,SYN-CLAIM-000114,SYN-CLAIM-000115,SANCTIONED,3,MATCH
SYN-MUT-003114,SYN-PARCEL-003114,RELEASE,2019-07-15,2019-07-18,2019-08-15,2019-08-15,SYN-DOC-003114,SYN-CLAIM-000115,SYN-CLAIM-000116,PENDING_OBJECTION,1,REVIEW_REQUIRED
SYN-MUT-003115,SYN-PARCEL-003115,SALE_TRANSFER,2020-08-16,2020-08-19,2020-09-16,2020-09-16,SYN-DOC-003115,SYN-CLAIM-000116,SYN-CLAIM-000117,REJECTED,2,REVIEW_REQUIRED
SYN-MUT-003116,SYN-PARCEL-003116,INHERITANCE_SUCCESSION,2021-09-17,2021-09-20,2021-10-17,2021-10-17,SYN-DOC-003116,SYN-CLAIM-000117,SYN-CLAIM-000118,SANCTIONED,3,MATCH
SYN-MUT-003117,SYN-PARCEL-003117,PARTITION,2022-10-18,2022-10-21,2022-11-18,2022-11-18,SYN-DOC-003117,SYN-CLAIM-000118,SYN-CLAIM-000119,SANCTIONED,1,MATCH
SYN-MUT-003118,SYN-PARCEL-003118,CONVERSION,2023-11-19,2023-11-22,2023-12-19,2023-12-19,SYN-DOC-003118,SYN-CLAIM-000119,SYN-CLAIM-000120,SANCTIONED,2,MATCH
SYN-MUT-003119,SYN-PARCEL-003119,MORTGAGE_CHARGE,2024-12-20,2024-12-23,2024-12-20,2024-12-20,SYN-DOC-003119,SYN-CLAIM-000120,SYN-CLAIM-000121,PENDING_OBJECTION,3,REVIEW_REQUIRED
SYN-MUT-003120,SYN-PARCEL-003120,RELEASE,2015-01-01,2015-01-04,2015-02-01,2015-02-01,SYN-DOC-003120,SYN-CLAIM-000121,SYN-CLAIM-000122,REJECTED,1,REVIEW_REQUIRED
SYN-MUT-003121,SYN-PARCEL-003121,SALE_TRANSFER,2016-02-02,2016-02-05,2016-03-02,2016-03-02,SYN-DOC-003121,SYN-CLAIM-000122,SYN-CLAIM-000123,SANCTIONED,2,MATCH
SYN-MUT-003122,SYN-PARCEL-003122,INHERITANCE_SUCCESSION,2017-03-03,2017-03-06,2017-04-03,2017-04-03,SYN-DOC-003122,SYN-CLAIM-000123,SYN-CLAIM-000124,SANCTIONED,3,MATCH
SYN-MUT-003123,SYN-PARCEL-003123,PARTITION,2018-04-04,2018-04-07,2018-05-04,2018-05-04,SYN-DOC-003123,SYN-CLAIM-000124,SYN-CLAIM-000125,SANCTIONED,1,MATCH
SYN-MUT-003124,SYN-PARCEL-003124,CONVERSION,2019-05-05,2019-05-08,2019-06-05,2019-06-05,SYN-DOC-003124,SYN-CLAIM-000125,SYN-CLAIM-000126,PENDING_OBJECTION,2,REVIEW_REQUIRED
SYN-MUT-003125,SYN-PARCEL-003125,MORTGAGE_CHARGE,2020-06-06,2020-06-09,2020-07-06,2020-07-06,SYN-DOC-003125,SYN-CLAIM-000126,SYN-CLAIM-000127,REJECTED,3,REVIEW_REQUIRED
SYN-MUT-003126,SYN-PARCEL-003126,RELEASE,2021-07-07,2021-07-10,2021-08-07,2021-08-07,SYN-DOC-003126,SYN-CLAIM-000127,SYN-CLAIM-000128,SANCTIONED,1,MATCH
SYN-MUT-003127,SYN-PARCEL-003127,SALE_TRANSFER,2022-08-08,2022-08-11,2022-09-08,2022-09-08,SYN-DOC-003127,SYN-CLAIM-000128,SYN-CLAIM-000129,SANCTIONED,2,MATCH
SYN-MUT-003128,SYN-PARCEL-003128,INHERITANCE_SUCCESSION,2023-09-09,2023-09-12,2023-10-09,2023-10-09,SYN-DOC-003128,SYN-CLAIM-000129,SYN-CLAIM-000130,SANCTIONED,3,MATCH
SYN-MUT-003129,SYN-PARCEL-003129,PARTITION,2024-10-10,2024-10-13,2024-11-10,2024-11-10,SYN-DOC-003129,SYN-CLAIM-000130,SYN-CLAIM-000131,PENDING_OBJECTION,1,REVIEW_REQUIRED
SYN-MUT-003130,SYN-PARCEL-003130,CONVERSION,2015-11-11,2015-11-14,2015-12-11,2015-12-11,SYN-DOC-003130,SYN-CLAIM-000131,SYN-CLAIM-000132,REJECTED,2,REVIEW_REQUIRED
SYN-MUT-003131,SYN-PARCEL-003131,MORTGAGE_CHARGE,2016-12-12,2016-12-15,2016-12-12,2016-12-12,SYN-DOC-003131,SYN-CLAIM-000132,SYN-CLAIM-000133,SANCTIONED,3,MATCH
SYN-MUT-003132,SYN-PARCEL-003132,RELEASE,2017-01-13,2017-01-16,2017-02-13,2017-02-13,SYN-DOC-003132,SYN-CLAIM-000133,SYN-CLAIM-000134,SANCTIONED,1,MATCH
SYN-MUT-003133,SYN-PARCEL-003133,SALE_TRANSFER,2018-02-14,2018-02-17,2018-03-14,2018-03-14,SYN-DOC-003133,SYN-CLAIM-000134,SYN-CLAIM-000135,SANCTIONED,2,MATCH
SYN-MUT-003134,SYN-PARCEL-003134,INHERITANCE_SUCCESSION,2019-03-15,2019-03-18,2019-04-15,2019-04-15,SYN-DOC-003134,SYN-CLAIM-000135,SYN-CLAIM-000136,PENDING_OBJECTION,3,REVIEW_REQUIRED
SYN-MUT-003135,SYN-PARCEL-003135,PARTITION,2020-04-16,2020-04-19,2020-05-16,2020-05-16,SYN-DOC-003135,SYN-CLAIM-000136,SYN-CLAIM-000137,REJECTED,1,REVIEW_REQUIRED
SYN-MUT-003136,SYN-PARCEL-003136,CONVERSION,2021-05-17,2021-05-20,2021-06-17,2021-06-17,SYN-DOC-003136,SYN-CLAIM-000137,SYN-CLAIM-000138,SANCTIONED,2,MATCH
SYN-MUT-003137,SYN-PARCEL-003137,MORTGAGE_CHARGE,2022-06-18,2022-06-21,2022-07-18,2022-07-18,SYN-DOC-003137,SYN-CLAIM-000138,SYN-CLAIM-000139,SANCTIONED,3,MATCH
SYN-MUT-003138,SYN-PARCEL-003138,RELEASE,2023-07-19,2023-07-22,2023-08-19,2023-08-19,SYN-DOC-003138,SYN-CLAIM-000139,SYN-CLAIM-000140,SANCTIONED,1,MATCH
SYN-MUT-003139,SYN-PARCEL-003139,SALE_TRANSFER,2024-08-20,2024-08-23,2024-09-20,2024-09-20,SYN-DOC-003139,SYN-CLAIM-000140,SYN-CLAIM-000141,PENDING_OBJECTION,2,REVIEW_REQUIRED
SYN-MUT-003140,SYN-PARCEL-003140,INHERITANCE_SUCCESSION,2015-09-01,2015-09-04,2015-10-01,2015-10-01,SYN-DOC-003140,SYN-CLAIM-000141,SYN-CLAIM-000142,REJECTED,3,REVIEW_REQUIRED
SYN-MUT-003141,SYN-PARCEL-003141,PARTITION,2016-10-02,2016-10-05,2016-11-02,2016-11-02,SYN-DOC-003141,SYN-CLAIM-000142,SYN-CLAIM-000143,SANCTIONED,1,MATCH
SYN-MUT-003142,SYN-PARCEL-003142,CONVERSION,2017-11-03,2017-11-06,2017-12-03,2017-12-03,SYN-DOC-003142,SYN-CLAIM-000143,SYN-CLAIM-000144,SANCTIONED,2,MATCH
SYN-MUT-003143,SYN-PARCEL-003143,MORTGAGE_CHARGE,2018-12-04,2018-12-07,2018-12-04,2018-12-04,SYN-DOC-003143,SYN-CLAIM-000144,SYN-CLAIM-000145,SANCTIONED,3,MATCH
SYN-MUT-003144,SYN-PARCEL-003144,RELEASE,2019-01-05,2019-01-08,2019-02-05,2019-02-05,SYN-DOC-003144,SYN-CLAIM-000145,SYN-CLAIM-000146,PENDING_OBJECTION,1,REVIEW_REQUIRED
SYN-MUT-003145,SYN-PARCEL-003145,SALE_TRANSFER,2020-02-06,2020-02-09,2020-03-06,2020-03-06,SYN-DOC-003145,SYN-CLAIM-000146,SYN-CLAIM-000147,REJECTED,2,REVIEW_REQUIRED
SYN-MUT-003146,SYN-PARCEL-003146,INHERITANCE_SUCCESSION,2021-03-07,2021-03-10,2021-04-07,2021-04-07,SYN-DOC-003146,SYN-CLAIM-000147,SYN-CLAIM-000148,SANCTIONED,3,MATCH
SYN-MUT-003147,SYN-PARCEL-003147,PARTITION,2022-04-08,2022-04-11,2022-05-08,2022-05-08,SYN-DOC-003147,SYN-CLAIM-000148,SYN-CLAIM-000149,SANCTIONED,1,MATCH
SYN-MUT-003148,SYN-PARCEL-003148,CONVERSION,2023-05-09,2023-05-12,2023-06-09,2023-06-09,SYN-DOC-003148,SYN-CLAIM-000149,SYN-CLAIM-000150,SANCTIONED,2,MATCH
SYN-MUT-003149,SYN-PARCEL-003149,MORTGAGE_CHARGE,2024-06-10,2024-06-13,2024-07-10,2024-07-10,SYN-DOC-003149,SYN-CLAIM-000150,SYN-CLAIM-000151,PENDING_OBJECTION,3,REVIEW_REQUIRED
SYN-MUT-003150,SYN-PARCEL-003150,RELEASE,2015-07-11,2015-07-14,2014-07-11,2014-07-11,SYN-DOC-003150,SYN-CLAIM-000151,SYN-CLAIM-000152,REJECTED,1,CHRONOLOGY_CONFLICT
SYN-MUT-003151,SYN-PARCEL-003151,SALE_TRANSFER,2016-08-12,2016-08-15,2016-09-12,2016-09-12,SYN-DOC-003151,SYN-CLAIM-000152,SYN-CLAIM-000153,SANCTIONED,2,MATCH
SYN-MUT-003152,SYN-PARCEL-003152,INHERITANCE_SUCCESSION,2017-09-13,2017-09-16,2017-10-13,2017-10-13,SYN-DOC-003152,SYN-CLAIM-000153,SYN-CLAIM-000154,SANCTIONED,3,MATCH
SYN-MUT-003153,SYN-PARCEL-003153,PARTITION,2018-10-14,2018-10-17,2018-11-14,2018-11-14,SYN-DOC-003153,SYN-CLAIM-000154,SYN-CLAIM-000155,SANCTIONED,1,MATCH
SYN-MUT-003154,SYN-PARCEL-003154,CONVERSION,2019-11-15,2019-11-18,2019-12-15,2019-12-15,SYN-DOC-003154,SYN-CLAIM-000155,SYN-CLAIM-000156,PENDING_OBJECTION,2,REVIEW_REQUIRED
SYN-MUT-003155,SYN-PARCEL-003155,MORTGAGE_CHARGE,2020-12-16,2020-12-19,2020-12-16,2020-12-16,SYN-DOC-003155,SYN-CLAIM-000156,SYN-CLAIM-000157,REJECTED,3,REVIEW_REQUIRED
SYN-MUT-003156,SYN-PARCEL-003156,RELEASE,2021-01-17,2021-01-20,2021-02-17,2021-02-17,SYN-DOC-003156,SYN-CLAIM-000157,SYN-CLAIM-000158,SANCTIONED,1,MATCH
SYN-MUT-003157,SYN-PARCEL-003157,SALE_TRANSFER,2022-02-18,2022-02-21,2022-03-18,2022-03-18,SYN-DOC-003157,SYN-CLAIM-000158,SYN-CLAIM-000159,SANCTIONED,2,MATCH
SYN-MUT-003158,SYN-PARCEL-003158,INHERITANCE_SUCCESSION,2023-03-19,2023-03-22,2023-04-19,2023-04-19,SYN-DOC-003158,SYN-CLAIM-000159,SYN-CLAIM-000160,SANCTIONED,3,MATCH
SYN-MUT-003159,SYN-PARCEL-003159,PARTITION,2024-04-20,2024-04-23,2024-05-20,2024-05-20,SYN-DOC-003159,SYN-CLAIM-000160,SYN-CLAIM-000161,PENDING_OBJECTION,1,REVIEW_REQUIRED
SYN-MUT-003160,SYN-PARCEL-003160,CONVERSION,2015-05-01,2015-05-04,2015-06-01,2015-06-01,SYN-DOC-003160,SYN-CLAIM-000161,SYN-CLAIM-000162,REJECTED,2,REVIEW_REQUIRED
SYN-MUT-003161,SYN-PARCEL-003161,MORTGAGE_CHARGE,2016-06-02,2016-06-05,2016-07-02,2016-07-02,SYN-DOC-003161,SYN-CLAIM-000162,SYN-CLAIM-000163,SANCTIONED,3,MATCH
SYN-MUT-003162,SYN-PARCEL-003162,RELEASE,2017-07-03,2017-07-06,2017-08-03,2017-08-03,SYN-DOC-003162,SYN-CLAIM-000163,SYN-CLAIM-000164,SANCTIONED,1,MATCH
SYN-MUT-003163,SYN-PARCEL-003163,SALE_TRANSFER,2018-08-04,2018-08-07,2018-09-04,2018-09-04,SYN-DOC-003163,SYN-CLAIM-000164,SYN-CLAIM-000165,SANCTIONED,2,MATCH
SYN-MUT-003164,SYN-PARCEL-003164,INHERITANCE_SUCCESSION,2019-09-05,2019-09-08,2019-10-05,2019-10-05,SYN-DOC-003164,SYN-CLAIM-000165,SYN-CLAIM-000166,PENDING_OBJECTION,3,REVIEW_REQUIRED
SYN-MUT-003165,SYN-PARCEL-003165,PARTITION,2020-10-06,2020-10-09,2020-11-06,2020-11-06,SYN-DOC-003165,SYN-CLAIM-000166,SYN-CLAIM-000167,REJECTED,1,REVIEW_REQUIRED
SYN-MUT-003166,SYN-PARCEL-003166,CONVERSION,2021-11-07,2021-11-10,2021-12-07,2021-12-07,SYN-DOC-003166,SYN-CLAIM-000167,SYN-CLAIM-000168,SANCTIONED,2,MATCH
SYN-MUT-003167,SYN-PARCEL-003167,MORTGAGE_CHARGE,2022-12-08,2022-12-11,2022-12-08,2022-12-08,SYN-DOC-003167,SYN-CLAIM-000168,SYN-CLAIM-000169,SANCTIONED,3,MATCH
SYN-MUT-003168,SYN-PARCEL-003168,RELEASE,2023-01-09,2023-01-12,2023-02-09,2023-02-09,SYN-DOC-003168,SYN-CLAIM-000169,SYN-CLAIM-000170,SANCTIONED,1,MATCH
SYN-MUT-003169,SYN-PARCEL-003169,SALE_TRANSFER,2024-02-10,2024-02-13,2024-03-10,2024-03-10,SYN-DOC-003169,SYN-CLAIM-000170,SYN-CLAIM-000171,PENDING_OBJECTION,2,REVIEW_REQUIRED
SYN-MUT-003170,SYN-PARCEL-003170,INHERITANCE_SUCCESSION,2015-03-11,2015-03-14,2015-04-11,2015-04-11,SYN-DOC-003170,SYN-CLAIM-000171,SYN-CLAIM-000172,REJECTED,3,REVIEW_REQUIRED
SYN-MUT-003171,SYN-PARCEL-003171,PARTITION,2016-04-12,2016-04-15,2016-05-12,2016-05-12,SYN-DOC-003171,SYN-CLAIM-000172,SYN-CLAIM-000173,SANCTIONED,1,MATCH
SYN-MUT-003172,SYN-PARCEL-003172,CONVERSION,2017-05-13,2017-05-16,2017-06-13,2017-06-13,SYN-DOC-003172,SYN-CLAIM-000173,SYN-CLAIM-000174,SANCTIONED,2,MATCH
SYN-MUT-003173,SYN-PARCEL-003173,MORTGAGE_CHARGE,2018-06-14,2018-06-17,2018-07-14,2018-07-14,SYN-DOC-003173,SYN-CLAIM-000174,SYN-CLAIM-000175,SANCTIONED,3,MATCH
SYN-MUT-003174,SYN-PARCEL-003174,RELEASE,2019-07-15,2019-07-18,2019-08-15,2019-08-15,SYN-DOC-003174,SYN-CLAIM-000175,SYN-CLAIM-000176,PENDING_OBJECTION,1,REVIEW_REQUIRED
SYN-MUT-003175,SYN-PARCEL-003175,SALE_TRANSFER,2020-08-16,2020-08-19,2020-09-16,2020-09-16,SYN-DOC-003175,SYN-CLAIM-000176,SYN-CLAIM-000177,REJECTED,2,REVIEW_REQUIRED
SYN-MUT-003176,SYN-PARCEL-003176,INHERITANCE_SUCCESSION,2021-09-17,2021-09-20,2021-10-17,2021-10-17,SYN-DOC-003176,SYN-CLAIM-000177,SYN-CLAIM-000178,SANCTIONED,3,MATCH
SYN-MUT-003177,SYN-PARCEL-003177,PARTITION,2022-10-18,2022-10-21,2022-11-18,2022-11-18,SYN-DOC-003177,SYN-CLAIM-000178,SYN-CLAIM-000179,SANCTIONED,1,MATCH
SYN-MUT-003178,SYN-PARCEL-003178,CONVERSION,2023-11-19,2023-11-22,2023-12-19,2023-12-19,SYN-DOC-003178,SYN-CLAIM-000179,SYN-CLAIM-000180,SANCTIONED,2,MATCH
SYN-MUT-003179,SYN-PARCEL-003179,MORTGAGE_CHARGE,2024-12-20,2024-12-23,2024-12-20,2024-12-20,SYN-DOC-003179,SYN-CLAIM-000180,SYN-CLAIM-000181,PENDING_OBJECTION,3,REVIEW_REQUIRED
SYN-MUT-003180,SYN-PARCEL-003180,RELEASE,2015-01-01,2015-01-04,2015-02-01,2015-02-01,SYN-DOC-003180,SYN-CLAIM-000181,SYN-CLAIM-000182,REJECTED,1,REVIEW_REQUIRED
SYN-MUT-003181,SYN-PARCEL-003181,SALE_TRANSFER,2016-02-02,2016-02-05,2016-03-02,2016-03-02,SYN-DOC-003181,SYN-CLAIM-000182,SYN-CLAIM-000183,SANCTIONED,2,MATCH
SYN-MUT-003182,SYN-PARCEL-003182,INHERITANCE_SUCCESSION,2017-03-03,2017-03-06,2017-04-03,2017-04-03,SYN-DOC-003182,SYN-CLAIM-000183,SYN-CLAIM-000184,SANCTIONED,3,MATCH
SYN-MUT-003183,SYN-PARCEL-003183,PARTITION,2018-04-04,2018-04-07,2018-05-04,2018-05-04,SYN-DOC-003183,SYN-CLAIM-000184,SYN-CLAIM-000185,SANCTIONED,1,MATCH
SYN-MUT-003184,SYN-PARCEL-003184,CONVERSION,2019-05-05,2019-05-08,2019-06-05,2019-06-05,SYN-DOC-003184,SYN-CLAIM-000185,SYN-CLAIM-000186,PENDING_OBJECTION,2,REVIEW_REQUIRED
SYN-MUT-003185,SYN-PARCEL-003185,MORTGAGE_CHARGE,2020-06-06,2020-06-09,2020-07-06,2020-07-06,SYN-DOC-003185,SYN-CLAIM-000186,SYN-CLAIM-000187,REJECTED,3,REVIEW_REQUIRED
SYN-MUT-003186,SYN-PARCEL-003186,RELEASE,2021-07-07,2021-07-10,2021-08-07,2021-08-07,SYN-DOC-003186,SYN-CLAIM-000187,SYN-CLAIM-000188,SANCTIONED,1,MATCH
SYN-MUT-003187,SYN-PARCEL-003187,SALE_TRANSFER,2022-08-08,2022-08-11,2022-09-08,2022-09-08,SYN-DOC-003187,SYN-CLAIM-000188,SYN-CLAIM-000189,SANCTIONED,2,MATCH
SYN-MUT-003188,SYN-PARCEL-003188,INHERITANCE_SUCCESSION,2023-09-09,2023-09-12,2023-10-09,2023-10-09,SYN-DOC-003188,SYN-CLAIM-000189,SYN-CLAIM-000190,SANCTIONED,3,MATCH
SYN-MUT-003189,SYN-PARCEL-003189,PARTITION,2024-10-10,2024-10-13,2024-11-10,2024-11-10,SYN-DOC-003189,SYN-CLAIM-000190,SYN-CLAIM-000191,PENDING_OBJECTION,1,REVIEW_REQUIRED
SYN-MUT-003190,SYN-PARCEL-003190,CONVERSION,2015-11-11,2015-11-14,2015-12-11,2015-12-11,SYN-DOC-003190,SYN-CLAIM-000191,SYN-CLAIM-000192,REJECTED,2,REVIEW_REQUIRED
SYN-MUT-003191,SYN-PARCEL-003191,MORTGAGE_CHARGE,2016-12-12,2016-12-15,2016-12-12,2016-12-12,SYN-DOC-003191,SYN-CLAIM-000192,SYN-CLAIM-000193,SANCTIONED,3,MATCH
SYN-MUT-003192,SYN-PARCEL-003192,RELEASE,2017-01-13,2017-01-16,2017-02-13,2017-02-13,SYN-DOC-003192,SYN-CLAIM-000193,SYN-CLAIM-000194,SANCTIONED,1,MATCH
SYN-MUT-003193,SYN-PARCEL-003193,SALE_TRANSFER,2018-02-14,2018-02-17,2018-03-14,2018-03-14,SYN-DOC-003193,SYN-CLAIM-000194,SYN-CLAIM-000195,SANCTIONED,2,MATCH
SYN-MUT-003194,SYN-PARCEL-003194,INHERITANCE_SUCCESSION,2019-03-15,2019-03-18,2019-04-15,2019-04-15,SYN-DOC-003194,SYN-CLAIM-000195,SYN-CLAIM-000196,PENDING_OBJECTION,3,REVIEW_REQUIRED
SYN-MUT-003195,SYN-PARCEL-003195,PARTITION,2020-04-16,2020-04-19,2020-05-16,2020-05-16,SYN-DOC-003195,SYN-CLAIM-000196,SYN-CLAIM-000197,REJECTED,1,REVIEW_REQUIRED
SYN-MUT-003196,SYN-PARCEL-003196,CONVERSION,2021-05-17,2021-05-20,2021-06-17,2021-06-17,SYN-DOC-003196,SYN-CLAIM-000197,SYN-CLAIM-000198,SANCTIONED,2,MATCH
SYN-MUT-003197,SYN-PARCEL-003197,MORTGAGE_CHARGE,2022-06-18,2022-06-21,2022-07-18,2022-07-18,SYN-DOC-003197,SYN-CLAIM-000198,SYN-CLAIM-000199,SANCTIONED,3,MATCH
SYN-MUT-003198,SYN-PARCEL-003198,RELEASE,2023-07-19,2023-07-22,2023-08-19,2023-08-19,SYN-DOC-003198,SYN-CLAIM-000199,SYN-CLAIM-000200,SANCTIONED,1,MATCH
SYN-MUT-003199,SYN-PARCEL-003199,SALE_TRANSFER,2024-08-20,2024-08-23,2024-09-20,2024-09-20,SYN-DOC-003199,SYN-CLAIM-000200,SYN-CLAIM-000201,PENDING_OBJECTION,2,REVIEW_REQUIRED
SYN-MUT-003200,SYN-PARCEL-003200,INHERITANCE_SUCCESSION,2015-09-01,2015-09-04,2015-10-01,2015-10-01,SYN-DOC-003200,SYN-CLAIM-000201,SYN-CLAIM-000202,REJECTED,3,REVIEW_REQUIRED
SYN-MUT-003201,SYN-PARCEL-003201,PARTITION,2016-10-02,2016-10-05,2016-11-02,2016-11-02,SYN-DOC-003201,SYN-CLAIM-000202,SYN-CLAIM-000203,SANCTIONED,1,MATCH
SYN-MUT-003202,SYN-PARCEL-003202,CONVERSION,2017-11-03,2017-11-06,2017-12-03,2017-12-03,SYN-DOC-003202,SYN-CLAIM-000203,SYN-CLAIM-000204,SANCTIONED,2,MATCH
SYN-MUT-003203,SYN-PARCEL-003203,MORTGAGE_CHARGE,2018-12-04,2018-12-07,2018-12-04,2018-12-04,SYN-DOC-003203,SYN-CLAIM-000204,SYN-CLAIM-000205,SANCTIONED,3,MATCH
SYN-MUT-003204,SYN-PARCEL-003204,RELEASE,2019-01-05,2019-01-08,2019-02-05,2019-02-05,SYN-DOC-003204,SYN-CLAIM-000205,SYN-CLAIM-000206,PENDING_OBJECTION,1,REVIEW_REQUIRED
SYN-MUT-003205,SYN-PARCEL-003205,SALE_TRANSFER,2020-02-06,2020-02-09,2020-03-06,2020-03-06,SYN-DOC-003205,SYN-CLAIM-000206,SYN-CLAIM-000207,REJECTED,2,REVIEW_REQUIRED
SYN-MUT-003206,SYN-PARCEL-003206,INHERITANCE_SUCCESSION,2021-03-07,2021-03-10,2021-04-07,2021-04-07,SYN-DOC-003206,SYN-CLAIM-000207,SYN-CLAIM-000208,SANCTIONED,3,MATCH
SYN-MUT-003207,SYN-PARCEL-003207,PARTITION,2022-04-08,2022-04-11,2022-05-08,2022-05-08,SYN-DOC-003207,SYN-CLAIM-000208,SYN-CLAIM-000209,SANCTIONED,1,MATCH
SYN-MUT-003208,SYN-PARCEL-003208,CONVERSION,2023-05-09,2023-05-12,2023-06-09,2023-06-09,SYN-DOC-003208,SYN-CLAIM-000209,SYN-CLAIM-000210,SANCTIONED,2,MATCH
SYN-MUT-003209,SYN-PARCEL-003209,MORTGAGE_CHARGE,2024-06-10,2024-06-13,2024-07-10,2024-07-10,SYN-DOC-003209,SYN-CLAIM-000210,SYN-CLAIM-000211,PENDING_OBJECTION,3,REVIEW_REQUIRED
SYN-MUT-003210,SYN-PARCEL-003210,RELEASE,2015-07-11,2015-07-14,2015-08-11,2015-08-11,SYN-DOC-003210,SYN-CLAIM-000211,SYN-CLAIM-000212,REJECTED,1,REVIEW_REQUIRED
SYN-MUT-003211,SYN-PARCEL-003211,SALE_TRANSFER,2016-08-12,2016-08-15,2016-09-12,2016-09-12,SYN-DOC-003211,SYN-CLAIM-000212,SYN-CLAIM-000213,SANCTIONED,2,MATCH
SYN-MUT-003212,SYN-PARCEL-003212,INHERITANCE_SUCCESSION,2017-09-13,2017-09-16,2017-10-13,2017-10-13,SYN-DOC-003212,SYN-CLAIM-000213,SYN-CLAIM-000214,SANCTIONED,3,MATCH
SYN-MUT-003213,SYN-PARCEL-003213,PARTITION,2018-10-14,2018-10-17,2018-11-14,2018-11-14,SYN-DOC-003213,SYN-CLAIM-000214,SYN-CLAIM-000215,SANCTIONED,1,MATCH
SYN-MUT-003214,SYN-PARCEL-003214,CONVERSION,2019-11-15,2019-11-18,2019-12-15,2019-12-15,SYN-DOC-003214,SYN-CLAIM-000215,SYN-CLAIM-000216,PENDING_OBJECTION,2,REVIEW_REQUIRED
SYN-MUT-003215,SYN-PARCEL-003215,MORTGAGE_CHARGE,2020-12-16,2020-12-19,2020-12-16,2020-12-16,SYN-DOC-003215,SYN-CLAIM-000216,SYN-CLAIM-000217,REJECTED,3,REVIEW_REQUIRED
SYN-MUT-003216,SYN-PARCEL-003216,RELEASE,2021-01-17,2021-01-20,2021-02-17,2021-02-17,SYN-DOC-003216,SYN-CLAIM-000217,SYN-CLAIM-000218,SANCTIONED,1,MATCH
SYN-MUT-003217,SYN-PARCEL-003217,SALE_TRANSFER,2022-02-18,2022-02-21,2022-03-18,2022-03-18,SYN-DOC-003217,SYN-CLAIM-000218,SYN-CLAIM-000219,SANCTIONED,2,MATCH
SYN-MUT-003218,SYN-PARCEL-003218,INHERITANCE_SUCCESSION,2023-03-19,2023-03-22,2023-04-19,2023-04-19,SYN-DOC-003218,SYN-CLAIM-000219,SYN-CLAIM-000220,SANCTIONED,3,MATCH
SYN-MUT-003219,SYN-PARCEL-003219,PARTITION,2024-04-20,2024-04-23,2024-05-20,2024-05-20,SYN-DOC-003219,SYN-CLAIM-000220,SYN-CLAIM-000221,PENDING_OBJECTION,1,REVIEW_REQUIRED
SYN-MUT-003220,SYN-PARCEL-003220,CONVERSION,2015-05-01,2015-05-04,2015-06-01,2015-06-01,SYN-DOC-003220,SYN-CLAIM-000221,SYN-CLAIM-000222,REJECTED,2,REVIEW_REQUIRED
SYN-MUT-003221,SYN-PARCEL-003221,MORTGAGE_CHARGE,2016-06-02,2016-06-05,2016-07-02,2016-07-02,SYN-DOC-003221,SYN-CLAIM-000222,SYN-CLAIM-000223,SANCTIONED,3,MATCH
SYN-MUT-003222,SYN-PARCEL-003222,RELEASE,2017-07-03,2017-07-06,2017-08-03,2017-08-03,SYN-DOC-003222,SYN-CLAIM-000223,SYN-CLAIM-000224,SANCTIONED,1,MATCH
SYN-MUT-003223,SYN-PARCEL-003223,SALE_TRANSFER,2018-08-04,2018-08-07,2018-09-04,2018-09-04,SYN-DOC-003223,SYN-CLAIM-000224,SYN-CLAIM-000225,SANCTIONED,2,MATCH
SYN-MUT-003224,SYN-PARCEL-003224,INHERITANCE_SUCCESSION,2019-09-05,2019-09-08,2019-10-05,2019-10-05,SYN-DOC-003224,SYN-CLAIM-000225,SYN-CLAIM-000226,PENDING_OBJECTION,3,REVIEW_REQUIRED
SYN-MUT-003225,SYN-PARCEL-003225,PARTITION,2020-10-06,2020-10-09,2020-11-06,2020-11-06,SYN-DOC-003225,SYN-CLAIM-000226,SYN-CLAIM-000227,REJECTED,1,REVIEW_REQUIRED
SYN-MUT-003226,SYN-PARCEL-003226,CONVERSION,2021-11-07,2021-11-10,2021-12-07,2021-12-07,SYN-DOC-003226,SYN-CLAIM-000227,SYN-CLAIM-000228,SANCTIONED,2,MATCH
SYN-MUT-003227,SYN-PARCEL-003227,MORTGAGE_CHARGE,2022-12-08,2022-12-11,2022-12-08,2022-12-08,SYN-DOC-003227,SYN-CLAIM-000228,SYN-CLAIM-000229,SANCTIONED,3,MATCH
SYN-MUT-003228,SYN-PARCEL-003228,RELEASE,2023-01-09,2023-01-12,2023-02-09,2023-02-09,SYN-DOC-003228,SYN-CLAIM-000229,SYN-CLAIM-000230,SANCTIONED,1,MATCH
SYN-MUT-003229,SYN-PARCEL-003229,SALE_TRANSFER,2024-02-10,2024-02-13,2024-03-10,2024-03-10,SYN-DOC-003229,SYN-CLAIM-000230,SYN-CLAIM-000231,PENDING_OBJECTION,2,REVIEW_REQUIRED
SYN-MUT-003230,SYN-PARCEL-003230,INHERITANCE_SUCCESSION,2015-03-11,2015-03-14,2015-04-11,2015-04-11,SYN-DOC-003230,SYN-CLAIM-000231,SYN-CLAIM-000232,REJECTED,3,REVIEW_REQUIRED
SYN-MUT-003231,SYN-PARCEL-003231,PARTITION,2016-04-12,2016-04-15,2016-05-12,2016-05-12,SYN-DOC-003231,SYN-CLAIM-000232,SYN-CLAIM-000233,SANCTIONED,1,MATCH
SYN-MUT-003232,SYN-PARCEL-003232,CONVERSION,2017-05-13,2017-05-16,2017-06-13,2017-06-13,SYN-DOC-003232,SYN-CLAIM-000233,SYN-CLAIM-000234,SANCTIONED,2,MATCH
SYN-MUT-003233,SYN-PARCEL-003233,MORTGAGE_CHARGE,2018-06-14,2018-06-17,2018-07-14,2018-07-14,SYN-DOC-003233,SYN-CLAIM-000234,SYN-CLAIM-000235,SANCTIONED,3,MATCH
SYN-MUT-003234,SYN-PARCEL-003234,RELEASE,2019-07-15,2019-07-18,2019-08-15,2019-08-15,SYN-DOC-003234,SYN-CLAIM-000235,SYN-CLAIM-000236,PENDING_OBJECTION,1,REVIEW_REQUIRED
SYN-MUT-003235,SYN-PARCEL-003235,SALE_TRANSFER,2020-08-16,2020-08-19,2020-09-16,2020-09-16,SYN-DOC-003235,SYN-CLAIM-000236,SYN-CLAIM-000237,REJECTED,2,REVIEW_REQUIRED
SYN-MUT-003236,SYN-PARCEL-003236,INHERITANCE_SUCCESSION,2021-09-17,2021-09-20,2021-10-17,2021-10-17,SYN-DOC-003236,SYN-CLAIM-000237,SYN-CLAIM-000238,SANCTIONED,3,MATCH
SYN-MUT-003237,SYN-PARCEL-003237,PARTITION,2022-10-18,2022-10-21,2022-11-18,2022-11-18,SYN-DOC-003237,SYN-CLAIM-000238,SYN-CLAIM-000239,SANCTIONED,1,MATCH
SYN-MUT-003238,SYN-PARCEL-003238,CONVERSION,2023-11-19,2023-11-22,2023-12-19,2023-12-19,SYN-DOC-003238,SYN-CLAIM-000239,SYN-CLAIM-000240,SANCTIONED,2,MATCH
SYN-MUT-003239,SYN-PARCEL-003239,MORTGAGE_CHARGE,2024-12-20,2024-12-23,2024-12-20,2024-12-20,SYN-DOC-003239,SYN-CLAIM-000240,SYN-CLAIM-000241,PENDING_OBJECTION,3,REVIEW_REQUIRED
SYN-MUT-003240,SYN-PARCEL-003240,RELEASE,2015-01-01,2015-01-04,2015-02-01,2015-02-01,SYN-DOC-003240,SYN-CLAIM-000241,SYN-CLAIM-000242,REJECTED,1,REVIEW_REQUIRED
SYN-MUT-003241,SYN-PARCEL-003241,SALE_TRANSFER,2016-02-02,2016-02-05,2016-03-02,2016-03-02,SYN-DOC-003241,SYN-CLAIM-000242,SYN-CLAIM-000243,SANCTIONED,2,MATCH
SYN-MUT-003242,SYN-PARCEL-003242,INHERITANCE_SUCCESSION,2017-03-03,2017-03-06,2017-04-03,2017-04-03,SYN-DOC-003242,SYN-CLAIM-000243,SYN-CLAIM-000244,SANCTIONED,3,MATCH
SYN-MUT-003243,SYN-PARCEL-003243,PARTITION,2018-04-04,2018-04-07,2018-05-04,2018-05-04,SYN-DOC-003243,SYN-CLAIM-000244,SYN-CLAIM-000245,SANCTIONED,1,MATCH
SYN-MUT-003244,SYN-PARCEL-003244,CONVERSION,2019-05-05,2019-05-08,2019-06-05,2019-06-05,SYN-DOC-003244,SYN-CLAIM-000245,SYN-CLAIM-000246,PENDING_OBJECTION,2,REVIEW_REQUIRED
SYN-MUT-003245,SYN-PARCEL-003245,MORTGAGE_CHARGE,2020-06-06,2020-06-09,2020-07-06,2020-07-06,SYN-DOC-003245,SYN-CLAIM-000246,SYN-CLAIM-000247,REJECTED,3,REVIEW_REQUIRED
SYN-MUT-003246,SYN-PARCEL-003246,RELEASE,2021-07-07,2021-07-10,2021-08-07,2021-08-07,SYN-DOC-003246,SYN-CLAIM-000247,SYN-CLAIM-000248,SANCTIONED,1,MATCH
SYN-MUT-003247,SYN-PARCEL-003247,SALE_TRANSFER,2022-08-08,2022-08-11,2022-09-08,2022-09-08,SYN-DOC-003247,SYN-CLAIM-000248,SYN-CLAIM-000249,SANCTIONED,2,MATCH
SYN-MUT-003248,SYN-PARCEL-003248,INHERITANCE_SUCCESSION,2023-09-09,2023-09-12,2023-10-09,2023-10-09,SYN-DOC-003248,SYN-CLAIM-000249,SYN-CLAIM-000250,SANCTIONED,3,MATCH
SYN-MUT-003249,SYN-PARCEL-003249,PARTITION,2024-10-10,2024-10-13,2024-11-10,2024-11-10,SYN-DOC-003249,SYN-CLAIM-000250,SYN-CLAIM-000251,PENDING_OBJECTION,1,REVIEW_REQUIRED
SYN-MUT-003250,SYN-PARCEL-003250,CONVERSION,2015-11-11,2015-11-14,2015-12-11,2015-12-11,SYN-DOC-003250,SYN-CLAIM-000251,SYN-CLAIM-000252,REJECTED,2,REVIEW_REQUIRED
SYN-MUT-003251,SYN-PARCEL-003251,MORTGAGE_CHARGE,2016-12-12,2016-12-15,2016-12-12,2016-12-12,SYN-DOC-003251,SYN-CLAIM-000252,SYN-CLAIM-000253,SANCTIONED,3,MATCH
SYN-MUT-003252,SYN-PARCEL-003252,RELEASE,2017-01-13,2017-01-16,2017-02-13,2017-02-13,SYN-DOC-003252,SYN-CLAIM-000253,SYN-CLAIM-000254,SANCTIONED,1,MATCH
SYN-MUT-003253,SYN-PARCEL-003253,SALE_TRANSFER,2018-02-14,2018-02-17,2018-03-14,2018-03-14,SYN-DOC-003253,SYN-CLAIM-000254,SYN-CLAIM-000255,SANCTIONED,2,MATCH
SYN-MUT-003254,SYN-PARCEL-003254,INHERITANCE_SUCCESSION,2019-03-15,2019-03-18,2019-04-15,2019-04-15,SYN-DOC-003254,SYN-CLAIM-000255,SYN-CLAIM-000256,PENDING_OBJECTION,3,REVIEW_REQUIRED
SYN-MUT-003255,SYN-PARCEL-003255,PARTITION,2020-04-16,2020-04-19,2020-05-16,2020-05-16,SYN-DOC-003255,SYN-CLAIM-000256,SYN-CLAIM-000257,REJECTED,1,REVIEW_REQUIRED
SYN-MUT-003256,SYN-PARCEL-003256,CONVERSION,2021-05-17,2021-05-20,2021-06-17,2021-06-17,SYN-DOC-003256,SYN-CLAIM-000257,SYN-CLAIM-000258,SANCTIONED,2,MATCH
SYN-MUT-003257,SYN-PARCEL-003257,MORTGAGE_CHARGE,2022-06-18,2022-06-21,2022-07-18,2022-07-18,SYN-DOC-003257,SYN-CLAIM-000258,SYN-CLAIM-000259,SANCTIONED,3,MATCH
SYN-MUT-003258,SYN-PARCEL-003258,RELEASE,2023-07-19,2023-07-22,2023-08-19,2023-08-19,SYN-DOC-003258,SYN-CLAIM-000259,SYN-CLAIM-000260,SANCTIONED,1,MATCH
SYN-MUT-003259,SYN-PARCEL-003259,SALE_TRANSFER,2024-08-20,2024-08-23,2024-09-20,2024-09-20,SYN-DOC-003259,SYN-CLAIM-000260,SYN-CLAIM-000261,PENDING_OBJECTION,2,REVIEW_REQUIRED
SYN-MUT-003260,SYN-PARCEL-003260,INHERITANCE_SUCCESSION,2015-09-01,2015-09-04,2015-10-01,2015-10-01,SYN-DOC-003260,SYN-CLAIM-000261,SYN-CLAIM-000262,REJECTED,3,REVIEW_REQUIRED
SYN-MUT-003261,SYN-PARCEL-003261,PARTITION,2016-10-02,2016-10-05,2016-11-02,2016-11-02,SYN-DOC-003261,SYN-CLAIM-000262,SYN-CLAIM-000263,SANCTIONED,1,MATCH
SYN-MUT-003262,SYN-PARCEL-003262,CONVERSION,2017-11-03,2017-11-06,2017-12-03,2017-12-03,SYN-DOC-003262,SYN-CLAIM-000263,SYN-CLAIM-000264,SANCTIONED,2,MATCH
SYN-MUT-003263,SYN-PARCEL-003263,MORTGAGE_CHARGE,2018-12-04,2018-12-07,2018-12-04,2018-12-04,SYN-DOC-003263,SYN-CLAIM-000264,SYN-CLAIM-000265,SANCTIONED,3,MATCH
SYN-MUT-003264,SYN-PARCEL-003264,RELEASE,2019-01-05,2019-01-08,2019-02-05,2019-02-05,SYN-DOC-003264,SYN-CLAIM-000265,SYN-CLAIM-000266,PENDING_OBJECTION,1,REVIEW_REQUIRED
SYN-MUT-003265,SYN-PARCEL-003265,SALE_TRANSFER,2020-02-06,2020-02-09,2020-03-06,2020-03-06,SYN-DOC-003265,SYN-CLAIM-000266,SYN-CLAIM-000267,REJECTED,2,REVIEW_REQUIRED
SYN-MUT-003266,SYN-PARCEL-003266,INHERITANCE_SUCCESSION,2021-03-07,2021-03-10,2021-04-07,2021-04-07,SYN-DOC-003266,SYN-CLAIM-000267,SYN-CLAIM-000268,SANCTIONED,3,MATCH
SYN-MUT-003267,SYN-PARCEL-003267,PARTITION,2022-04-08,2022-04-11,2022-05-08,2022-05-08,SYN-DOC-003267,SYN-CLAIM-000268,SYN-CLAIM-000269,SANCTIONED,1,MATCH
SYN-MUT-003268,SYN-PARCEL-003268,CONVERSION,2023-05-09,2023-05-12,2023-06-09,2023-06-09,SYN-DOC-003268,SYN-CLAIM-000269,SYN-CLAIM-000270,SANCTIONED,2,MATCH
SYN-MUT-003269,SYN-PARCEL-003269,MORTGAGE_CHARGE,2024-06-10,2024-06-13,2024-07-10,2024-07-10,SYN-DOC-003269,SYN-CLAIM-000270,SYN-CLAIM-000271,PENDING_OBJECTION,3,REVIEW_REQUIRED
SYN-MUT-003270,SYN-PARCEL-003270,RELEASE,2015-07-11,2015-07-14,2015-08-11,2015-08-11,SYN-DOC-003270,SYN-CLAIM-000271,SYN-CLAIM-000272,REJECTED,1,REVIEW_REQUIRED
SYN-MUT-003271,SYN-PARCEL-003271,SALE_TRANSFER,2016-08-12,2016-08-15,2016-09-12,2016-09-12,SYN-DOC-003271,SYN-CLAIM-000272,SYN-CLAIM-000273,SANCTIONED,2,MATCH
SYN-MUT-003272,SYN-PARCEL-003272,INHERITANCE_SUCCESSION,2017-09-13,2017-09-16,2017-10-13,2017-10-13,SYN-DOC-003272,SYN-CLAIM-000273,SYN-CLAIM-000274,SANCTIONED,3,MATCH
SYN-MUT-003273,SYN-PARCEL-003273,PARTITION,2018-10-14,2018-10-17,2018-11-14,2018-11-14,SYN-DOC-003273,SYN-CLAIM-000274,SYN-CLAIM-000275,SANCTIONED,1,MATCH
SYN-MUT-003274,SYN-PARCEL-003274,CONVERSION,2019-11-15,2019-11-18,2019-12-15,2019-12-15,SYN-DOC-003274,SYN-CLAIM-000275,SYN-CLAIM-000276,PENDING_OBJECTION,2,REVIEW_REQUIRED
SYN-MUT-003275,SYN-PARCEL-003275,MORTGAGE_CHARGE,2020-12-16,2020-12-19,2020-12-16,2020-12-16,SYN-DOC-003275,SYN-CLAIM-000276,SYN-CLAIM-000277,REJECTED,3,REVIEW_REQUIRED
SYN-MUT-003276,SYN-PARCEL-003276,RELEASE,2021-01-17,2021-01-20,2021-02-17,2021-02-17,SYN-DOC-003276,SYN-CLAIM-000277,SYN-CLAIM-000278,SANCTIONED,1,MATCH
SYN-MUT-003277,SYN-PARCEL-003277,SALE_TRANSFER,2022-02-18,2022-02-21,2022-03-18,2022-03-18,SYN-DOC-003277,SYN-CLAIM-000278,SYN-CLAIM-000279,SANCTIONED,2,MATCH
SYN-MUT-003278,SYN-PARCEL-003278,INHERITANCE_SUCCESSION,2023-03-19,2023-03-22,2023-04-19,2023-04-19,SYN-DOC-003278,SYN-CLAIM-000279,SYN-CLAIM-000280,SANCTIONED,3,MATCH
SYN-MUT-003279,SYN-PARCEL-003279,PARTITION,2024-04-20,2024-04-23,2024-05-20,2024-05-20,SYN-DOC-003279,SYN-CLAIM-000280,SYN-CLAIM-000281,PENDING_OBJECTION,1,REVIEW_REQUIRED
SYN-MUT-003280,SYN-PARCEL-003280,CONVERSION,2015-05-01,2015-05-04,2015-06-01,2015-06-01,SYN-DOC-003280,SYN-CLAIM-000281,SYN-CLAIM-000282,REJECTED,2,REVIEW_REQUIRED
SYN-MUT-003281,SYN-PARCEL-003281,MORTGAGE_CHARGE,2016-06-02,2016-06-05,2016-07-02,2016-07-02,SYN-DOC-003281,SYN-CLAIM-000282,SYN-CLAIM-000283,SANCTIONED,3,MATCH
SYN-MUT-003282,SYN-PARCEL-003282,RELEASE,2017-07-03,2017-07-06,2017-08-03,2017-08-03,SYN-DOC-003282,SYN-CLAIM-000283,SYN-CLAIM-000284,SANCTIONED,1,MATCH
SYN-MUT-003283,SYN-PARCEL-003283,SALE_TRANSFER,2018-08-04,2018-08-07,2018-09-04,2018-09-04,SYN-DOC-003283,SYN-CLAIM-000284,SYN-CLAIM-000285,SANCTIONED,2,MATCH
SYN-MUT-003284,SYN-PARCEL-003284,INHERITANCE_SUCCESSION,2019-09-05,2019-09-08,2019-10-05,2019-10-05,SYN-DOC-003284,SYN-CLAIM-000285,SYN-CLAIM-000286,PENDING_OBJECTION,3,REVIEW_REQUIRED
SYN-MUT-003285,SYN-PARCEL-003285,PARTITION,2020-10-06,2020-10-09,2020-11-06,2020-11-06,SYN-DOC-003285,SYN-CLAIM-000286,SYN-CLAIM-000287,REJECTED,1,REVIEW_REQUIRED
SYN-MUT-003286,SYN-PARCEL-003286,CONVERSION,2021-11-07,2021-11-10,2021-12-07,2021-12-07,SYN-DOC-003286,SYN-CLAIM-000287,SYN-CLAIM-000288,SANCTIONED,2,MATCH
SYN-MUT-003287,SYN-PARCEL-003287,MORTGAGE_CHARGE,2022-12-08,2022-12-11,2022-12-08,2022-12-08,SYN-DOC-003287,SYN-CLAIM-000288,SYN-CLAIM-000289,SANCTIONED,3,MATCH
SYN-MUT-003288,SYN-PARCEL-003288,RELEASE,2023-01-09,2023-01-12,2023-02-09,2023-02-09,SYN-DOC-003288,SYN-CLAIM-000289,SYN-CLAIM-000290,SANCTIONED,1,MATCH
SYN-MUT-003289,SYN-PARCEL-003289,SALE_TRANSFER,2024-02-10,2024-02-13,2024-03-10,2024-03-10,SYN-DOC-003289,SYN-CLAIM-000290,SYN-CLAIM-000291,PENDING_OBJECTION,2,REVIEW_REQUIRED
SYN-MUT-003290,SYN-PARCEL-003290,INHERITANCE_SUCCESSION,2015-03-11,2015-03-14,2015-04-11,2015-04-11,SYN-DOC-003290,SYN-CLAIM-000291,SYN-CLAIM-000292,REJECTED,3,REVIEW_REQUIRED
SYN-MUT-003291,SYN-PARCEL-003291,PARTITION,2016-04-12,2016-04-15,2016-05-12,2016-05-12,SYN-DOC-003291,SYN-CLAIM-000292,SYN-CLAIM-000293,SANCTIONED,1,MATCH
SYN-MUT-003292,SYN-PARCEL-003292,CONVERSION,2017-05-13,2017-05-16,2017-06-13,2017-06-13,SYN-DOC-003292,SYN-CLAIM-000293,SYN-CLAIM-000294,SANCTIONED,2,MATCH
SYN-MUT-003293,SYN-PARCEL-003293,MORTGAGE_CHARGE,2018-06-14,2018-06-17,2018-07-14,2018-07-14,SYN-DOC-003293,SYN-CLAIM-000294,SYN-CLAIM-000295,SANCTIONED,3,MATCH
SYN-MUT-003294,SYN-PARCEL-003294,RELEASE,2019-07-15,2019-07-18,2019-08-15,2019-08-15,SYN-DOC-003294,SYN-CLAIM-000295,SYN-CLAIM-000296,PENDING_OBJECTION,1,REVIEW_REQUIRED
SYN-MUT-003295,SYN-PARCEL-003295,SALE_TRANSFER,2020-08-16,2020-08-19,2020-09-16,2020-09-16,SYN-DOC-003295,SYN-CLAIM-000296,SYN-CLAIM-000297,REJECTED,2,REVIEW_REQUIRED
SYN-MUT-003296,SYN-PARCEL-003296,INHERITANCE_SUCCESSION,2021-09-17,2021-09-20,2021-10-17,2021-10-17,SYN-DOC-003296,SYN-CLAIM-000297,SYN-CLAIM-000298,SANCTIONED,3,MATCH
SYN-MUT-003297,SYN-PARCEL-003297,PARTITION,2022-10-18,2022-10-21,2022-11-18,2022-11-18,SYN-DOC-003297,SYN-CLAIM-000298,SYN-CLAIM-000299,SANCTIONED,1,MATCH
SYN-MUT-003298,SYN-PARCEL-003298,CONVERSION,2023-11-19,2023-11-22,2023-12-19,2023-12-19,SYN-DOC-003298,SYN-CLAIM-000299,SYN-CLAIM-000300,SANCTIONED,2,MATCH
SYN-MUT-003299,SYN-PARCEL-003299,MORTGAGE_CHARGE,2024-12-20,2024-12-23,2024-12-20,2024-12-20,SYN-DOC-003299,SYN-CLAIM-000300,SYN-CLAIM-000301,PENDING_OBJECTION,3,REVIEW_REQUIRED
SYN-MUT-003300,SYN-PARCEL-003300,RELEASE,2015-01-01,2015-01-04,2014-01-01,2014-01-01,SYN-DOC-003300,SYN-CLAIM-000301,SYN-CLAIM-000302,REJECTED,1,CHRONOLOGY_CONFLICT
SYN-MUT-003301,SYN-PARCEL-003301,SALE_TRANSFER,2016-02-02,2016-02-05,2016-03-02,2016-03-02,SYN-DOC-003301,SYN-CLAIM-000302,SYN-CLAIM-000303,SANCTIONED,2,MATCH
SYN-MUT-003302,SYN-PARCEL-003302,INHERITANCE_SUCCESSION,2017-03-03,2017-03-06,2017-04-03,2017-04-03,SYN-DOC-003302,SYN-CLAIM-000303,SYN-CLAIM-000304,SANCTIONED,3,MATCH
SYN-MUT-003303,SYN-PARCEL-003303,PARTITION,2018-04-04,2018-04-07,2018-05-04,2018-05-04,SYN-DOC-003303,SYN-CLAIM-000304,SYN-CLAIM-000305,SANCTIONED,1,MATCH
SYN-MUT-003304,SYN-PARCEL-003304,CONVERSION,2019-05-05,2019-05-08,2019-06-05,2019-06-05,SYN-DOC-003304,SYN-CLAIM-000305,SYN-CLAIM-000306,PENDING_OBJECTION,2,REVIEW_REQUIRED
SYN-MUT-003305,SYN-PARCEL-003305,MORTGAGE_CHARGE,2020-06-06,2020-06-09,2020-07-06,2020-07-06,SYN-DOC-003305,SYN-CLAIM-000306,SYN-CLAIM-000307,REJECTED,3,REVIEW_REQUIRED
SYN-MUT-003306,SYN-PARCEL-003306,RELEASE,2021-07-07,2021-07-10,2021-08-07,2021-08-07,SYN-DOC-003306,SYN-CLAIM-000307,SYN-CLAIM-000308,SANCTIONED,1,MATCH
SYN-MUT-003307,SYN-PARCEL-003307,SALE_TRANSFER,2022-08-08,2022-08-11,2022-09-08,2022-09-08,SYN-DOC-003307,SYN-CLAIM-000308,SYN-CLAIM-000309,SANCTIONED,2,MATCH
SYN-MUT-003308,SYN-PARCEL-003308,INHERITANCE_SUCCESSION,2023-09-09,2023-09-12,2023-10-09,2023-10-09,SYN-DOC-003308,SYN-CLAIM-000309,SYN-CLAIM-000310,SANCTIONED,3,MATCH
SYN-MUT-003309,SYN-PARCEL-003309,PARTITION,2024-10-10,2024-10-13,2024-11-10,2024-11-10,SYN-DOC-003309,SYN-CLAIM-000310,SYN-CLAIM-000311,PENDING_OBJECTION,1,REVIEW_REQUIRED
SYN-MUT-003310,SYN-PARCEL-003310,CONVERSION,2015-11-11,2015-11-14,2015-12-11,2015-12-11,SYN-DOC-003310,SYN-CLAIM-000311,SYN-CLAIM-000312,REJECTED,2,REVIEW_REQUIRED
SYN-MUT-003311,SYN-PARCEL-003311,MORTGAGE_CHARGE,2016-12-12,2016-12-15,2016-12-12,2016-12-12,SYN-DOC-003311,SYN-CLAIM-000312,SYN-CLAIM-000313,SANCTIONED,3,MATCH
SYN-MUT-003312,SYN-PARCEL-003312,RELEASE,2017-01-13,2017-01-16,2017-02-13,2017-02-13,SYN-DOC-003312,SYN-CLAIM-000313,SYN-CLAIM-000314,SANCTIONED,1,MATCH
SYN-MUT-003313,SYN-PARCEL-003313,SALE_TRANSFER,2018-02-14,2018-02-17,2018-03-14,2018-03-14,SYN-DOC-003313,SYN-CLAIM-000314,SYN-CLAIM-000315,SANCTIONED,2,MATCH
SYN-MUT-003314,SYN-PARCEL-003314,INHERITANCE_SUCCESSION,2019-03-15,2019-03-18,2019-04-15,2019-04-15,SYN-DOC-003314,SYN-CLAIM-000315,SYN-CLAIM-000316,PENDING_OBJECTION,3,REVIEW_REQUIRED
SYN-MUT-003315,SYN-PARCEL-003315,PARTITION,2020-04-16,2020-04-19,2020-05-16,2020-05-16,SYN-DOC-003315,SYN-CLAIM-000316,SYN-CLAIM-000317,REJECTED,1,REVIEW_REQUIRED
SYN-MUT-003316,SYN-PARCEL-003316,CONVERSION,2021-05-17,2021-05-20,2021-06-17,2021-06-17,SYN-DOC-003316,SYN-CLAIM-000317,SYN-CLAIM-000318,SANCTIONED,2,MATCH
SYN-MUT-003317,SYN-PARCEL-003317,MORTGAGE_CHARGE,2022-06-18,2022-06-21,2022-07-18,2022-07-18,SYN-DOC-003317,SYN-CLAIM-000318,SYN-CLAIM-000319,SANCTIONED,3,MATCH
SYN-MUT-003318,SYN-PARCEL-003318,RELEASE,2023-07-19,2023-07-22,2023-08-19,2023-08-19,SYN-DOC-003318,SYN-CLAIM-000319,SYN-CLAIM-000320,SANCTIONED,1,MATCH
SYN-MUT-003319,SYN-PARCEL-003319,SALE_TRANSFER,2024-08-20,2024-08-23,2024-09-20,2024-09-20,SYN-DOC-003319,SYN-CLAIM-000320,SYN-CLAIM-000321,PENDING_OBJECTION,2,REVIEW_REQUIRED
SYN-MUT-003320,SYN-PARCEL-003320,INHERITANCE_SUCCESSION,2015-09-01,2015-09-04,2015-10-01,2015-10-01,SYN-DOC-003320,SYN-CLAIM-000321,SYN-CLAIM-000322,REJECTED,3,REVIEW_REQUIRED
SYN-MUT-003321,SYN-PARCEL-003321,PARTITION,2016-10-02,2016-10-05,2016-11-02,2016-11-02,SYN-DOC-003321,SYN-CLAIM-000322,SYN-CLAIM-000323,SANCTIONED,1,MATCH
SYN-MUT-003322,SYN-PARCEL-003322,CONVERSION,2017-11-03,2017-11-06,2017-12-03,2017-12-03,SYN-DOC-003322,SYN-CLAIM-000323,SYN-CLAIM-000324,SANCTIONED,2,MATCH
SYN-MUT-003323,SYN-PARCEL-003323,MORTGAGE_CHARGE,2018-12-04,2018-12-07,2018-12-04,2018-12-04,SYN-DOC-003323,SYN-CLAIM-000324,SYN-CLAIM-000325,SANCTIONED,3,MATCH
SYN-MUT-003324,SYN-PARCEL-003324,RELEASE,2019-01-05,2019-01-08,2019-02-05,2019-02-05,SYN-DOC-003324,SYN-CLAIM-000325,SYN-CLAIM-000326,PENDING_OBJECTION,1,REVIEW_REQUIRED
SYN-MUT-003325,SYN-PARCEL-003325,SALE_TRANSFER,2020-02-06,2020-02-09,2020-03-06,2020-03-06,SYN-DOC-003325,SYN-CLAIM-000326,SYN-CLAIM-000327,REJECTED,2,REVIEW_REQUIRED
SYN-MUT-003326,SYN-PARCEL-003326,INHERITANCE_SUCCESSION,2021-03-07,2021-03-10,2021-04-07,2021-04-07,SYN-DOC-003326,SYN-CLAIM-000327,SYN-CLAIM-000328,SANCTIONED,3,MATCH
SYN-MUT-003327,SYN-PARCEL-003327,PARTITION,2022-04-08,2022-04-11,2022-05-08,2022-05-08,SYN-DOC-003327,SYN-CLAIM-000328,SYN-CLAIM-000329,SANCTIONED,1,MATCH
SYN-MUT-003328,SYN-PARCEL-003328,CONVERSION,2023-05-09,2023-05-12,2023-06-09,2023-06-09,SYN-DOC-003328,SYN-CLAIM-000329,SYN-CLAIM-000330,SANCTIONED,2,MATCH
SYN-MUT-003329,SYN-PARCEL-003329,MORTGAGE_CHARGE,2024-06-10,2024-06-13,2024-07-10,2024-07-10,SYN-DOC-003329,SYN-CLAIM-000330,SYN-CLAIM-000331,PENDING_OBJECTION,3,REVIEW_REQUIRED
SYN-MUT-003330,SYN-PARCEL-003330,RELEASE,2015-07-11,2015-07-14,2015-08-11,2015-08-11,SYN-DOC-003330,SYN-CLAIM-000331,SYN-CLAIM-000332,REJECTED,1,REVIEW_REQUIRED
SYN-MUT-003331,SYN-PARCEL-003331,SALE_TRANSFER,2016-08-12,2016-08-15,2016-09-12,2016-09-12,SYN-DOC-003331,SYN-CLAIM-000332,SYN-CLAIM-000333,SANCTIONED,2,MATCH
SYN-MUT-003332,SYN-PARCEL-003332,INHERITANCE_SUCCESSION,2017-09-13,2017-09-16,2017-10-13,2017-10-13,SYN-DOC-003332,SYN-CLAIM-000333,SYN-CLAIM-000334,SANCTIONED,3,MATCH
SYN-MUT-003333,SYN-PARCEL-003333,PARTITION,2018-10-14,2018-10-17,2018-11-14,2018-11-14,SYN-DOC-003333,SYN-CLAIM-000334,SYN-CLAIM-000335,SANCTIONED,1,MATCH
SYN-MUT-003334,SYN-PARCEL-003334,CONVERSION,2019-11-15,2019-11-18,2019-12-15,2019-12-15,SYN-DOC-003334,SYN-CLAIM-000335,SYN-CLAIM-000336,PENDING_OBJECTION,2,REVIEW_REQUIRED
SYN-MUT-003335,SYN-PARCEL-003335,MORTGAGE_CHARGE,2020-12-16,2020-12-19,2020-12-16,2020-12-16,SYN-DOC-003335,SYN-CLAIM-000336,SYN-CLAIM-000337,REJECTED,3,REVIEW_REQUIRED
SYN-MUT-003336,SYN-PARCEL-003336,RELEASE,2021-01-17,2021-01-20,2021-02-17,2021-02-17,SYN-DOC-003336,SYN-CLAIM-000337,SYN-CLAIM-000338,SANCTIONED,1,MATCH
SYN-MUT-003337,SYN-PARCEL-003337,SALE_TRANSFER,2022-02-18,2022-02-21,2022-03-18,2022-03-18,SYN-DOC-003337,SYN-CLAIM-000338,SYN-CLAIM-000339,SANCTIONED,2,MATCH
SYN-MUT-003338,SYN-PARCEL-003338,INHERITANCE_SUCCESSION,2023-03-19,2023-03-22,2023-04-19,2023-04-19,SYN-DOC-003338,SYN-CLAIM-000339,SYN-CLAIM-000340,SANCTIONED,3,MATCH
SYN-MUT-003339,SYN-PARCEL-003339,PARTITION,2024-04-20,2024-04-23,2024-05-20,2024-05-20,SYN-DOC-003339,SYN-CLAIM-000340,SYN-CLAIM-000341,PENDING_OBJECTION,1,REVIEW_REQUIRED
SYN-MUT-003340,SYN-PARCEL-003340,CONVERSION,2015-05-01,2015-05-04,2015-06-01,2015-06-01,SYN-DOC-003340,SYN-CLAIM-000341,SYN-CLAIM-000342,REJECTED,2,REVIEW_REQUIRED
SYN-MUT-003341,SYN-PARCEL-003341,MORTGAGE_CHARGE,2016-06-02,2016-06-05,2016-07-02,2016-07-02,SYN-DOC-003341,SYN-CLAIM-000342,SYN-CLAIM-000343,SANCTIONED,3,MATCH
SYN-MUT-003342,SYN-PARCEL-003342,RELEASE,2017-07-03,2017-07-06,2017-08-03,2017-08-03,SYN-DOC-003342,SYN-CLAIM-000343,SYN-CLAIM-000344,SANCTIONED,1,MATCH
SYN-MUT-003343,SYN-PARCEL-003343,SALE_TRANSFER,2018-08-04,2018-08-07,2018-09-04,2018-09-04,SYN-DOC-003343,SYN-CLAIM-000344,SYN-CLAIM-000345,SANCTIONED,2,MATCH
SYN-MUT-003344,SYN-PARCEL-003344,INHERITANCE_SUCCESSION,2019-09-05,2019-09-08,2019-10-05,2019-10-05,SYN-DOC-003344,SYN-CLAIM-000345,SYN-CLAIM-000346,PENDING_OBJECTION,3,REVIEW_REQUIRED
SYN-MUT-003345,SYN-PARCEL-003345,PARTITION,2020-10-06,2020-10-09,2020-11-06,2020-11-06,SYN-DOC-003345,SYN-CLAIM-000346,SYN-CLAIM-000347,REJECTED,1,REVIEW_REQUIRED
SYN-MUT-003346,SYN-PARCEL-003346,CONVERSION,2021-11-07,2021-11-10,2021-12-07,2021-12-07,SYN-DOC-003346,SYN-CLAIM-000347,SYN-CLAIM-000348,SANCTIONED,2,MATCH
SYN-MUT-003347,SYN-PARCEL-003347,MORTGAGE_CHARGE,2022-12-08,2022-12-11,2022-12-08,2022-12-08,SYN-DOC-003347,SYN-CLAIM-000348,SYN-CLAIM-000349,SANCTIONED,3,MATCH
SYN-MUT-003348,SYN-PARCEL-003348,RELEASE,2023-01-09,2023-01-12,2023-02-09,2023-02-09,SYN-DOC-003348,SYN-CLAIM-000349,SYN-CLAIM-000350,SANCTIONED,1,MATCH
SYN-MUT-003349,SYN-PARCEL-003349,SALE_TRANSFER,2024-02-10,2024-02-13,2024-03-10,2024-03-10,SYN-DOC-003349,SYN-CLAIM-000350,SYN-CLAIM-000351,PENDING_OBJECTION,2,REVIEW_REQUIRED
SYN-MUT-003350,SYN-PARCEL-003350,INHERITANCE_SUCCESSION,2015-03-11,2015-03-14,2015-04-11,2015-04-11,SYN-DOC-003350,SYN-CLAIM-000351,SYN-CLAIM-000352,REJECTED,3,REVIEW_REQUIRED
SYN-MUT-003351,SYN-PARCEL-003351,PARTITION,2016-04-12,2016-04-15,2016-05-12,2016-05-12,SYN-DOC-003351,SYN-CLAIM-000352,SYN-CLAIM-000353,SANCTIONED,1,MATCH
SYN-MUT-003352,SYN-PARCEL-003352,CONVERSION,2017-05-13,2017-05-16,2017-06-13,2017-06-13,SYN-DOC-003352,SYN-CLAIM-000353,SYN-CLAIM-000354,SANCTIONED,2,MATCH
SYN-MUT-003353,SYN-PARCEL-003353,MORTGAGE_CHARGE,2018-06-14,2018-06-17,2018-07-14,2018-07-14,SYN-DOC-003353,SYN-CLAIM-000354,SYN-CLAIM-000355,SANCTIONED,3,MATCH
SYN-MUT-003354,SYN-PARCEL-003354,RELEASE,2019-07-15,2019-07-18,2019-08-15,2019-08-15,SYN-DOC-003354,SYN-CLAIM-000355,SYN-CLAIM-000356,PENDING_OBJECTION,1,REVIEW_REQUIRED
SYN-MUT-003355,SYN-PARCEL-003355,SALE_TRANSFER,2020-08-16,2020-08-19,2020-09-16,2020-09-16,SYN-DOC-003355,SYN-CLAIM-000356,SYN-CLAIM-000357,REJECTED,2,REVIEW_REQUIRED
SYN-MUT-003356,SYN-PARCEL-003356,INHERITANCE_SUCCESSION,2021-09-17,2021-09-20,2021-10-17,2021-10-17,SYN-DOC-003356,SYN-CLAIM-000357,SYN-CLAIM-000358,SANCTIONED,3,MATCH
SYN-MUT-003357,SYN-PARCEL-003357,PARTITION,2022-10-18,2022-10-21,2022-11-18,2022-11-18,SYN-DOC-003357,SYN-CLAIM-000358,SYN-CLAIM-000359,SANCTIONED,1,MATCH
SYN-MUT-003358,SYN-PARCEL-003358,CONVERSION,2023-11-19,2023-11-22,2023-12-19,2023-12-19,SYN-DOC-003358,SYN-CLAIM-000359,SYN-CLAIM-000360,SANCTIONED,2,MATCH
SYN-MUT-003359,SYN-PARCEL-003359,MORTGAGE_CHARGE,2024-12-20,2024-12-23,2024-12-20,2024-12-20,SYN-DOC-003359,SYN-CLAIM-000360,SYN-CLAIM-000361,PENDING_OBJECTION,3,REVIEW_REQUIRED
SYN-MUT-003360,SYN-PARCEL-003360,RELEASE,2015-01-01,2015-01-04,2015-02-01,2015-02-01,SYN-DOC-003360,SYN-CLAIM-000361,SYN-CLAIM-000362,REJECTED,1,REVIEW_REQUIRED
SYN-MUT-003361,SYN-PARCEL-003361,SALE_TRANSFER,2016-02-02,2016-02-05,2016-03-02,2016-03-02,SYN-DOC-003361,SYN-CLAIM-000362,SYN-CLAIM-000363,SANCTIONED,2,MATCH
SYN-MUT-003362,SYN-PARCEL-003362,INHERITANCE_SUCCESSION,2017-03-03,2017-03-06,2017-04-03,2017-04-03,SYN-DOC-003362,SYN-CLAIM-000363,SYN-CLAIM-000364,SANCTIONED,3,MATCH
SYN-MUT-003363,SYN-PARCEL-003363,PARTITION,2018-04-04,2018-04-07,2018-05-04,2018-05-04,SYN-DOC-003363,SYN-CLAIM-000364,SYN-CLAIM-000365,SANCTIONED,1,MATCH
SYN-MUT-003364,SYN-PARCEL-003364,CONVERSION,2019-05-05,2019-05-08,2019-06-05,2019-06-05,SYN-DOC-003364,SYN-CLAIM-000365,SYN-CLAIM-000366,PENDING_OBJECTION,2,REVIEW_REQUIRED
SYN-MUT-003365,SYN-PARCEL-003365,MORTGAGE_CHARGE,2020-06-06,2020-06-09,2020-07-06,2020-07-06,SYN-DOC-003365,SYN-CLAIM-000366,SYN-CLAIM-000367,REJECTED,3,REVIEW_REQUIRED
SYN-MUT-003366,SYN-PARCEL-003366,RELEASE,2021-07-07,2021-07-10,2021-08-07,2021-08-07,SYN-DOC-003366,SYN-CLAIM-000367,SYN-CLAIM-000368,SANCTIONED,1,MATCH
SYN-MUT-003367,SYN-PARCEL-003367,SALE_TRANSFER,2022-08-08,2022-08-11,2022-09-08,2022-09-08,SYN-DOC-003367,SYN-CLAIM-000368,SYN-CLAIM-000369,SANCTIONED,2,MATCH
SYN-MUT-003368,SYN-PARCEL-003368,INHERITANCE_SUCCESSION,2023-09-09,2023-09-12,2023-10-09,2023-10-09,SYN-DOC-003368,SYN-CLAIM-000369,SYN-CLAIM-000370,SANCTIONED,3,MATCH
SYN-MUT-003369,SYN-PARCEL-003369,PARTITION,2024-10-10,2024-10-13,2024-11-10,2024-11-10,SYN-DOC-003369,SYN-CLAIM-000370,SYN-CLAIM-000371,PENDING_OBJECTION,1,REVIEW_REQUIRED
SYN-MUT-003370,SYN-PARCEL-003370,CONVERSION,2015-11-11,2015-11-14,2015-12-11,2015-12-11,SYN-DOC-003370,SYN-CLAIM-000371,SYN-CLAIM-000372,REJECTED,2,REVIEW_REQUIRED
SYN-MUT-003371,SYN-PARCEL-003371,MORTGAGE_CHARGE,2016-12-12,2016-12-15,2016-12-12,2016-12-12,SYN-DOC-003371,SYN-CLAIM-000372,SYN-CLAIM-000373,SANCTIONED,3,MATCH
SYN-MUT-003372,SYN-PARCEL-003372,RELEASE,2017-01-13,2017-01-16,2017-02-13,2017-02-13,SYN-DOC-003372,SYN-CLAIM-000373,SYN-CLAIM-000374,SANCTIONED,1,MATCH
SYN-MUT-003373,SYN-PARCEL-003373,SALE_TRANSFER,2018-02-14,2018-02-17,2018-03-14,2018-03-14,SYN-DOC-003373,SYN-CLAIM-000374,SYN-CLAIM-000375,SANCTIONED,2,MATCH
SYN-MUT-003374,SYN-PARCEL-003374,INHERITANCE_SUCCESSION,2019-03-15,2019-03-18,2019-04-15,2019-04-15,SYN-DOC-003374,SYN-CLAIM-000375,SYN-CLAIM-000376,PENDING_OBJECTION,3,REVIEW_REQUIRED
SYN-MUT-003375,SYN-PARCEL-003375,PARTITION,2020-04-16,2020-04-19,2020-05-16,2020-05-16,SYN-DOC-003375,SYN-CLAIM-000376,SYN-CLAIM-000377,REJECTED,1,REVIEW_REQUIRED
SYN-MUT-003376,SYN-PARCEL-003376,CONVERSION,2021-05-17,2021-05-20,2021-06-17,2021-06-17,SYN-DOC-003376,SYN-CLAIM-000377,SYN-CLAIM-000378,SANCTIONED,2,MATCH
SYN-MUT-003377,SYN-PARCEL-003377,MORTGAGE_CHARGE,2022-06-18,2022-06-21,2022-07-18,2022-07-18,SYN-DOC-003377,SYN-CLAIM-000378,SYN-CLAIM-000379,SANCTIONED,3,MATCH
SYN-MUT-003378,SYN-PARCEL-003378,RELEASE,2023-07-19,2023-07-22,2023-08-19,2023-08-19,SYN-DOC-003378,SYN-CLAIM-000379,SYN-CLAIM-000380,SANCTIONED,1,MATCH
SYN-MUT-003379,SYN-PARCEL-003379,SALE_TRANSFER,2024-08-20,2024-08-23,2024-09-20,2024-09-20,SYN-DOC-003379,SYN-CLAIM-000380,SYN-CLAIM-000381,PENDING_OBJECTION,2,REVIEW_REQUIRED
SYN-MUT-003380,SYN-PARCEL-003380,INHERITANCE_SUCCESSION,2015-09-01,2015-09-04,2015-10-01,2015-10-01,SYN-DOC-003380,SYN-CLAIM-000381,SYN-CLAIM-000382,REJECTED,3,REVIEW_REQUIRED
SYN-MUT-003381,SYN-PARCEL-003381,PARTITION,2016-10-02,2016-10-05,2016-11-02,2016-11-02,SYN-DOC-003381,SYN-CLAIM-000382,SYN-CLAIM-000383,SANCTIONED,1,MATCH
SYN-MUT-003382,SYN-PARCEL-003382,CONVERSION,2017-11-03,2017-11-06,2017-12-03,2017-12-03,SYN-DOC-003382,SYN-CLAIM-000383,SYN-CLAIM-000384,SANCTIONED,2,MATCH
SYN-MUT-003383,SYN-PARCEL-003383,MORTGAGE_CHARGE,2018-12-04,2018-12-07,2018-12-04,2018-12-04,SYN-DOC-003383,SYN-CLAIM-000384,SYN-CLAIM-000385,SANCTIONED,3,MATCH
SYN-MUT-003384,SYN-PARCEL-003384,RELEASE,2019-01-05,2019-01-08,2019-02-05,2019-02-05,SYN-DOC-003384,SYN-CLAIM-000385,SYN-CLAIM-000386,PENDING_OBJECTION,1,REVIEW_REQUIRED
SYN-MUT-003385,SYN-PARCEL-003385,SALE_TRANSFER,2020-02-06,2020-02-09,2020-03-06,2020-03-06,SYN-DOC-003385,SYN-CLAIM-000386,SYN-CLAIM-000387,REJECTED,2,REVIEW_REQUIRED
SYN-MUT-003386,SYN-PARCEL-003386,INHERITANCE_SUCCESSION,2021-03-07,2021-03-10,2021-04-07,2021-04-07,SYN-DOC-003386,SYN-CLAIM-000387,SYN-CLAIM-000388,SANCTIONED,3,MATCH
SYN-MUT-003387,SYN-PARCEL-003387,PARTITION,2022-04-08,2022-04-11,2022-05-08,2022-05-08,SYN-DOC-003387,SYN-CLAIM-000388,SYN-CLAIM-000389,SANCTIONED,1,MATCH
SYN-MUT-003388,SYN-PARCEL-003388,CONVERSION,2023-05-09,2023-05-12,2023-06-09,2023-06-09,SYN-DOC-003388,SYN-CLAIM-000389,SYN-CLAIM-000390,SANCTIONED,2,MATCH
SYN-MUT-003389,SYN-PARCEL-003389,MORTGAGE_CHARGE,2024-06-10,2024-06-13,2024-07-10,2024-07-10,SYN-DOC-003389,SYN-CLAIM-000390,SYN-CLAIM-000391,PENDING_OBJECTION,3,REVIEW_REQUIRED
SYN-MUT-003390,SYN-PARCEL-003390,RELEASE,2015-07-11,2015-07-14,2015-08-11,2015-08-11,SYN-DOC-003390,SYN-CLAIM-000391,SYN-CLAIM-000392,REJECTED,1,REVIEW_REQUIRED
SYN-MUT-003391,SYN-PARCEL-003391,SALE_TRANSFER,2016-08-12,2016-08-15,2016-09-12,2016-09-12,SYN-DOC-003391,SYN-CLAIM-000392,SYN-CLAIM-000393,SANCTIONED,2,MATCH
SYN-MUT-003392,SYN-PARCEL-003392,INHERITANCE_SUCCESSION,2017-09-13,2017-09-16,2017-10-13,2017-10-13,SYN-DOC-003392,SYN-CLAIM-000393,SYN-CLAIM-000394,SANCTIONED,3,MATCH
SYN-MUT-003393,SYN-PARCEL-003393,PARTITION,2018-10-14,2018-10-17,2018-11-14,2018-11-14,SYN-DOC-003393,SYN-CLAIM-000394,SYN-CLAIM-000395,SANCTIONED,1,MATCH
SYN-MUT-003394,SYN-PARCEL-003394,CONVERSION,2019-11-15,2019-11-18,2019-12-15,2019-12-15,SYN-DOC-003394,SYN-CLAIM-000395,SYN-CLAIM-000396,PENDING_OBJECTION,2,REVIEW_REQUIRED
SYN-MUT-003395,SYN-PARCEL-003395,MORTGAGE_CHARGE,2020-12-16,2020-12-19,2020-12-16,2020-12-16,SYN-DOC-003395,SYN-CLAIM-000396,SYN-CLAIM-000397,REJECTED,3,REVIEW_REQUIRED
SYN-MUT-003396,SYN-PARCEL-003396,RELEASE,2021-01-17,2021-01-20,2021-02-17,2021-02-17,SYN-DOC-003396,SYN-CLAIM-000397,SYN-CLAIM-000398,SANCTIONED,1,MATCH
SYN-MUT-003397,SYN-PARCEL-003397,SALE_TRANSFER,2022-02-18,2022-02-21,2022-03-18,2022-03-18,SYN-DOC-003397,SYN-CLAIM-000398,SYN-CLAIM-000399,SANCTIONED,2,MATCH
SYN-MUT-003398,SYN-PARCEL-003398,INHERITANCE_SUCCESSION,2023-03-19,2023-03-22,2023-04-19,2023-04-19,SYN-DOC-003398,SYN-CLAIM-000399,SYN-CLAIM-000400,SANCTIONED,3,MATCH
SYN-MUT-003399,SYN-PARCEL-003399,PARTITION,2024-04-20,2024-04-23,2024-05-20,2024-05-20,SYN-DOC-003399,SYN-CLAIM-000400,SYN-CLAIM-000401,PENDING_OBJECTION,1,REVIEW_REQUIRED
SYN-MUT-003400,SYN-PARCEL-003400,CONVERSION,2015-05-01,2015-05-04,2015-06-01,2015-06-01,SYN-DOC-003400,SYN-CLAIM-000401,SYN-CLAIM-000402,REJECTED,2,REVIEW_REQUIRED
SYN-MUT-003401,SYN-PARCEL-003401,MORTGAGE_CHARGE,2016-06-02,2016-06-05,2016-07-02,2016-07-02,SYN-DOC-003401,SYN-CLAIM-000402,SYN-CLAIM-000403,SANCTIONED,3,MATCH
SYN-MUT-003402,SYN-PARCEL-003402,RELEASE,2017-07-03,2017-07-06,2017-08-03,2017-08-03,SYN-DOC-003402,SYN-CLAIM-000403,SYN-CLAIM-000404,SANCTIONED,1,MATCH
SYN-MUT-003403,SYN-PARCEL-003403,SALE_TRANSFER,2018-08-04,2018-08-07,2018-09-04,2018-09-04,SYN-DOC-003403,SYN-CLAIM-000404,SYN-CLAIM-000405,SANCTIONED,2,MATCH
SYN-MUT-003404,SYN-PARCEL-003404,INHERITANCE_SUCCESSION,2019-09-05,2019-09-08,2019-10-05,2019-10-05,SYN-DOC-003404,SYN-CLAIM-000405,SYN-CLAIM-000406,PENDING_OBJECTION,3,REVIEW_REQUIRED
SYN-MUT-003405,SYN-PARCEL-003405,PARTITION,2020-10-06,2020-10-09,2020-11-06,2020-11-06,SYN-DOC-003405,SYN-CLAIM-000406,SYN-CLAIM-000407,REJECTED,1,REVIEW_REQUIRED
SYN-MUT-003406,SYN-PARCEL-003406,CONVERSION,2021-11-07,2021-11-10,2021-12-07,2021-12-07,SYN-DOC-003406,SYN-CLAIM-000407,SYN-CLAIM-000408,SANCTIONED,2,MATCH
SYN-MUT-003407,SYN-PARCEL-003407,MORTGAGE_CHARGE,2022-12-08,2022-12-11,2022-12-08,2022-12-08,SYN-DOC-003407,SYN-CLAIM-000408,SYN-CLAIM-000409,SANCTIONED,3,MATCH
SYN-MUT-003408,SYN-PARCEL-003408,RELEASE,2023-01-09,2023-01-12,2023-02-09,2023-02-09,SYN-DOC-003408,SYN-CLAIM-000409,SYN-CLAIM-000410,SANCTIONED,1,MATCH
SYN-MUT-003409,SYN-PARCEL-003409,SALE_TRANSFER,2024-02-10,2024-02-13,2024-03-10,2024-03-10,SYN-DOC-003409,SYN-CLAIM-000410,SYN-CLAIM-000411,PENDING_OBJECTION,2,REVIEW_REQUIRED
SYN-MUT-003410,SYN-PARCEL-003410,INHERITANCE_SUCCESSION,2015-03-11,2015-03-14,2015-04-11,2015-04-11,SYN-DOC-003410,SYN-CLAIM-000411,SYN-CLAIM-000412,REJECTED,3,REVIEW_REQUIRED
SYN-MUT-003411,SYN-PARCEL-003411,PARTITION,2016-04-12,2016-04-15,2016-05-12,2016-05-12,SYN-DOC-003411,SYN-CLAIM-000412,SYN-CLAIM-000413,SANCTIONED,1,MATCH
SYN-MUT-003412,SYN-PARCEL-003412,CONVERSION,2017-05-13,2017-05-16,2017-06-13,2017-06-13,SYN-DOC-003412,SYN-CLAIM-000413,SYN-CLAIM-000414,SANCTIONED,2,MATCH
SYN-MUT-003413,SYN-PARCEL-003413,MORTGAGE_CHARGE,2018-06-14,2018-06-17,2018-07-14,2018-07-14,SYN-DOC-003413,SYN-CLAIM-000414,SYN-CLAIM-000415,SANCTIONED,3,MATCH
SYN-MUT-003414,SYN-PARCEL-003414,RELEASE,2019-07-15,2019-07-18,2019-08-15,2019-08-15,SYN-DOC-003414,SYN-CLAIM-000415,SYN-CLAIM-000416,PENDING_OBJECTION,1,REVIEW_REQUIRED
SYN-MUT-003415,SYN-PARCEL-003415,SALE_TRANSFER,2020-08-16,2020-08-19,2020-09-16,2020-09-16,SYN-DOC-003415,SYN-CLAIM-000416,SYN-CLAIM-000417,REJECTED,2,REVIEW_REQUIRED
SYN-MUT-003416,SYN-PARCEL-003416,INHERITANCE_SUCCESSION,2021-09-17,2021-09-20,2021-10-17,2021-10-17,SYN-DOC-003416,SYN-CLAIM-000417,SYN-CLAIM-000418,SANCTIONED,3,MATCH
SYN-MUT-003417,SYN-PARCEL-003417,PARTITION,2022-10-18,2022-10-21,2022-11-18,2022-11-18,SYN-DOC-003417,SYN-CLAIM-000418,SYN-CLAIM-000419,SANCTIONED,1,MATCH
SYN-MUT-003418,SYN-PARCEL-003418,CONVERSION,2023-11-19,2023-11-22,2023-12-19,2023-12-19,SYN-DOC-003418,SYN-CLAIM-000419,SYN-CLAIM-000420,SANCTIONED,2,MATCH
SYN-MUT-003419,SYN-PARCEL-003419,MORTGAGE_CHARGE,2024-12-20,2024-12-23,2024-12-20,2024-12-20,SYN-DOC-003419,SYN-CLAIM-000420,SYN-CLAIM-000421,PENDING_OBJECTION,3,REVIEW_REQUIRED
SYN-MUT-003420,SYN-PARCEL-003420,RELEASE,2015-01-01,2015-01-04,2015-02-01,2015-02-01,SYN-DOC-003420,SYN-CLAIM-000421,SYN-CLAIM-000422,REJECTED,1,REVIEW_REQUIRED
SYN-MUT-003421,SYN-PARCEL-003421,SALE_TRANSFER,2016-02-02,2016-02-05,2016-03-02,2016-03-02,SYN-DOC-003421,SYN-CLAIM-000422,SYN-CLAIM-000423,SANCTIONED,2,MATCH
SYN-MUT-003422,SYN-PARCEL-003422,INHERITANCE_SUCCESSION,2017-03-03,2017-03-06,2017-04-03,2017-04-03,SYN-DOC-003422,SYN-CLAIM-000423,SYN-CLAIM-000424,SANCTIONED,3,MATCH
SYN-MUT-003423,SYN-PARCEL-003423,PARTITION,2018-04-04,2018-04-07,2018-05-04,2018-05-04,SYN-DOC-003423,SYN-CLAIM-000424,SYN-CLAIM-000425,SANCTIONED,1,MATCH
SYN-MUT-003424,SYN-PARCEL-003424,CONVERSION,2019-05-05,2019-05-08,2019-06-05,2019-06-05,SYN-DOC-003424,SYN-CLAIM-000425,SYN-CLAIM-000426,PENDING_OBJECTION,2,REVIEW_REQUIRED
SYN-MUT-003425,SYN-PARCEL-003425,MORTGAGE_CHARGE,2020-06-06,2020-06-09,2020-07-06,2020-07-06,SYN-DOC-003425,SYN-CLAIM-000426,SYN-CLAIM-000427,REJECTED,3,REVIEW_REQUIRED
SYN-MUT-003426,SYN-PARCEL-003426,RELEASE,2021-07-07,2021-07-10,2021-08-07,2021-08-07,SYN-DOC-003426,SYN-CLAIM-000427,SYN-CLAIM-000428,SANCTIONED,1,MATCH
SYN-MUT-003427,SYN-PARCEL-003427,SALE_TRANSFER,2022-08-08,2022-08-11,2022-09-08,2022-09-08,SYN-DOC-003427,SYN-CLAIM-000428,SYN-CLAIM-000429,SANCTIONED,2,MATCH
SYN-MUT-003428,SYN-PARCEL-003428,INHERITANCE_SUCCESSION,2023-09-09,2023-09-12,2023-10-09,2023-10-09,SYN-DOC-003428,SYN-CLAIM-000429,SYN-CLAIM-000430,SANCTIONED,3,MATCH
SYN-MUT-003429,SYN-PARCEL-003429,PARTITION,2024-10-10,2024-10-13,2024-11-10,2024-11-10,SYN-DOC-003429,SYN-CLAIM-000430,SYN-CLAIM-000431,PENDING_OBJECTION,1,REVIEW_REQUIRED
SYN-MUT-003430,SYN-PARCEL-003430,CONVERSION,2015-11-11,2015-11-14,2015-12-11,2015-12-11,SYN-DOC-003430,SYN-CLAIM-000431,SYN-CLAIM-000432,REJECTED,2,REVIEW_REQUIRED
SYN-MUT-003431,SYN-PARCEL-003431,MORTGAGE_CHARGE,2016-12-12,2016-12-15,2016-12-12,2016-12-12,SYN-DOC-003431,SYN-CLAIM-000432,SYN-CLAIM-000433,SANCTIONED,3,MATCH
SYN-MUT-003432,SYN-PARCEL-003432,RELEASE,2017-01-13,2017-01-16,2017-02-13,2017-02-13,SYN-DOC-003432,SYN-CLAIM-000433,SYN-CLAIM-000434,SANCTIONED,1,MATCH
SYN-MUT-003433,SYN-PARCEL-003433,SALE_TRANSFER,2018-02-14,2018-02-17,2018-03-14,2018-03-14,SYN-DOC-003433,SYN-CLAIM-000434,SYN-CLAIM-000435,SANCTIONED,2,MATCH
SYN-MUT-003434,SYN-PARCEL-003434,INHERITANCE_SUCCESSION,2019-03-15,2019-03-18,2019-04-15,2019-04-15,SYN-DOC-003434,SYN-CLAIM-000435,SYN-CLAIM-000436,PENDING_OBJECTION,3,REVIEW_REQUIRED
SYN-MUT-003435,SYN-PARCEL-003435,PARTITION,2020-04-16,2020-04-19,2020-05-16,2020-05-16,SYN-DOC-003435,SYN-CLAIM-000436,SYN-CLAIM-000437,REJECTED,1,REVIEW_REQUIRED
SYN-MUT-003436,SYN-PARCEL-003436,CONVERSION,2021-05-17,2021-05-20,2021-06-17,2021-06-17,SYN-DOC-003436,SYN-CLAIM-000437,SYN-CLAIM-000438,SANCTIONED,2,MATCH
SYN-MUT-003437,SYN-PARCEL-003437,MORTGAGE_CHARGE,2022-06-18,2022-06-21,2022-07-18,2022-07-18,SYN-DOC-003437,SYN-CLAIM-000438,SYN-CLAIM-000439,SANCTIONED,3,MATCH
SYN-MUT-003438,SYN-PARCEL-003438,RELEASE,2023-07-19,2023-07-22,2023-08-19,2023-08-19,SYN-DOC-003438,SYN-CLAIM-000439,SYN-CLAIM-000440,SANCTIONED,1,MATCH
SYN-MUT-003439,SYN-PARCEL-003439,SALE_TRANSFER,2024-08-20,2024-08-23,2024-09-20,2024-09-20,SYN-DOC-003439,SYN-CLAIM-000440,SYN-CLAIM-000441,PENDING_OBJECTION,2,REVIEW_REQUIRED
SYN-MUT-003440,SYN-PARCEL-003440,INHERITANCE_SUCCESSION,2015-09-01,2015-09-04,2015-10-01,2015-10-01,SYN-DOC-003440,SYN-CLAIM-000441,SYN-CLAIM-000442,REJECTED,3,REVIEW_REQUIRED
SYN-MUT-003441,SYN-PARCEL-003441,PARTITION,2016-10-02,2016-10-05,2016-11-02,2016-11-02,SYN-DOC-003441,SYN-CLAIM-000442,SYN-CLAIM-000443,SANCTIONED,1,MATCH
SYN-MUT-003442,SYN-PARCEL-003442,CONVERSION,2017-11-03,2017-11-06,2017-12-03,2017-12-03,SYN-DOC-003442,SYN-CLAIM-000443,SYN-CLAIM-000444,SANCTIONED,2,MATCH
SYN-MUT-003443,SYN-PARCEL-003443,MORTGAGE_CHARGE,2018-12-04,2018-12-07,2018-12-04,2018-12-04,SYN-DOC-003443,SYN-CLAIM-000444,SYN-CLAIM-000445,SANCTIONED,3,MATCH
SYN-MUT-003444,SYN-PARCEL-003444,RELEASE,2019-01-05,2019-01-08,2019-02-05,2019-02-05,SYN-DOC-003444,SYN-CLAIM-000445,SYN-CLAIM-000446,PENDING_OBJECTION,1,REVIEW_REQUIRED
SYN-MUT-003445,SYN-PARCEL-003445,SALE_TRANSFER,2020-02-06,2020-02-09,2020-03-06,2020-03-06,SYN-DOC-003445,SYN-CLAIM-000446,SYN-CLAIM-000447,REJECTED,2,REVIEW_REQUIRED
SYN-MUT-003446,SYN-PARCEL-003446,INHERITANCE_SUCCESSION,2021-03-07,2021-03-10,2021-04-07,2021-04-07,SYN-DOC-003446,SYN-CLAIM-000447,SYN-CLAIM-000448,SANCTIONED,3,MATCH
SYN-MUT-003447,SYN-PARCEL-003447,PARTITION,2022-04-08,2022-04-11,2022-05-08,2022-05-08,SYN-DOC-003447,SYN-CLAIM-000448,SYN-CLAIM-000449,SANCTIONED,1,MATCH
SYN-MUT-003448,SYN-PARCEL-003448,CONVERSION,2023-05-09,2023-05-12,2023-06-09,2023-06-09,SYN-DOC-003448,SYN-CLAIM-000449,SYN-CLAIM-000450,SANCTIONED,2,MATCH
SYN-MUT-003449,SYN-PARCEL-003449,MORTGAGE_CHARGE,2024-06-10,2024-06-13,2024-07-10,2024-07-10,SYN-DOC-003449,SYN-CLAIM-000450,SYN-CLAIM-000451,PENDING_OBJECTION,3,REVIEW_REQUIRED
SYN-MUT-003450,SYN-PARCEL-003450,RELEASE,2015-07-11,2015-07-14,2014-07-11,2014-07-11,SYN-DOC-003450,SYN-CLAIM-000451,SYN-CLAIM-000452,REJECTED,1,CHRONOLOGY_CONFLICT
SYN-MUT-003451,SYN-PARCEL-003451,SALE_TRANSFER,2016-08-12,2016-08-15,2016-09-12,2016-09-12,SYN-DOC-003451,SYN-CLAIM-000452,SYN-CLAIM-000453,SANCTIONED,2,MATCH
SYN-MUT-003452,SYN-PARCEL-003452,INHERITANCE_SUCCESSION,2017-09-13,2017-09-16,2017-10-13,2017-10-13,SYN-DOC-003452,SYN-CLAIM-000453,SYN-CLAIM-000454,SANCTIONED,3,MATCH
SYN-MUT-003453,SYN-PARCEL-003453,PARTITION,2018-10-14,2018-10-17,2018-11-14,2018-11-14,SYN-DOC-003453,SYN-CLAIM-000454,SYN-CLAIM-000455,SANCTIONED,1,MATCH
SYN-MUT-003454,SYN-PARCEL-003454,CONVERSION,2019-11-15,2019-11-18,2019-12-15,2019-12-15,SYN-DOC-003454,SYN-CLAIM-000455,SYN-CLAIM-000456,PENDING_OBJECTION,2,REVIEW_REQUIRED
SYN-MUT-003455,SYN-PARCEL-003455,MORTGAGE_CHARGE,2020-12-16,2020-12-19,2020-12-16,2020-12-16,SYN-DOC-003455,SYN-CLAIM-000456,SYN-CLAIM-000457,REJECTED,3,REVIEW_REQUIRED
SYN-MUT-003456,SYN-PARCEL-003456,RELEASE,2021-01-17,2021-01-20,2021-02-17,2021-02-17,SYN-DOC-003456,SYN-CLAIM-000457,SYN-CLAIM-000458,SANCTIONED,1,MATCH
SYN-MUT-003457,SYN-PARCEL-003457,SALE_TRANSFER,2022-02-18,2022-02-21,2022-03-18,2022-03-18,SYN-DOC-003457,SYN-CLAIM-000458,SYN-CLAIM-000459,SANCTIONED,2,MATCH
SYN-MUT-003458,SYN-PARCEL-003458,INHERITANCE_SUCCESSION,2023-03-19,2023-03-22,2023-04-19,2023-04-19,SYN-DOC-003458,SYN-CLAIM-000459,SYN-CLAIM-000460,SANCTIONED,3,MATCH
SYN-MUT-003459,SYN-PARCEL-003459,PARTITION,2024-04-20,2024-04-23,2024-05-20,2024-05-20,SYN-DOC-003459,SYN-CLAIM-000460,SYN-CLAIM-000461,PENDING_OBJECTION,1,REVIEW_REQUIRED
SYN-MUT-003460,SYN-PARCEL-003460,CONVERSION,2015-05-01,2015-05-04,2015-06-01,2015-06-01,SYN-DOC-003460,SYN-CLAIM-000461,SYN-CLAIM-000462,REJECTED,2,REVIEW_REQUIRED
SYN-MUT-003461,SYN-PARCEL-003461,MORTGAGE_CHARGE,2016-06-02,2016-06-05,2016-07-02,2016-07-02,SYN-DOC-003461,SYN-CLAIM-000462,SYN-CLAIM-000463,SANCTIONED,3,MATCH
SYN-MUT-003462,SYN-PARCEL-003462,RELEASE,2017-07-03,2017-07-06,2017-08-03,2017-08-03,SYN-DOC-003462,SYN-CLAIM-000463,SYN-CLAIM-000464,SANCTIONED,1,MATCH
SYN-MUT-003463,SYN-PARCEL-003463,SALE_TRANSFER,2018-08-04,2018-08-07,2018-09-04,2018-09-04,SYN-DOC-003463,SYN-CLAIM-000464,SYN-CLAIM-000465,SANCTIONED,2,MATCH
SYN-MUT-003464,SYN-PARCEL-003464,INHERITANCE_SUCCESSION,2019-09-05,2019-09-08,2019-10-05,2019-10-05,SYN-DOC-003464,SYN-CLAIM-000465,SYN-CLAIM-000466,PENDING_OBJECTION,3,REVIEW_REQUIRED
SYN-MUT-003465,SYN-PARCEL-003465,PARTITION,2020-10-06,2020-10-09,2020-11-06,2020-11-06,SYN-DOC-003465,SYN-CLAIM-000466,SYN-CLAIM-000467,REJECTED,1,REVIEW_REQUIRED
SYN-MUT-003466,SYN-PARCEL-003466,CONVERSION,2021-11-07,2021-11-10,2021-12-07,2021-12-07,SYN-DOC-003466,SYN-CLAIM-000467,SYN-CLAIM-000468,SANCTIONED,2,MATCH
SYN-MUT-003467,SYN-PARCEL-003467,MORTGAGE_CHARGE,2022-12-08,2022-12-11,2022-12-08,2022-12-08,SYN-DOC-003467,SYN-CLAIM-000468,SYN-CLAIM-000469,SANCTIONED,3,MATCH
SYN-MUT-003468,SYN-PARCEL-003468,RELEASE,2023-01-09,2023-01-12,2023-02-09,2023-02-09,SYN-DOC-003468,SYN-CLAIM-000469,SYN-CLAIM-000470,SANCTIONED,1,MATCH
SYN-MUT-003469,SYN-PARCEL-003469,SALE_TRANSFER,2024-02-10,2024-02-13,2024-03-10,2024-03-10,SYN-DOC-003469,SYN-CLAIM-000470,SYN-CLAIM-000471,PENDING_OBJECTION,2,REVIEW_REQUIRED
SYN-MUT-003470,SYN-PARCEL-003470,INHERITANCE_SUCCESSION,2015-03-11,2015-03-14,2015-04-11,2015-04-11,SYN-DOC-003470,SYN-CLAIM-000471,SYN-CLAIM-000472,REJECTED,3,REVIEW_REQUIRED
SYN-MUT-003471,SYN-PARCEL-003471,PARTITION,2016-04-12,2016-04-15,2016-05-12,2016-05-12,SYN-DOC-003471,SYN-CLAIM-000472,SYN-CLAIM-000473,SANCTIONED,1,MATCH
SYN-MUT-003472,SYN-PARCEL-003472,CONVERSION,2017-05-13,2017-05-16,2017-06-13,2017-06-13,SYN-DOC-003472,SYN-CLAIM-000473,SYN-CLAIM-000474,SANCTIONED,2,MATCH
SYN-MUT-003473,SYN-PARCEL-003473,MORTGAGE_CHARGE,2018-06-14,2018-06-17,2018-07-14,2018-07-14,SYN-DOC-003473,SYN-CLAIM-000474,SYN-CLAIM-000475,SANCTIONED,3,MATCH
SYN-MUT-003474,SYN-PARCEL-003474,RELEASE,2019-07-15,2019-07-18,2019-08-15,2019-08-15,SYN-DOC-003474,SYN-CLAIM-000475,SYN-CLAIM-000476,PENDING_OBJECTION,1,REVIEW_REQUIRED
SYN-MUT-003475,SYN-PARCEL-003475,SALE_TRANSFER,2020-08-16,2020-08-19,2020-09-16,2020-09-16,SYN-DOC-003475,SYN-CLAIM-000476,SYN-CLAIM-000477,REJECTED,2,REVIEW_REQUIRED
SYN-MUT-003476,SYN-PARCEL-003476,INHERITANCE_SUCCESSION,2021-09-17,2021-09-20,2021-10-17,2021-10-17,SYN-DOC-003476,SYN-CLAIM-000477,SYN-CLAIM-000478,SANCTIONED,3,MATCH
SYN-MUT-003477,SYN-PARCEL-003477,PARTITION,2022-10-18,2022-10-21,2022-11-18,2022-11-18,SYN-DOC-003477,SYN-CLAIM-000478,SYN-CLAIM-000479,SANCTIONED,1,MATCH
SYN-MUT-003478,SYN-PARCEL-003478,CONVERSION,2023-11-19,2023-11-22,2023-12-19,2023-12-19,SYN-DOC-003478,SYN-CLAIM-000479,SYN-CLAIM-000480,SANCTIONED,2,MATCH
SYN-MUT-003479,SYN-PARCEL-003479,MORTGAGE_CHARGE,2024-12-20,2024-12-23,2024-12-20,2024-12-20,SYN-DOC-003479,SYN-CLAIM-000480,SYN-CLAIM-000481,PENDING_OBJECTION,3,REVIEW_REQUIRED
SYN-MUT-003480,SYN-PARCEL-003480,RELEASE,2015-01-01,2015-01-04,2015-02-01,2015-02-01,SYN-DOC-003480,SYN-CLAIM-000481,SYN-CLAIM-000482,REJECTED,1,REVIEW_REQUIRED
SYN-MUT-003481,SYN-PARCEL-003481,SALE_TRANSFER,2016-02-02,2016-02-05,2016-03-02,2016-03-02,SYN-DOC-003481,SYN-CLAIM-000482,SYN-CLAIM-000483,SANCTIONED,2,MATCH
SYN-MUT-003482,SYN-PARCEL-003482,INHERITANCE_SUCCESSION,2017-03-03,2017-03-06,2017-04-03,2017-04-03,SYN-DOC-003482,SYN-CLAIM-000483,SYN-CLAIM-000484,SANCTIONED,3,MATCH
SYN-MUT-003483,SYN-PARCEL-003483,PARTITION,2018-04-04,2018-04-07,2018-05-04,2018-05-04,SYN-DOC-003483,SYN-CLAIM-000484,SYN-CLAIM-000485,SANCTIONED,1,MATCH
SYN-MUT-003484,SYN-PARCEL-003484,CONVERSION,2019-05-05,2019-05-08,2019-06-05,2019-06-05,SYN-DOC-003484,SYN-CLAIM-000485,SYN-CLAIM-000486,PENDING_OBJECTION,2,REVIEW_REQUIRED
SYN-MUT-003485,SYN-PARCEL-003485,MORTGAGE_CHARGE,2020-06-06,2020-06-09,2020-07-06,2020-07-06,SYN-DOC-003485,SYN-CLAIM-000486,SYN-CLAIM-000487,REJECTED,3,REVIEW_REQUIRED
SYN-MUT-003486,SYN-PARCEL-003486,RELEASE,2021-07-07,2021-07-10,2021-08-07,2021-08-07,SYN-DOC-003486,SYN-CLAIM-000487,SYN-CLAIM-000488,SANCTIONED,1,MATCH
SYN-MUT-003487,SYN-PARCEL-003487,SALE_TRANSFER,2022-08-08,2022-08-11,2022-09-08,2022-09-08,SYN-DOC-003487,SYN-CLAIM-000488,SYN-CLAIM-000489,SANCTIONED,2,MATCH
SYN-MUT-003488,SYN-PARCEL-003488,INHERITANCE_SUCCESSION,2023-09-09,2023-09-12,2023-10-09,2023-10-09,SYN-DOC-003488,SYN-CLAIM-000489,SYN-CLAIM-000490,SANCTIONED,3,MATCH
SYN-MUT-003489,SYN-PARCEL-003489,PARTITION,2024-10-10,2024-10-13,2024-11-10,2024-11-10,SYN-DOC-003489,SYN-CLAIM-000490,SYN-CLAIM-000491,PENDING_OBJECTION,1,REVIEW_REQUIRED
SYN-MUT-003490,SYN-PARCEL-003490,CONVERSION,2015-11-11,2015-11-14,2015-12-11,2015-12-11,SYN-DOC-003490,SYN-CLAIM-000491,SYN-CLAIM-000492,REJECTED,2,REVIEW_REQUIRED
SYN-MUT-003491,SYN-PARCEL-003491,MORTGAGE_CHARGE,2016-12-12,2016-12-15,2016-12-12,2016-12-12,SYN-DOC-003491,SYN-CLAIM-000492,SYN-CLAIM-000493,SANCTIONED,3,MATCH
SYN-MUT-003492,SYN-PARCEL-003492,RELEASE,2017-01-13,2017-01-16,2017-02-13,2017-02-13,SYN-DOC-003492,SYN-CLAIM-000493,SYN-CLAIM-000494,SANCTIONED,1,MATCH
SYN-MUT-003493,SYN-PARCEL-003493,SALE_TRANSFER,2018-02-14,2018-02-17,2018-03-14,2018-03-14,SYN-DOC-003493,SYN-CLAIM-000494,SYN-CLAIM-000495,SANCTIONED,2,MATCH
SYN-MUT-003494,SYN-PARCEL-003494,INHERITANCE_SUCCESSION,2019-03-15,2019-03-18,2019-04-15,2019-04-15,SYN-DOC-003494,SYN-CLAIM-000495,SYN-CLAIM-000496,PENDING_OBJECTION,3,REVIEW_REQUIRED
SYN-MUT-003495,SYN-PARCEL-003495,PARTITION,2020-04-16,2020-04-19,2020-05-16,2020-05-16,SYN-DOC-003495,SYN-CLAIM-000496,SYN-CLAIM-000497,REJECTED,1,REVIEW_REQUIRED
SYN-MUT-003496,SYN-PARCEL-003496,CONVERSION,2021-05-17,2021-05-20,2021-06-17,2021-06-17,SYN-DOC-003496,SYN-CLAIM-000497,SYN-CLAIM-000498,SANCTIONED,2,MATCH
SYN-MUT-003497,SYN-PARCEL-003497,MORTGAGE_CHARGE,2022-06-18,2022-06-21,2022-07-18,2022-07-18,SYN-DOC-003497,SYN-CLAIM-000498,SYN-CLAIM-000499,SANCTIONED,3,MATCH
SYN-MUT-003498,SYN-PARCEL-003498,RELEASE,2023-07-19,2023-07-22,2023-08-19,2023-08-19,SYN-DOC-003498,SYN-CLAIM-000499,SYN-CLAIM-000500,SANCTIONED,1,MATCH
SYN-MUT-003499,SYN-PARCEL-003499,SALE_TRANSFER,2024-08-20,2024-08-23,2024-09-20,2024-09-20,SYN-DOC-003499,SYN-CLAIM-000500,SYN-CLAIM-000501,PENDING_OBJECTION,2,REVIEW_REQUIRED
SYN-MUT-003500,SYN-PARCEL-003500,INHERITANCE_SUCCESSION,2015-09-01,2015-09-04,2015-10-01,2015-10-01,SYN-DOC-003500,SYN-CLAIM-000501,SYN-CLAIM-000502,REJECTED,3,REVIEW_REQUIRED
